problem,ingredient,product_name,product_link
acne,acetylneuraminic-acid,Arkana Neuro Gaba And Nano Cream,https://inkeedecoder.com/products/arkana-neuro-gaba-and-nano-cream
acne,acetylneuraminic-acid,Isntree Onion Newpair Soothing Mask,https://inkeedecoder.com/products/isntree-onion-newpair-soothing-mask
acne,adapalene,Effaclar Adapalene Gel 0.1% Acne Treatment La Roche-Posay,https://inkeedecoder.com/products/la-roche-posay-effaclar-adapalene-gel-0-1-acne-treatment
acne,azelaic-acid,Azelaic Acid Derma Forte,https://inkeedecoder.com/products/derma-forte-azelaic-acid
acne,azelaic-acid,Azelaic Acid Control Facial Acne Gel Aisuanis,https://inkeedecoder.com/products/aisuanis-empowerment-azelaic-acid-control-facial-acne-gel
acne,azelaic-acid,Empowerment Azelaic Acid Sebamed Clear Face Facial Cream Aisuanis,https://inkeedecoder.com/products/aisuanis-empowerment-azelaic-acid-sebamed-clear-face-facial-cream
acne,azelaic-acid,Professional 10% Azelaic Acid Face Serum Bielenda,https://inkeedecoder.com/products/bielenda-professional-10-azaleic-acid-face-serum
acne,azelaic-acid,Azelaic Acid 10% Serum Cos De BAHA,https://inkeedecoder.com/products/cos-de-baha-azelaic-acid-10-serum
acne,azelaic-acid,Flawless Brightly Serum Dr Sam Bunting,https://inkeedecoder.com/products/dr-sam-bunting-flawless-brightly-serum
acne,azelaic-acid,Azelaic Acid Suspension 10% The Ordinary,https://inkeedecoder.com/products/the-ordinary-azelaic-acid-suspension-10
acne,azelaic-acid,Flawless Neutralising Gel Dr. Sam Bunting Skincare,https://inkeedecoder.com/products/dr-sam-bunting-skincare-flawless-neutralising-gel
acne,azelaic-acid,Flawless Nightly Serum Dr. Sam Bunting Skincare,https://inkeedecoder.com/products/dr-sam-bunting-skincare-flawless-nightly-serum
acne,benzoyl-peroxide,Clear Extra Strength Daily Skin Clearing Treatment With 5% Benzoyl Peroxide Paula's Choice,https://inkeedecoder.com/products/paulas-choice-clear-extra-strength-daily-skin-clearing-treatment-with-5-benzoyl-peroxide
acne,benzoyl-peroxide,Acne Foaming Cleanser CeraVe,https://inkeedecoder.com/products/cerave-acne-foaming-cleanser
acne,benzoyl-peroxide,Rapid Clear Stubborn Acne Cleanser Neutrogena,https://inkeedecoder.com/products/neutrogena-rapid-clear-stubborn-acne-cleanser
acne,benzoyl-peroxide,Treatment (2.5% Benzoyl Peroxide) Acne.org,https://inkeedecoder.com/products/acne-org-treatment-2-5-benzoyl-peroxide
acne,benzoyl-peroxide,Clear Regular Strength Daily Skin Clearing Treatment With 2.5% Benzoyl Peroxide Paula's Choice,https://inkeedecoder.com/products/paulas-choice-clear-regular-strength-daily-skin-clearing-treatment-with-2-5-benzoyl-peroxide
acne,berberis-vulgaris-root-extract,Drunk Elephant B-Hydra Intensive Hydration Serum,https://inkeedecoder.com/products/drunk-elephant-b-hydra-intensive-hydration-serum
acne,berberis-vulgaris-root-extract,Drunk Elephant B-hydra™ Intensive Hydration Serum,https://inkeedecoder.com/products/drunk-elephant-b-hydra-tm-intensive-hydration-serum-2
acne,berberis-vulgaris-root-extract,Pretty Privates Premium Back Acne Spray,https://inkeedecoder.com/products/pretty-privates-premium-back-acne-spray
acne,berberis-vulgaris-root-extract,Sane Hyaluronic Acid + Vitamin C + E,https://inkeedecoder.com/products/sane-hyaluronic-acid-vitamin-c-e
acne,berberis-vulgaris-root-extract,CoNatural Rose Face Gel,https://inkeedecoder.com/products/conatural-rose-face-gel
acne,berberis-vulgaris-root-extract,Paula's Choice Clear Exfoliating Body Spray,https://inkeedecoder.com/products/paulas-choice-clear-exfoliating-body-spray
acne,berberis-vulgaris-root-extract,Sane Niacinamide 7% Anti-pollution Face Serum,https://inkeedecoder.com/products/sane-niacinamide-7-anti-pollution-face-serum
acne,berberis-vulgaris-root-extract,Sane Сыворотка Для Лица Против Токсинов Sane С Ниацинамидом,https://inkeedecoder.com/products/sane-syvorotka-dlia-litsa-protiv-toksinov-sane-s-niatsinamidom
acne,berberis-vulgaris-root-extract,MARA Beauty Pearl Peptide Glaze Facial Essence,https://inkeedecoder.com/products/mara-beauty-pearl-peptide-glaze-facial-essence
acne,berberis-vulgaris-root-extract,Skinfood Berry Soothing Sun Cream,https://inkeedecoder.com/products/skinfood-berry-soothing-sun-cream
acne,berberis-vulgaris-root-extract,Skinfood Berry Moisturizing Sun Cream,https://inkeedecoder.com/products/skinfood-berry-moisturizing-sun-cream
acne,berberis-vulgaris-root-extract,Skinfood Berry Moisturizing Sun Cream,https://inkeedecoder.com/products/skinfood-berry-moisturizing-sun-cream-2
acne,berberis-vulgaris-root-extract,ViveLab Revive Therapy Hair Brow Lash Serum,https://inkeedecoder.com/products/vivelab-revive-therapy-hair-brow-lash-serum
acne,berberis-vulgaris-root-extract,CoNatural Ultra Body Butter,https://inkeedecoder.com/products/conatural-ultra-body-butter
acne,berberis-vulgaris-root-extract,The Saem See & Saw A.C Control Deep Cleansing Foam,https://inkeedecoder.com/products/the-saem-see-saw-a-c-control-deep-cleansing-foam
acne,berberis-vulgaris-root-extract,Sane Niacinamide + Caffeine 1.5% Energizing Eye Cream,https://inkeedecoder.com/products/sane-niacinamide-caffeine-1-5-energizing-eye-cream
acne,berberis-vulgaris-root-extract,Skinfood Berry Glowing Sun Cream,https://inkeedecoder.com/products/skinfood-berry-glowing-sun-cream
acne,berberis-vulgaris-root-extract,vancor Brewer Yeast Eyelash Serum,https://inkeedecoder.com/products/vancor-brewer-yeast-eyelash-serum
acne,berberis-vulgaris-root-extract,RiRe All Kill Ssok Ssok Pack,https://inkeedecoder.com/products/rire-all-kill-ssok-ssok-pack
acne,berberis-vulgaris-root-extract,ViveLab Revive Therapy Hair Scalp & Brow Ampoule,https://inkeedecoder.com/products/vivelab-revive-therapy-hair-scalp-brow-ampoule
acne,berberis-vulgaris-root-extract,glamfox Berries Whipped Foam Cleanser,https://inkeedecoder.com/products/glamfox-berries-whipped-foam-cleanser
acne,berberis-vulgaris-root-extract,Geltek Солнцезащитный Увлажняющий Флюид SPF 50+,https://inkeedecoder.com/products/geltek-solntsezashchitnyi-uvlazhniaiushchii-fliuid-spf-50
acne,berberis-vulgaris-root-extract,Estée Lauder Futurist Aqua Brillance Foundation SPF 20,https://inkeedecoder.com/products/estee-lauder-futurist-aqua-brillance-foundation-spf-20
acne,berberis-vulgaris-root-extract,ISUN Sunstone Facial Oil,https://inkeedecoder.com/products/isun-sunstone-facial-oil
acne,berberis-vulgaris-root-extract,Estée Lauder Perfectly Clean Infusion,https://inkeedecoder.com/products/estee-lauder-perfectly-clean-infusion
acne,berberis-vulgaris-root-extract,Lucienne Retinal 0.18% Cream,https://inkeedecoder.com/products/lucienne-retinal-0-18-cream
acne,berberis-vulgaris-root-extract,Torriden Dive-In Cream,https://inkeedecoder.com/products/torriden-dive-in-cream
acne,berberis-vulgaris-root-extract,Torriden Dive-in Low Molecular Hyaluronic Acid Cream,https://inkeedecoder.com/products/torriden-dive-in-low-molecular-hyaluronic-acid-cream-2
acne,berberis-vulgaris-root-extract,Torriden Dive-in Low Molecule Hyaluronic Acid Cream,https://inkeedecoder.com/products/torriden-dive-in-low-molecule-hyaluronic-acid-cream
acne,berberis-vulgaris-root-extract,nesh Pomegranate Biome Scalp Boosting Shampoo,https://inkeedecoder.com/products/nesh-pomegranate-biome-scalp-boosting-shampoo
acne,berberis-vulgaris-root-extract,FEMMUE Ideal Intense Eye Cream,https://inkeedecoder.com/products/femmue-ideal-intense-eye-cream
acne,berberis-vulgaris-root-extract,Klairs All Day Airy Sunscreen SPF 50+,https://inkeedecoder.com/products/klairs-all-day-airy-sunscreen-spf-50
acne,berberis-vulgaris-root-extract,anillO Black Tea Nourishing Scalp Shampoo,https://inkeedecoder.com/products/anillo-black-tea-nourishing-scalp-shampoo
acne,berberis-vulgaris-root-extract,Toun28 Waterful Lotion Ceramide + Antarcticine,https://inkeedecoder.com/products/toun28-waterful-lotion-ceramide-antarcticine
acne,berberis-vulgaris-root-extract,Epais Eyelash Essential Serum,https://inkeedecoder.com/products/epais-eyelash-essential-serum
acne,lauric-acid,Beardo De-tan Face Wash,https://inkeedecoder.com/products/beardo-de-tan-face-wash
acne,lauric-acid,Love JoJo Moisturizing Cleanser Aloe Vera,https://inkeedecoder.com/products/love-jojo-moisturizing-cleanser-aloe-vera
acne,lauric-acid,Marina Healthy And Glow Facial Foam,https://inkeedecoder.com/products/marina-healthy-and-glow-facial-foam
acne,lauric-acid,Mirelle Glossy Facial Foam,https://inkeedecoder.com/products/mirelle-glossy-facial-foam
acne,lauric-acid,Natriv Shower Creme,https://inkeedecoder.com/products/natriv-shower-creme
acne,lauric-acid,Ree Derma Hot Oil Hair And Scalp Treatment,https://inkeedecoder.com/products/ree-derma-hot-oil-hair-and-scalp-treatment
acne,lauric-acid,"Some By Mi Aha,Bha,Pha 30 Days Miracle Cleansing Bar",https://inkeedecoder.com/products/some-by-mi-aha-bha-pha-30-days-miracle-cleansing-bar
acne,lauric-acid,ALIA Pore Care Cleansing Foam,https://inkeedecoder.com/products/alia-pore-care-cleansing-foam
acne,lauric-acid,Acnes Natural Care Yogurt Touch Face Wash,https://inkeedecoder.com/products/acnes-natural-care-yogurt-touch-face-wash
acne,lauric-acid,Asepso Body Wash Hygienic Fresh,https://inkeedecoder.com/products/asepso-body-wash-hygienic-fresh
acne,lauric-acid,B erl Facial Wash,https://inkeedecoder.com/products/b-erl-facial-wash
acne,lauric-acid,Belif Nose-Shine Boy Black Edition,https://inkeedecoder.com/products/belif-nose-shine-boy-black-edition
acne,lauric-acid,Belif Pore Cleaner Blackhead Buster,https://inkeedecoder.com/products/belif-pore-cleaner-blackhead-buster
acne,lauric-acid,Best Korea Laboratory Ssuk Anti-acne Ampoule Cleanser,https://inkeedecoder.com/products/best-korea-laboratory-ssuk-anti-acne-ampoule-cleanser-2
acne,lauric-acid,Biore Body Foam Active Antibacterial,https://inkeedecoder.com/products/biore-body-foam-active-antibacterial
acne,lauric-acid,Biore Body Foam Pure Mild,https://inkeedecoder.com/products/biore-body-foam-pure-mild
acne,lauric-acid,Biore Body Wash Bright White Scrub,https://inkeedecoder.com/products/biore-body-wash-bright-white-scrub
acne,lauric-acid,Biore Experience Body Foam Forest Bless,https://inkeedecoder.com/products/biore-experience-body-foam-forest-bless
acne,lauric-acid,Deodore Shower Cream Anti-oxidant,https://inkeedecoder.com/products/deodore-shower-cream-anti-oxidant
acne,lauric-acid,Dove Body Wash Rice Ferment & Sweet Osmanthus,https://inkeedecoder.com/products/dove-body-wash-rice-ferment-sweet-osmanthus
acne,lauric-acid,Dove Body Wash Shea Butter & Vanilla,https://inkeedecoder.com/products/dove-body-wash-shea-butter-vanilla
acne,lauric-acid,Dove Deep Moisture Nourishes The Driest Skin Body Wash,https://inkeedecoder.com/products/dove-deep-moisture-nourishes-the-driest-skin-body-wash
acne,lauric-acid,Dove Pampering Body Wash,https://inkeedecoder.com/products/dove-pampering-body-wash
acne,lauric-acid,Dove Strawberry Crumb Cake Nourishing Body Wash,https://inkeedecoder.com/products/dove-strawberry-crumb-cake-nourishing-body-wash
acne,lauric-acid,DrGL Cleanser Lightening Plus,https://inkeedecoder.com/products/drgl-cleanser-lightening-plus
acne,lauric-acid,Everpure Sule-pure Acne Cream Cleanser,https://inkeedecoder.com/products/everpure-sule-pure-acne-cream-cleanser
acne,lauric-acid,Flor de Mens Fresh Milk Body Wash,https://inkeedecoder.com/products/flor-de-mens-fresh-milk-body-wash
acne,lauric-acid,Giv Body Wash Glowing White Mulberry & Collagen,https://inkeedecoder.com/products/giv-body-wash-glowing-white-mulberry-collagen
acne,lauric-acid,Hada Labo AHA+BHA Acne Control Face Wash (MY),https://inkeedecoder.com/products/hada-labo-aha-bha-acne-control-face-wash-my
acne,lauric-acid,Hada Labo Acne Control Cleanser,https://inkeedecoder.com/products/hada-labo-acne-control-cleanser
acne,lauric-acid,Hada Labo Deep Clean & Pore Refining Face Wash,https://inkeedecoder.com/products/hada-labo-deep-clean-pore-refining-face-wash
acne,lauric-acid,Hada Labo Deep Clean & Pore Refining Face Wash,https://inkeedecoder.com/products/hada-labo-deep-clean-pore-refining-face-wash-2
acne,lauric-acid,Hada Labo Gokujyun Hatomugi Face Foam,https://inkeedecoder.com/products/rohto-mentholatum-hada-labo-gokujyun-hatomugi-face-foam
acne,lauric-acid,Hada Labo Hydra & Whitening Face Wash,https://inkeedecoder.com/products/hada-labo-hydra-whitening-face-wash
acne,lauric-acid,Hada Labo Softening & Whitening Face Wash,https://inkeedecoder.com/products/hada-labo-softening-whitening-face-wash
acne,lauric-acid,Hada Labo Super Hyaluronic Acid Facial Wash,https://inkeedecoder.com/products/hada-labo-super-hyaluronic-acid-facial-wash
acne,lauric-acid,Herborist Facial Foam Tea Tree Anti Acne,https://inkeedecoder.com/products/herborist-facial-foam-tea-tree-anti-acne
acne,lauric-acid,Herborist Olive Facial Foam,https://inkeedecoder.com/products/herborist-olive-facial-foam
acne,lauric-acid,Innsaei Salicylic Acid Acne Solution Cleansing Foam,https://inkeedecoder.com/products/innsaei-salicylic-acid-acne-solution-cleansing-foam
acne,lauric-acid,Ivana Skin Perfect Whitening Whipp Bar,https://inkeedecoder.com/products/ivana-skin-perfect-whitening-whipp-bar
acne,lauric-acid,JF Anti Acne Facial Foam,https://inkeedecoder.com/products/jf-anti-acne-facial-foam
acne,lauric-acid,K Natural White Brightening Body Wash Cotton Flower,https://inkeedecoder.com/products/k-natural-white-brightening-body-wash-cotton-flower
acne,lauric-acid,K Natural White Brightening Body Wash Sparkling Magnolia,https://inkeedecoder.com/products/k-natural-white-brightening-body-wash-sparkling-magnolia
acne,lauric-acid,Koji White Kojic Acid Skin Brightening Body Wash,https://inkeedecoder.com/products/koji-white-kojic-acid-skin-brightening-body-wash
acne,lauric-acid,Kose Grace One Extra Moisture Washing Cream,https://inkeedecoder.com/products/kose-grace-one-extra-moisture-washing-cream
acne,lauric-acid,Koyal Beauty Gentle Gel Face Wash,https://inkeedecoder.com/products/koyal-beauty-gentle-gel-face-wash-2
acne,lauric-acid,Kracie Naive Body Pump Soap Peach,https://inkeedecoder.com/products/kracie-naive-body-pump-soap-peach
acne,lauric-acid,"Kracie Naive Body Wash, Peach",https://inkeedecoder.com/products/kracie-naive-body-wash-peach
acne,lauric-acid,Kumano Oils and Fats Kumano Fat Horse Oil Body Soap,https://inkeedecoder.com/products/kumano-oils-and-fats-kumano-fat-horse-oil-body-soap
acne,lauric-acid,LV Biohajoava Nestesaippua,https://inkeedecoder.com/products/lv-biohajoava-nestesaippua
acne,melaleuca-alternifolia-leaf-oil,3M Nexcare Blemish Clear Cover Relief Acne Patch,https://inkeedecoder.com/products/3m-nexcare-blemish-clear-cover-relief-acne-patch
acne,melaleuca-alternifolia-leaf-oil,AhoAloe Óleo Essencial De Tea Tree Orgânico,https://inkeedecoder.com/products/ahoaloe-oleo-essencial-de-tea-tree-organico
acne,melaleuca-alternifolia-leaf-oil,Aiken Tea Tree Oil 100% Pure Tea Tree Oil,https://inkeedecoder.com/products/aiken-tea-tree-oil-100-pure-tea-tree-oil
acne,melaleuca-alternifolia-leaf-oil,Alkmene My Tea Tree Oil Tea Tree Oil,https://inkeedecoder.com/products/alkmene-my-tea-tree-oil-tea-tree-oil
acne,melaleuca-alternifolia-leaf-oil,Altapharma Teebaumöl,https://inkeedecoder.com/products/altapharma-teebaumol
acne,melaleuca-alternifolia-leaf-oil,Apotheke Spot Treatment,https://inkeedecoder.com/products/apotheke-spot-treatment
acne,melaleuca-alternifolia-leaf-oil,Australian bodycare Nail Repair,https://inkeedecoder.com/products/australian-bodycare-nail-repair
acne,melaleuca-alternifolia-leaf-oil,Bosistos Tea Tree Spray,https://inkeedecoder.com/products/bosistos-tea-tree-spray
acne,melaleuca-alternifolia-leaf-oil,Briogeo B. Well Organic + Australian 100% Tea Tree Skin & Scalp Oil,https://inkeedecoder.com/products/briogeo-b-well-organic-australian-100-tea-tree-skin-scalp-oil
acne,melaleuca-alternifolia-leaf-oil,Dot & Key Skin Clarifying Face Serum,https://inkeedecoder.com/products/dot-key-skin-clarifying-face-serum
acne,melaleuca-alternifolia-leaf-oil,Garden Lab Tea Tree 100% Natural Ready To Use Blend,https://inkeedecoder.com/products/garden-lab-tea-tree-100-natural-ready-to-use-blend
acne,melaleuca-alternifolia-leaf-oil,HitWorker Pimple Patch Hydrocolloid,https://inkeedecoder.com/products/hitworker-pimple-patch-hydrocolloid
acne,melaleuca-alternifolia-leaf-oil,Indus Valley Brightening Depigmentation Gel,https://inkeedecoder.com/products/indus-valley-bright-gel
acne,melaleuca-alternifolia-leaf-oil,Indus Valley Brightening Depigmentation Gel For Lightening And Glowing Skin,https://inkeedecoder.com/products/indus-valley-brightening-depigmentation-gel-for-lightening-and-glowing-skin
acne,melaleuca-alternifolia-leaf-oil,Ishizawa-Lab Acne Barrier,https://inkeedecoder.com/products/ishizawa-lab-acne-barrier
acne,melaleuca-alternifolia-leaf-oil,Jason Tea Tree Skin Oil,https://inkeedecoder.com/products/jason-tea-tree-skin-oil
acne,melaleuca-alternifolia-leaf-oil,KHAZIX Micro Needles Pimple Patch,https://inkeedecoder.com/products/khazix-micro-needles-pimple-patch
acne,melaleuca-alternifolia-leaf-oil,Kalonea Skincare Acne Spot Treatment Serum,https://inkeedecoder.com/products/kalonea-skincare-acne-spot-treatment-serum
acne,melaleuca-alternifolia-leaf-oil,Levinia Locion Reguladora,https://inkeedecoder.com/products/levinia-locion-reguladora
acne,melaleuca-alternifolia-leaf-oil,Nature Queen Tea Tree Essential Oil,https://inkeedecoder.com/products/nature-queen-tea-tree-essential-oil
acne,melaleuca-alternifolia-leaf-oil,Neal's Yard Remedies Organic Essential Oil Tea Tree,https://inkeedecoder.com/products/neals-yard-remedies-organic-essential-oil-tea-tree
acne,melaleuca-alternifolia-leaf-oil,Nikura 100% Pure Tea Tree Oil,https://inkeedecoder.com/products/nikura-100-pure-tea-tree-oil
acne,melaleuca-alternifolia-leaf-oil,PLANTHÉ Tea Tree Oil,https://inkeedecoder.com/products/planthe-tea-tree-oil
acne,melaleuca-alternifolia-leaf-oil,Rey natural tea tree essential oil,https://inkeedecoder.com/products/rey-natural-tea-tree-essential-oil-
acne,melaleuca-alternifolia-leaf-oil,Rozino Tea Tree Oil Foot Cream,https://inkeedecoder.com/products/rozino-tea-tree-oil-foot-cream
acne,melaleuca-alternifolia-leaf-oil,Shea Moisture African Black Soap Deep Cleansing Shampoo,https://inkeedecoder.com/products/shea-moisture-african-black-soap-deep-cleansing-shampoo
acne,melaleuca-alternifolia-leaf-oil,Sofam Cleansing Gel For Oily Skin,https://inkeedecoder.com/products/sofam-cleansing-gel-for-oily-skin
acne,melaleuca-alternifolia-leaf-oil,St. D'Vence Moisturizer Winter Edition,https://inkeedecoder.com/products/st-dvence-moisturizer-winter-edition
acne,melaleuca-alternifolia-leaf-oil,St. D'Vence Tea Tree Body Wash,https://inkeedecoder.com/products/st-dvence-tea-tree-body-wash
acne,melaleuca-alternifolia-leaf-oil,Trader Joe's Tea Tree Tingle Body Wash,https://inkeedecoder.com/products/trader-joes-tea-tree-tingle-body-wash
acne,melaleuca-alternifolia-leaf-oil,Votre Advanced Pore Minimising Toner,https://inkeedecoder.com/products/votre-advanced-pore-minimising-toner
acne,melaleuca-alternifolia-leaf-oil,juman dead sea Acne Cream,https://inkeedecoder.com/products/juman-acne-cream
acne,melaleuca-alternifolia-leaf-oil,tea tree oil Tea Tree Essential Oil,https://inkeedecoder.com/products/tea-tree-oil-tea-tree-essential-oil
acne,melaleuca-alternifolia-leaf-oil,tea tree oil Thursday Plantation,https://inkeedecoder.com/products/tea-tree-oil-thursday-plantation
acne,melaleuca-alternifolia-leaf-oil,ACROPASS Trouble Cure Patch,https://inkeedecoder.com/products/acropass-trouble-cure-patch
acne,melaleuca-alternifolia-leaf-oil,AOA Skin Invisible Acne Patches,https://inkeedecoder.com/products/aoa-skin-invisible-acne-patches
acne,melaleuca-alternifolia-leaf-oil,ARGANICARE Tea Tree Oil,https://inkeedecoder.com/products/arganicare-tea-tree-oil
acne,melaleuca-alternifolia-leaf-oil,Advanced Clinicals Tea Tree Oil,https://inkeedecoder.com/products/advanced-clinicals-tea-tree-oil
acne,melaleuca-alternifolia-leaf-oil,Aizen Acnefique Cream V2.0,https://inkeedecoder.com/products/aizen-acnefique-cream-v2-0
acne,melaleuca-alternifolia-leaf-oil,Akren Liquid Cleanser For Combined And Oily Skin,https://inkeedecoder.com/products/akren-liquid-cleanser-for-combined-and-oily-skin
acne,melaleuca-alternifolia-leaf-oil,Alba Botanica Acne Dote Pimple Patches,https://inkeedecoder.com/products/alba-botanica-acne-dote-pimple-patches
acne,melaleuca-alternifolia-leaf-oil,Alejon Perin Facial Toner,https://inkeedecoder.com/products/alejon-perin-facial-toner
acne,melaleuca-alternifolia-leaf-oil,Aloe Pura Aloe Vera Gel With Antiseptic Tea Tree Oil,https://inkeedecoder.com/products/aloe-pura-aloe-vera-gel-with-antiseptic-tea-tree-oil
acne,melaleuca-alternifolia-leaf-oil,Aloe Vera Australia Aloe Vera Massage Treatment,https://inkeedecoder.com/products/aloe-vera-australia-aloe-vera-massage-treatment
acne,melaleuca-alternifolia-leaf-oil,Apotheke Skin Doctor For Women,https://inkeedecoder.com/products/apotheke-skin-doctor-for-women
acne,melaleuca-alternifolia-leaf-oil,Avarelle Cosmetics Acne Cover Patch Original 40,https://inkeedecoder.com/products/avarelle-cosmetics-acne-cover-patch-original-40
acne,melaleuca-alternifolia-leaf-oil,Breylee Acne Scar Removal Gel,https://inkeedecoder.com/products/breylee-acne-scar-removal-gel
acne,melaleuca-alternifolia-leaf-oil,Care Science Natural Wound Gel With Tea Tree,https://inkeedecoder.com/products/care-science-natural-wound-gel-with-tea-tree
acne,melaleuca-alternifolia-leaf-oil,Cota Skin Cbd Cream,https://inkeedecoder.com/products/cota-skin-cbd-cream
acne,melaleuca-alternifolia-leaf-oil,DAX Supergro For Men,https://inkeedecoder.com/products/dax-supergro-for-men
acne,niacinamide,Clinical Niacinamide 20% Treatment Paula's Choice,https://inkeedecoder.com/products/paulas-choice-clinical-niacinamide-20-treatment
acne,niacinamide,Rejuvenating Brightening Essence BRODA® PRO,https://inkeedecoder.com/products/broda-r-pro-rejuvenating-brightening-essence
acne,niacinamide,Niacinamide 10 Serum Cos De BAHA,https://inkeedecoder.com/products/cos-de-baha-niacinamide-10-serum
acne,niacinamide,Flawless Nightly Serum Dr. Sam Bunting Skincare,https://inkeedecoder.com/products/dr-sam-bunting-skincare-flawless-nightly-serum
acne,niacinamide,Niacinamide The Inkey List,https://inkeedecoder.com/products/the-inkey-list-niacinamide
acne,niacinamide,Niacinamide 10% + Zinc 1% The Ordinary,https://inkeedecoder.com/products/the-ordinary-niacinamide-10-zinc-1-serum1
acne,niacinamide,Pore Refining & Spot Correcting Concentrate dermistry⁺,https://inkeedecoder.com/products/dermistry-pore-refining-spot-correcting-concentrate
acne,niacinamide,Star Light Spot Corrector Acaderma,https://inkeedecoder.com/products/acaderma-star-light-spot-corrector
acne,niacinamide,Flawless Brightly Serum Dr Sam Bunting,https://inkeedecoder.com/products/dr-sam-bunting-flawless-brightly-serum
acne,niacinamide,Flawless Moisturiser Dr. Sam Bunting Skincare,https://inkeedecoder.com/products/dr-sam-bunting-skincare-flawless-moisturiser
acne,niacinamide,Lab. Restoring Brightening Serum Purid,https://inkeedecoder.com/products/purid-lab-restoring-brightening-serum
acne,niacinamide,Abc Repair & Restore Antioxidant Serum Rx2 RejuAus,https://inkeedecoder.com/products/rejuaus-abc-repair-restore-antioxidant-serum-rx2
acne,phellodendron-amurense-bark-extract,Oh K SOS Clear Cover Blemish Patches,https://inkeedecoder.com/products/oh-k-sos-clear-cover-blemish-patches
acne,phellodendron-amurense-bark-extract,The Creme Shop What Acne? Invisible Makeup Patches,https://inkeedecoder.com/products/the-creme-shop-what-acne-invisible-makeup-patches
acne,phellodendron-amurense-bark-extract,Oriental Botanics Australian Tea Tree Anti Acne Serum,https://inkeedecoder.com/products/oriental-botanics-australian-tea-tree-anti-acne-serum
acne,phellodendron-amurense-bark-extract,Pilgrim 2% Salicylic Acid Face Serum For Anti-acne,https://inkeedecoder.com/products/pilgrim-2-salicylic-acid-face-serum-for-anti-acne
acne,phellodendron-amurense-bark-extract,Pyunkang Yul Get Ready Quick Clear Mist,https://inkeedecoder.com/products/pyunkang-yul-get-ready-quick-clear-mist
acne,phellodendron-amurense-bark-extract,Pyunkang Yul Ultimate Calming Solution Cream,https://inkeedecoder.com/products/pyunkang-yul-ultimate-calming-solution-cream
acne,phellodendron-amurense-bark-extract,Suqqu The Cream Foundation,https://inkeedecoder.com/products/suqqu-the-cream-foundation
acne,phellodendron-amurense-bark-extract,Vella Necessary Neck Cream,https://inkeedecoder.com/products/vella-necessary-neck-cream
acne,phellodendron-amurense-bark-extract,doTERRA Correct-X,https://inkeedecoder.com/products/doterra-correct-x-essential-ointment
acne,phellodendron-amurense-bark-extract,Atoclassic Real Tonic Soothing Moist Mist,https://inkeedecoder.com/products/atoclassic-real-tonic-soothing-moist-mist
acne,phellodendron-amurense-bark-extract,DermDoc Gentle Exfoliating Toner with Glycolic Acid,https://inkeedecoder.com/products/dermadoc-glycolic-acid-toner
acne,phellodendron-amurense-bark-extract,Dermadoctor Wrinkle Revenge Rescue & Protect Facial Cream,https://inkeedecoder.com/products/dermadoctor-wrinkle-revenge-rescue-protect-facial-cream
acne,phellodendron-amurense-bark-extract,Dr. Jart+ Every Sun Day Tone Up Sun Screen Spf 50+ Pa+++,https://inkeedecoder.com/products/dr-jart-every-sun-day-tone-up-sun-screen-spf-50-pa
acne,phellodendron-amurense-bark-extract,Dreamax D-clin Gel With Acnebuster Complex,https://inkeedecoder.com/products/dreamax-d-clin-gel-with-acnebuster-complex
acne,phellodendron-amurense-bark-extract,Oriental Botanics Tea Tree Toner,https://inkeedecoder.com/products/oriental-botanics-tea-tree-toner
acne,phellodendron-amurense-bark-extract,Pilgrim Zit Zapper Anti-acne Gel,https://inkeedecoder.com/products/pilgrim-zit-zapper-anti-acne-gel
acne,phellodendron-amurense-bark-extract,Pyunkang Yul Ultimate Calming Serum,https://inkeedecoder.com/products/pyunkang-yul-ultimate-calming-serum
acne,phellodendron-amurense-bark-extract,Sofina iP Pore Clearing Gel Wash,https://inkeedecoder.com/products/sofina-ip-pore-clearing-gel-wash
acne,phellodendron-amurense-bark-extract,Dot & Key Cica Salicylic Back & Body Acne Spray With Tea Tree Oil,https://inkeedecoder.com/products/dot-key-cica-salicylic-back-body-acne-spray-with-tea-tree-oil
acne,phellodendron-amurense-bark-extract,Dot & Key Skin Clarifying Face Serum,https://inkeedecoder.com/products/dot-key-skin-clarifying-face-serum
acne,phellodendron-amurense-bark-extract,Dot & Key Zit Zapping Skin Clarifying Face Serum,https://inkeedecoder.com/products/dot-key-zit-zapping-skin-clarifying-face-serum
acne,phellodendron-amurense-bark-extract,Lamelle Serra Lipid Recovery Mask,https://inkeedecoder.com/products/lamelle-serra-lipid-recovery-mask
acne,phellodendron-amurense-bark-extract,Leeford Alite Anti Acne Gel,https://inkeedecoder.com/products/leeford-alite-anti-acne-gel
acne,phellodendron-amurense-bark-extract,Mamaearth Bye Bye Acne Face Cream,https://inkeedecoder.com/products/mamaearth-bye-bye-acne-face-cream
acne,phellodendron-amurense-bark-extract,Muun pH Balanced Feminine Wash,https://inkeedecoder.com/products/muun-ph-balanced-feminine-wash
acne,phellodendron-amurense-bark-extract,Pyunkang Yul Ultimate Calming Solution Toner,https://inkeedecoder.com/products/pyunkang-yul-ultimate-calming-solution-toner
acne,phellodendron-amurense-bark-extract,Rohto Mentholatum Hada Labo Facial Moisturizer Gokujyun Aging Milk,https://inkeedecoder.com/products/rohto-mentholatum-hada-labo-facial-moisturizer-gokujyun-aging-milk
acne,phellodendron-amurense-bark-extract,CUURA On-The-Spot (Acne Spot Treatment),https://inkeedecoder.com/products/cuura-on-the-spot-acne-spot-treatment
acne,phellodendron-amurense-bark-extract,Darphin Purifying Foam Gel,https://inkeedecoder.com/products/darphin-purifying-foam-gel
acne,phellodendron-amurense-bark-extract,MINISO Tea Tree,https://inkeedecoder.com/products/miniso-tea-tree
acne,phellodendron-amurense-bark-extract,Oriental Botanics Australian Tea Tree Foaming Face Wash,https://inkeedecoder.com/products/oriental-botanics-australian-tea-tree-foaming-face-wash
acne,phellodendron-amurense-bark-extract,Skin Advanced Platinum Anti-Acne & Repairing Treatment Essence,https://inkeedecoder.com/products/watsons-skin-advanced-platinum-acne-care-repair-serum
acne,phellodendron-amurense-bark-extract,StBotanica Australian Tea Tree Foaming Face Wash,https://inkeedecoder.com/products/stbotanica-australian-tea-tree-foaming-face-wash
acne,phellodendron-amurense-bark-extract,Youth Lab Blemish Dot,https://inkeedecoder.com/products/youth-lab-blemish-dot
acne,phellodendron-amurense-bark-extract,Alite Anti Acne Gel,https://inkeedecoder.com/products/alite-anti-acne-gel
acne,phellodendron-amurense-bark-extract,Ban Roll-On Antiperspirant Deodorant,https://inkeedecoder.com/products/ban-roll-on-antiperspirant-deodorant
acne,phellodendron-amurense-bark-extract,Beauty Society Liquid Luxury,https://inkeedecoder.com/products/beauty-society-liquid-luxury
acne,phellodendron-amurense-bark-extract,Breylee Tea Tree Acne Facial Toner,https://inkeedecoder.com/products/breylee-tea-tree-acne-facial-toner
acne,phellodendron-amurense-bark-extract,Centellian24 Madeca Soothing Mist,https://inkeedecoder.com/products/centellian24-madeca-soothing-mist
acne,phellodendron-amurense-bark-extract,Coony Retinol Overnight Repair Serum,https://inkeedecoder.com/products/coony-retinol-overnight-repair-serum
acne,phellodendron-amurense-bark-extract,Darphin Cleansing Foam Gel,https://inkeedecoder.com/products/darphin-cleansing-foam-gel
acne,phellodendron-amurense-bark-extract,Darphin Skin Mat Matifying Lotion,https://inkeedecoder.com/products/darphin-skin-mat-matifying-lotion
acne,phellodendron-amurense-bark-extract,Dot & Key Cica 2% Salicylic Acne Control Serum With Zinc,https://inkeedecoder.com/products/dot-key-cica-2-salicylic-acne-control-serum-with-zinc
acne,phellodendron-amurense-bark-extract,Dot & Key Salicylic Acid Serum,https://inkeedecoder.com/products/dot-key-salicylic-acid-serum
acne,phellodendron-amurense-bark-extract,HSGN Pure 15% Vitamin C E Ferulic Acid Serum,https://inkeedecoder.com/products/hsgn-pure-15-vitamin-c-e-ferulic-acid-serum
acne,phellodendron-amurense-bark-extract,Pilgrim Oil Free Moisturizer,https://inkeedecoder.com/products/pilgrim-oil-free-moisturizer
acne,phellodendron-amurense-bark-extract,Pilgrim Oil-free Gel Moisturiser,https://inkeedecoder.com/products/pilgrim-oil-free-gel-moisturiser-2
acne,phellodendron-amurense-bark-extract,TISHA Ac7 Spot Serum,https://inkeedecoder.com/products/tisha-ac7-spot-serum
acne,phellodendron-amurense-bark-extract,The History of Whoo Jinyulhyang Essential Cleansing Oil,https://inkeedecoder.com/products/the-history-of-whoo-jinyulhyang-essential-cleansing-oil
acne,phellodendron-amurense-bark-extract,Zo skin health Gentle Cleanser,https://inkeedecoder.com/products/zo-skin-health-gentle-cleanser
acne,phytosphingosine,Tranexamic Acid Essence Spring Letter,https://inkeedecoder.com/products/spring-letter-tranexamic-acid-essence
acne,polylysine,Sensora Contour Serum – Jawline Remodelling,https://inkeedecoder.com/products/sensora-contour-serum-jawline-remodelling
acne,polylysine,SR-Skincare Ghk Copper Peptide Serum,https://inkeedecoder.com/products/sr-skincare-ghk-copper-peptide-serum
acne,polylysine,Bebesup Nature Zero,https://inkeedecoder.com/products/bebesup-nature-zero
acne,polylysine,Functional Care Sérum Anti Acne E Anti Vermelhidão,https://inkeedecoder.com/products/functional-care-serum-anti-acne-e-anti-vermelhidao
acne,polylysine,Pai Lotus & Orange Blossom Bioaffinity Toner,https://inkeedecoder.com/products/pai-lotus-orange-blossom-bioaffinity-toner
acne,polylysine,Murad Retexturizing Body Pads,https://inkeedecoder.com/products/murad-retexturizing-body-pads
acne,polylysine,Skinome Azelaic Concentrate,https://inkeedecoder.com/products/skinome-azelaic-concentrate
acne,polylysine,Mantle The Spot Solution,https://inkeedecoder.com/products/mantle-the-spot-solution
acne,polylysine,Skin first Lozione Pelli Impure,https://inkeedecoder.com/products/skin-first-lozione-pelli-impure
acne,polylysine,Sunday Riley Detox Darling,https://inkeedecoder.com/products/sunday-riley-detox-darling
acne,polylysine,The Body Shop Soothing Night Cream Aloe,https://inkeedecoder.com/products/the-body-shop-soothing-night-cream-aloe
acne,polylysine,facetheory Saliatica 2% BHA Exfoliant T6,https://inkeedecoder.com/products/facetheory-saliatica-2-bha-exfoliant-t6
acne,polylysine,Cocokind Calming Magnesium Mist,https://inkeedecoder.com/products/cocokind-calming-magnesium-mist
acne,polylysine,facetheory Saliatica 2% BHA Toner T6,https://inkeedecoder.com/products/facetheory-saliatica-2-bha-toner-t6
acne,polylysine,Be Minimalist Salicylic Acid 02%,https://inkeedecoder.com/products/be-minimalist-salicylic-acid-2-2
acne,polylysine,Bumble And Bumble Bb Straight Blow Dry,https://inkeedecoder.com/products/bumble-and-bumble-bb-straight-blow-dry
acne,polylysine,Bumble And Bumble Straight Blow Dry Cream,https://inkeedecoder.com/products/bumble-and-bumble-straight-blow-dry-cream
acne,polylysine,Fiori di cipria Nuovo Siero Viso Re-age Nutrive Ultra Concentrato,https://inkeedecoder.com/products/fiori-di-cipria-nuovo-siero-viso-re-age-nutrive-ultra-concentrato
acne,polylysine,Huangisoo Green caviar facial toner,https://inkeedecoder.com/products/huangisoo-green-caviar-facial-toner
acne,polylysine,Mediheal Peelosoft Eyes & Lip Cleansing Duo,https://inkeedecoder.com/products/mediheal-peelosoft-eyes-lip-cleansing-duo
acne,polylysine,Sensilis Azelaic [peel],https://inkeedecoder.com/products/sensilis-azelaic-peel
acne,polylysine,The Ordinary Balancing & Clarifying Serum,https://inkeedecoder.com/products/the-ordinary-balancing-clarifying-serum
acne,polylysine,The Ordinary Sulfur 10% Powder-to-cream Concentrate,https://inkeedecoder.com/products/the-ordinary-sulfur-10-powder-to-cream-concentrate
acne,polylysine,"huangjisoo Green Caviar, Comfort Balancing Facial Toner",https://inkeedecoder.com/products/huangjisoo-green-caviar-comfort-balancing-facial-toner
acne,polylysine,Mediheal AQUHA Rose AHA Skin Tonic,https://inkeedecoder.com/products/mediheal-aquha-rose-aha-skin-tonic
acne,polylysine,Alastin Skincare Resurface Skin Polish,https://inkeedecoder.com/products/alastin-skincare-resurface-skin-polish
acne,polylysine,Be Minimalist Salicylic Acid 02%,https://inkeedecoder.com/products/be-minimalist-salicylic-acid-02
acne,polylysine,Be Minimalist Salicylic Acid 2% Face Serum,https://inkeedecoder.com/products/be-minimalist-salicylic-acid-2-face-serum
acne,polylysine,By Eggs Watermelon Boost Face Toner,https://inkeedecoder.com/products/by-eggs-watermelon-boost-face-toner
acne,polylysine,Paullie Reset Hydrating Serum,https://inkeedecoder.com/products/paullie-reset-hydrating-serum
acne,polylysine,Proven Honest Derma (PHD) 2% Salicylic Acid Anti-acne Serum,https://inkeedecoder.com/products/proven-honest-derma-phd-2-salicylic-acid-anti-acne-serum
acne,polylysine,Proven Honest Derma (PHD) 3% Niacinamide Oil-free Mositurizer,https://inkeedecoder.com/products/proven-honest-derma-phd-3-niacinamide-oil-free-mositurizer
acne,polylysine,Sensilis Pure Age Perfection [retinal],https://inkeedecoder.com/products/sensilis-pure-age-perfection-retinal
acne,polylysine,Soulsisters Gel Cleanser,https://inkeedecoder.com/products/soulsisters-gel-cleanser
acne,polylysine,The Joy Lab Power Clarity Serum Clareador,https://inkeedecoder.com/products/the-joy-lab-power-clarity-serum-clareador
acne,polylysine,Zakka Naturals Toner Probiotic Dual Effect,https://inkeedecoder.com/products/zakka-naturals-toner-probiotic-dual-effect
acne,polylysine,minimalist Salicylic Acid,https://inkeedecoder.com/products/minimalist-salicylic-acid
acne,polylysine,Bremod Performance Cocoa Butter Conditioner,https://inkeedecoder.com/products/bremod-performance-cocoa-butter-conditioner
acne,polylysine,Dermal Therapy Acne Control Lotion,https://inkeedecoder.com/products/dermal-therapy-acne-control-lotion
acne,polylysine,Placentor Végétal Corrective Serum Combination To Oily Skin,https://inkeedecoder.com/products/placentor-vegetal-corrective-serum-combination-to-oily-skin
acne,polylysine,Secret Key Starting Treatment Rose Foam Cleanser,https://inkeedecoder.com/products/secret-key-starting-treatment-rose-foam-cleanser
acne,polylysine,Sensilis Pure Age Perfection [cicacne Serum],https://inkeedecoder.com/products/sensilis-pure-age-perfection-cicacne-serum
acne,polylysine,The Inkey List Azelaic Acid Serum,https://inkeedecoder.com/products/the-inkey-list-azelaic-acid-serum
acne,polylysine,ZIIP Clear Gel,https://inkeedecoder.com/products/ziip-clear-gel
acne,polylysine,colibri skincare Clarifying Night Moisturizer,https://inkeedecoder.com/products/colibri-skincare-clarifying-night-moisturizer
acne,polylysine,Dermwel Daily Dose,https://inkeedecoder.com/products/dermwel-daily-dose
acne,polylysine,GALLINÉE Vinegar Gelée,https://inkeedecoder.com/products/gallinee-vinegar-gelee
acne,polylysine,Milk Makeup Hydro Ungrip Makeup Remover + Cleansing Water,https://inkeedecoder.com/products/milk-makeup-hydro-ungrip-makeup-remover-cleansing-water
acne,polylysine,Peach slices Oil Control Mist,https://inkeedecoder.com/products/peach-slices-oil-control-mist
acne,polylysine,Embryolisse Anti-blemish Serum,https://inkeedecoder.com/products/embryolisse-anti-blemish-serum
acne,potassium-azeloyl-diglycinate,Azelaic Acid Control Facial Acne Gel Aisuanis,https://inkeedecoder.com/products/aisuanis-empowerment-azelaic-acid-control-facial-acne-gel
acne,salicylic-acid,Resist Bha 9 Paula's Choice,https://inkeedecoder.com/products/paulas-choice-resist-bha-9
acne,salicylic-acid,Compound Salicylic Acid Liniment Sanyi,https://inkeedecoder.com/products/sanyi-compound-salicylic-acid-liniment
acne,salicylic-acid,Azelaic Acid Control Facial Acne Gel Aisuanis,https://inkeedecoder.com/products/aisuanis-empowerment-azelaic-acid-control-facial-acne-gel
acne,salicylic-acid,Nuorishing Spa Mask BRODA® PRO,https://inkeedecoder.com/products/broda-r-pro-nuorishing-spa-mask
acne,salicylic-acid,Flawless Neutralising Gel Dr. Sam Bunting Skincare,https://inkeedecoder.com/products/dr-sam-bunting-skincare-flawless-neutralising-gel
acne,salicylic-acid,Neem & BHA Spot Clarifying Serum Dr. Sheth's,https://inkeedecoder.com/products/dr-sheths-neem-bha-spot-clarifying-serum
acne,salicylic-acid,Salicylic Acid 2% Serum Garden of Wisdom,https://inkeedecoder.com/products/garden-of-wisdom-salicylic-acid-serum
acne,salicylic-acid,Rapid Relief Acne Spot Treatment Murad,https://inkeedecoder.com/products/murad-rapid-relief-acne-spot-treatment
acne,salicylic-acid,Clear Pore Oil-Eliminating Astringent Neutrogena,https://inkeedecoder.com/products/neutrogena-clear-pore-oil-eliminating-astringent
acne,salicylic-acid,Clear Regular Strength Anti-Redness Exfoliating Solution With 2% Salicylic Acid Paula's Choice,https://inkeedecoder.com/products/paulas-choice-clear-regular-strength-anti-redness-exfoliating-solution-with-2-salicylic-acid
acne,salicylic-acid,Resist Daily Pore-Refining Treatment 2% Bha Paula's Choice,https://inkeedecoder.com/products/paulas-choice-resist-daily-pore-refining-treatment-2-bha
acne,salicylic-acid,Acne-Clear Oil-Free Matte Moisturizer Peter Thomas Roth,https://inkeedecoder.com/products/peter-thomas-roth-acne-clear-oil-free-matte-moisturizer
acne,sodium-ascorbyl-phosphate,Much Brighter Skin Go-To Skincare,https://inkeedecoder.com/products/go-to-skincare-much-brighter-skin
acne,sodium-ascorbyl-phosphate,Superba C Skintegra,https://inkeedecoder.com/products/skintegra-superba-c
acne,sodium-ascorbyl-phosphate,C-50 Blemish Night Treatment The Inkey List,https://inkeedecoder.com/products/the-inkey-list-c-50-blemish-night-treatment
acne,sulfur,Acne Expert Skincare Calming Acne Mask,https://inkeedecoder.com/products/acne-expert-skincare-calming-acne-mask
acne,sulfur,AcneFree Acne Clearing Sulfur Mask 3.5% Sulfur Acne Treatment,https://inkeedecoder.com/products/acnefree-acne-clearing-sulfur-mask-3-5-sulfur-acne-treatment
acne,sulfur,AcneFree Therapeutic Sulfur Mask,https://inkeedecoder.com/products/acnefree-therapeutic-sulfur-mask
acne,sulfur,Banu 10% Sulfur Pimple And Acne Treatment,https://inkeedecoder.com/products/banu-10-sulfur-pimple-and-acne-treatment
acne,sulfur,Bioelements Spot Defy,https://inkeedecoder.com/products/bioelements-spot-defy
acne,sulfur,CLEARSTEM Skincare Sulfur Spot&mask,https://inkeedecoder.com/products/clearstem-skincare-sulfur-spot-mask
acne,sulfur,Control Corrective Sulfur Calming Mask,https://inkeedecoder.com/products/control-corrective-sulfur-calming-mask
acne,sulfur,CuticareMD 10% Sulfur Bar Soap,https://inkeedecoder.com/products/cuticaremd-10-sulfur-bar-soap
acne,sulfur,CuticareMD 6% Sulfur Ointment,https://inkeedecoder.com/products/cuticaremd-6-sulfur-ointment
acne,sulfur,De La Cruz Sulfur Ointment,https://inkeedecoder.com/products/de-la-cruz-sulfur-ointment
acne,sulfur,Dermadoctor Ain'T Misbehavin' Intensive 10% Sulfur Acne Mask & Emergency Spot Treatment,https://inkeedecoder.com/products/dermadoctor-aint-misbehavin-intensive-10-sulfur-acne-mask-emergency-spot-treatment
acne,sulfur,Dermaharmony 5% Sulfur 2% Salicylic Acid Bar Soap,https://inkeedecoder.com/products/dermaharmony-5-sulfur-2-salicylic-acid-bar-soap
acne,sulfur,Dr Dennis Gross Drx Blemish Solutions™ Clarifying Mask,https://inkeedecoder.com/products/dr-dennis-gross-drx-blemish-solutions-tm-clarifying-mask
acne,sulfur,Dr s wong Sulfur Soap,https://inkeedecoder.com/products/dr-s-wong-sulfur-soap
acne,sulfur,Dr. Sana Sulfur Ointment 10%,https://inkeedecoder.com/products/dr-sana-sulfur-ointment-10
acne,sulfur,Earth’s Care Acne Spot Treatment,https://inkeedecoder.com/products/earths-care-acne-spot-treatment
acne,sulfur,"Earth’s Care Acne Treatment Mask, Sulfur 5%",https://inkeedecoder.com/products/earths-care-acne-treatment-mask-sulfur-5
acne,sulfur,Face Reality Sulfur Spot Treatment,https://inkeedecoder.com/products/face-reality-sulfur-spot-treatment
acne,sulfur,GLAM UP Spotless Sulfur Treatment (acne-prone Skin) 10% Sulfur Treatment 15 ml,https://inkeedecoder.com/products/glam-up-spotless-sulfur-treatment-acne-prone-skin-10-sulfur-treatment-15-ml
acne,sulfur,Glymed Plus Mattifying Sulfur Masque,https://inkeedecoder.com/products/glymed-plus-mattifying-sulfur-masque
acne,sulfur,Glytone Acne Tinted Spot Treatment,https://inkeedecoder.com/products/glytone-acne-tinted-spot-treatment
acne,sulfur,Glytone Acne Treatment Mask,https://inkeedecoder.com/products/glytone-acne-treatment-mask
acne,sulfur,Granado Sabonete Barra Granado Facial Enxofre Antiacne,https://inkeedecoder.com/products/granado-sabonete-barra-granado-facial-enxofre-antiacne
acne,sulfur,Grisi Sulfur Soap,https://inkeedecoder.com/products/grisi-sulfur-soap
acne,sulfur,Honest Beauty Get Clarity Foaming Acne Cleanser,https://inkeedecoder.com/products/honest-beauty-get-clarity-foaming-acne-cleanser
acne,sulfur,Isispharma Sulfur Grisi,https://inkeedecoder.com/products/isispharma-sulfur-grisi
acne,sulfur,Jackodan Jackodan Gel,https://inkeedecoder.com/products/jackodan-jackodan-gel
acne,sulfur,Jason Dandruff Relief Treatment Shampoo,https://inkeedecoder.com/products/jason-dandruff-relief-treatment-shampoo
acne,sulfur,Kate Somerville Eradicate Daily Sulfur Cleanser + Acne Treatment,https://inkeedecoder.com/products/kate-somerville-eradicate-daily-sulfur-cleanser-acne-treatment
acne,sulfur,Kate Somerville Eradikate,https://inkeedecoder.com/products/kate-somerville-eradikate
acne,sulfur,Kate Somerville Eradikate 3% Sulfur Daily Foaming Cleanser,https://inkeedecoder.com/products/kate-somerville-eradikate-3-sulfur-daily-foaming-cleanser
acne,sulfur,Kiehl’s Breakout Control Targeted Blemish Spot Treatment,https://inkeedecoder.com/products/kiehls-breakout-control-targeted-blemish-spot-treatment
acne,sulfur,LANCER Clarifying Detox Mask with Green Tea + 3% Sulfur,https://inkeedecoder.com/products/lancer-clarifying-detox-mask-with-green-tea
acne,sulfur,M.A.D Skincare Acne Drying Lotion 10%,https://inkeedecoder.com/products/m-a-d-skincare-acne-drying-lotion-10
acne,sulfur,MALIN + GOETZ 10 % Sulfur Paste Acne Treatment,https://inkeedecoder.com/products/malin-goetz-acne-treatment
acne,sulfur,Murad Clarifying Mask,https://inkeedecoder.com/products/murad-clarifying-mask
acne,sulfur,Naturasil Tinea Versicolor Relief Soap,https://inkeedecoder.com/products/naturasil-tinea-versicolor-relief-soap
acne,sulfur,Neutrogena Stubborn Acne Spot Drying Lotion,https://inkeedecoder.com/products/neutrogena-stubborn-acne-spot-drying-lotion
acne,sulfur,PROSACEA Medicated Rosacea Gel,https://inkeedecoder.com/products/prosacea-prosacea-medicated-rosacea-gel
acne,sulfur,PROSACEA Rosacea Gel,https://inkeedecoder.com/products/prosacea-rosacea-gel
acne,sulfur,"Palmer's Skin Success Anti-Acne Medicated Complexion Bar,",https://inkeedecoder.com/products/palmers-skin-success-anti-acne-medicated-complexion-bar
acne,sulfur,Peter Thomas Roth Sulfur Mask,https://inkeedecoder.com/products/peter-thomas-roth-sulfur-mask
acne,sulfur,Peter Thomas Roth Therapeutic Sulfur Mask,https://inkeedecoder.com/products/peter-thomas-roth-therapeutic-sulfur-mask
acne,sulfur,Proactiv Skin Purifying Mask,https://inkeedecoder.com/products/proactiv-skin-purifying-mask
acne,sulfur,Proactiv Skin Purifying Mask,https://inkeedecoder.com/products/proactiv-skin-purifying-mask-3
acne,sulfur,Rodan + Fields Unblemish Clarifying Mask,https://inkeedecoder.com/products/rodan-fields-unblemish-clarifying-mask
acne,sulfur,Rosette Cleansing Pasta (dry Skin),https://inkeedecoder.com/products/rosette-cleansing-pasta-dry-skin
acne,sulfur,SINSURU Watery Sulfur 82 Soothing Serum,https://inkeedecoder.com/products/sinsuru-watery-sulfur-82-soothing-serum
acne,sulfur,Siegfried Kinatopic Sulfur Barra,https://inkeedecoder.com/products/siegfried-kinatopic-sulfur-barra
acne,sulfur,Soft Services Clearing Clay Multi-use Breakout Treatment,https://inkeedecoder.com/products/soft-services-clearing-clay-multi-use-breakout-treatment
acne,zinc-gluconate,Hema Multi Purpose Cream,https://inkeedecoder.com/products/hema-multi-purpose-cream-2
acne,zinc-gluconate,Glowderma Sebonac Gel,https://inkeedecoder.com/products/glowderma-sebonac-gel
acne,zinc-gluconate,Goodal Heartleaf Calming Mineral Filter Sun Cream,https://inkeedecoder.com/products/goodal-heartleaf-calming-mineral-filter-sun-cream-2
acne,zinc-gluconate,Kerastase Fondant Chromatique Conditioner,https://inkeedecoder.com/products/kerastase-fondant-chromatique-conditioner
acne,zinc-gluconate,Levinia Serum Recuperador,https://inkeedecoder.com/products/levinia-serum-recuperador
acne,zinc-gluconate,Leylak Cleansing Gel,https://inkeedecoder.com/products/leylak-cleansing-gel
acne,zinc-gluconate,Maxiguard Oral Cleansing Wipes,https://inkeedecoder.com/products/maxiguard-oral-cleansing-wipes
acne,zinc-gluconate,Novexpert Trio-Zinc Mist,https://inkeedecoder.com/products/novexpert-trio-zinc-mist
acne,zinc-gluconate,See lit Advance Serum Niacinamide,https://inkeedecoder.com/products/see-lit-advance-serum-niacinamide
acne,zinc-gluconate,Seven Rinzu UV Spray,https://inkeedecoder.com/products/seven-rinzu-uv-spray
acne,zinc-gluconate,1STLY Skincare Electrolyte Energetic Serum,https://inkeedecoder.com/products/1stly-skincare-electrolyte-energetic-serum
acne,zinc-gluconate,Clear Skin Collective Peptide Restore Calming Cream,https://inkeedecoder.com/products/clear-skin-collective-peptide-restore-calming-cream
acne,zinc-gluconate,Eximia Aqua Mat Micelar,https://inkeedecoder.com/products/eximia-aqua-mat-micelar
acne,zinc-gluconate,Kerastase Reflection Masque Chromatique Fine Hair,https://inkeedecoder.com/products/kerastase-reflection-masque-chromatique-fine-hair
acne,zinc-gluconate,Lilac + Flint Nourish Replenishing Daily Moisturizer,https://inkeedecoder.com/products/lilac-flint-nourish-replenishing-daily-moisturizer
acne,zinc-gluconate,Modum SOS-gel,https://inkeedecoder.com/products/modum-sos-gel
acne,zinc-gluconate,SEPHORA COLLECTION Anti-imperfections Tonic - Purifying,https://inkeedecoder.com/products/sephora-collection-anti-imperfections-tonic-purifying
acne,zinc-gluconate,SEPHORA COLLECTION Clarifying Toner With Niacinamide And Zinc,https://inkeedecoder.com/products/sephora-collection-clarifying-toner-with-niacinamide-and-zinc
acne,zinc-gluconate,Typology Sensitive Skin Serum 5 Mineral Complex,https://inkeedecoder.com/products/typology-sensitive-skin-serum-5-mineral-complex
acne,zinc-gluconate,hair and skin science Hair Regrow Serum,https://inkeedecoder.com/products/hair-and-skin-science-hair-regrow-serum
acne,zinc-gluconate,APIS Oxy O2 Terapis Oxygenating Gel Mask,https://inkeedecoder.com/products/apis-oxy-o2-terapis-oxygenating-gel-mask
acne,zinc-gluconate,Acneed Acne Control Lotion,https://inkeedecoder.com/products/acneed-acne-control-lotion
acne,zinc-gluconate,BIO VÉGANE Bio Acai Refine Clay Mask,https://inkeedecoder.com/products/bio-vegane-bio-acai-refine-clay-mask
acne,zinc-gluconate,Bioderma Sebium Micellar Water,https://inkeedecoder.com/products/bioderma-sebium-micellar-water
acne,zinc-gluconate,Derma-ceutix Hydrating Vitamin Mist,https://inkeedecoder.com/products/derma-ceutix-hydrating-vitamin-mist
acne,zinc-gluconate,Eau Thermale Avène Cleanance MAT Mattifying Toner,https://inkeedecoder.com/products/eau-thermale-avene-cleanance-mat-mattifying-toner
acne,zinc-gluconate,Emina Ms. Pimple Exfoliating Toner,https://inkeedecoder.com/products/emina-ms-pimple-exfoliating-toner
acne,zinc-gluconate,Erha Acne Act Acne Blemish Toner Witch Hazel & Chamomile,https://inkeedecoder.com/products/erha-acne-act-acne-blemish-toner-witch-hazel-chamomile
acne,zinc-gluconate,Erha Acne Act Witch Hazel And Chamomile Acne Blemish Toner,https://inkeedecoder.com/products/erha-acne-act-witch-hazel-and-chamomile-acne-blemish-toner
acne,zinc-gluconate,Erhair Scalperfect Allantoin & Silk Protein Scalp Soothing Serum,https://inkeedecoder.com/products/erhair-scalperfect-allantoin-silk-protein-scalp-soothing-serum
acne,zinc-gluconate,Fundamentals Skincare Rejuvinating Masque,https://inkeedecoder.com/products/fundamentals-skincare-rejuvinating-masque
acne,zinc-gluconate,Ion Skin Support,https://inkeedecoder.com/products/ion-skin-support
acne,zinc-gluconate,Keve Niacinamide 10% Serum,https://inkeedecoder.com/products/keve-niacinamide-10-serum
acne,zinc-gluconate,LaSaponaria Niacinamide + Zinco,https://inkeedecoder.com/products/lasaponaria-niacinamide-zinco
acne,zinc-gluconate,Lumene Tyyni Kuorintaneste,https://inkeedecoder.com/products/lumene-tyyni-kuorintaneste
acne,zinc-gluconate,"MATH scientific Active Serum ""Anti-acne SOS""",https://inkeedecoder.com/products/math-scientific-active-serum-anti-acne-sos
acne,zinc-gluconate,MATH scientific Deep Cleansing Gel Wash To Fight Acne And Blemishes,https://inkeedecoder.com/products/math-scientific-deep-cleansing-gel-wash-to-fight-acne-and-blemishes
acne,zinc-gluconate,ME+ Niacinamide & Zinc Booster,https://inkeedecoder.com/products/me-niacinamide-zinc-booster
acne,zinc-gluconate,Macrolibrarsi Attivi Puri Niacinamide + Zinco,https://inkeedecoder.com/products/macrolibrarsi-attivi-puri-niacinamide-zinco
acne,zinc-gluconate,Medihealth Edapil Shampoo,https://inkeedecoder.com/products/medihealth-edapil-shampoo
acne,zinc-gluconate,Milk Makeup Balmade Electrolyte Lip Balm,https://inkeedecoder.com/products/milk-makeup-balmade-electrolyte-lip-balm
acne,zinc-gluconate,Milk Makeup Balmade Hydrating Tinted Lip Balm With Electrolytes,https://inkeedecoder.com/products/milk-makeup-balmade-hydrating-tinted-lip-balm-with-electrolytes
acne,zinc-gluconate,Oxynergy Power Infuse Toning Mist,https://inkeedecoder.com/products/oxynergy-power-infuse-toning-mist
acne,zinc-gluconate,Salthouse Natural Minerals Anti Pickel Akut Ice Gel,https://inkeedecoder.com/products/salthouse-natural-minerals-anti-pickel-akut-ice-gel
acne,zinc-gluconate,Skindinavia The Post-Makeup Recovery Spray,https://inkeedecoder.com/products/skindinavia-the-post-makeup-recovery-spray
acne,zinc-gluconate,Violette_FR Sérum Superlatif Blemish Rescue (breakout Calming Serum),https://inkeedecoder.com/products/violette-fr-serum-superlatif-blemish-rescue-breakout-calming-serum
acne,zinc-gluconate,Wardah Acnederm Pore Refining Toner,https://inkeedecoder.com/products/wardah-acnederm-pore-refining-toner-2
acne,zinc-gluconate,bioearth Zinc + Niacinamide 11%,https://inkeedecoder.com/products/bioearth-zinc-niacinamide-11
acne,zinc-gluconate,tersus Glycolic Acid 10% + Lactic Acid 5% Serum,https://inkeedecoder.com/products/tersus-glycolic-acid-10-lactic-acid-5-serum
acne,zinc-gluconate,APIS Hyaluronic Water Oxygenating Mist,https://inkeedecoder.com/products/apis-hyaluronic-water-oxygenating-mist
acne,zinc-pca,Niacinamide 10 Serum Cos De BAHA,https://inkeedecoder.com/products/cos-de-baha-niacinamide-10-serum
acne,zinc-pca,Niacinamide 10% + Zinc 1% The Ordinary,https://inkeedecoder.com/products/the-ordinary-niacinamide-10-zinc-1-serum1
comedo,charcoal-extract,The Face Shop Real Nature Aloe Vera Sheet Mask,https://inkeedecoder.com/products/the-face-shop-real-nature-aloe-vera-sheet-mask
comedo,charcoal-extract,masking Charcoal Facial Sheet Mask,https://inkeedecoder.com/products/masking-charcoal-facial-sheet-mask
comedo,charcoal-extract,7th Heaven Charcoal Tonic Mask,https://inkeedecoder.com/products/7th-heaven-charcoal-tonic-mask
comedo,charcoal-extract,Mirabelle Charcoal Sheet Mask,https://inkeedecoder.com/products/mirabelle-charcoal-sheet-mask
comedo,charcoal-extract,Stay Well Classic Mask Purifying Charcoal,https://inkeedecoder.com/products/stay-well-classic-mask-purifying-charcoal
comedo,charcoal-extract,b.fresh Get It Squeaky Clean Deep Cleansing Shampoo,https://inkeedecoder.com/products/b-fresh-get-it-squeaky-clean-deep-cleansing-shampoo
comedo,charcoal-extract,Dearboo Lily & Charcoal Everyday Mask,https://inkeedecoder.com/products/dearboo-lily-charcoal-everyday-mask
comedo,charcoal-extract,The Saem Care Plus Body Peeling Spray,https://inkeedecoder.com/products/the-saem-care-plus-body-peeling-spray
comedo,charcoal-extract,Avon planet spa Korean Charcoal Cleanse & Refine Peel Off Face Mask,https://inkeedecoder.com/products/avon-planet-spa-korean-charcoal-cleanse-refine-peel-off-face-mask
comedo,charcoal-extract,Stay Well Classic Mask Firming Pearl & Collagen,https://inkeedecoder.com/products/stay-well-classic-mask-firming-pearl-collagen
comedo,charcoal-extract,eyeNlip Charcoal Moisture Essence Mask,https://inkeedecoder.com/products/eyenlip-charcoal-moisture-essence-mask
comedo,charcoal-extract,Dear Me Beauty Acne Care Meltaway Balm,https://inkeedecoder.com/products/dear-me-beauty-acne-care-meltaway-balm
comedo,charcoal-extract,Dr. HeAler Sodium D.n.a Activator Ampoule P.d.r.n,https://inkeedecoder.com/products/dr-healer-sodium-d-n-a-activator-ampoule-p-d-r-n
comedo,charcoal-extract,ESW Beauty Raw Juice Korean Beauty Sheet Mask,https://inkeedecoder.com/products/esw-beauty-raw-juice-korean-beauty-sheet-mask
comedo,charcoal-extract,Ever organics Charcoal Purifying Serum Soothing Gel,https://inkeedecoder.com/products/ever-organics-charcoal-purifying-serum-soothing-gel
comedo,charcoal-extract,Koji White Kojic Acid & Charcoal Black Soap,https://inkeedecoder.com/products/koji-white-kojic-acid-charcoal-black-soap
comedo,charcoal-extract,Pixi Clarity Lotion,https://inkeedecoder.com/products/pixi-clarity-lotion-2
comedo,charcoal-extract,Ekel Charcoal Foam Cleanser,https://inkeedecoder.com/products/ekel-charcoal-foam-cleanser
comedo,charcoal-extract,Esfolio Charcoal Cleansing Foam,https://inkeedecoder.com/products/esfolio-charcoal-cleansing-foam
comedo,charcoal-extract,Barle Charcoal Melting Cleansing Balm,https://inkeedecoder.com/products/barle-charcoal-melting-cleansing-balm
comedo,charcoal-extract,Skin + Purifying Foam Cleanser,https://inkeedecoder.com/products/skin-purifying-foam-cleanser
comedo,charcoal-extract,The Creme Shop Cica Mend Cica Balm,https://inkeedecoder.com/products/the-creme-shop-cica-mend-cica-balm
comedo,charcoal-extract,111SKIN Celestial Black Diamond Lifting And Firming Face Mask - Upper Mask,https://inkeedecoder.com/products/111skin-celestial-black-diamond-lifting-and-firming-face-mask-upper-mask
comedo,charcoal-extract,Sunnicorn Microbiome Enzyme Powder Cleanser,https://inkeedecoder.com/products/sunnicorn-microbiome-enzyme-powder-cleanser
comedo,charcoal-extract,Avon Planet Spa Korean Charcoal Cleanse & Refine Deep Cleansing Face Wash,https://inkeedecoder.com/products/avon-planet-spa-korean-charcoal-cleanse-refine-deep-cleansing-face-wash
comedo,charcoal-extract,Clearskin Sabonete Purificante Com Carvão Clearskin,https://inkeedecoder.com/products/avon-sabonete-purificante-com-carvao-clearskin
comedo,charcoal-extract,Derma E Blue Light Shield Concentrated Serum,https://inkeedecoder.com/products/derma-e-blue-light-shield-concentrated-serum
comedo,charcoal-extract,Meta Foret Black Lemon Cleansing Oil,https://inkeedecoder.com/products/meta-foret-black-lemon-cleansing-oil
comedo,charcoal-extract,Avon Anew Purifying Jelly Cleanser,https://inkeedecoder.com/products/avon-anew-purifying-jelly-cleanser
comedo,charcoal-extract,rovectin Pore Care No-sebum Pad,https://inkeedecoder.com/products/rovectin-pore-care-no-sebum-pad
comedo,charcoal-extract,Avon Planet Spa The Harmony Ritual Face Mask,https://inkeedecoder.com/products/avon-planet-spa-the-harmony-ritual-face-mask
comedo,charcoal-extract,Avon Arctic Lingonberry Antioxidant Overnight Face Treatment,https://inkeedecoder.com/products/avon-arctic-lingonberry-antioxidant-overnight-facr-face-treatment
comedo,charcoal-extract,Tidalove Calming Facial Beans,https://inkeedecoder.com/products/tidalove-calming-facial-beans
comedo,charcoal-extract,clearskin by avon Mascarilla Purificante,https://inkeedecoder.com/products/clearskin-by-avon-mascarilla-purificante
comedo,charcoal-extract,AVON Clearskin Máscara Facial Negra Com Carvão Clearskin,https://inkeedecoder.com/products/avon-clearskin-mascara-facial-negra-com-carvao-clearskin
comedo,charcoal-extract,Meta Foret Black Lemon Peeling Toner Pads,https://inkeedecoder.com/products/meta-foret-black-lemon-peeling-toner-pads
comedo,charcoal-extract,BOSCIA Charcoal Pore-Minimizing Bio-Cellulose Mask,https://inkeedecoder.com/products/boscia-charcoal-pore-minimizing-bio-cellulose-mask
comedo,charcoal-extract,Elixir Balancing Mizu Cream,https://inkeedecoder.com/products/elixir-balancing-mizu-cream
comedo,charcoal-extract,Asaya D-Tan Sheet Mask,https://inkeedecoder.com/products/asaya-d-tan-sheet-mask
comedo,charcoal-extract,Pantene Pro-v Detox And Cleanser Micellar Shampoo,https://inkeedecoder.com/products/pantene-pro-v-detox-and-cleanser-micellar-shampoo
comedo,charcoal-extract,Some By Mi AHA - BHA - PHA 30 Days Miracle Acne Clear Body Cleanser,https://inkeedecoder.com/products/some-by-mi-aha-bha-pha-30-days-miracle-acne-clear-body-cleanser-4
comedo,charcoal-extract,TonyMoly Shiny Foot Peeling Liquid,https://inkeedecoder.com/products/tony-moly-shiny-foot-peeling-liquid
comedo,charcoal-extract,MBeauty Tannin Complex 2-step Mask,https://inkeedecoder.com/products/mbeauty-tannin-complex-2-step-mask
comedo,charcoal-powder,Billie Razor,https://inkeedecoder.com/products/billie-razor
comedo,charcoal-powder,Blu42 Bright Eye,https://inkeedecoder.com/products/blu42-bright-eye
comedo,charcoal-powder,Bo Bana Bobana Charcoal Scrub,https://inkeedecoder.com/products/bo-bana-bobana-charcoal-scrub
comedo,charcoal-powder,Caolion Blackhead O2 Sparkling Soap,https://inkeedecoder.com/products/caolion-blackhead-o2-sparkling-soap
comedo,charcoal-powder,Khadi essentials Charcoal Face Wash,https://inkeedecoder.com/products/khadi-essentials-charcoal-face-wash
comedo,charcoal-powder,Man arden Activated Charcoal Cream Conditioner With Argan Oil,https://inkeedecoder.com/products/man-arden-activated-charcoal-cream-conditioner-with-argan-oil
comedo,charcoal-powder,Shills Acne Purifying Peel Off Black Mask,https://inkeedecoder.com/products/shills-acne-purifying-peel-off-black-mask
comedo,charcoal-powder,Sunatoria Black Mask Charcoal Peel Off Mask,https://inkeedecoder.com/products/sunatoria-black-mask-charcoal-peel-off-mask
comedo,charcoal-powder,Yesul Bubble. Cleansing Charcoal Mask,https://inkeedecoder.com/products/yesul-bubble-cleansing-charcoal-mask
comedo,charcoal-powder,yes to tomatoes Clear Skin Charcoal Powder-To-Clay Mask,https://inkeedecoder.com/products/yes-to-tomatoes-clear-skin-charcoal-powder-to-clay-mask
comedo,charcoal-powder,AA Emoji Charcoal Mask,https://inkeedecoder.com/products/aa-emoji-charcoal-mask
comedo,charcoal-powder,Apotheke Detoxifying Face Mask,https://inkeedecoder.com/products/apotheke-detoxifying-face-mask
comedo,charcoal-powder,Banish Activated Charcoal Clay Masque,https://inkeedecoder.com/products/banish-activated-charcoal-clay-masque
comedo,charcoal-powder,BeautyPro Warming Eye Mask,https://inkeedecoder.com/products/beautypro-warming-eye-mask
comedo,charcoal-powder,Buttah Charcoal Detox Mask,https://inkeedecoder.com/products/buttah-charcoal-detox-mask
comedo,charcoal-powder,COSHI BEAUTI Niacinamide Soap,https://inkeedecoder.com/products/coshi-beauti-niacinamide-soap
comedo,charcoal-powder,Cosmibeauti Niacinamide Soap For Men,https://inkeedecoder.com/products/cosmibeauti-niacinamide-soap-for-men
comedo,charcoal-powder,De-artistic Charcoal Treatment,https://inkeedecoder.com/products/de-artistic-charcoal-treatment
comedo,charcoal-powder,Drunk Elephant Bamboo Booster,https://inkeedecoder.com/products/drunk-elephant-bamboo-booster
comedo,charcoal-powder,Ella Baché Charcoal Foaming Mask,https://inkeedecoder.com/products/ella-bache-charcoal-foaming-mask
comedo,charcoal-powder,"Ethique Unscented Charcoal, Kaolin, & Oatmeal Soap Bar",https://inkeedecoder.com/products/ethique-unscented-charcoal-kaolin-oatmeal-soap-bar
comedo,charcoal-powder,Georganics Mineral Toothpaste Powder - Activated Charcoal,https://inkeedecoder.com/products/georganics-mineral-toothpaste-powder-activated-charcoal
comedo,charcoal-powder,HAUS LABS Clear Cut Liquid Eyeliner,https://inkeedecoder.com/products/haus-labs-clear-cut-liquid-eyeliner
comedo,charcoal-powder,Ilia Clean Lime Liquid Eyeliner,https://inkeedecoder.com/products/ilia-clean-lime-liquid-eyeliner
comedo,charcoal-powder,Kayman Beauty Coal Face Soap,https://inkeedecoder.com/products/kayman-beauty-coalface-soap
comedo,charcoal-powder,Luna Nectar Obsidian Volumizing & Anti-Pollution Hair Jelly,https://inkeedecoder.com/products/luna-nectar-obsidian-volumizing-anti-pollution-hair-jelly
comedo,charcoal-powder,Pacifica Liquid Lines Pen Tip Eye Liner,https://inkeedecoder.com/products/pacifica-liquid-lines-pen-tip-eye-liner
comedo,charcoal-powder,Prevense Charcoal Face Wash,https://inkeedecoder.com/products/prevense-charcoal-face-wash
comedo,charcoal-powder,Skin techniques Activated Charcoal,https://inkeedecoder.com/products/skin-techniques-activated-charcoal
comedo,charcoal-powder,Underated Active Charcol Face Wash,https://inkeedecoder.com/products/underated-active-charcol-face-wash
comedo,charcoal-powder,Wyn Beauty Glideline Waterproof Liquid Eyeliner,https://inkeedecoder.com/products/wyn-beauty-glideline-waterproof-liquid-eyeliner
comedo,charcoal-powder,Ausceuticals Dark Star Powder To Foam Cleanser,https://inkeedecoder.com/products/ausceuticals-dark-star-powder-to-foam-cleanser
comedo,charcoal-powder,BareSoul Wow Dry Shampoo,https://inkeedecoder.com/products/baresoul-wow-dry-shampoo
comedo,charcoal-powder,Beauty Counter Counter+ Charcoal Facial Mask,https://inkeedecoder.com/products/beauty-counter-counter-charcoal-facial-mask
comedo,charcoal-powder,Blaq Hyaluronic Acid Eye Mask,https://inkeedecoder.com/products/blaq-hyaluronic-acid-eye-mask
comedo,charcoal-powder,Bybi Detox Dust Purifying Powder Mask,https://inkeedecoder.com/products/bybi-detox-dust-purifying-powder-mask
comedo,charcoal-powder,C'est Moi Purifying Charcoal Clay Facial Mask,https://inkeedecoder.com/products/cest-moi-purifying-charcoal-clay-facial-mask
comedo,charcoal-powder,Caolion Pore Cleansing Blackhead Steam,https://inkeedecoder.com/products/caolion-pore-cleansing-blackhead-steam
comedo,charcoal-powder,Dermafix Dermapolish+ Activated Charchoal,https://inkeedecoder.com/products/dermafix-dermapolish-activated-charchoal
comedo,charcoal-powder,Dot & Key Underarm Detox Charcoal Mask,https://inkeedecoder.com/products/dot-key-underarm-detox-charcoal-mask
comedo,charcoal-powder,Dot & Key Underarm Detox Charcoal Mask,https://inkeedecoder.com/products/dot-key-underarm-detox-charcoal-mask-2
comedo,charcoal-powder,Fighting Girl Foot Pads,https://inkeedecoder.com/products/fighting-girl-foot-pads
comedo,charcoal-powder,Fitglow Detox Cleanser,https://inkeedecoder.com/products/fitglow-detox-cleanser
comedo,charcoal-powder,Generation Skin Revitalizing Hyaluronic Acid Eye Patches,https://inkeedecoder.com/products/generation-skin-revitalizing-hyaluronic-acid-eye-patches
comedo,charcoal-powder,HUGS WELLNESS CBD Chamomile Clay Mask,https://inkeedecoder.com/products/hugs-wellness-cbd-chamomile-clay-mask
comedo,charcoal-powder,IOSSI Charcoal. Purifying Facial Cleansing Paste,https://inkeedecoder.com/products/iossi-charcoal-purifying-facial-cleansing-paste
comedo,charcoal-powder,Lumin Charcoal Cleansing Pore Strip,https://inkeedecoder.com/products/lumin-charcoal-cleansing-pore-strip
comedo,charcoal-powder,Matte Purifying Face Wash,https://inkeedecoder.com/products/matte-purifying-face-wash
comedo,charcoal-powder,Michael Todd Beauty Charcoal Detox,https://inkeedecoder.com/products/michael-todd-beauty-charcoal-detox
comedo,charcoal-powder,Midnight Paloma Charcoal + Rose Detox Mask,https://inkeedecoder.com/products/midnight-paloma-charcoal-rose-detox-mask
comedo,adapalene,Effaclar Adapalene Gel 0.1% Acne Treatment La Roche-Posay,https://inkeedecoder.com/products/la-roche-posay-effaclar-adapalene-gel-0-1-acne-treatment
comedo,azelaic-acid,Azelaic Acid Derma Forte,https://inkeedecoder.com/products/derma-forte-azelaic-acid
comedo,azelaic-acid,Azelaic Acid Control Facial Acne Gel Aisuanis,https://inkeedecoder.com/products/aisuanis-empowerment-azelaic-acid-control-facial-acne-gel
comedo,azelaic-acid,Empowerment Azelaic Acid Sebamed Clear Face Facial Cream Aisuanis,https://inkeedecoder.com/products/aisuanis-empowerment-azelaic-acid-sebamed-clear-face-facial-cream
comedo,azelaic-acid,Professional 10% Azelaic Acid Face Serum Bielenda,https://inkeedecoder.com/products/bielenda-professional-10-azaleic-acid-face-serum
comedo,azelaic-acid,Azelaic Acid 10% Serum Cos De BAHA,https://inkeedecoder.com/products/cos-de-baha-azelaic-acid-10-serum
comedo,azelaic-acid,Flawless Brightly Serum Dr Sam Bunting,https://inkeedecoder.com/products/dr-sam-bunting-flawless-brightly-serum
comedo,azelaic-acid,Azelaic Acid Suspension 10% The Ordinary,https://inkeedecoder.com/products/the-ordinary-azelaic-acid-suspension-10
comedo,azelaic-acid,Flawless Neutralising Gel Dr. Sam Bunting Skincare,https://inkeedecoder.com/products/dr-sam-bunting-skincare-flawless-neutralising-gel
comedo,azelaic-acid,Flawless Nightly Serum Dr. Sam Bunting Skincare,https://inkeedecoder.com/products/dr-sam-bunting-skincare-flawless-nightly-serum
comedo,bentonite,ANCIENT HEALING CLAY Deep Facial Cleanser,https://inkeedecoder.com/products/ancient-healing-clay-deep-facial-cleanser
comedo,bentonite,Apotheke Detoxifying Face Mask,https://inkeedecoder.com/products/apotheke-detoxifying-face-mask
comedo,bentonite,Australian Wholesale Oils Bentonite Clay,https://inkeedecoder.com/products/australian-wholesale-oils-bentonite-clay
comedo,bentonite,Aztec Secret Indian Healing Clay,https://inkeedecoder.com/products/aztec-secret-indian-healing-clay
comedo,bentonite,Dr. Duval Máscara De Fango,https://inkeedecoder.com/products/dr-duval-mascara-de-fango
comedo,bentonite,"Freeman Instant, Deep Cleansing Facial + Body Powder To Clay Mask",https://inkeedecoder.com/products/freeman-instant-deep-cleansing-facial-body-powder-to-clay-mask
comedo,bentonite,Holifrog Sunapee Sacred C Powder Wash,https://inkeedecoder.com/products/holifrog-sunapee-sacred-c-powder-wash
comedo,bentonite,Holifrog Sunapee Sacred-C Brightening Powder Wash,https://inkeedecoder.com/products/sunapee-sacred-c-brightening-powder-wash
comedo,bentonite,Honey Belle Diy Detox Mask Matcha Mint,https://inkeedecoder.com/products/honey-belle-diy-detox-mask-matcha-mint
comedo,bentonite,Illuminate Skin Therapies Mend Restoration Mask,https://inkeedecoder.com/products/illuminate-skin-therapies-mend-restoration-mask
comedo,bentonite,K'Pure Naturals Goal Digger,https://inkeedecoder.com/products/kpure-naturals-goal-digger
comedo,bentonite,Light Up Beauty Beam Glacial Glow Mud,https://inkeedecoder.com/products/light-up-beauty-beam-glacial-glow-mud
comedo,bentonite,Luxe Organix Bentonite Indian Healing Clay,https://inkeedecoder.com/products/luxe-organix-bentonite-indian-healing-clay
comedo,bentonite,Malinca Clay Face Mask,https://inkeedecoder.com/products/malinca-clay-face-mask
comedo,bentonite,Manna Szépítő Arcpakolás,https://inkeedecoder.com/products/manna-mattito-taplalo-pakolas-zsiros-borre-kek-agyaggal
comedo,bentonite,Medik8 Age Defying Platinum Mask,https://inkeedecoder.com/products/medik8-age-defying-platinum-mask
comedo,bentonite,Nacomi Black Clay,https://inkeedecoder.com/products/nacomi-black-clay
comedo,bentonite,Open Formula Bentonite Clay Mask (100% Bentonite Clay) + 13% AHA Solution,https://inkeedecoder.com/products/open-formula-bentonite-clay-mask-100-bentonite-clay-13-aha-solution
comedo,bentonite,Prana Spaceuticals Resurfacing Micro-Therapy Powder,https://inkeedecoder.com/products/prana-spaceuticals-resurfacing-micro-therapy-powder
comedo,bentonite,Pure Body Naturals Bentonite Clay,https://inkeedecoder.com/products/pure-body-naturals-bentonite-clay
comedo,bentonite,Rosen Skincare Tingling Mud Mask,https://inkeedecoder.com/products/rosen-skincare-tingling-mud-mask
comedo,bentonite,Sea-el Diy Superfood Mask,https://inkeedecoder.com/products/sea-el-diy-superfood-mask
comedo,bentonite,Skin Creamery Deep Cleansing Powder,https://inkeedecoder.com/products/skin-creamery-deep-cleansing-powder
comedo,bentonite,Skinnies The Green Collective Sg Skinnies Kids SPF 50,https://inkeedecoder.com/products/skinnies-kids-spf50
comedo,bentonite,Sky Organics 100% Pure Bentonite Clay,https://inkeedecoder.com/products/sky-organics-100-pure-bentonite-clay
comedo,bentonite,"Sky Organics Indian Healing Clay, 100% Pure And Natural Grade A",https://inkeedecoder.com/products/sky-organics-indian-healing-clay-100-pure-and-natural-grade-a
comedo,bentonite,The Vitamin Shoppe 100% Natural Bentonite Clay,https://inkeedecoder.com/products/the-vitamin-shoppe-100-natural-bentonite-clay
comedo,bentonite,"TreeActiv Cystic Acne Spot Treatment, Bentonite Clay & Tea Tree Essential Oil",https://inkeedecoder.com/products/treeactiv-cystic-acne-spot-treatment-bentonite-clay-tea-tree-essential-oil
comedo,bentonite,VO BEAUTY 5 Minute Facial,https://inkeedecoder.com/products/vo-beauty-5-minute-facial
comedo,bentonite,Wildleaf 100% Natural Healing Clay Mask,https://inkeedecoder.com/products/wildleaf-100-natural-healing-clay-mask
comedo,bentonite,Pure Yerba Mate Mist SPF 30,https://inkeedecoder.com/products/100-pure-yerba-mate-mist-spf-30
comedo,bentonite,24K Donna Bella Dmae Instant Lifting Mask,https://inkeedecoder.com/products/24k-donna-bella-dmae-instant-lifting-mask
comedo,bentonite,A BONNÉ Spa Milk Salt,https://inkeedecoder.com/products/a-bonne-spa-milk-salt
comedo,bentonite,Africology Clay Masque,https://inkeedecoder.com/products/africology-clay-masque
comedo,bentonite,Allies of Skin Rhassoul & BHA Antioxidants Purifying Mask,https://inkeedecoder.com/products/allies-of-skin-rhassoul-bha-antioxidants-purifying-mask
comedo,bentonite,Avinichi Camuglow Transforming Mask,https://inkeedecoder.com/products/avinichi-camuglow-transforming-mask
comedo,bentonite,"Babo Botanicals Baby Skin Mineral Sunscreen Pump Spray, Spf 30",https://inkeedecoder.com/products/babo-botanicals-baby-skin-mineral-sunscreen-pump-spray-spf-30
comedo,bentonite,BajaZen C-Boost Raw Mask Vitamin C,https://inkeedecoder.com/products/bajazen-e-boost
comedo,bentonite,Bandi Professional Astringent Cream Mask,https://inkeedecoder.com/products/bandi-professional-astringent-cream-mask
comedo,bentonite,Bare Republic Citrus Cooler SPF 30,https://inkeedecoder.com/products/bare-republic-citrus-cooler
comedo,bentonite,Beauty Glazed Full Coverage Concealer,https://inkeedecoder.com/products/beauty-glazed-full-coverage-concealer
comedo,bentonite,Beauty Society Let's Face It,https://inkeedecoder.com/products/beauty-society-lets-face-it
comedo,bentonite,Beekman 1802 Triple Milk Primer Spf 35,https://inkeedecoder.com/products/beekman-1802-triple-milk-primer-spf-35
comedo,bentonite,Biologique Recherche Biomagic Mask,https://inkeedecoder.com/products/biologique-recherche-biomagic-mask
comedo,bentonite,Bliss Pore Patrol Cleanser,https://inkeedecoder.com/products/bliss-pore-patrol-cleanser
comedo,bentonite,Bloomtown Blue Clay Mask Soothing Bentonite & Indigo Leaf,https://inkeedecoder.com/products/bloomtown-blue-clay-mask-soothing-bentonite-indigo-leaf
comedo,bentonite,Borghese Advanced Fango Active Purifying Mud Mask,https://inkeedecoder.com/products/borghese-advanced-fango-active-purifying-mud-mask
comedo,bentonite,Bubu skincare #stripitoff Exfoliating Mask,https://inkeedecoder.com/products/bubu-skincare-stripitoff-exfoliating-mask
comedo,bentonite,Bumble & Bumble BB. Sunday Purifying Clay Wash,https://inkeedecoder.com/products/bumble-bumble-bb-sunday-purifying-clay-wash
comedo,bentonite,CVS Dead Sea Minerals Anti-stress Clay Facial Mask,https://inkeedecoder.com/products/cvs-dead-sea-minerals-anti-stress-clay-facial-mask
comedo,benzoyl-peroxide,Clear Extra Strength Daily Skin Clearing Treatment With 5% Benzoyl Peroxide Paula's Choice,https://inkeedecoder.com/products/paulas-choice-clear-extra-strength-daily-skin-clearing-treatment-with-5-benzoyl-peroxide
comedo,benzoyl-peroxide,Acne Foaming Cleanser CeraVe,https://inkeedecoder.com/products/cerave-acne-foaming-cleanser
comedo,benzoyl-peroxide,Rapid Clear Stubborn Acne Cleanser Neutrogena,https://inkeedecoder.com/products/neutrogena-rapid-clear-stubborn-acne-cleanser
comedo,benzoyl-peroxide,Treatment (2.5% Benzoyl Peroxide) Acne.org,https://inkeedecoder.com/products/acne-org-treatment-2-5-benzoyl-peroxide
comedo,benzoyl-peroxide,Clear Regular Strength Daily Skin Clearing Treatment With 2.5% Benzoyl Peroxide Paula's Choice,https://inkeedecoder.com/products/paulas-choice-clear-regular-strength-daily-skin-clearing-treatment-with-2-5-benzoyl-peroxide
comedo,capryloyl-salicylic-acid,Compound Six Acid Nourishing Conditioning Biofilm Aisuanis,https://inkeedecoder.com/products/aisuanis-compound-six-acid-nourishing-conditioning-biofilm
comedo,gluconolactone,Baby Steps Acid Treatment Chemist Confessions,https://inkeedecoder.com/products/chemist-confessions-baby-steps-acid-treatment
comedo,gluconolactone,Bio-Hydrating Cream Neostrata,https://inkeedecoder.com/products/neostrata-bio-hydrating-cream
comedo,gluconolactone,Sebiaclear Serum SVR,https://inkeedecoder.com/products/svr-sebiaclear-serum
comedo,gluconolactone,Bionic Face Cream Neostrata,https://inkeedecoder.com/products/neostrata-bionic-face-cream
comedo,gluconolactone,Press And Glow Toner Medik8,https://inkeedecoder.com/products/medik8-press-and-glow-toner
comedo,gluconolactone,Compound Six Acid Nourishing Conditioning Biofilm Aisuanis,https://inkeedecoder.com/products/aisuanis-compound-six-acid-nourishing-conditioning-biofilm
comedo,glycolic-acid,Aha Resurfacing Lotion 20 Intensive Exfoliating Treatment DCL,https://inkeedecoder.com/products/dcl-aha-resurfacing-lotion-20-50ml-intensive-exfoliating-treatment
comedo,glycolic-acid,Glycolix Elite Facial Cream 20% Topix,https://inkeedecoder.com/products/topix-glycolix-elite-facial-cream-20
comedo,glycolic-acid,Clarify Gel Plus Neostrata,https://inkeedecoder.com/products/neostrata-gel-plus
comedo,glycolic-acid,MelaBlok Dermasence,https://inkeedecoder.com/products/dermasence-melablok
comedo,glycolic-acid,Revitalift Derm Intensives 10% Pure Glycolic Acid Serum L'Oreal Paris,https://inkeedecoder.com/products/loreal-paris-10-pure-glycolic-acid-serum
comedo,glycolic-acid,Resist Weekly Resurfacing Treatment 10% Aha Paula's Choice,https://inkeedecoder.com/products/paulas-choice-resist-weekly-resurfacing-treatment-10-aha
comedo,glycolic-acid,Energy Complex Ahas Exfoliating Toner Aisuanis,https://inkeedecoder.com/products/aisuanis-energy-complex-ahas-exfoliating-toner
comedo,glycolic-acid,Compound Six Acid Nourishing Conditioning Biofilm Aisuanis,https://inkeedecoder.com/products/aisuanis-compound-six-acid-nourishing-conditioning-biofilm
comedo,kaolin,ART&FACT. Enzyme Powder,https://inkeedecoder.com/products/art-fact-enzyme-powder
comedo,kaolin,ART&FACT. Enzyme Powder (Regeneration & Cleansing),https://inkeedecoder.com/products/art-fact-enzyme-powder-regeneration-cleansing
comedo,kaolin,Afrodita professional Clean Up Enzimski Piling Za Lice I Ruke,https://inkeedecoder.com/products/afrodita-professional-clean-up-enzimski-piling-za-lice-i-ruke
comedo,kaolin,Ahava Time To Clear Purifying Mud Mask,https://inkeedecoder.com/products/ahava-time-to-clear-purifying-mud-mask
comedo,kaolin,Allies of Skin Fresh Slate Purifying Cleanser + Masque,https://inkeedecoder.com/products/allies-of-skin-fresh-slate-purifying-cleanser-masque
comedo,kaolin,Anjo Professional Black #4,https://inkeedecoder.com/products/anjo-professional-black-4
comedo,kaolin,Annemarie Börlind Liquid Lipstick Matt Nude,https://inkeedecoder.com/products/annemarie-borlind-liquid-lipstick-matt-nude
comedo,kaolin,Annemarie Börlind Liquid Lipstick Matt Rosewood,https://inkeedecoder.com/products/annemarie-borlind-liquid-lipstick-matt-rosewood
comedo,kaolin,Anointment Exfoliating Clay Cleanser,https://inkeedecoder.com/products/anointment-natural-skin-care-exfoliating-clay-cleanser
comedo,kaolin,Atopalm Derma Soothing Powder,https://inkeedecoder.com/products/atopalm-derma-soothing-powder
comedo,kaolin,Australian Wholesale Oils White Kaolin French Clay,https://inkeedecoder.com/products/australian-wholesale-oils-white-kaolin-french-clay
comedo,kaolin,BCL Tsururi Ghassoul Mineral Clay Pack,https://inkeedecoder.com/products/bcl-tsururi-ghassoul-mineral-clay-pack
comedo,kaolin,BIOSPA Pure Mud & Charcoal Mask,https://inkeedecoder.com/products/biospa-pure-mud-charcoal-mask
comedo,kaolin,BOGNA SKIN Nutritional Mask&Scrub “Lila Mask”,https://inkeedecoder.com/products/bogna-skin-nutritional-mask-scrub-lila-mask
comedo,kaolin,Beesline 4In1Whitening Cleanser,https://inkeedecoder.com/products/beesline-4in1whitening-cleanser
comedo,kaolin,Bolero Clay Mask,https://inkeedecoder.com/products/bolero-clay-mask
comedo,kaolin,Bombay Beauty Co. No. 04 Detoxify,https://inkeedecoder.com/products/bombay-beauty-co-no-04-detoxify
comedo,kaolin,Bondi Sands Glow Dust Exfoliating Powder,https://inkeedecoder.com/products/bondi-sands-glow-dust-exfoliating-powder
comedo,kaolin,Buck Naked Beauty Mud Pie,https://inkeedecoder.com/products/buck-naked-beauty-mud-pie
comedo,kaolin,Burt's Bees Eye Shadow Primer,https://inkeedecoder.com/products/burts-bees-eye-shadow-primer
comedo,kaolin,Butt Naked Body Rose Clay Face Mask,https://inkeedecoder.com/products/butt-naked-body-rose-clay-face-mask
comedo,kaolin,Butt Naked Cleanse Dust Enzyme Powder Cleanser,https://inkeedecoder.com/products/butt-naked-cleanse-dust-enzyme-powder-cleanser
comedo,kaolin,By Nature Brightening Clay Mask With Pink Clay + Witch Hazel + Kawakawa Extract,https://inkeedecoder.com/products/by-nature-brightening-clay-mask-with-pink-clay-witch-hazel-kawakawa-extract
comedo,kaolin,"Cattier Clay Mask (Pink Clay, Aloe Vera)",https://inkeedecoder.com/products/cattier-clay-mask-pink-clay-aloe-vera
comedo,kaolin,ClariSea Sea Salt Solutions Deep Pore Detox,https://inkeedecoder.com/products/clarisea-sea-salt-solutions-deep-pore-detox
comedo,kaolin,Clay and glow Pink Clay Mask,https://inkeedecoder.com/products/clay-and-glow-pink-clay-mask
comedo,kaolin,Coast Sydney Botanicals Hero BHA Dream Face Powder Exfoliator,https://inkeedecoder.com/products/coast-sydney-botanicals-hero-bha-dream-face-powder-exfoliator
comedo,kaolin,Colo Beauty Face Mask,https://inkeedecoder.com/products/colo-beauty-face-mask
comedo,kaolin,Conserving Beauty Sea Your Glow Mask,https://inkeedecoder.com/products/conserving-beauty-sea-your-glow-mask
comedo,kaolin,DEMES Mask On-Demand Hydrate Dry Skin,https://inkeedecoder.com/products/demes-mask-on-demand-hydrate-dry-skin
comedo,kaolin,Danielle Laroche Facial Mud Mask,https://inkeedecoder.com/products/danielle-laroche-facial-mud-mask
comedo,kaolin,Daughter Earth Hemp + Vitamin E Purifying Mask,https://inkeedecoder.com/products/daughter-earth-hemp-vitamin-e-purifying-mask
comedo,kaolin,"Dayes Europe BV. Facial Mask Green Clay, French Clay & Betonite",https://inkeedecoder.com/products/dayes-europe-bv-facial-mask-green-clay-french-clay-betonite
comedo,kaolin,De Tuinen Gele Klei Curcuma Masker,https://inkeedecoder.com/products/de-tuinen-gele-klei-curcuma-masker
comedo,kaolin,De Tuinen Groene Klei Masker,https://inkeedecoder.com/products/de-tuinen-groene-klei-masker-3
comedo,kaolin,De Tuinen Witte Klei Masker,https://inkeedecoder.com/products/de-tuinen-witte-klei-masker
comedo,kaolin,Dermaglin Anti-Acne Mask,https://inkeedecoder.com/products/dermaglin-anti-acne-mask
comedo,kaolin,Dermaglin Refreshing Peeling Mask,https://inkeedecoder.com/products/dermaglin-refreshing-peeling-mask
comedo,kaolin,Dermaviduals Enzyme Skin Renewal,https://inkeedecoder.com/products/dermaviduals-enzyme-skin-renewal
comedo,kaolin,Dr Kadir Bio Sulfur Mask,https://inkeedecoder.com/products/dr-kadir-bio-sulfur-mask
comedo,kaolin,Dr. Jetske Ultee Clay Powder,https://inkeedecoder.com/products/dr-jetske-ultee-clay-powder
comedo,kaolin,Eight Saints No Plans Clay Mask,https://inkeedecoder.com/products/eight-saints-no-plans-clay-mask
comedo,kaolin,Elyn’s Lab Acne Care Face Mask Base,https://inkeedecoder.com/products/elyns-lab-acne-care-face-mask-base
comedo,kaolin,Emina Whip Face Wash,https://inkeedecoder.com/products/emina-whip-face-wash
comedo,kaolin,Eterea Maschera Viso Purificante,https://inkeedecoder.com/products/eterea-maschera-viso-purificante
comedo,kaolin,Farryn Amber Mint Facial Mask,https://inkeedecoder.com/products/farryn-amber-mint-facial-mask
comedo,kaolin,Farryn Amber Rose Facial Mask,https://inkeedecoder.com/products/farryn-amber-rose-facial-mask
comedo,kaolin,Galénic Purete Sublime Exfoliating Powder,https://inkeedecoder.com/products/galenic-purete-sublime-exfoliating-powder
comedo,kaolin,Garden of Wisdom (GOW) Pore Cleaning Powder,https://inkeedecoder.com/products/garden-of-wisdom-gow-pore-cleansing-powder
comedo,kaolin,Gh Peeling Enzimático,https://inkeedecoder.com/products/gh-peeling-enzimatico
comedo,lactic-acid,Baby Steps Acid Treatment Chemist Confessions,https://inkeedecoder.com/products/chemist-confessions-baby-steps-acid-treatment
comedo,lactic-acid,Squalane + 10% Lactic Acid Resurfacing Night Serum BIOSSANCE,https://inkeedecoder.com/products/biossance-squalane-10-lactic-acid-resurfacing-night-serum
comedo,lactic-acid,Lactic Acid Serum The Inkey List,https://inkeedecoder.com/products/the-inkey-list-lactic-acid-serum
comedo,lactic-acid,Lactic Acid 5% + Ha The Ordinary,https://inkeedecoder.com/products/the-ordinary-lactic-acid-5-ha-2
comedo,lactobionic-acid,Bionic Face Serum Neostrata,https://inkeedecoder.com/products/neostrata-bionic-face-serum-10-bionic
comedo,lactobionic-acid,Bionic Face Cream Neostrata,https://inkeedecoder.com/products/neostrata-bionic-face-cream
comedo,lactobionic-acid,Compound Six Acid Nourishing Conditioning Biofilm Aisuanis,https://inkeedecoder.com/products/aisuanis-compound-six-acid-nourishing-conditioning-biofilm
comedo,linoleic-acid,Makari Iykyk By Makari Probiotics Booster For Skin Barrier Support,https://inkeedecoder.com/products/makari-iykyk-by-makari-probiotics-booster-for-skin-barrier-support
comedo,linoleic-acid,Alterra Anti-Cellulite Hautöl Bio-Birke,https://inkeedecoder.com/products/alterra-anti-cellulite-hautol-bio-birke
comedo,linoleic-acid,Linarose Cosmetics Bitter Almond Oil,https://inkeedecoder.com/products/linarose-cosmetic-bitter-almond-oil
comedo,linoleic-acid,Medix 5.5 Booster Serum 20% Vitamin F,https://inkeedecoder.com/products/medix-5-5-booster-serum-20-vitamin-f
comedo,linoleic-acid,Rhonda Allison Drop Of Essence,https://inkeedecoder.com/products/rhonda-allison-drop-of-essence
comedo,linoleic-acid,o3+ Professional Damage Remedy Hair Serum,https://inkeedecoder.com/products/o3-professional-damage-remedy-hair-serum
comedo,linoleic-acid,Balea Beauty Expert Calming Serum,https://inkeedecoder.com/products/balea-beauty-expert-calming-serum
comedo,linoleic-acid,Circadia Rose-Ease Relief Cream,https://inkeedecoder.com/products/circadia-rose-ease-relief-cream
comedo,linoleic-acid,Cover fx Custom Infusion Drops F + Neroli,https://inkeedecoder.com/products/cover-fx-custom-infusion-drops-f-neroli
comedo,linoleic-acid,Helia-D RE Genero Nourishing Serum For Split Ends,https://inkeedecoder.com/products/helia-d-re-genero-nourishing-serum-for-split-ends
comedo,linoleic-acid,Mother Dirt Moisturizer,https://inkeedecoder.com/products/mother-dirt-moisturizer
comedo,linoleic-acid,New Directions Australia Vitamin F Booster,https://inkeedecoder.com/products/new-directions-australia-vitamin-f-booster
comedo,linoleic-acid,Niche Beauty Lab Theramid Lino-8,https://inkeedecoder.com/products/niche-beauty-lab-theramid-lino-8
comedo,linoleic-acid,Paula's Choice Omega+ Complex Serum,https://inkeedecoder.com/products/paulas-choice-omega-complex-serum-6
comedo,linoleic-acid,Pure and Simple Hydration Serum,https://inkeedecoder.com/products/pure-and-simple-hydration-serum
comedo,linoleic-acid,Quintal Fluido Hidratante Finalizador Antiacne,https://inkeedecoder.com/products/quintal-fluido-hidratante-finalizador-antiacne
comedo,linoleic-acid,Suu Balm Cooling Itch Relief Facial Moisturizer,https://inkeedecoder.com/products/suu-balm-cooling-itch-relief-facial-moisturizer
comedo,linoleic-acid,"TODOMODA Beauty Óleo Acondicionador Corporal & Cabello ""natural Glow Signature Collection""",https://inkeedecoder.com/products/todomoda-beauty-oleo-acondicionador-corporal-cabello-natural-glow-signature-collection
comedo,linoleic-acid,Typology Lipid-replenishing Shower Oil 2.5% Vitamin E + F + Bitter Almond Extract,https://inkeedecoder.com/products/typology-lipid-replenishing-shower-oil-2-5-vitamin-e-f-bitter-almond-extract
comedo,linoleic-acid,Boost Lab Jojoba+ Bio-nourishing Face Oil,https://inkeedecoder.com/products/boost-lab-jojoba-bio-nourishing-face-oil
comedo,linoleic-acid,Botavicos Rosehip Oil,https://inkeedecoder.com/products/botavicos-rosehip-oil
comedo,linoleic-acid,Dr. Different Vitaacnal TX Capsule Serum,https://inkeedecoder.com/products/dr-different-vitaacnal-tx-capsule-serum
comedo,linoleic-acid,Hema Hello Mirror Guess My Age Facial Oil,https://inkeedecoder.com/products/hema-hello-mirror-guess-my-age-facial-oil
comedo,linoleic-acid,Peach & Lily Rescue Party Barrier Comfort Cream,https://inkeedecoder.com/products/peach-lily-rescue-party-barrier-comfort-cream
comedo,linoleic-acid,Peach & Lily Rescue Party Barrier Comfort Cream,https://inkeedecoder.com/products/peach-lily-rescue-party-barrier-comfort-cream-2
comedo,linoleic-acid,Quintal Máscara De Argila Verde,https://inkeedecoder.com/products/quintal-mascara-de-argila-verde
comedo,linoleic-acid,Regimen Lab Barrier Pro Drop,https://inkeedecoder.com/products/regimen-lab-barrier-pro-drop
comedo,linoleic-acid,doa kozmetik Argireline Oil Serum,https://inkeedecoder.com/products/doa-kozmetik-argireline-oil-serum
comedo,linoleic-acid,Alterra Carrot Cake Nail Care Serum,https://inkeedecoder.com/products/alterra-carrot-cake-nail-care-serum
comedo,linoleic-acid,Amala Hydro Comfort Omega-rich Moisturizer,https://inkeedecoder.com/products/amala-hydro-comfort-omega-rich-moisturizer
comedo,linoleic-acid,Cremadex Gentle Foaming Facial Cleanser,https://inkeedecoder.com/products/cremadex-gentle-foaming-facial-cleanser
comedo,linoleic-acid,Dermaquest Stem Cell Rebuilding Complex,https://inkeedecoder.com/products/dermaquest-stem-cell-rebuilding-complex
comedo,linoleic-acid,DrCeutics Dual Urea 15% Moisture Replenishing Cream,https://inkeedecoder.com/products/drceutics-dual-urea-15-moisture-replenishing-cream
comedo,linoleic-acid,Drunk Elephant Ceramighty™ AF Eye Balm,https://inkeedecoder.com/products/drunk-elephant-ceramighty-tm-af-eye-balm
comedo,linoleic-acid,Elfa Pharm Rebuilding Burdock Hair Balm-mask,https://inkeedecoder.com/products/elfa-pharm-rebuilding-burdock-hair-balm-mask
comedo,linoleic-acid,Embryolisse Anti-age Comfort Mask,https://inkeedecoder.com/products/embryolisse-anti-age-comfort-mask
comedo,linoleic-acid,Essential Beauty Ultra Hydrating Cleansing Gel,https://inkeedecoder.com/products/essential-beauty-ultra-hydrating-cleansing-gel
comedo,linoleic-acid,Helenvita Acnormal Hydra Boost,https://inkeedecoder.com/products/helenvita-acnormal-hydra-boost
comedo,linoleic-acid,Image Vital C Hydrating Anti-Aging Serum,https://inkeedecoder.com/products/image-vital-c-hydrating-anti-aging-serum
comedo,linoleic-acid,Mebo Scar Ointment,https://inkeedecoder.com/products/mebo-scar-ointment
comedo,linoleic-acid,Medihealth Nutrem,https://inkeedecoder.com/products/medihealth-nutrem
comedo,linoleic-acid,Morizo Warming Massage Oil,https://inkeedecoder.com/products/morizo-warming-massage-oil
comedo,linoleic-acid,Mother Dirt Probiotic Moisturizing Serum,https://inkeedecoder.com/products/mother-dirt-probiotic-moisturizing-serum
comedo,linoleic-acid,POM POM Botanikuskert Problémamegoldó Krém,https://inkeedecoder.com/products/pom-pom-botanikuskert-problemamegoldo-krem
comedo,linoleic-acid,PanOxyl Balancing Repair Moisturizer,https://inkeedecoder.com/products/panoxyl-balancing-repair-moisturizer
comedo,linoleic-acid,PanOxyl PM Balancing Repair Moisturizer with Niacinamide,https://inkeedecoder.com/products/panoxyl-pm-balancing-repair-moisturizer-with-niacinamide
comedo,linoleic-acid,Pipette Baby Oil (2021),https://inkeedecoder.com/products/pipette-baby-oil-2021
comedo,linoleic-acid,Portia M Marula Skin Oil,https://inkeedecoder.com/products/portia-m-marula-skin-oil
comedo,linoleic-acid,Proactiv Skin Purifying Mask,https://inkeedecoder.com/products/proactiv-skin-purifying-mask
comedo,linoleic-acid,Rainpharma Fabulous Day & Night Moist,https://inkeedecoder.com/products/rainpharma-fabulous-day-night-moist
comedo,niacinamide,Clinical Niacinamide 20% Treatment Paula's Choice,https://inkeedecoder.com/products/paulas-choice-clinical-niacinamide-20-treatment
comedo,niacinamide,Rejuvenating Brightening Essence BRODA® PRO,https://inkeedecoder.com/products/broda-r-pro-rejuvenating-brightening-essence
comedo,niacinamide,Niacinamide 10 Serum Cos De BAHA,https://inkeedecoder.com/products/cos-de-baha-niacinamide-10-serum
comedo,niacinamide,Flawless Nightly Serum Dr. Sam Bunting Skincare,https://inkeedecoder.com/products/dr-sam-bunting-skincare-flawless-nightly-serum
comedo,niacinamide,Niacinamide The Inkey List,https://inkeedecoder.com/products/the-inkey-list-niacinamide
comedo,niacinamide,Niacinamide 10% + Zinc 1% The Ordinary,https://inkeedecoder.com/products/the-ordinary-niacinamide-10-zinc-1-serum1
comedo,niacinamide,Pore Refining & Spot Correcting Concentrate dermistry⁺,https://inkeedecoder.com/products/dermistry-pore-refining-spot-correcting-concentrate
comedo,niacinamide,Star Light Spot Corrector Acaderma,https://inkeedecoder.com/products/acaderma-star-light-spot-corrector
comedo,niacinamide,Flawless Brightly Serum Dr Sam Bunting,https://inkeedecoder.com/products/dr-sam-bunting-flawless-brightly-serum
comedo,niacinamide,Flawless Moisturiser Dr. Sam Bunting Skincare,https://inkeedecoder.com/products/dr-sam-bunting-skincare-flawless-moisturiser
comedo,niacinamide,Lab. Restoring Brightening Serum Purid,https://inkeedecoder.com/products/purid-lab-restoring-brightening-serum
comedo,niacinamide,Abc Repair & Restore Antioxidant Serum Rx2 RejuAus,https://inkeedecoder.com/products/rejuaus-abc-repair-restore-antioxidant-serum-rx2
comedo,retinol,A-Passioni Retinol Cream Drunk Elephant,https://inkeedecoder.com/products/drunk-elephant-a-passioni-retinol-cream
comedo,retinol,Night Switch Retinol 1% Lixir,https://inkeedecoder.com/products/lixir-night-switch-retinol-1
comedo,retinol,Retinol 1.0 Maximum Strength Refining Night Cream SkinCeuticals,https://inkeedecoder.com/products/skinceuticals-retinol-1-0-maximum-strength-refining-night-cream
comedo,retinol,Retinol 1% In Squalane The Ordinary,https://inkeedecoder.com/products/the-ordinary-retinol-1-in-squalane
comedo,retinol,Retinol 6TR Serum Medik8,https://inkeedecoder.com/products/medik8-retinol-6tr-serum
comedo,retinol,Retinol 0.5 Refining Night Cream SkinCeuticals,https://inkeedecoder.com/products/skinceuticals-retinol-0-5-refining-night-cream
comedo,retinol,Retinol 0.5% In Squalane The Ordinary,https://inkeedecoder.com/products/the-ordinary-retinol-0-5-in-squalane
comedo,retinol,Retinol 3 Tr Serum Medik8,https://inkeedecoder.com/products/medik8-retinol-3-tr-serum
comedo,retinol,Retinol 0.3 SkinCeuticals,https://inkeedecoder.com/products/skinceuticals-retinol-0-3
comedo,retinol,Visionnaire Skin Solutions Retinol Serum Lancôme,https://inkeedecoder.com/products/lancome-visionnaire-skin-solutions-retinol-serum
comedo,retinol,Lab. Restoring Radiance Serum Purid,https://inkeedecoder.com/products/purid-lab-restoring-serum
comedo,retinol,Fine Fairness Brightening Serum Neutrogena,https://inkeedecoder.com/products/neutrogena-fine-fairness-brightening-serum
comedo,salicylic-acid,Resist Bha 9 Paula's Choice,https://inkeedecoder.com/products/paulas-choice-resist-bha-9
comedo,salicylic-acid,Compound Salicylic Acid Liniment Sanyi,https://inkeedecoder.com/products/sanyi-compound-salicylic-acid-liniment
comedo,salicylic-acid,Azelaic Acid Control Facial Acne Gel Aisuanis,https://inkeedecoder.com/products/aisuanis-empowerment-azelaic-acid-control-facial-acne-gel
comedo,salicylic-acid,Nuorishing Spa Mask BRODA® PRO,https://inkeedecoder.com/products/broda-r-pro-nuorishing-spa-mask
comedo,salicylic-acid,Flawless Neutralising Gel Dr. Sam Bunting Skincare,https://inkeedecoder.com/products/dr-sam-bunting-skincare-flawless-neutralising-gel
comedo,salicylic-acid,Neem & BHA Spot Clarifying Serum Dr. Sheth's,https://inkeedecoder.com/products/dr-sheths-neem-bha-spot-clarifying-serum
comedo,salicylic-acid,Salicylic Acid 2% Serum Garden of Wisdom,https://inkeedecoder.com/products/garden-of-wisdom-salicylic-acid-serum
comedo,salicylic-acid,Rapid Relief Acne Spot Treatment Murad,https://inkeedecoder.com/products/murad-rapid-relief-acne-spot-treatment
comedo,salicylic-acid,Clear Pore Oil-Eliminating Astringent Neutrogena,https://inkeedecoder.com/products/neutrogena-clear-pore-oil-eliminating-astringent
comedo,salicylic-acid,Clear Regular Strength Anti-Redness Exfoliating Solution With 2% Salicylic Acid Paula's Choice,https://inkeedecoder.com/products/paulas-choice-clear-regular-strength-anti-redness-exfoliating-solution-with-2-salicylic-acid
comedo,salicylic-acid,Resist Daily Pore-Refining Treatment 2% Bha Paula's Choice,https://inkeedecoder.com/products/paulas-choice-resist-daily-pore-refining-treatment-2-bha
comedo,salicylic-acid,Acne-Clear Oil-Free Matte Moisturizer Peter Thomas Roth,https://inkeedecoder.com/products/peter-thomas-roth-acne-clear-oil-free-matte-moisturizer
comedo,sulfur,Acne Expert Skincare Calming Acne Mask,https://inkeedecoder.com/products/acne-expert-skincare-calming-acne-mask
comedo,sulfur,AcneFree Acne Clearing Sulfur Mask 3.5% Sulfur Acne Treatment,https://inkeedecoder.com/products/acnefree-acne-clearing-sulfur-mask-3-5-sulfur-acne-treatment
comedo,sulfur,AcneFree Therapeutic Sulfur Mask,https://inkeedecoder.com/products/acnefree-therapeutic-sulfur-mask
comedo,sulfur,Banu 10% Sulfur Pimple And Acne Treatment,https://inkeedecoder.com/products/banu-10-sulfur-pimple-and-acne-treatment
comedo,sulfur,Bioelements Spot Defy,https://inkeedecoder.com/products/bioelements-spot-defy
comedo,sulfur,CLEARSTEM Skincare Sulfur Spot&mask,https://inkeedecoder.com/products/clearstem-skincare-sulfur-spot-mask
comedo,sulfur,Control Corrective Sulfur Calming Mask,https://inkeedecoder.com/products/control-corrective-sulfur-calming-mask
comedo,sulfur,CuticareMD 10% Sulfur Bar Soap,https://inkeedecoder.com/products/cuticaremd-10-sulfur-bar-soap
comedo,sulfur,CuticareMD 6% Sulfur Ointment,https://inkeedecoder.com/products/cuticaremd-6-sulfur-ointment
comedo,sulfur,De La Cruz Sulfur Ointment,https://inkeedecoder.com/products/de-la-cruz-sulfur-ointment
comedo,sulfur,Dermadoctor Ain'T Misbehavin' Intensive 10% Sulfur Acne Mask & Emergency Spot Treatment,https://inkeedecoder.com/products/dermadoctor-aint-misbehavin-intensive-10-sulfur-acne-mask-emergency-spot-treatment
comedo,sulfur,Dermaharmony 5% Sulfur 2% Salicylic Acid Bar Soap,https://inkeedecoder.com/products/dermaharmony-5-sulfur-2-salicylic-acid-bar-soap
comedo,sulfur,Dr Dennis Gross Drx Blemish Solutions™ Clarifying Mask,https://inkeedecoder.com/products/dr-dennis-gross-drx-blemish-solutions-tm-clarifying-mask
comedo,sulfur,Dr s wong Sulfur Soap,https://inkeedecoder.com/products/dr-s-wong-sulfur-soap
comedo,sulfur,Dr. Sana Sulfur Ointment 10%,https://inkeedecoder.com/products/dr-sana-sulfur-ointment-10
comedo,sulfur,Earth’s Care Acne Spot Treatment,https://inkeedecoder.com/products/earths-care-acne-spot-treatment
comedo,sulfur,"Earth’s Care Acne Treatment Mask, Sulfur 5%",https://inkeedecoder.com/products/earths-care-acne-treatment-mask-sulfur-5
comedo,sulfur,Face Reality Sulfur Spot Treatment,https://inkeedecoder.com/products/face-reality-sulfur-spot-treatment
comedo,sulfur,GLAM UP Spotless Sulfur Treatment (acne-prone Skin) 10% Sulfur Treatment 15 ml,https://inkeedecoder.com/products/glam-up-spotless-sulfur-treatment-acne-prone-skin-10-sulfur-treatment-15-ml
comedo,sulfur,Glymed Plus Mattifying Sulfur Masque,https://inkeedecoder.com/products/glymed-plus-mattifying-sulfur-masque
comedo,sulfur,Glytone Acne Tinted Spot Treatment,https://inkeedecoder.com/products/glytone-acne-tinted-spot-treatment
comedo,sulfur,Glytone Acne Treatment Mask,https://inkeedecoder.com/products/glytone-acne-treatment-mask
comedo,sulfur,Granado Sabonete Barra Granado Facial Enxofre Antiacne,https://inkeedecoder.com/products/granado-sabonete-barra-granado-facial-enxofre-antiacne
comedo,sulfur,Grisi Sulfur Soap,https://inkeedecoder.com/products/grisi-sulfur-soap
comedo,sulfur,Honest Beauty Get Clarity Foaming Acne Cleanser,https://inkeedecoder.com/products/honest-beauty-get-clarity-foaming-acne-cleanser
comedo,sulfur,Isispharma Sulfur Grisi,https://inkeedecoder.com/products/isispharma-sulfur-grisi
comedo,sulfur,Jackodan Jackodan Gel,https://inkeedecoder.com/products/jackodan-jackodan-gel
comedo,sulfur,Jason Dandruff Relief Treatment Shampoo,https://inkeedecoder.com/products/jason-dandruff-relief-treatment-shampoo
comedo,sulfur,Kate Somerville Eradicate Daily Sulfur Cleanser + Acne Treatment,https://inkeedecoder.com/products/kate-somerville-eradicate-daily-sulfur-cleanser-acne-treatment
comedo,sulfur,Kate Somerville Eradikate,https://inkeedecoder.com/products/kate-somerville-eradikate
comedo,sulfur,Kate Somerville Eradikate 3% Sulfur Daily Foaming Cleanser,https://inkeedecoder.com/products/kate-somerville-eradikate-3-sulfur-daily-foaming-cleanser
comedo,sulfur,Kiehl’s Breakout Control Targeted Blemish Spot Treatment,https://inkeedecoder.com/products/kiehls-breakout-control-targeted-blemish-spot-treatment
comedo,sulfur,LANCER Clarifying Detox Mask with Green Tea + 3% Sulfur,https://inkeedecoder.com/products/lancer-clarifying-detox-mask-with-green-tea
comedo,sulfur,M.A.D Skincare Acne Drying Lotion 10%,https://inkeedecoder.com/products/m-a-d-skincare-acne-drying-lotion-10
comedo,sulfur,MALIN + GOETZ 10 % Sulfur Paste Acne Treatment,https://inkeedecoder.com/products/malin-goetz-acne-treatment
comedo,sulfur,Murad Clarifying Mask,https://inkeedecoder.com/products/murad-clarifying-mask
comedo,sulfur,Naturasil Tinea Versicolor Relief Soap,https://inkeedecoder.com/products/naturasil-tinea-versicolor-relief-soap
comedo,sulfur,Neutrogena Stubborn Acne Spot Drying Lotion,https://inkeedecoder.com/products/neutrogena-stubborn-acne-spot-drying-lotion
comedo,sulfur,PROSACEA Medicated Rosacea Gel,https://inkeedecoder.com/products/prosacea-prosacea-medicated-rosacea-gel
comedo,sulfur,PROSACEA Rosacea Gel,https://inkeedecoder.com/products/prosacea-rosacea-gel
comedo,sulfur,"Palmer's Skin Success Anti-Acne Medicated Complexion Bar,",https://inkeedecoder.com/products/palmers-skin-success-anti-acne-medicated-complexion-bar
comedo,sulfur,Peter Thomas Roth Sulfur Mask,https://inkeedecoder.com/products/peter-thomas-roth-sulfur-mask
comedo,sulfur,Peter Thomas Roth Therapeutic Sulfur Mask,https://inkeedecoder.com/products/peter-thomas-roth-therapeutic-sulfur-mask
comedo,sulfur,Proactiv Skin Purifying Mask,https://inkeedecoder.com/products/proactiv-skin-purifying-mask
comedo,sulfur,Proactiv Skin Purifying Mask,https://inkeedecoder.com/products/proactiv-skin-purifying-mask-3
comedo,sulfur,Rodan + Fields Unblemish Clarifying Mask,https://inkeedecoder.com/products/rodan-fields-unblemish-clarifying-mask
comedo,sulfur,Rosette Cleansing Pasta (dry Skin),https://inkeedecoder.com/products/rosette-cleansing-pasta-dry-skin
comedo,sulfur,SINSURU Watery Sulfur 82 Soothing Serum,https://inkeedecoder.com/products/sinsuru-watery-sulfur-82-soothing-serum
comedo,sulfur,Siegfried Kinatopic Sulfur Barra,https://inkeedecoder.com/products/siegfried-kinatopic-sulfur-barra
comedo,sulfur,Soft Services Clearing Clay Multi-use Breakout Treatment,https://inkeedecoder.com/products/soft-services-clearing-clay-multi-use-breakout-treatment
comedo,melaleuca-alternifolia-leaf-oil,3M Nexcare Blemish Clear Cover Relief Acne Patch,https://inkeedecoder.com/products/3m-nexcare-blemish-clear-cover-relief-acne-patch
comedo,melaleuca-alternifolia-leaf-oil,AhoAloe Óleo Essencial De Tea Tree Orgânico,https://inkeedecoder.com/products/ahoaloe-oleo-essencial-de-tea-tree-organico
comedo,melaleuca-alternifolia-leaf-oil,Aiken Tea Tree Oil 100% Pure Tea Tree Oil,https://inkeedecoder.com/products/aiken-tea-tree-oil-100-pure-tea-tree-oil
comedo,melaleuca-alternifolia-leaf-oil,Alkmene My Tea Tree Oil Tea Tree Oil,https://inkeedecoder.com/products/alkmene-my-tea-tree-oil-tea-tree-oil
comedo,melaleuca-alternifolia-leaf-oil,Altapharma Teebaumöl,https://inkeedecoder.com/products/altapharma-teebaumol
comedo,melaleuca-alternifolia-leaf-oil,Apotheke Spot Treatment,https://inkeedecoder.com/products/apotheke-spot-treatment
comedo,melaleuca-alternifolia-leaf-oil,Australian bodycare Nail Repair,https://inkeedecoder.com/products/australian-bodycare-nail-repair
comedo,melaleuca-alternifolia-leaf-oil,Bosistos Tea Tree Spray,https://inkeedecoder.com/products/bosistos-tea-tree-spray
comedo,melaleuca-alternifolia-leaf-oil,Briogeo B. Well Organic + Australian 100% Tea Tree Skin & Scalp Oil,https://inkeedecoder.com/products/briogeo-b-well-organic-australian-100-tea-tree-skin-scalp-oil
comedo,melaleuca-alternifolia-leaf-oil,Dot & Key Skin Clarifying Face Serum,https://inkeedecoder.com/products/dot-key-skin-clarifying-face-serum
comedo,melaleuca-alternifolia-leaf-oil,Garden Lab Tea Tree 100% Natural Ready To Use Blend,https://inkeedecoder.com/products/garden-lab-tea-tree-100-natural-ready-to-use-blend
comedo,melaleuca-alternifolia-leaf-oil,HitWorker Pimple Patch Hydrocolloid,https://inkeedecoder.com/products/hitworker-pimple-patch-hydrocolloid
comedo,melaleuca-alternifolia-leaf-oil,Indus Valley Brightening Depigmentation Gel,https://inkeedecoder.com/products/indus-valley-bright-gel
comedo,melaleuca-alternifolia-leaf-oil,Indus Valley Brightening Depigmentation Gel For Lightening And Glowing Skin,https://inkeedecoder.com/products/indus-valley-brightening-depigmentation-gel-for-lightening-and-glowing-skin
comedo,melaleuca-alternifolia-leaf-oil,Ishizawa-Lab Acne Barrier,https://inkeedecoder.com/products/ishizawa-lab-acne-barrier
comedo,melaleuca-alternifolia-leaf-oil,Jason Tea Tree Skin Oil,https://inkeedecoder.com/products/jason-tea-tree-skin-oil
comedo,melaleuca-alternifolia-leaf-oil,KHAZIX Micro Needles Pimple Patch,https://inkeedecoder.com/products/khazix-micro-needles-pimple-patch
comedo,melaleuca-alternifolia-leaf-oil,Kalonea Skincare Acne Spot Treatment Serum,https://inkeedecoder.com/products/kalonea-skincare-acne-spot-treatment-serum
comedo,melaleuca-alternifolia-leaf-oil,Levinia Locion Reguladora,https://inkeedecoder.com/products/levinia-locion-reguladora
comedo,melaleuca-alternifolia-leaf-oil,Nature Queen Tea Tree Essential Oil,https://inkeedecoder.com/products/nature-queen-tea-tree-essential-oil
comedo,melaleuca-alternifolia-leaf-oil,Neal's Yard Remedies Organic Essential Oil Tea Tree,https://inkeedecoder.com/products/neals-yard-remedies-organic-essential-oil-tea-tree
comedo,melaleuca-alternifolia-leaf-oil,Nikura 100% Pure Tea Tree Oil,https://inkeedecoder.com/products/nikura-100-pure-tea-tree-oil
comedo,melaleuca-alternifolia-leaf-oil,PLANTHÉ Tea Tree Oil,https://inkeedecoder.com/products/planthe-tea-tree-oil
comedo,melaleuca-alternifolia-leaf-oil,Rey natural tea tree essential oil,https://inkeedecoder.com/products/rey-natural-tea-tree-essential-oil-
comedo,melaleuca-alternifolia-leaf-oil,Rozino Tea Tree Oil Foot Cream,https://inkeedecoder.com/products/rozino-tea-tree-oil-foot-cream
comedo,melaleuca-alternifolia-leaf-oil,Shea Moisture African Black Soap Deep Cleansing Shampoo,https://inkeedecoder.com/products/shea-moisture-african-black-soap-deep-cleansing-shampoo
comedo,melaleuca-alternifolia-leaf-oil,Sofam Cleansing Gel For Oily Skin,https://inkeedecoder.com/products/sofam-cleansing-gel-for-oily-skin
comedo,melaleuca-alternifolia-leaf-oil,St. D'Vence Moisturizer Winter Edition,https://inkeedecoder.com/products/st-dvence-moisturizer-winter-edition
comedo,melaleuca-alternifolia-leaf-oil,St. D'Vence Tea Tree Body Wash,https://inkeedecoder.com/products/st-dvence-tea-tree-body-wash
comedo,melaleuca-alternifolia-leaf-oil,Trader Joe's Tea Tree Tingle Body Wash,https://inkeedecoder.com/products/trader-joes-tea-tree-tingle-body-wash
comedo,melaleuca-alternifolia-leaf-oil,Votre Advanced Pore Minimising Toner,https://inkeedecoder.com/products/votre-advanced-pore-minimising-toner
comedo,melaleuca-alternifolia-leaf-oil,juman dead sea Acne Cream,https://inkeedecoder.com/products/juman-acne-cream
comedo,melaleuca-alternifolia-leaf-oil,tea tree oil Tea Tree Essential Oil,https://inkeedecoder.com/products/tea-tree-oil-tea-tree-essential-oil
comedo,melaleuca-alternifolia-leaf-oil,tea tree oil Thursday Plantation,https://inkeedecoder.com/products/tea-tree-oil-thursday-plantation
comedo,melaleuca-alternifolia-leaf-oil,ACROPASS Trouble Cure Patch,https://inkeedecoder.com/products/acropass-trouble-cure-patch
comedo,melaleuca-alternifolia-leaf-oil,AOA Skin Invisible Acne Patches,https://inkeedecoder.com/products/aoa-skin-invisible-acne-patches
comedo,melaleuca-alternifolia-leaf-oil,ARGANICARE Tea Tree Oil,https://inkeedecoder.com/products/arganicare-tea-tree-oil
comedo,melaleuca-alternifolia-leaf-oil,Advanced Clinicals Tea Tree Oil,https://inkeedecoder.com/products/advanced-clinicals-tea-tree-oil
comedo,melaleuca-alternifolia-leaf-oil,Aizen Acnefique Cream V2.0,https://inkeedecoder.com/products/aizen-acnefique-cream-v2-0
comedo,melaleuca-alternifolia-leaf-oil,Akren Liquid Cleanser For Combined And Oily Skin,https://inkeedecoder.com/products/akren-liquid-cleanser-for-combined-and-oily-skin
comedo,melaleuca-alternifolia-leaf-oil,Alba Botanica Acne Dote Pimple Patches,https://inkeedecoder.com/products/alba-botanica-acne-dote-pimple-patches
comedo,melaleuca-alternifolia-leaf-oil,Alejon Perin Facial Toner,https://inkeedecoder.com/products/alejon-perin-facial-toner
comedo,melaleuca-alternifolia-leaf-oil,Aloe Pura Aloe Vera Gel With Antiseptic Tea Tree Oil,https://inkeedecoder.com/products/aloe-pura-aloe-vera-gel-with-antiseptic-tea-tree-oil
comedo,melaleuca-alternifolia-leaf-oil,Aloe Vera Australia Aloe Vera Massage Treatment,https://inkeedecoder.com/products/aloe-vera-australia-aloe-vera-massage-treatment
comedo,melaleuca-alternifolia-leaf-oil,Apotheke Skin Doctor For Women,https://inkeedecoder.com/products/apotheke-skin-doctor-for-women
comedo,melaleuca-alternifolia-leaf-oil,Avarelle Cosmetics Acne Cover Patch Original 40,https://inkeedecoder.com/products/avarelle-cosmetics-acne-cover-patch-original-40
comedo,melaleuca-alternifolia-leaf-oil,Breylee Acne Scar Removal Gel,https://inkeedecoder.com/products/breylee-acne-scar-removal-gel
comedo,melaleuca-alternifolia-leaf-oil,Care Science Natural Wound Gel With Tea Tree,https://inkeedecoder.com/products/care-science-natural-wound-gel-with-tea-tree
comedo,melaleuca-alternifolia-leaf-oil,Cota Skin Cbd Cream,https://inkeedecoder.com/products/cota-skin-cbd-cream
comedo,melaleuca-alternifolia-leaf-oil,DAX Supergro For Men,https://inkeedecoder.com/products/dax-supergro-for-men
comedo,tretinoin,A-Ret Tretinoin 0.1%,https://inkeedecoder.com/products/a-ret-tretinoin-0-1
comedo,tretinoin,A-Ret Tretinoin Gel 0.05%,https://inkeedecoder.com/products/a-ret-tretinoin-gel-0-05
comedo,tretinoin,ASSOS Tre® %0.05 Krem,https://inkeedecoder.com/products/assos-tre-r-0-05-krem
comedo,tretinoin,Abdiibrahim Acnelyse,https://inkeedecoder.com/products/abdiibrahim-acnelyse
comedo,tretinoin,Acnelyse Tretinoin %0.025,https://inkeedecoder.com/products/acnelyse-tretinoin-0-025
comedo,tretinoin,Acnelyse Tretinoin %0.05,https://inkeedecoder.com/products/acnelyse-tretinoin-0-05
comedo,tretinoin,Acretin 0.05% Tretinoin Cream,https://inkeedecoder.com/products/acretin-0-05-tretinoin-cream
comedo,tretinoin,Acretin Tretinoin 0.025% Cream,https://inkeedecoder.com/products/acretin-tretinoin-0-025-cream
comedo,tretinoin,"Actavis Pharma, Inc. Actavis Tretinoin Cream, USP 0.025%",https://inkeedecoder.com/products/actavis-pharma-inc-actavis-tretinoin-cream-usp-0-025
comedo,tretinoin,Airol cream 0.5 Airol Cream,https://inkeedecoder.com/products/airol-cream-0-5-airol-cream
comedo,tretinoin,Airol cream 0.5 Tretinoina,https://inkeedecoder.com/products/airol-cream-0-5-tretinoina
comedo,tretinoin,"Andrómaco Hidrosam T 0,010%",https://inkeedecoder.com/products/andromaco-hidrosam-t-0-010
comedo,tretinoin,"Andrómaco Hidrosam T 0,025%",https://inkeedecoder.com/products/andromaco-hidrosam-t-0-025
comedo,tretinoin,"Andrómaco Hidrosam T 0,050%",https://inkeedecoder.com/products/andromaco-hidrosam-t-0-050
comedo,tretinoin,"Andrómaco Hidrosam T 0,100%",https://inkeedecoder.com/products/andromaco-hidrosam-t-0-100
comedo,tretinoin,Apostrophe Tretinoin,https://inkeedecoder.com/products/apostrophe-tretinoin
comedo,tretinoin,Apoteka Dona Hidrofilni Krem Sa Tretinoinom 0.05%,https://inkeedecoder.com/products/apoteka-dona-hidrofilni-krem-sa-tretinoinom-0-05
comedo,tretinoin,Avalon Pharma Avotin-a,https://inkeedecoder.com/products/avalon-pharma-avotin-a
comedo,tretinoin,"Bailleul Laboratories Tretin® %0,05 Krem",https://inkeedecoder.com/products/bailleul-laboratories-tretin-r-0-05-krem
comedo,tretinoin,Bausch Health Retin-A Micro (0.04%),https://inkeedecoder.com/products/bausch-health-retin-a-micro-0-04
comedo,tretinoin,Bausch Health Retin-a Cream 0.05%,https://inkeedecoder.com/products/bausch-health-retin-a-cream-0-05
comedo,tretinoin,Bausch Health Retin-a Micro (tretinoin) Gel Microsphere 0.1%,https://inkeedecoder.com/products/bausch-health-retin-a-micro-tretinoin-gel-microsphere-0-1
comedo,tretinoin,Bausch Health Vitamin A Acid Gel (0.05%),https://inkeedecoder.com/products/bausch-health-vitamin-a-acid-gel-0-05
comedo,tretinoin,CCSD Rx Reverse Tretinoin 0.05%,https://inkeedecoder.com/products/ccsd-rx-reverse-tretinoin-0-05
comedo,tretinoin,CTS CHEMICAL INDUSTRIES Ret-Avit Cream 0.05%,https://inkeedecoder.com/products/cts-chemical-industries-ret-avit-cream-0-05
comedo,tretinoin,CTS CHEMICAL INDUSTRIES Ret-Avit Gel 0.05%,https://inkeedecoder.com/products/cts-chemical-industries-ret-avit-gel-0-05
comedo,tretinoin,Cantabria Labs Neocare 4mg/g cream,https://inkeedecoder.com/products/industrial-farmaceutica-cantabria-neocare
comedo,tretinoin,Cantabria Labs Retincare,https://inkeedecoder.com/products/cantabria-labs-retincare
comedo,tretinoin,"Cassará Neotretin M Tretinoína 0,025%",https://inkeedecoder.com/products/cassara-neotretin-m-tretinoina-0-025
comedo,tretinoin,Cordes Vas,https://inkeedecoder.com/products/cordes-vas
comedo,tretinoin,Cordes Vas Creme (0.05 Tretinoin),https://inkeedecoder.com/products/cordes-vas-creme-0-05-tretinoin
comedo,tretinoin,Dar Al Dawa Smooderm,https://inkeedecoder.com/products/dar-al-dawa-smooderm
comedo,tretinoin,DermaXP Reticor (tretinoin) cream,https://inkeedecoder.com/products/dermaxp-reticor-tretinoin-cream
comedo,tretinoin,DermaXP Reticor (tretinoin) gel,https://inkeedecoder.com/products/dermaxp-reticor-tretinoin-gel
comedo,tretinoin,Dermatica 0.1% Tretinoin Cream,https://inkeedecoder.com/products/dermatica-0-1-tretinoin-cream
comedo,tretinoin,Dermatica Tretinoin 0.025% + Niacinamide 4%,https://inkeedecoder.com/products/dermatica-tretinoin-0-025
comedo,tretinoin,Dermatica Tretinoin 0.05% - Azelaic Acid 15% - Tranexamic Acid 5%,https://inkeedecoder.com/products/dermatica-tretinoin-0-05-azelaic-acid-15-tranexamic-acid-5
comedo,tretinoin,Dermatica Tretinoin 0.05% And Niacinamide 4%,https://inkeedecoder.com/products/dermatica-tretinoin-0-05-and-niacinamide-4
comedo,tretinoin,Dermatica Tretinoin 0.1%,https://inkeedecoder.com/products/dermatica-tretinoin-0-1
comedo,tretinoin,"Dermatica Tretinoin, Niacinamide 4%, Azelaic Acid 4%",https://inkeedecoder.com/products/dermatica-tretinoin-niacinamide-4-azelaic-acid-4
comedo,tretinoin,Farmacia cu Traditie Tretinoin 0.025% Cream And Moisture Complex,https://inkeedecoder.com/products/farmacia-cu-traditie-tretinoin-0-025-cream-and-moisture-complex
comedo,tretinoin,Felix Retinoid +,https://inkeedecoder.com/products/felix-retinoid
comedo,tretinoin,GSK Stieva-A Cream,https://inkeedecoder.com/products/gsk-stieva-a
comedo,tretinoin,Galderma Twyneo 0.1%/3% cream,https://inkeedecoder.com/products/galderma-twyneo-0-1-3-cream
comedo,tretinoin,Hedge & Hedge Pharmaceutical LLP Tretinoin Cream USP,https://inkeedecoder.com/products/hedge-hedge-pharmaceutical-llp-tretinoin-cream-usp
comedo,tretinoin,ITF-Labomed Dermodan Tretinoina 0.025%,https://inkeedecoder.com/products/itf-labomed-dermodan-tretinoina-0-025
comedo,tretinoin,Jamjoom Pharma Acretin 0.05% Cream,https://inkeedecoder.com/products/jamjoom-pharma-acretin-0-05-cream
comedo,tretinoin,Janssen Retin A Micro Gel 0.04%,https://inkeedecoder.com/products/janssen-retin-a-micro-gel-0-04
comedo,tretinoin,Janssen Retin-a Tretinoina Crema 0.05%,https://inkeedecoder.com/products/janssen-retin-a-tretinoina-crema-0-05
comedo,tretinoin,Janssen Pharmaceuticals Retino-A Tretinoin Cream U.S.P. 0.05%,https://inkeedecoder.com/products/janssen-retino-a-tretinoin-cream-u-s-p-0-05
comedo,trichloroacetic-acid,MUAC 18% Tca At Home Peel,https://inkeedecoder.com/products/muac-18-tca-at-home-peel
comedo,trichloroacetic-acid,Matte Trichloroacetic Acid (TCA) 100%,https://inkeedecoder.com/products/matte-trichloroacetic-acid-tca-100
comedo,trichloroacetic-acid,Med Biorepeel,https://inkeedecoder.com/products/med-biorepeel
comedo,trichloroacetic-acid,Promoitalia Pqage Evolution - Gel,https://inkeedecoder.com/products/promoitalia-pqage-evolution-gel
comedo,trichloroacetic-acid,Skin Peel Shop Trichloroacetic Acid (TCA) Peel,https://inkeedecoder.com/products/skin-peel-shop-trichloroacetic-acid-tca-peel
comedo,trichloroacetic-acid,dermalure Trichloroacetic Acid (TCA) 25%,https://inkeedecoder.com/products/dermalure-trichloroacetic-acid-tca-25
comedo,trichloroacetic-acid,dermalure Trichloroacetic Acid (TCA) 10%,https://inkeedecoder.com/products/dermalure-trichloroacetic-acid-tca-10
comedo,trichloroacetic-acid,dermalure Trichloroacetic Acid (TCA) 15%,https://inkeedecoder.com/products/dermalure-trichloroacetic-acid-tca-15
comedo,trichloroacetic-acid,dermalure Trichloroacetic Acid (TCA) 20%,https://inkeedecoder.com/products/dermalure-trichloroacetic-acid-tca-20
comedo,trichloroacetic-acid,dermalure Trichloroacetic Acid (TCA) 30%,https://inkeedecoder.com/products/dermalure-trichloroacetic-acid-tca-30
comedo,trichloroacetic-acid,dermalure Trichloroacetic Acid (TCA) 35%,https://inkeedecoder.com/products/dermalure-trichloroacetic-acid-tca-35
comedo,trichloroacetic-acid,dermalure Trichloroacetic Acid (TCA) 40%,https://inkeedecoder.com/products/dermalure-trichloroacetic-acid-tca-40
comedo,trichloroacetic-acid,dermalure Trichloroacetic Acid (TCA) 45%,https://inkeedecoder.com/products/dermalure-trichloroacetic-acid-tca-45
comedo,trichloroacetic-acid,dermalure Trichloroacetic Acid (TCA) 5%,https://inkeedecoder.com/products/dermalure-trichloroacetic-acid-tca-5
comedo,trichloroacetic-acid,dermalure Trichloroacetic Acid (TCA) 50%,https://inkeedecoder.com/products/dermalure-trichloroacetic-acid-tca-50
comedo,trichloroacetic-acid,skin obsession Trichloroacetic Acid (TCA) 25%,https://inkeedecoder.com/products/skin-obsession-trichloroacetic-acid-tca-25
comedo,trichloroacetic-acid,Hyaestic TCA 40% Cross Technique & Depth Peel,https://inkeedecoder.com/products/hyaestic-tca-40-cross-technique-depth-peel
comedo,trichloroacetic-acid,Matte Gentle Peel,https://inkeedecoder.com/products/matte-gentle-peel
comedo,trichloroacetic-acid,Perfect Image 15% TCA Skin Peel,https://inkeedecoder.com/products/perfect-image-15-tca-skin-peel
comedo,trichloroacetic-acid,SkinCeuticals Smart Trichloroacetic Acid (TCA) Peel,https://inkeedecoder.com/products/skinceuticals-smart-trichloroacetic-acid-tca-peel
comedo,trichloroacetic-acid,Wiqo med Prx T33,https://inkeedecoder.com/products/wiqo-med-prx-t33
comedo,trichloroacetic-acid,dermalure Red Carpet Peel - Medium,https://inkeedecoder.com/products/dermalure-red-carpet-peel-medium
comedo,trichloroacetic-acid,dermalure Red Carpet Peel - Mild,https://inkeedecoder.com/products/dermalure-red-carpet-peel-mild
comedo,trichloroacetic-acid,dermalure Red Carpet Peel - Potent,https://inkeedecoder.com/products/dermalure-red-carpet-peel-potent
comedo,trichloroacetic-acid,dermalure Red Carpet Peel - Potent Plus,https://inkeedecoder.com/products/dermalure-red-carpet-peel-potent-plus
comedo,trichloroacetic-acid,Hyaestic TCA 15% Medium Depth Solution Peel,https://inkeedecoder.com/products/hyaestic-tca-15-medium-depth-solution-peel
comedo,trichloroacetic-acid,Matte Firming Peel,https://inkeedecoder.com/products/matte-firming-peel
comedo,trichloroacetic-acid,Matte Jessner Solution (Modified) 14%,https://inkeedecoder.com/products/matte-jessner-solution-modified-14
comedo,trichloroacetic-acid,Matte Pigment Control - Sepiwhite 2%,https://inkeedecoder.com/products/matte-pigment-control-sepiwhite-2
comedo,trichloroacetic-acid,Matte Beauty Vitamin C 20% & TCA 3%,https://inkeedecoder.com/products/matte-beauty-vitamin-c-20-tca-3
comedo,trichloroacetic-acid,Perfect Image RevitaBoost Peel Pads 35%,https://inkeedecoder.com/products/perfect-image-revitaboost-peel-pads-35
comedo,trichloroacetic-acid,Perfect Image Revitaboost Peel Pads,https://inkeedecoder.com/products/perfect-image-revitaboost-peel-pads
comedo,trichloroacetic-acid,Platinum Skin Care Tca Peel,https://inkeedecoder.com/products/platinum-skin-care-tca-peel
comedo,trichloroacetic-acid,Platinum Skincare Certified Trichloroacetic (TCA) Acid Peel,https://inkeedecoder.com/products/platinum-skincare-certified-trichloroacetic-tca-acid-peel
comedo,trichloroacetic-acid,ClearChoice TCA Moisture Peel,https://inkeedecoder.com/products/clearchoice-tca-moisture-peel
comedo,trichloroacetic-acid,Environ Cool Peel Acm 1,https://inkeedecoder.com/products/environ-cool-peel-acm-1
comedo,trichloroacetic-acid,HEDO Glow Peel Pads,https://inkeedecoder.com/products/hedo-glow-peel-pads
comedo,trichloroacetic-acid,Matte Hybrid Peel,https://inkeedecoder.com/products/matte-hybrid-peel
comedo,trichloroacetic-acid,Perfect Image Anti-Aging Resurfacing Cleanser,https://inkeedecoder.com/products/perfect-image-anti-aging-resurfacing-cleanser
comedo,trichloroacetic-acid,Stacked skincare TCA Lactic & Glycolic Face Peel,https://inkeedecoder.com/products/stacked-skincare-tca-lactic-glycolic-face-peel
comedo,trichloroacetic-acid,Marc medical Peppermint Peel,https://inkeedecoder.com/products/marc-medical-peppermint-peel
comedo,zinc-pca,Niacinamide 10 Serum Cos De BAHA,https://inkeedecoder.com/products/cos-de-baha-niacinamide-10-serum
comedo,zinc-pca,Niacinamide 10% + Zinc 1% The Ordinary,https://inkeedecoder.com/products/the-ordinary-niacinamide-10-zinc-1-serum1
dark spots,4-butylresorcinol,Enlighten Skin Brightener Spf35 Neostrata,https://inkeedecoder.com/products/neostrata-enlighten-skin-brightener-spf35
dark spots,acetyl-glucosamine,Enlighten Skin Brightener Spf35 Neostrata,https://inkeedecoder.com/products/neostrata-enlighten-skin-brightener-spf35
dark spots,acetyl-glucosamine,Lab. Restoring Brightening Serum Purid,https://inkeedecoder.com/products/purid-lab-restoring-brightening-serum
dark spots,alpha-arbutin,Alpha Arbutin Brightening Serum The Inkey List,https://inkeedecoder.com/products/inkey-list-alpha-arbutin
dark spots,alpha-arbutin,Ascorbic Acid 8% + Alpha Arbutin 2% The Ordinary,https://inkeedecoder.com/products/the-ordinary-ascorbic-acid-8-alpha-arbutin-2
dark spots,azelaic-acid,Azelaic Acid Derma Forte,https://inkeedecoder.com/products/derma-forte-azelaic-acid
dark spots,azelaic-acid,Azelaic Acid Control Facial Acne Gel Aisuanis,https://inkeedecoder.com/products/aisuanis-empowerment-azelaic-acid-control-facial-acne-gel
dark spots,azelaic-acid,Empowerment Azelaic Acid Sebamed Clear Face Facial Cream Aisuanis,https://inkeedecoder.com/products/aisuanis-empowerment-azelaic-acid-sebamed-clear-face-facial-cream
dark spots,azelaic-acid,Professional 10% Azelaic Acid Face Serum Bielenda,https://inkeedecoder.com/products/bielenda-professional-10-azaleic-acid-face-serum
dark spots,azelaic-acid,Azelaic Acid 10% Serum Cos De BAHA,https://inkeedecoder.com/products/cos-de-baha-azelaic-acid-10-serum
dark spots,azelaic-acid,Flawless Brightly Serum Dr Sam Bunting,https://inkeedecoder.com/products/dr-sam-bunting-flawless-brightly-serum
dark spots,azelaic-acid,Azelaic Acid Suspension 10% The Ordinary,https://inkeedecoder.com/products/the-ordinary-azelaic-acid-suspension-10
dark spots,azelaic-acid,Flawless Neutralising Gel Dr. Sam Bunting Skincare,https://inkeedecoder.com/products/dr-sam-bunting-skincare-flawless-neutralising-gel
dark spots,azelaic-acid,Flawless Nightly Serum Dr. Sam Bunting Skincare,https://inkeedecoder.com/products/dr-sam-bunting-skincare-flawless-nightly-serum
dark spots,bakuchiol,Flawless Brightly Serum Dr Sam Bunting,https://inkeedecoder.com/products/dr-sam-bunting-flawless-brightly-serum
dark spots,bakuchiol,Flawless Nightly Serum Dr. Sam Bunting Skincare,https://inkeedecoder.com/products/dr-sam-bunting-skincare-flawless-nightly-serum
dark spots,bakuchiol,1% Bakuchiol Serum Revolution Skincare,https://inkeedecoder.com/products/revolution-skincare-1-bakuchiol-serum
dark spots,bakuchiol,Flawless Neutralising Gel Dr. Sam Bunting Skincare,https://inkeedecoder.com/products/dr-sam-bunting-skincare-flawless-neutralising-gel
dark spots,cysteamine,SENTÉ Cysteamine Hsa Pigment & Tone Corrector,https://inkeedecoder.com/products/sente-cysteamine-hsa-pigment-tone-corrector
dark spots,ellagic-acid,DermDoc Niacinamide And Sodium Hyaluronate Serum,https://inkeedecoder.com/products/dermdoc-niacinamide-and-sodium-hyaluronate-serum
dark spots,ellagic-acid,Cellex-C Skin Hydration Complex,https://inkeedecoder.com/products/cellex-c-skin-hydration-complex
dark spots,ellagic-acid,Dermalosophy Pigmento New Skin,https://inkeedecoder.com/products/dermalosophy-pigmento-new-skin
dark spots,ellagic-acid,Transparent lab Gentle Rejuvenation Serum,https://inkeedecoder.com/products/transparent-lab-gentle-rejuvenation-serum
dark spots,ellagic-acid,Transparent lab Super C Serum,https://inkeedecoder.com/products/transparent-lab-super-c-serum
dark spots,ellagic-acid,Transparent lab Super C Serum: Anti-aging Serum Mit Vitamin C,https://inkeedecoder.com/products/transparent-lab-super-c-serum-anti-aging-serum-mit-vitamin-c
dark spots,ellagic-acid,Umoua Polar Lights Extreme Brightening Concentrate Serum,https://inkeedecoder.com/products/umoua-polar-lights-extreme-brightening-concentrate-serum
dark spots,ellagic-acid,Conscious Chemist Acne Face Wash,https://inkeedecoder.com/products/concious-chemist-acne-face-wash
dark spots,ellagic-acid,Derma-ceutix Hydrating Vitamin Mist,https://inkeedecoder.com/products/derma-ceutix-hydrating-vitamin-mist
dark spots,ellagic-acid,PHARMACERIS T Azeloacne Azelaic Acid 20% Cream,https://inkeedecoder.com/products/pharmaceris-t-azeloacne-azelaic-acid-20-cream
dark spots,ellagic-acid,Then I Met You The Giving Essence,https://inkeedecoder.com/products/then-i-met-you-the-giving-essence
dark spots,ellagic-acid,Then I Met You The Giving Essence,https://inkeedecoder.com/products/then-i-met-you-the-giving-essence-3
dark spots,ellagic-acid,Lancôme Bright Expert,https://inkeedecoder.com/products/lancome-bright-expert
dark spots,ellagic-acid,Tvakh All Bright Vitamin C Serum,https://inkeedecoder.com/products/tvakh-all-bright-vitamin-c-serum
dark spots,ellagic-acid,Vichy Ideal White Meta Whitening Essence,https://inkeedecoder.com/products/vichy-ideal-white-meta-whitening-essence
dark spots,ellagic-acid,Dermalosophy Tri- White Cream,https://inkeedecoder.com/products/dermalosophy-tri-white-cream
dark spots,ellagic-acid,Dr Dennis Gross Ferulic + Retinol Wrinkle Recovery Overnight Serum,https://inkeedecoder.com/products/dr-dennis-gross-ferulic-retinol-wrinkle-recovery-overnight-serum
dark spots,ellagic-acid,KEREN BARTOV New White Skin,https://inkeedecoder.com/products/keren-bartov-new-white-skin
dark spots,ellagic-acid,L'Oreal Glycolic Bright Glowing Cream Night,https://inkeedecoder.com/products/loreal-glycolic-bright-glowing-cream-night
dark spots,ellagic-acid,SkinCeuticals Advanced Pigment Corrector,https://inkeedecoder.com/products/skinceuticals-advanced-pigment-corrector
dark spots,ellagic-acid,Dr Dennis Gross Skincare Ferulic And Retinol Eye Cream,https://inkeedecoder.com/products/dr-dennis-gross-ferulic-retinol-eye-cream
dark spots,ellagic-acid,SKINMADE Infinitebright 15% Vitamin C + Bio Stemcell Super Brightening Serum,https://inkeedecoder.com/products/skinmade-infinitebright-15-vitamin-c-bio-stemcell-super-brightening-serum
dark spots,ellagic-acid,Tenei Teinei Deep Hydrating Cream,https://inkeedecoder.com/products/tenei-teinei-deep-hydrating-cream
dark spots,ellagic-acid,Quantum Hydrox Collagenc Intensive Vitamin C Serum Complex,https://inkeedecoder.com/products/quantum-hydrox-collagenc-intensive-vitamin-c-serum-complex
dark spots,ellagic-acid,Yves Saint Laurent Blanc Pur Couture Brightening Cream,https://inkeedecoder.com/products/yves-saint-laurent-blanc-pur-couture-brightening-cream
dark spots,ellagic-acid,Dr Dennis Gross Ferulic And Retinol Anti-Aging Moisturizer,https://inkeedecoder.com/products/dr-dennis-gross-ferulic-and-retinol-anti-aging-moisturizer
dark spots,ellagic-acid,Helena Rubinstein Re-Plasty Laserist,https://inkeedecoder.com/products/helena-rubinstein-re-plasty-laserist
dark spots,ellagic-acid,Lancôme Blanc Expert Melanolyser [AI]™ Intense Whitening Spot Eraser,https://inkeedecoder.com/products/lancome-blanc-expert-melanolyser-ai-tm-intense-whitening-spot-eraser
dark spots,ellagic-acid,Louisse Choice Rose Caviar Golden Micro Essence Lotion,https://inkeedecoder.com/products/louisse-choice-rose-caviar-golden-micro-essence-lotion
dark spots,ellagic-acid,Allies of Skin Founder's Essence 56 Ellagic & P.a.d. Light Reflecting Fluid,https://inkeedecoder.com/products/allies-of-skin-founders-essence-56-ellagic-p-a-d-light-reflecting-fluid
dark spots,ellagic-acid,Lancôme Clarifique Intense Whitening Spot Eraser,https://inkeedecoder.com/products/lancome-clarifique-intense-whitening-spot-eraser
dark spots,ellagic-acid,Yves Saint Laurent Blanc Pur Couture Dark Spot Corrector,https://inkeedecoder.com/products/yves-saint-laurent-blanc-pur-couture-dark-spot-corrector
dark spots,ellagic-acid,La Élume Beauté Radiance Hydro-infusion Cream,https://inkeedecoder.com/products/la-elume-beaute-radiance-hydro-infusion-cream
dark spots,ellagic-acid,Louisse Choice White Caviar Aura Essence Toner,https://inkeedecoder.com/products/louisse-choice-white-caviar-aura-essence-toner
dark spots,ellagic-acid,Dr Dennis Gross Clinical Concentrate Radiance Booster,https://inkeedecoder.com/products/dr-dennis-gross-clinical-concentrate-radiance-booster
dark spots,ellagic-acid,Dr Dennis Gross Ferulic And Retinol Anti-Aging Moisturiser (Old),https://inkeedecoder.com/products/dr-dennis-gross-ferulic-and-retinol-anti-aging-moisturiser-old
dark spots,ellagic-acid,Dr Dennis Gross Professional Grade Resurfacing Liquid Peel Step 1,https://inkeedecoder.com/products/dr-dennis-gross-professional-grade-resurfacing-liquid-peel
dark spots,ellagic-acid,KB Pure Tirosinol Serum,https://inkeedecoder.com/products/kb-pure-tirosinol-serum
dark spots,ellagic-acid,Dr Dennis Gross Clinical Grade Resurfacing Liquid Peel,https://inkeedecoder.com/products/dr-dennis-gross-clinical-grade-resurfacing-liquid-peel
dark spots,ellagic-acid,La Élume Beauté Radiance Hydro-infusion Serum,https://inkeedecoder.com/products/la-elume-beaute-radiance-hydro-infusion-serum
dark spots,ellagic-acid,Dr Dennis Gross Ferulic + Retinol Fortifying Neck Emulsion,https://inkeedecoder.com/products/dr-dennis-gross-ferulic-retinol-fortifying-neck-emulsion
dark spots,ellagic-acid,La Élume Beauté Radiance Hydro-infusion Toning Lotion,https://inkeedecoder.com/products/la-elume-beaute-radiance-hydro-infusion-toning-lotion
dark spots,ellagic-acid,Allies of Skin Retinal & Peptides Repair Night Cream,https://inkeedecoder.com/products/allies-of-skin-retinal-peptides-repair-night-cream
dark spots,ellagic-acid,Allies of Skin Retinal & Peptides Repair Night Cream,https://inkeedecoder.com/products/allies-of-skin-retinal-peptides-repair-night-cream-2
dark spots,ellagic-acid,Quickfx Eyelift Cream,https://inkeedecoder.com/products/quickfx-eyelift-cream
dark spots,ellagic-acid,Allies of Skin 1A Overnight Mask,https://inkeedecoder.com/products/allies-of-skin-1a-overnight-mask
dark spots,ellagic-acid,Allies of Skin 1A Retinol + Peptides Overnight Mask,https://inkeedecoder.com/products/allies-of-skin-1a-retinol-peptides-overnight-mask
dark spots,ellagic-acid,Grace & Glow Black Opium Body Serum,https://inkeedecoder.com/products/grace-glow-black-opium-body-serum
dark spots,ellagic-acid,Louisse Choice Rose Caviar Golden Micro Sleeping Mask,https://inkeedecoder.com/products/louisse-choice-rose-caviar-golden-micro-sleeping-mask
dark spots,ellagic-acid,RejuvAus Super Whitening & Brightening Pigment Serum Rx,https://inkeedecoder.com/products/rejuvaus-super-whitening-brightening-pigment-serum-rx
dark spots,ferulic-acid,Resveratrol 3% + Ferulic Acid 3% The Ordinary,https://inkeedecoder.com/products/the-ordinary-resveratrol-3-ferulic-acid-3
dark spots,ferulic-acid,20% Vitamin C+E Ferulic Acid Serum Timeless,https://inkeedecoder.com/products/timeless-20-vitamin-c-e-ferulic-acid-serum
dark spots,ferulic-acid,C E Ferulic SkinCeuticals,https://inkeedecoder.com/products/skinceuticals-c-e-ferulic
dark spots,ferulic-acid,Serum 10 Aox+ SkinCeuticals,https://inkeedecoder.com/products/skinceuticals-serum-10-aox
dark spots,ferulic-acid,Serum 20 AOX+ SkinCeuticals,https://inkeedecoder.com/products/skinceuticals-serum-20-aox
dark spots,glycolic-acid,Aha Resurfacing Lotion 20 Intensive Exfoliating Treatment DCL,https://inkeedecoder.com/products/dcl-aha-resurfacing-lotion-20-50ml-intensive-exfoliating-treatment
dark spots,glycolic-acid,Glycolix Elite Facial Cream 20% Topix,https://inkeedecoder.com/products/topix-glycolix-elite-facial-cream-20
dark spots,glycolic-acid,Clarify Gel Plus Neostrata,https://inkeedecoder.com/products/neostrata-gel-plus
dark spots,glycolic-acid,MelaBlok Dermasence,https://inkeedecoder.com/products/dermasence-melablok
dark spots,glycolic-acid,Revitalift Derm Intensives 10% Pure Glycolic Acid Serum L'Oreal Paris,https://inkeedecoder.com/products/loreal-paris-10-pure-glycolic-acid-serum
dark spots,glycolic-acid,Resist Weekly Resurfacing Treatment 10% Aha Paula's Choice,https://inkeedecoder.com/products/paulas-choice-resist-weekly-resurfacing-treatment-10-aha
dark spots,glycolic-acid,Energy Complex Ahas Exfoliating Toner Aisuanis,https://inkeedecoder.com/products/aisuanis-energy-complex-ahas-exfoliating-toner
dark spots,glycolic-acid,Compound Six Acid Nourishing Conditioning Biofilm Aisuanis,https://inkeedecoder.com/products/aisuanis-compound-six-acid-nourishing-conditioning-biofilm
dark spots,hexylresorcinol,Hydro Bright Treatment MEDATURE,https://inkeedecoder.com/products/medature-hydro-bright-treatment
dark spots,hydroquinone,Abott Melalite Forte,https://inkeedecoder.com/products/abott-melalite-forte
dark spots,hydroquinone,Admire my SKIN Ultra-Potent Brightening Serum,https://inkeedecoder.com/products/admire-my-skin-ultra-potent-brightening-serum
dark spots,hydroquinone,Ajanta Pharma Ltd Mela Care,https://inkeedecoder.com/products/ajanta-pharma-ltd-mela-care
dark spots,hydroquinone,Alpha Skin Care Dual Action Skin Lightener,https://inkeedecoder.com/products/alpha-skin-care-dual-action-skin-lightener
dark spots,hydroquinone,AlumierMD Lightening Lotion,https://inkeedecoder.com/products/alumiermd-lightening-lotion
dark spots,hydroquinone,Ambi Skincare Fade Cream (Normal Skin),https://inkeedecoder.com/products/ambi-skincare-fade-cream-normal-skin-2
dark spots,hydroquinone,AziMD Skincare Dermabright Pads,https://inkeedecoder.com/products/azimd-skincare-dermabright-pads
dark spots,hydroquinone,BLK/OPL Eventrue Tri-Complex Tonecorrect Fade Gel With Hydroquinone,https://inkeedecoder.com/products/blk-opl-eventrue-tri-complex-tonecorrect-fade-gel-with-hydroquinone
dark spots,hydroquinone,CCSD Correct Rx Hydroquinone 4%,https://inkeedecoder.com/products/ccsd-correct-rx-hydroquinone-4
dark spots,hydroquinone,CCSD Rx Correct+,https://inkeedecoder.com/products/ccsd-rx-correct
dark spots,hydroquinone,Cadila Healthcare Melamet,https://inkeedecoder.com/products/cadila-healthcare-melamet
dark spots,hydroquinone,Clear Essence Platinum Medicated Fade Creme with Sunscreen,https://inkeedecoder.com/products/clear-essence-platinum-medicated-fade-creme-with-sunscreen
dark spots,hydroquinone,Clear Essence Skin Beautifying Milk Maxi Tone,https://inkeedecoder.com/products/clear-essence-skin-beautifying-milk-maxi-tone
dark spots,hydroquinone,ClearChoice Enlighten,https://inkeedecoder.com/products/clearchoice-enlighten
dark spots,hydroquinone,DCL AHA Lightening Gel,https://inkeedecoder.com/products/dcl-aha-lightening-gel
dark spots,hydroquinone,DRMTLGY Advanced Dark Spot Corrector,https://inkeedecoder.com/products/drmtlgy-advanced-dark-spot-corrector
dark spots,hydroquinone,Dermatica Tretinoin 0.025% / Hydroquinone 4% Cream,https://inkeedecoder.com/products/dermatica-tretinoin-0-025-hydroquinone-4-cream
dark spots,hydroquinone,Differin Dark Spot Correcting Treatment,https://inkeedecoder.com/products/differin-dark-spot-correcting-treatment
dark spots,hydroquinone,Divine Derriere 2% Hydroquinone Serum - Dark Spot Corrector,https://inkeedecoder.com/products/divine-derriere-2-hydroquinone-serum-dark-spot-corrector
dark spots,hydroquinone,Dong-A Pharm Melanosa Cream (4% Hydroquinone),https://inkeedecoder.com/products/dong-a-pharm-melanosa-cream-4-hydroquinone
dark spots,hydroquinone,Dong-A Pharm Melatoning Cream,https://inkeedecoder.com/products/dong-a-pharm-melatoning-cream
dark spots,hydroquinone,Dong-A Pharma Melatoning Cream,https://inkeedecoder.com/products/dong-a-pharma-melatoning-cream
dark spots,hydroquinone,Dr Reddy's Laboratories Ltd ClearzMax Cream,https://inkeedecoder.com/products/dr-reddys-laboratories-ltd-clearzmax-cream
dark spots,hydroquinone,Ebanel Hydroquinone Cream Skin,https://inkeedecoder.com/products/ebanel-hydroquinone-cream-skin
dark spots,hydroquinone,Ebanel Skincare Dr Brightening Ultra-Potent Facial Serum,https://inkeedecoder.com/products/ebanel-skincare-dr-brightening-ultra-potent-facial-serum
dark spots,hydroquinone,GT Cosmetics Bleaching Cream,https://inkeedecoder.com/products/gt-cosmetics-bleaching-cream
dark spots,hydroquinone,Glytone Dark Spot Corrector,https://inkeedecoder.com/products/glytone-dark-spot-corrector
dark spots,hydroquinone,Intas Pharmaceuticals Ltd Glomella Cream,https://inkeedecoder.com/products/intas-pharmaceuticals-ltd-glomella-cream
dark spots,hydroquinone,Jamjoom Pharma Hiquin 2% Cream,https://inkeedecoder.com/products/jamjoom-pharma-hiquin-2-cream
dark spots,hydroquinone,Jamjoom Pharma Hiquin 4% Cream,https://inkeedecoder.com/products/jamjoom-pharma-hiquin-4-cream
dark spots,hydroquinone,John Plunkett’s Superfade Cream,https://inkeedecoder.com/products/john-plunketts-superfade-cream
dark spots,hydroquinone,Legrand Gel Hidroquinona 40mg/g,https://inkeedecoder.com/products/legrand-gel-hidroquinona-40mg-g
dark spots,hydroquinone,MD Complete Spot Corrector,https://inkeedecoder.com/products/md-complete-spot-correct
dark spots,hydroquinone,Meda Eldoquin Forte,https://inkeedecoder.com/products/meda-eldoquin-forte
dark spots,hydroquinone,Murad Post-Acne Spot Lightening Gel,https://inkeedecoder.com/products/murad-post-acne-spot-lightening-gel
dark spots,hydroquinone,Murad Rapid Age Spot And Pigment Lightening Serum,https://inkeedecoder.com/products/murad-rapid-age-spot-and-pigment-lightening-serum
dark spots,hydroquinone,Nadinola Skin Discoloration Fade Cream Extra Strength Formula,https://inkeedecoder.com/products/nadinola-skin-discoloration-fade-cream-extra-strength-formula
dark spots,hydroquinone,Obagi Blender,https://inkeedecoder.com/products/obagi-blender
dark spots,hydroquinone,Obagi C Rx C-Clarifying Serum,https://inkeedecoder.com/products/obagi-c-rx-c-clarifying-serum
dark spots,hydroquinone,Obagi Clear,https://inkeedecoder.com/products/obagi-clear
dark spots,hydroquinone,Olivia Quido Skincare Blemish Eraser,https://inkeedecoder.com/products/olivia-quido-skincare-blemish-eraser
dark spots,hydroquinone,Orva Expigment 4%,https://inkeedecoder.com/products/orva-expigment-4
dark spots,hydroquinone,Palmer's Anti-Dark Spot Fade Milk,https://inkeedecoder.com/products/palmers-anti-dark-spot-fade-milk
dark spots,hydroquinone,Paula's Choice Resist Triple-Action Dark Spot Eraser 7% Aha Lotion,https://inkeedecoder.com/products/paulas-choice-resist-triple-action-dark-spot-eraser-7-aha-lotion
dark spots,hydroquinone,Paula's Choice Triple-Action Dark Spot Eraser 2% Bha Gel,https://inkeedecoder.com/products/paulas-choice-triple-action-dark-spot-eraser-2-bha-gel
dark spots,hydroquinone,RDL Baby Face,https://inkeedecoder.com/products/rdl-baby-face
dark spots,hydroquinone,Rejuva Skincare Kligman's Formula,https://inkeedecoder.com/products/rejuva-skincare-kligmans-formula
dark spots,hydroquinone,Rodan and fields Reverse Skin Lightening Treatment,https://inkeedecoder.com/products/rodan-and-fields-reverse-skin-lightening-treatment
dark spots,hydroquinone,Specific Beauty Accelerated Dark Spot Corrector,https://inkeedecoder.com/products/specific-beauty-accelerated-dark-spot-corrector
dark spots,hydroquinone,Specific Beauty Accelerated Dark Spot Corrector,https://inkeedecoder.com/products/specific-beauty-accelerated-dark-spot-corrector-2
dark spots,kojic-acid,Bake 2% Kojic Acid Face Wash With Alpha Arbutin,https://inkeedecoder.com/products/bake-2-kojic-acid-face-wash-with-alpha-arbutin
dark spots,kojic-acid,Demica Whitening Soap Face And Body,https://inkeedecoder.com/products/demica-whitening-soap-face-and-body
dark spots,kojic-acid,Dermarex Lippy Cream,https://inkeedecoder.com/products/dermarex-lippy-cream
dark spots,kojic-acid,Dermatouch Kojic Acid 2% Serum,https://inkeedecoder.com/products/dermatouch-kojic-acid-2-serum
dark spots,kojic-acid,Ethiglo Face Wash,https://inkeedecoder.com/products/ethiglo-face-wash
dark spots,kojic-acid,Fixderma Brightening Lip Balm,https://inkeedecoder.com/products/fixderma-brightening-lip-balm
dark spots,kojic-acid,G21 Duo Soap,https://inkeedecoder.com/products/g21-duo-soap
dark spots,kojic-acid,HNC Ng Glow,https://inkeedecoder.com/products/hnc-ng-glow
dark spots,kojic-acid,Heal N Cure Ng Glow Cream,https://inkeedecoder.com/products/heal-n-cure-ng-glow-cream
dark spots,kojic-acid,Interpharma Spleet Whitening,https://inkeedecoder.com/products/interpharma-spleet-whitening
dark spots,kojic-acid,MedCutis Revetime Face Wash,https://inkeedecoder.com/products/revetime-face-wash
dark spots,kojic-acid,Mooyam Tumeric Kojic Acid Soap Bar,https://inkeedecoder.com/products/mooyam-tumeric-kojic-acid-soap-bar
dark spots,kojic-acid,Ng glow,https://inkeedecoder.com/products/ng-glow-
dark spots,kojic-acid,ONE BY KOSÉ Melanoshot White D,https://inkeedecoder.com/products/one-by-kose-melanoshot-white-d
dark spots,kojic-acid,Olim Naturals Kojic Acid,https://inkeedecoder.com/products/olim-naturals-kojic-acid
dark spots,kojic-acid,Prevense Men's Brightening Moisturizer,https://inkeedecoder.com/products/prevense-mens-brightening-moisturizer
dark spots,kojic-acid,Revetime Face Wash,https://inkeedecoder.com/products/revetime-face-wash-2
dark spots,kojic-acid,SkinInspired Irevive Under Eye Serum,https://inkeedecoder.com/products/skininspired-irevive-under-eye-serum
dark spots,kojic-acid,Skinclinic Melanyc,https://inkeedecoder.com/products/skinclinic-melanyc
dark spots,kojic-acid,TNW De Tan Face Pack,https://inkeedecoder.com/products/tnw-de-tan-face-pack
dark spots,kojic-acid,The Blessing Tree Lip Lightening Balm,https://inkeedecoder.com/products/the-blessing-tree-lip-lightening-balm-for-dark-lips-with-green-tea-shea-butter-and-sunflower-oil
dark spots,kojic-acid,Treat by Petit Chocolate Soap,https://inkeedecoder.com/products/treat-by-petit-chocolate-soap
dark spots,kojic-acid,UBIK solutions Ethiglow Face Wash,https://inkeedecoder.com/products/ubik-solutions-ethiglow-face-wash
dark spots,kojic-acid,Vacation Whitening Cream,https://inkeedecoder.com/products/vacation-whitening-cream
dark spots,kojic-acid,Vital blue Joaco Pure,https://inkeedecoder.com/products/vital-blue-joaco-pure
dark spots,kojic-acid,Zeelab pharmacy Zeeglow Kojic Acid And Vitamin E,https://inkeedecoder.com/products/zeelab-pharmacy-zeeglow-kojic-acid-and-vitamin-e
dark spots,kojic-acid,cute Misiano skin care Special Egyptian Cream,https://inkeedecoder.com/products/cute-misiano-skin-care-special-egyptian-cream
dark spots,kojic-acid,dermacia Melcia Lite Cream,https://inkeedecoder.com/products/dermacia-melcia-lite-cream
dark spots,kojic-acid,kozicare Plus Skin Lightening Soap,https://inkeedecoder.com/products/kozicare-plus-skin-lightening-soap
dark spots,kojic-acid,kozicare Skin Lightening Soap,https://inkeedecoder.com/products/kozicare-soap
dark spots,kojic-acid,kozicare Skin Whitening Plus Soap,https://inkeedecoder.com/products/kozicare-skin-whitening-plus-soap
dark spots,kojic-acid,AziMD Skincare Dermabright Pads,https://inkeedecoder.com/products/azimd-skincare-dermabright-pads
dark spots,kojic-acid,CCSD Rx Brightening Cream,https://inkeedecoder.com/products/ccsd-rx-brightening-cream
dark spots,kojic-acid,Canixa Tyrodin Cream,https://inkeedecoder.com/products/canixa-tyrodin-cream
dark spots,kojic-acid,ClearChoice Enlighten,https://inkeedecoder.com/products/clearchoice-enlighten
dark spots,kojic-acid,Cosmetic Skin Solutions Supreme Pytho + Gel,https://inkeedecoder.com/products/supreme-skin-solutions-supreme-pytho-gel
dark spots,kojic-acid,DR.Cute Advanced Glowing Serum,https://inkeedecoder.com/products/dr-cute-advanced-glowing-serum
dark spots,kojic-acid,Dermaceutical Skin Whitening & Anti Aging Serum,https://inkeedecoder.com/products/skin-whitening-serum-kojic-acid-arbutin-hylauronic-acid-reduces-fine-lines-and-wrinkles-dermaceutical-dermaceutical
dark spots,kojic-acid,Devine Derriere Radical Dark Spot Remover Cream,https://inkeedecoder.com/products/devine-derriere-radical-dark-spot-remover-cream
dark spots,kojic-acid,Esme skin Revita Glow Bar,https://inkeedecoder.com/products/esme-skin-revita-glow-bar
dark spots,kojic-acid,Fixderma Tinted Lipbalm,https://inkeedecoder.com/products/fixderma-tinted-lipbalm
dark spots,kojic-acid,Geneo Brighten,https://inkeedecoder.com/products/geneo-brighten
dark spots,kojic-acid,"Get Nectar Happiness 6% Glycolic & 2% Kojic Acid Serum Cream Helps Reduce Pigmentation, Acne Scars, Dark, Age Spots, Blemishes & Uneven Skin Tone.",https://inkeedecoder.com/products/get-nectar-happiness-6-glycolic-2-kojic-acid-serum-cream-helps-reduce-pigmentation-acne-scars-dark-age-spots-blemishes-uneven-skin-tone
dark spots,kojic-acid,HT26 Lightning Lotion,https://inkeedecoder.com/products/ht26-lightning-lotion
dark spots,kojic-acid,Ivana Skin Bleaching Cloud Cream,https://inkeedecoder.com/products/ivana-skin-bleaching-cloud-cream
dark spots,kojic-acid,Klear Bloom Lemon Turmeric Kojic Acid Soap,https://inkeedecoder.com/products/klear-bloom-lemon-turmeric-kojic-acid-soap
dark spots,kojic-acid,Kojifab Moisturizing Bar,https://inkeedecoder.com/products/kojifab-moisturizing-bar
dark spots,kojic-acid,Lancôme Absolue Ultimate Bx Replenishing And Restructuring Serum,https://inkeedecoder.com/products/lancome-absolue-ultimate-bx-replenishing-and-restructuring-serum
dark spots,kojic-acid,Lord’s - Secrets of Korean Glass Skin Rice Water Brightening Elixir Serum,https://inkeedecoder.com/products/lords-secrets-of-korean-glass-skin-rice-water-brightening-elixir-serum
dark spots,kojic-acid,MCCM Melanoout Cream,https://inkeedecoder.com/products/mccm-melanoout-cream
dark spots,ascorbic-acid,C Scape High Potency Night Booster 30 DCL,https://inkeedecoder.com/products/dcl-c-scape-high-potency-night-booster-30
dark spots,ascorbic-acid,Vitamin C Suspension 30% In Silicone The Ordinary,https://inkeedecoder.com/products/the-ordinary-vitamin-c-suspension-30-in-silicone
dark spots,ascorbic-acid,A.C.E. Vitamin C25 IOPE,https://inkeedecoder.com/products/iope-a-c-e-vitamin-c25
dark spots,ascorbic-acid,C25 Neo Rohto Obagi,https://inkeedecoder.com/products/rohto-obagi-25-neo-vitamin-c-serum
dark spots,ascorbic-acid,The Vitamin C23 IOPE,https://inkeedecoder.com/products/iope-the-vitamin-c23
dark spots,ascorbic-acid,Vitamin C Suspension 23% + Ha Spheres 2% The Ordinary,https://inkeedecoder.com/products/the-ordinary-vitamin-c-suspension-23-ha-spheres-2
dark spots,ascorbic-acid,Vitamin C24 Indeed Labs,https://inkeedecoder.com/products/indeed-labs-vitamin-c24
dark spots,ascorbic-acid,Triple C Lightning Liquid COSRX,https://inkeedecoder.com/products/cosrx-triple-c-lightning-liquid
dark spots,ascorbic-acid,VC Oxidation Resistance Serum Dr.magic,https://inkeedecoder.com/products/dr-magic-vc-oxidation-resistance-serum
dark spots,ascorbic-acid,Vitamin Nectar Vitamin C Brightening Powder Fresh,https://inkeedecoder.com/products/fresh-vitamin-nectar-vitamin-c-brightening-powder
dark spots,ascorbic-acid,Serum 20 AOX+ SkinCeuticals,https://inkeedecoder.com/products/skinceuticals-serum-20-aox
dark spots,ascorbic-acid,20% Vitamin C Essence Spring Letter,https://inkeedecoder.com/products/spring-letter-20-vitamin-c-essence
dark spots,glabridin,Avalon Pharma Alpha Plus Cream,https://inkeedecoder.com/products/avalon-pharma-alpha-plus-cream
dark spots,glabridin,Starville Whitening Cleanser,https://inkeedecoder.com/products/starville-whitening-cleanser
dark spots,glabridin,AsraDerm Glow Max,https://inkeedecoder.com/products/asraderm-glow-max
dark spots,glabridin,Starville Whitening Gel,https://inkeedecoder.com/products/starville-whitening-gel-2
dark spots,glabridin,Vacation Whitening Night Care Gel,https://inkeedecoder.com/products/vacation-whitening-night-care-gel
dark spots,glabridin,Functional Care Sérum Anti Acne E Anti Vermelhidão,https://inkeedecoder.com/products/functional-care-serum-anti-acne-e-anti-vermelhidao
dark spots,glabridin,Brillare Skin Lightening Power Drops For Reducing Pigmentation,https://inkeedecoder.com/products/brillare-skin-lightening-power-drops-for-reducing-pigmentation
dark spots,glabridin,Emmié by Happy Skin Bio-Active Dermo Repair Serum,https://inkeedecoder.com/products/emmie-by-happy-skin-bio-active-dermo-repair-serum
dark spots,glabridin,Dermcare Melanex Cream,https://inkeedecoder.com/products/dermcare-melanex-cream
dark spots,glabridin,Kindy Glow Juicy Daisy Toner With Ultra Fine Mist,https://inkeedecoder.com/products/kindy-glow-juicy-daisy-toner-with-ultra-fine-mist
dark spots,glabridin,Orchidia Clarimond Whitening Spray,https://inkeedecoder.com/products/orchidia-clarimond-whitening-spray
dark spots,glabridin,Miss Alice Tectonic / Toner With Liposomal Glabridin,https://inkeedecoder.com/products/miss-alice-tectonic-toner-with-liposomal-glabridin
dark spots,glabridin,Canixa Facemoist,https://inkeedecoder.com/products/canixa-facemoist
dark spots,glabridin,Facemoist Cream SPF15,https://inkeedecoder.com/products/facemoist-cream-spf15
dark spots,glabridin,Kindy Glow Powerful Daisy Brightening And Glow Serum,https://inkeedecoder.com/products/kindy-glow-powerful-daisy-brightening-and-glow-serum
dark spots,glabridin,PHARMACERIS T Azeloacne Azelaic Acid 20% Cream,https://inkeedecoder.com/products/pharmaceris-t-azeloacne-azelaic-acid-20-cream
dark spots,glabridin,Skynfuture Symwhite 377 Skin Genesis Spot Whitening Cream,https://inkeedecoder.com/products/skynfuture-symwhite-377-skin-genesis-spot-whitening-cream
dark spots,glabridin,Kindy Glow Happy Daisy - 2in1 Day Cream Moisturizer & UV Protection (SPF),https://inkeedecoder.com/products/kindy-glow-happy-daisy-2in1-day-cream-moisturizer-uv-protection-spf
dark spots,glabridin,Pharmaform Skin Brightener Plus Serum,https://inkeedecoder.com/products/pharmaform-skin-brightener-plus-serum
dark spots,glabridin,intelligent skin therapy Whitening,https://inkeedecoder.com/products/intelligent-skin-therapy-whitening
dark spots,glabridin,DR. MEINAIER Cleansing And Exfoliating Gel,https://inkeedecoder.com/products/dr-meinaier-cleansing-and-exfoliating-gel
dark spots,glabridin,Interpharma Spleet Whitening,https://inkeedecoder.com/products/interpharma-spleet-whitening
dark spots,glabridin,"Monite Brightening Serum Glabridin 0,1% + Galactomyces + Ceramides",https://inkeedecoder.com/products/monite-brightening-serum-glabridin-0-1-galactomyces-ceramides
dark spots,glabridin,ONEDAY Tone Up 5% Niacinamide + Tranexamic Acid + Licorice Brightening Serum,https://inkeedecoder.com/products/oneday-tone-up-5-niacinamide-tranexamic-acid-licorice-brightening-serum
dark spots,glabridin,Skintale Brightening Niacinamide 5% + Alpha Arbutin 2% Serum,https://inkeedecoder.com/products/skintale-brightening-niacinamide-5-alpha-arbutin-2-serum
dark spots,glabridin,Sightfuture Symwhite 377 Skin Genesis Whitening Lotion,https://inkeedecoder.com/products/sightfuture-symwhite-377-skin-genesis-whitening-lotion
dark spots,glabridin,Theramid C4 Hydrating Milky Toner,https://inkeedecoder.com/products/theramid-c4-hydrating-milky-toner
dark spots,glabridin,Melrae 10% Niacinamide + Probiome Booster Essence-serum,https://inkeedecoder.com/products/melrae-10-niacinamide-probiome-booster-essence-serum
dark spots,glabridin,SYB Red Jelly Serum,https://inkeedecoder.com/products/syb-red-jelly-serum
dark spots,glabridin,Transparent lab C4 Hydrating Milky Toner,https://inkeedecoder.com/products/transparent-lab-c4-hydrating-milky-toner
dark spots,glabridin,Transparent lab C4 Hydrating Milky Toner,https://inkeedecoder.com/products/transparent-lab-c4-hydrating-milky-toner-2
dark spots,glabridin,Bobai Sunscreen Extra Lightening Gel SPF 50,https://inkeedecoder.com/products/bobai-sunscreen-extra-lightening-gel-spf-50
dark spots,glabridin,Ordera Hero Brightening & Glow Serum With Niacinamide Dan Tranexamic Acid,https://inkeedecoder.com/products/ordera-hero-brightening-glow-serum-with-niacinamide-dan-tranexamic-acid
dark spots,glabridin,PCA Skin Pigment Gel Pro,https://inkeedecoder.com/products/pca-skin-pigment-gel-pro
dark spots,glabridin,biohyalux Ha Brightening Boosting Serum,https://inkeedecoder.com/products/biohyalux-ha-brightening-boosting-serum
dark spots,glabridin,e.l.f. Plz Clarify Face Oil,https://inkeedecoder.com/products/e-l-f-plz-clarify-face-oil
dark spots,glabridin,Everwhite Niacinamide Brightening Serum,https://inkeedecoder.com/products/everwhite-niacinamide-brightening-serum-2
dark spots,glabridin,e.l.f. Plz Clarify Facial Oil,https://inkeedecoder.com/products/e-l-f-plz-clarify-facial-oil
dark spots,glabridin,e.l.f. Plz Clarify Facial Oil,https://inkeedecoder.com/products/e-l-f-plz-clarify-facial-oil-2
dark spots,glabridin,Cipher C-shield,https://inkeedecoder.com/products/cipher-c-shield-3
dark spots,glabridin,LANCER Fade Serum Intense,https://inkeedecoder.com/products/lancer-fade-serum-intense
dark spots,glabridin,Beautystat Universal C Eye Perfector,https://inkeedecoder.com/products/beautystat-universal-c-eye-perfector
dark spots,glabridin,Beautystat Universal C Eye Perfector,https://inkeedecoder.com/products/beautystat-universal-c-eye-perfector-2
dark spots,glabridin,Bythebeau Babchi Skin Rejuvenating Serum,https://inkeedecoder.com/products/bythebeau-babchi-skin-rejuvenating-serum
dark spots,glabridin,Implora Dark Spot Treatment,https://inkeedecoder.com/products/implora-dark-spot-treatment
dark spots,glabridin,ZIEPOTION Hydra Potion Gentle Cleanser,https://inkeedecoder.com/products/ziepotion-hydra-potion-gentle-cleanser
dark spots,glabridin,Beautystat Universal C Eye Protector,https://inkeedecoder.com/products/beautystat-cosmetics-universal-c-eye-protector
dark spots,glabridin,Organic Skin Japan Age Defense Anti-aging Whitening Serum,https://inkeedecoder.com/products/organic-skin-japan-age-defense-anti-aging-whitening-serum
dark spots,glabridin,n'pure Npure Toner Cica Centella Asiatica,https://inkeedecoder.com/products/npure-npure-toner-cica-centella-asiatica
dark spots,glabridin,Cipher Night Shift (2023 Reformulation),https://inkeedecoder.com/products/cipher-night-shift-2023-reformulation
dark spots,niacinamide,Clinical Niacinamide 20% Treatment Paula's Choice,https://inkeedecoder.com/products/paulas-choice-clinical-niacinamide-20-treatment
dark spots,niacinamide,Rejuvenating Brightening Essence BRODA® PRO,https://inkeedecoder.com/products/broda-r-pro-rejuvenating-brightening-essence
dark spots,niacinamide,Niacinamide 10 Serum Cos De BAHA,https://inkeedecoder.com/products/cos-de-baha-niacinamide-10-serum
dark spots,niacinamide,Flawless Nightly Serum Dr. Sam Bunting Skincare,https://inkeedecoder.com/products/dr-sam-bunting-skincare-flawless-nightly-serum
dark spots,niacinamide,Niacinamide The Inkey List,https://inkeedecoder.com/products/the-inkey-list-niacinamide
dark spots,niacinamide,Niacinamide 10% + Zinc 1% The Ordinary,https://inkeedecoder.com/products/the-ordinary-niacinamide-10-zinc-1-serum1
dark spots,niacinamide,Pore Refining & Spot Correcting Concentrate dermistry⁺,https://inkeedecoder.com/products/dermistry-pore-refining-spot-correcting-concentrate
dark spots,niacinamide,Star Light Spot Corrector Acaderma,https://inkeedecoder.com/products/acaderma-star-light-spot-corrector
dark spots,niacinamide,Flawless Brightly Serum Dr Sam Bunting,https://inkeedecoder.com/products/dr-sam-bunting-flawless-brightly-serum
dark spots,niacinamide,Flawless Moisturiser Dr. Sam Bunting Skincare,https://inkeedecoder.com/products/dr-sam-bunting-skincare-flawless-moisturiser
dark spots,niacinamide,Lab. Restoring Brightening Serum Purid,https://inkeedecoder.com/products/purid-lab-restoring-brightening-serum
dark spots,niacinamide,Abc Repair & Restore Antioxidant Serum Rx2 RejuAus,https://inkeedecoder.com/products/rejuaus-abc-repair-restore-antioxidant-serum-rx2
dark spots,resveratrol,Resveratrol 3% + Ferulic Acid 3% The Ordinary,https://inkeedecoder.com/products/the-ordinary-resveratrol-3-ferulic-acid-3
dark spots,resveratrol,VC Oxidation Resistance Serum Dr.magic,https://inkeedecoder.com/products/dr-magic-vc-oxidation-resistance-serum
dark spots,tretinoin,A-Ret Tretinoin 0.1%,https://inkeedecoder.com/products/a-ret-tretinoin-0-1
dark spots,tretinoin,A-Ret Tretinoin Gel 0.05%,https://inkeedecoder.com/products/a-ret-tretinoin-gel-0-05
dark spots,tretinoin,ASSOS Tre® %0.05 Krem,https://inkeedecoder.com/products/assos-tre-r-0-05-krem
dark spots,tretinoin,Abdiibrahim Acnelyse,https://inkeedecoder.com/products/abdiibrahim-acnelyse
dark spots,tretinoin,Acnelyse Tretinoin %0.025,https://inkeedecoder.com/products/acnelyse-tretinoin-0-025
dark spots,tretinoin,Acnelyse Tretinoin %0.05,https://inkeedecoder.com/products/acnelyse-tretinoin-0-05
dark spots,tretinoin,Acretin 0.05% Tretinoin Cream,https://inkeedecoder.com/products/acretin-0-05-tretinoin-cream
dark spots,tretinoin,Acretin Tretinoin 0.025% Cream,https://inkeedecoder.com/products/acretin-tretinoin-0-025-cream
dark spots,tretinoin,"Actavis Pharma, Inc. Actavis Tretinoin Cream, USP 0.025%",https://inkeedecoder.com/products/actavis-pharma-inc-actavis-tretinoin-cream-usp-0-025
dark spots,tretinoin,Airol cream 0.5 Airol Cream,https://inkeedecoder.com/products/airol-cream-0-5-airol-cream
dark spots,tretinoin,Airol cream 0.5 Tretinoina,https://inkeedecoder.com/products/airol-cream-0-5-tretinoina
dark spots,tretinoin,"Andrómaco Hidrosam T 0,010%",https://inkeedecoder.com/products/andromaco-hidrosam-t-0-010
dark spots,tretinoin,"Andrómaco Hidrosam T 0,025%",https://inkeedecoder.com/products/andromaco-hidrosam-t-0-025
dark spots,tretinoin,"Andrómaco Hidrosam T 0,050%",https://inkeedecoder.com/products/andromaco-hidrosam-t-0-050
dark spots,tretinoin,"Andrómaco Hidrosam T 0,100%",https://inkeedecoder.com/products/andromaco-hidrosam-t-0-100
dark spots,tretinoin,Apostrophe Tretinoin,https://inkeedecoder.com/products/apostrophe-tretinoin
dark spots,tretinoin,Apoteka Dona Hidrofilni Krem Sa Tretinoinom 0.05%,https://inkeedecoder.com/products/apoteka-dona-hidrofilni-krem-sa-tretinoinom-0-05
dark spots,tretinoin,Avalon Pharma Avotin-a,https://inkeedecoder.com/products/avalon-pharma-avotin-a
dark spots,tretinoin,"Bailleul Laboratories Tretin® %0,05 Krem",https://inkeedecoder.com/products/bailleul-laboratories-tretin-r-0-05-krem
dark spots,tretinoin,Bausch Health Retin-A Micro (0.04%),https://inkeedecoder.com/products/bausch-health-retin-a-micro-0-04
dark spots,tretinoin,Bausch Health Retin-a Cream 0.05%,https://inkeedecoder.com/products/bausch-health-retin-a-cream-0-05
dark spots,tretinoin,Bausch Health Retin-a Micro (tretinoin) Gel Microsphere 0.1%,https://inkeedecoder.com/products/bausch-health-retin-a-micro-tretinoin-gel-microsphere-0-1
dark spots,tretinoin,Bausch Health Vitamin A Acid Gel (0.05%),https://inkeedecoder.com/products/bausch-health-vitamin-a-acid-gel-0-05
dark spots,tretinoin,CCSD Rx Reverse Tretinoin 0.05%,https://inkeedecoder.com/products/ccsd-rx-reverse-tretinoin-0-05
dark spots,tretinoin,CTS CHEMICAL INDUSTRIES Ret-Avit Cream 0.05%,https://inkeedecoder.com/products/cts-chemical-industries-ret-avit-cream-0-05
dark spots,tretinoin,CTS CHEMICAL INDUSTRIES Ret-Avit Gel 0.05%,https://inkeedecoder.com/products/cts-chemical-industries-ret-avit-gel-0-05
dark spots,tretinoin,Cantabria Labs Neocare 4mg/g cream,https://inkeedecoder.com/products/industrial-farmaceutica-cantabria-neocare
dark spots,tretinoin,Cantabria Labs Retincare,https://inkeedecoder.com/products/cantabria-labs-retincare
dark spots,tretinoin,"Cassará Neotretin M Tretinoína 0,025%",https://inkeedecoder.com/products/cassara-neotretin-m-tretinoina-0-025
dark spots,tretinoin,Cordes Vas,https://inkeedecoder.com/products/cordes-vas
dark spots,tretinoin,Cordes Vas Creme (0.05 Tretinoin),https://inkeedecoder.com/products/cordes-vas-creme-0-05-tretinoin
dark spots,tretinoin,Dar Al Dawa Smooderm,https://inkeedecoder.com/products/dar-al-dawa-smooderm
dark spots,tretinoin,DermaXP Reticor (tretinoin) cream,https://inkeedecoder.com/products/dermaxp-reticor-tretinoin-cream
dark spots,tretinoin,DermaXP Reticor (tretinoin) gel,https://inkeedecoder.com/products/dermaxp-reticor-tretinoin-gel
dark spots,tretinoin,Dermatica 0.1% Tretinoin Cream,https://inkeedecoder.com/products/dermatica-0-1-tretinoin-cream
dark spots,tretinoin,Dermatica Tretinoin 0.025% + Niacinamide 4%,https://inkeedecoder.com/products/dermatica-tretinoin-0-025
dark spots,tretinoin,Dermatica Tretinoin 0.05% - Azelaic Acid 15% - Tranexamic Acid 5%,https://inkeedecoder.com/products/dermatica-tretinoin-0-05-azelaic-acid-15-tranexamic-acid-5
dark spots,tretinoin,Dermatica Tretinoin 0.05% And Niacinamide 4%,https://inkeedecoder.com/products/dermatica-tretinoin-0-05-and-niacinamide-4
dark spots,tretinoin,Dermatica Tretinoin 0.1%,https://inkeedecoder.com/products/dermatica-tretinoin-0-1
dark spots,tretinoin,"Dermatica Tretinoin, Niacinamide 4%, Azelaic Acid 4%",https://inkeedecoder.com/products/dermatica-tretinoin-niacinamide-4-azelaic-acid-4
dark spots,tretinoin,Farmacia cu Traditie Tretinoin 0.025% Cream And Moisture Complex,https://inkeedecoder.com/products/farmacia-cu-traditie-tretinoin-0-025-cream-and-moisture-complex
dark spots,tretinoin,Felix Retinoid +,https://inkeedecoder.com/products/felix-retinoid
dark spots,tretinoin,GSK Stieva-A Cream,https://inkeedecoder.com/products/gsk-stieva-a
dark spots,tretinoin,Galderma Twyneo 0.1%/3% cream,https://inkeedecoder.com/products/galderma-twyneo-0-1-3-cream
dark spots,tretinoin,Hedge & Hedge Pharmaceutical LLP Tretinoin Cream USP,https://inkeedecoder.com/products/hedge-hedge-pharmaceutical-llp-tretinoin-cream-usp
dark spots,tretinoin,ITF-Labomed Dermodan Tretinoina 0.025%,https://inkeedecoder.com/products/itf-labomed-dermodan-tretinoina-0-025
dark spots,tretinoin,Jamjoom Pharma Acretin 0.05% Cream,https://inkeedecoder.com/products/jamjoom-pharma-acretin-0-05-cream
dark spots,tretinoin,Janssen Retin A Micro Gel 0.04%,https://inkeedecoder.com/products/janssen-retin-a-micro-gel-0-04
dark spots,tretinoin,Janssen Retin-a Tretinoina Crema 0.05%,https://inkeedecoder.com/products/janssen-retin-a-tretinoina-crema-0-05
dark spots,tretinoin,Janssen Pharmaceuticals Retino-A Tretinoin Cream U.S.P. 0.05%,https://inkeedecoder.com/products/janssen-retino-a-tretinoin-cream-u-s-p-0-05
dark spots,tetrahexyldecyl-ascorbate,Ascorbyl Tetraisopalmitate Solution 20% In Vitamin F The Ordinary,https://inkeedecoder.com/products/the-ordinary-ascorbyl-tetraisopalmitate-solution-20-in-vitamin-f
dark spots,tetrahexyldecyl-ascorbate,Vitamin C 35% Collagen Rebuilding Serum Allies of Skin,https://inkeedecoder.com/products/allies-of-skin-vitamin-c-35-collagen-rebuilding-serum
dark spots,tetrahexyldecyl-ascorbate,Ideal Resource Renewing Pro-Vitamin C And E Oil Concentrate Darphin,https://inkeedecoder.com/products/darphin-ideal-resource-renewing-pro-vitamin-c-and-e-oil-concentrate
dark spots,tetrahexyldecyl-ascorbate,Refreshing Brightening Serum (2020) Purid,https://inkeedecoder.com/products/purid-refreshing-brightening-serum-2
dark spots,tetrahexyldecyl-ascorbate,Clairial Serum SVR,https://inkeedecoder.com/products/svr-clairial-serum
dark spots,tranexamic-acid,Star Light Spot Corrector Acaderma,https://inkeedecoder.com/products/acaderma-star-light-spot-corrector
dark spots,tranexamic-acid,Rejuvenating Brightening Essence BRODA® PRO,https://inkeedecoder.com/products/broda-r-pro-rejuvenating-brightening-essence
dark spots,tranexamic-acid,Lab. Restoring Oxygenation Serum Purid,https://inkeedecoder.com/products/purid-lab-restoring-oxygenation-serum
dark spots,tranexamic-acid,The Repair Lotion Sanshi,https://inkeedecoder.com/products/sanshi-the-repair-lotion
dark spots,tranexamic-acid,Tranexamic Acid Essence Spring Letter,https://inkeedecoder.com/products/spring-letter-tranexamic-acid-essence
dark spots,tranexamic-acid,Nourishing Repairing Essence BRODA® PRO,https://inkeedecoder.com/products/broda-r-pro-nourishing-repairing-essence
pores,salicylic-acid,Resist Bha 9 Paula's Choice,https://inkeedecoder.com/products/paulas-choice-resist-bha-9
pores,salicylic-acid,Compound Salicylic Acid Liniment Sanyi,https://inkeedecoder.com/products/sanyi-compound-salicylic-acid-liniment
pores,salicylic-acid,Azelaic Acid Control Facial Acne Gel Aisuanis,https://inkeedecoder.com/products/aisuanis-empowerment-azelaic-acid-control-facial-acne-gel
pores,salicylic-acid,Nuorishing Spa Mask BRODA® PRO,https://inkeedecoder.com/products/broda-r-pro-nuorishing-spa-mask
pores,salicylic-acid,Flawless Neutralising Gel Dr. Sam Bunting Skincare,https://inkeedecoder.com/products/dr-sam-bunting-skincare-flawless-neutralising-gel
pores,salicylic-acid,Neem & BHA Spot Clarifying Serum Dr. Sheth's,https://inkeedecoder.com/products/dr-sheths-neem-bha-spot-clarifying-serum
pores,salicylic-acid,Salicylic Acid 2% Serum Garden of Wisdom,https://inkeedecoder.com/products/garden-of-wisdom-salicylic-acid-serum
pores,salicylic-acid,Rapid Relief Acne Spot Treatment Murad,https://inkeedecoder.com/products/murad-rapid-relief-acne-spot-treatment
pores,salicylic-acid,Clear Pore Oil-Eliminating Astringent Neutrogena,https://inkeedecoder.com/products/neutrogena-clear-pore-oil-eliminating-astringent
pores,salicylic-acid,Clear Regular Strength Anti-Redness Exfoliating Solution With 2% Salicylic Acid Paula's Choice,https://inkeedecoder.com/products/paulas-choice-clear-regular-strength-anti-redness-exfoliating-solution-with-2-salicylic-acid
pores,salicylic-acid,Resist Daily Pore-Refining Treatment 2% Bha Paula's Choice,https://inkeedecoder.com/products/paulas-choice-resist-daily-pore-refining-treatment-2-bha
pores,salicylic-acid,Acne-Clear Oil-Free Matte Moisturizer Peter Thomas Roth,https://inkeedecoder.com/products/peter-thomas-roth-acne-clear-oil-free-matte-moisturizer
pores,niacinamide,Clinical Niacinamide 20% Treatment Paula's Choice,https://inkeedecoder.com/products/paulas-choice-clinical-niacinamide-20-treatment
pores,niacinamide,Rejuvenating Brightening Essence BRODA® PRO,https://inkeedecoder.com/products/broda-r-pro-rejuvenating-brightening-essence
pores,niacinamide,Niacinamide 10 Serum Cos De BAHA,https://inkeedecoder.com/products/cos-de-baha-niacinamide-10-serum
pores,niacinamide,Flawless Nightly Serum Dr. Sam Bunting Skincare,https://inkeedecoder.com/products/dr-sam-bunting-skincare-flawless-nightly-serum
pores,niacinamide,Niacinamide The Inkey List,https://inkeedecoder.com/products/the-inkey-list-niacinamide
pores,niacinamide,Niacinamide 10% + Zinc 1% The Ordinary,https://inkeedecoder.com/products/the-ordinary-niacinamide-10-zinc-1-serum1
pores,niacinamide,Pore Refining & Spot Correcting Concentrate dermistry⁺,https://inkeedecoder.com/products/dermistry-pore-refining-spot-correcting-concentrate
pores,niacinamide,Star Light Spot Corrector Acaderma,https://inkeedecoder.com/products/acaderma-star-light-spot-corrector
pores,niacinamide,Flawless Brightly Serum Dr Sam Bunting,https://inkeedecoder.com/products/dr-sam-bunting-flawless-brightly-serum
pores,niacinamide,Flawless Moisturiser Dr. Sam Bunting Skincare,https://inkeedecoder.com/products/dr-sam-bunting-skincare-flawless-moisturiser
pores,niacinamide,Lab. Restoring Brightening Serum Purid,https://inkeedecoder.com/products/purid-lab-restoring-brightening-serum
pores,niacinamide,Abc Repair & Restore Antioxidant Serum Rx2 RejuAus,https://inkeedecoder.com/products/rejuaus-abc-repair-restore-antioxidant-serum-rx2
pores,retinol,A-Passioni Retinol Cream Drunk Elephant,https://inkeedecoder.com/products/drunk-elephant-a-passioni-retinol-cream
pores,retinol,Night Switch Retinol 1% Lixir,https://inkeedecoder.com/products/lixir-night-switch-retinol-1
pores,retinol,Retinol 1.0 Maximum Strength Refining Night Cream SkinCeuticals,https://inkeedecoder.com/products/skinceuticals-retinol-1-0-maximum-strength-refining-night-cream
pores,retinol,Retinol 1% In Squalane The Ordinary,https://inkeedecoder.com/products/the-ordinary-retinol-1-in-squalane
pores,retinol,Retinol 6TR Serum Medik8,https://inkeedecoder.com/products/medik8-retinol-6tr-serum
pores,retinol,Retinol 0.5 Refining Night Cream SkinCeuticals,https://inkeedecoder.com/products/skinceuticals-retinol-0-5-refining-night-cream
pores,retinol,Retinol 0.5% In Squalane The Ordinary,https://inkeedecoder.com/products/the-ordinary-retinol-0-5-in-squalane
pores,retinol,Retinol 3 Tr Serum Medik8,https://inkeedecoder.com/products/medik8-retinol-3-tr-serum
pores,retinol,Retinol 0.3 SkinCeuticals,https://inkeedecoder.com/products/skinceuticals-retinol-0-3
pores,retinol,Visionnaire Skin Solutions Retinol Serum Lancôme,https://inkeedecoder.com/products/lancome-visionnaire-skin-solutions-retinol-serum
pores,retinol,Lab. Restoring Radiance Serum Purid,https://inkeedecoder.com/products/purid-lab-restoring-serum
pores,retinol,Fine Fairness Brightening Serum Neutrogena,https://inkeedecoder.com/products/neutrogena-fine-fairness-brightening-serum
pores,glycolic-acid,Aha Resurfacing Lotion 20 Intensive Exfoliating Treatment DCL,https://inkeedecoder.com/products/dcl-aha-resurfacing-lotion-20-50ml-intensive-exfoliating-treatment
pores,glycolic-acid,Glycolix Elite Facial Cream 20% Topix,https://inkeedecoder.com/products/topix-glycolix-elite-facial-cream-20
pores,glycolic-acid,Clarify Gel Plus Neostrata,https://inkeedecoder.com/products/neostrata-gel-plus
pores,glycolic-acid,MelaBlok Dermasence,https://inkeedecoder.com/products/dermasence-melablok
pores,glycolic-acid,Revitalift Derm Intensives 10% Pure Glycolic Acid Serum L'Oreal Paris,https://inkeedecoder.com/products/loreal-paris-10-pure-glycolic-acid-serum
pores,glycolic-acid,Resist Weekly Resurfacing Treatment 10% Aha Paula's Choice,https://inkeedecoder.com/products/paulas-choice-resist-weekly-resurfacing-treatment-10-aha
pores,glycolic-acid,Energy Complex Ahas Exfoliating Toner Aisuanis,https://inkeedecoder.com/products/aisuanis-energy-complex-ahas-exfoliating-toner
pores,glycolic-acid,Compound Six Acid Nourishing Conditioning Biofilm Aisuanis,https://inkeedecoder.com/products/aisuanis-compound-six-acid-nourishing-conditioning-biofilm
pores,azelaic-acid,Azelaic Acid Derma Forte,https://inkeedecoder.com/products/derma-forte-azelaic-acid
pores,azelaic-acid,Azelaic Acid Control Facial Acne Gel Aisuanis,https://inkeedecoder.com/products/aisuanis-empowerment-azelaic-acid-control-facial-acne-gel
pores,azelaic-acid,Empowerment Azelaic Acid Sebamed Clear Face Facial Cream Aisuanis,https://inkeedecoder.com/products/aisuanis-empowerment-azelaic-acid-sebamed-clear-face-facial-cream
pores,azelaic-acid,Professional 10% Azelaic Acid Face Serum Bielenda,https://inkeedecoder.com/products/bielenda-professional-10-azaleic-acid-face-serum
pores,azelaic-acid,Azelaic Acid 10% Serum Cos De BAHA,https://inkeedecoder.com/products/cos-de-baha-azelaic-acid-10-serum
pores,azelaic-acid,Flawless Brightly Serum Dr Sam Bunting,https://inkeedecoder.com/products/dr-sam-bunting-flawless-brightly-serum
pores,azelaic-acid,Azelaic Acid Suspension 10% The Ordinary,https://inkeedecoder.com/products/the-ordinary-azelaic-acid-suspension-10
pores,azelaic-acid,Flawless Neutralising Gel Dr. Sam Bunting Skincare,https://inkeedecoder.com/products/dr-sam-bunting-skincare-flawless-neutralising-gel
pores,azelaic-acid,Flawless Nightly Serum Dr. Sam Bunting Skincare,https://inkeedecoder.com/products/dr-sam-bunting-skincare-flawless-nightly-serum
pores,zinc-pca,Niacinamide 10 Serum Cos De BAHA,https://inkeedecoder.com/products/cos-de-baha-niacinamide-10-serum
pores,zinc-pca,Niacinamide 10% + Zinc 1% The Ordinary,https://inkeedecoder.com/products/the-ordinary-niacinamide-10-zinc-1-serum1
pores,capryloyl-salicylic-acid,Compound Six Acid Nourishing Conditioning Biofilm Aisuanis,https://inkeedecoder.com/products/aisuanis-compound-six-acid-nourishing-conditioning-biofilm
pores,mandelic-acid,Compound Six Acid Nourishing Conditioning Biofilm Aisuanis,https://inkeedecoder.com/products/aisuanis-compound-six-acid-nourishing-conditioning-biofilm
pores,ascorbic-acid,C Scape High Potency Night Booster 30 DCL,https://inkeedecoder.com/products/dcl-c-scape-high-potency-night-booster-30
pores,ascorbic-acid,Vitamin C Suspension 30% In Silicone The Ordinary,https://inkeedecoder.com/products/the-ordinary-vitamin-c-suspension-30-in-silicone
pores,ascorbic-acid,A.C.E. Vitamin C25 IOPE,https://inkeedecoder.com/products/iope-a-c-e-vitamin-c25
pores,ascorbic-acid,C25 Neo Rohto Obagi,https://inkeedecoder.com/products/rohto-obagi-25-neo-vitamin-c-serum
pores,ascorbic-acid,The Vitamin C23 IOPE,https://inkeedecoder.com/products/iope-the-vitamin-c23
pores,ascorbic-acid,Vitamin C Suspension 23% + Ha Spheres 2% The Ordinary,https://inkeedecoder.com/products/the-ordinary-vitamin-c-suspension-23-ha-spheres-2
pores,ascorbic-acid,Vitamin C24 Indeed Labs,https://inkeedecoder.com/products/indeed-labs-vitamin-c24
pores,ascorbic-acid,Triple C Lightning Liquid COSRX,https://inkeedecoder.com/products/cosrx-triple-c-lightning-liquid
pores,ascorbic-acid,VC Oxidation Resistance Serum Dr.magic,https://inkeedecoder.com/products/dr-magic-vc-oxidation-resistance-serum
pores,ascorbic-acid,Vitamin Nectar Vitamin C Brightening Powder Fresh,https://inkeedecoder.com/products/fresh-vitamin-nectar-vitamin-c-brightening-powder
pores,ascorbic-acid,Serum 20 AOX+ SkinCeuticals,https://inkeedecoder.com/products/skinceuticals-serum-20-aox
pores,ascorbic-acid,20% Vitamin C Essence Spring Letter,https://inkeedecoder.com/products/spring-letter-20-vitamin-c-essence
pores,bakuchiol,Flawless Brightly Serum Dr Sam Bunting,https://inkeedecoder.com/products/dr-sam-bunting-flawless-brightly-serum
pores,bakuchiol,Flawless Nightly Serum Dr. Sam Bunting Skincare,https://inkeedecoder.com/products/dr-sam-bunting-skincare-flawless-nightly-serum
pores,bakuchiol,1% Bakuchiol Serum Revolution Skincare,https://inkeedecoder.com/products/revolution-skincare-1-bakuchiol-serum
pores,bakuchiol,Flawless Neutralising Gel Dr. Sam Bunting Skincare,https://inkeedecoder.com/products/dr-sam-bunting-skincare-flawless-neutralising-gel
pores,gluconolactone,Baby Steps Acid Treatment Chemist Confessions,https://inkeedecoder.com/products/chemist-confessions-baby-steps-acid-treatment
pores,gluconolactone,Bio-Hydrating Cream Neostrata,https://inkeedecoder.com/products/neostrata-bio-hydrating-cream
pores,gluconolactone,Sebiaclear Serum SVR,https://inkeedecoder.com/products/svr-sebiaclear-serum
pores,gluconolactone,Bionic Face Cream Neostrata,https://inkeedecoder.com/products/neostrata-bionic-face-cream
pores,gluconolactone,Press And Glow Toner Medik8,https://inkeedecoder.com/products/medik8-press-and-glow-toner
pores,gluconolactone,Compound Six Acid Nourishing Conditioning Biofilm Aisuanis,https://inkeedecoder.com/products/aisuanis-compound-six-acid-nourishing-conditioning-biofilm
pores,adapalene,Effaclar Adapalene Gel 0.1% Acne Treatment La Roche-Posay,https://inkeedecoder.com/products/la-roche-posay-effaclar-adapalene-gel-0-1-acne-treatment
pores,kaolin,ART&FACT. Enzyme Powder,https://inkeedecoder.com/products/art-fact-enzyme-powder
pores,kaolin,ART&FACT. Enzyme Powder (Regeneration & Cleansing),https://inkeedecoder.com/products/art-fact-enzyme-powder-regeneration-cleansing
pores,kaolin,Afrodita professional Clean Up Enzimski Piling Za Lice I Ruke,https://inkeedecoder.com/products/afrodita-professional-clean-up-enzimski-piling-za-lice-i-ruke
pores,kaolin,Ahava Time To Clear Purifying Mud Mask,https://inkeedecoder.com/products/ahava-time-to-clear-purifying-mud-mask
pores,kaolin,Allies of Skin Fresh Slate Purifying Cleanser + Masque,https://inkeedecoder.com/products/allies-of-skin-fresh-slate-purifying-cleanser-masque
pores,kaolin,Anjo Professional Black #4,https://inkeedecoder.com/products/anjo-professional-black-4
pores,kaolin,Annemarie Börlind Liquid Lipstick Matt Nude,https://inkeedecoder.com/products/annemarie-borlind-liquid-lipstick-matt-nude
pores,kaolin,Annemarie Börlind Liquid Lipstick Matt Rosewood,https://inkeedecoder.com/products/annemarie-borlind-liquid-lipstick-matt-rosewood
pores,kaolin,Anointment Exfoliating Clay Cleanser,https://inkeedecoder.com/products/anointment-natural-skin-care-exfoliating-clay-cleanser
pores,kaolin,Atopalm Derma Soothing Powder,https://inkeedecoder.com/products/atopalm-derma-soothing-powder
pores,kaolin,Australian Wholesale Oils White Kaolin French Clay,https://inkeedecoder.com/products/australian-wholesale-oils-white-kaolin-french-clay
pores,kaolin,BCL Tsururi Ghassoul Mineral Clay Pack,https://inkeedecoder.com/products/bcl-tsururi-ghassoul-mineral-clay-pack
pores,kaolin,BIOSPA Pure Mud & Charcoal Mask,https://inkeedecoder.com/products/biospa-pure-mud-charcoal-mask
pores,kaolin,BOGNA SKIN Nutritional Mask&Scrub “Lila Mask”,https://inkeedecoder.com/products/bogna-skin-nutritional-mask-scrub-lila-mask
pores,kaolin,Beesline 4In1Whitening Cleanser,https://inkeedecoder.com/products/beesline-4in1whitening-cleanser
pores,kaolin,Bolero Clay Mask,https://inkeedecoder.com/products/bolero-clay-mask
pores,kaolin,Bombay Beauty Co. No. 04 Detoxify,https://inkeedecoder.com/products/bombay-beauty-co-no-04-detoxify
pores,kaolin,Bondi Sands Glow Dust Exfoliating Powder,https://inkeedecoder.com/products/bondi-sands-glow-dust-exfoliating-powder
pores,kaolin,Buck Naked Beauty Mud Pie,https://inkeedecoder.com/products/buck-naked-beauty-mud-pie
pores,kaolin,Burt's Bees Eye Shadow Primer,https://inkeedecoder.com/products/burts-bees-eye-shadow-primer
pores,kaolin,Butt Naked Body Rose Clay Face Mask,https://inkeedecoder.com/products/butt-naked-body-rose-clay-face-mask
pores,kaolin,Butt Naked Cleanse Dust Enzyme Powder Cleanser,https://inkeedecoder.com/products/butt-naked-cleanse-dust-enzyme-powder-cleanser
pores,kaolin,By Nature Brightening Clay Mask With Pink Clay + Witch Hazel + Kawakawa Extract,https://inkeedecoder.com/products/by-nature-brightening-clay-mask-with-pink-clay-witch-hazel-kawakawa-extract
pores,kaolin,"Cattier Clay Mask (Pink Clay, Aloe Vera)",https://inkeedecoder.com/products/cattier-clay-mask-pink-clay-aloe-vera
pores,kaolin,ClariSea Sea Salt Solutions Deep Pore Detox,https://inkeedecoder.com/products/clarisea-sea-salt-solutions-deep-pore-detox
pores,kaolin,Clay and glow Pink Clay Mask,https://inkeedecoder.com/products/clay-and-glow-pink-clay-mask
pores,kaolin,Coast Sydney Botanicals Hero BHA Dream Face Powder Exfoliator,https://inkeedecoder.com/products/coast-sydney-botanicals-hero-bha-dream-face-powder-exfoliator
pores,kaolin,Colo Beauty Face Mask,https://inkeedecoder.com/products/colo-beauty-face-mask
pores,kaolin,Conserving Beauty Sea Your Glow Mask,https://inkeedecoder.com/products/conserving-beauty-sea-your-glow-mask
pores,kaolin,DEMES Mask On-Demand Hydrate Dry Skin,https://inkeedecoder.com/products/demes-mask-on-demand-hydrate-dry-skin
pores,kaolin,Danielle Laroche Facial Mud Mask,https://inkeedecoder.com/products/danielle-laroche-facial-mud-mask
pores,kaolin,Daughter Earth Hemp + Vitamin E Purifying Mask,https://inkeedecoder.com/products/daughter-earth-hemp-vitamin-e-purifying-mask
pores,kaolin,"Dayes Europe BV. Facial Mask Green Clay, French Clay & Betonite",https://inkeedecoder.com/products/dayes-europe-bv-facial-mask-green-clay-french-clay-betonite
pores,kaolin,De Tuinen Gele Klei Curcuma Masker,https://inkeedecoder.com/products/de-tuinen-gele-klei-curcuma-masker
pores,kaolin,De Tuinen Groene Klei Masker,https://inkeedecoder.com/products/de-tuinen-groene-klei-masker-3
pores,kaolin,De Tuinen Witte Klei Masker,https://inkeedecoder.com/products/de-tuinen-witte-klei-masker
pores,kaolin,Dermaglin Anti-Acne Mask,https://inkeedecoder.com/products/dermaglin-anti-acne-mask
pores,kaolin,Dermaglin Refreshing Peeling Mask,https://inkeedecoder.com/products/dermaglin-refreshing-peeling-mask
pores,kaolin,Dermaviduals Enzyme Skin Renewal,https://inkeedecoder.com/products/dermaviduals-enzyme-skin-renewal
pores,kaolin,Dr Kadir Bio Sulfur Mask,https://inkeedecoder.com/products/dr-kadir-bio-sulfur-mask
pores,kaolin,Dr. Jetske Ultee Clay Powder,https://inkeedecoder.com/products/dr-jetske-ultee-clay-powder
pores,kaolin,Eight Saints No Plans Clay Mask,https://inkeedecoder.com/products/eight-saints-no-plans-clay-mask
pores,kaolin,Elyn’s Lab Acne Care Face Mask Base,https://inkeedecoder.com/products/elyns-lab-acne-care-face-mask-base
pores,kaolin,Emina Whip Face Wash,https://inkeedecoder.com/products/emina-whip-face-wash
pores,kaolin,Eterea Maschera Viso Purificante,https://inkeedecoder.com/products/eterea-maschera-viso-purificante
pores,kaolin,Farryn Amber Mint Facial Mask,https://inkeedecoder.com/products/farryn-amber-mint-facial-mask
pores,kaolin,Farryn Amber Rose Facial Mask,https://inkeedecoder.com/products/farryn-amber-rose-facial-mask
pores,kaolin,Galénic Purete Sublime Exfoliating Powder,https://inkeedecoder.com/products/galenic-purete-sublime-exfoliating-powder
pores,kaolin,Garden of Wisdom (GOW) Pore Cleaning Powder,https://inkeedecoder.com/products/garden-of-wisdom-gow-pore-cleansing-powder
pores,kaolin,Gh Peeling Enzimático,https://inkeedecoder.com/products/gh-peeling-enzimatico
pores,japanese-green-tea,Keyano Aromatics Champagne Foaming Gel Cleanser,https://inkeedecoder.com/products/keyano-aromatics-champagne-foaming-gel-cleanser
pores,charcoal-powder,Billie Razor,https://inkeedecoder.com/products/billie-razor
pores,charcoal-powder,Blu42 Bright Eye,https://inkeedecoder.com/products/blu42-bright-eye
pores,charcoal-powder,Bo Bana Bobana Charcoal Scrub,https://inkeedecoder.com/products/bo-bana-bobana-charcoal-scrub
pores,charcoal-powder,Caolion Blackhead O2 Sparkling Soap,https://inkeedecoder.com/products/caolion-blackhead-o2-sparkling-soap
pores,charcoal-powder,Khadi essentials Charcoal Face Wash,https://inkeedecoder.com/products/khadi-essentials-charcoal-face-wash
pores,charcoal-powder,Man arden Activated Charcoal Cream Conditioner With Argan Oil,https://inkeedecoder.com/products/man-arden-activated-charcoal-cream-conditioner-with-argan-oil
pores,charcoal-powder,Shills Acne Purifying Peel Off Black Mask,https://inkeedecoder.com/products/shills-acne-purifying-peel-off-black-mask
pores,charcoal-powder,Sunatoria Black Mask Charcoal Peel Off Mask,https://inkeedecoder.com/products/sunatoria-black-mask-charcoal-peel-off-mask
pores,charcoal-powder,Yesul Bubble. Cleansing Charcoal Mask,https://inkeedecoder.com/products/yesul-bubble-cleansing-charcoal-mask
pores,charcoal-powder,yes to tomatoes Clear Skin Charcoal Powder-To-Clay Mask,https://inkeedecoder.com/products/yes-to-tomatoes-clear-skin-charcoal-powder-to-clay-mask
pores,charcoal-powder,AA Emoji Charcoal Mask,https://inkeedecoder.com/products/aa-emoji-charcoal-mask
pores,charcoal-powder,Apotheke Detoxifying Face Mask,https://inkeedecoder.com/products/apotheke-detoxifying-face-mask
pores,charcoal-powder,Banish Activated Charcoal Clay Masque,https://inkeedecoder.com/products/banish-activated-charcoal-clay-masque
pores,charcoal-powder,BeautyPro Warming Eye Mask,https://inkeedecoder.com/products/beautypro-warming-eye-mask
pores,charcoal-powder,Buttah Charcoal Detox Mask,https://inkeedecoder.com/products/buttah-charcoal-detox-mask
pores,charcoal-powder,COSHI BEAUTI Niacinamide Soap,https://inkeedecoder.com/products/coshi-beauti-niacinamide-soap
pores,charcoal-powder,Cosmibeauti Niacinamide Soap For Men,https://inkeedecoder.com/products/cosmibeauti-niacinamide-soap-for-men
pores,charcoal-powder,De-artistic Charcoal Treatment,https://inkeedecoder.com/products/de-artistic-charcoal-treatment
pores,charcoal-powder,Drunk Elephant Bamboo Booster,https://inkeedecoder.com/products/drunk-elephant-bamboo-booster
pores,charcoal-powder,Ella Baché Charcoal Foaming Mask,https://inkeedecoder.com/products/ella-bache-charcoal-foaming-mask
pores,charcoal-powder,"Ethique Unscented Charcoal, Kaolin, & Oatmeal Soap Bar",https://inkeedecoder.com/products/ethique-unscented-charcoal-kaolin-oatmeal-soap-bar
pores,charcoal-powder,Georganics Mineral Toothpaste Powder - Activated Charcoal,https://inkeedecoder.com/products/georganics-mineral-toothpaste-powder-activated-charcoal
pores,charcoal-powder,HAUS LABS Clear Cut Liquid Eyeliner,https://inkeedecoder.com/products/haus-labs-clear-cut-liquid-eyeliner
pores,charcoal-powder,Ilia Clean Lime Liquid Eyeliner,https://inkeedecoder.com/products/ilia-clean-lime-liquid-eyeliner
pores,charcoal-powder,Kayman Beauty Coal Face Soap,https://inkeedecoder.com/products/kayman-beauty-coalface-soap
pores,charcoal-powder,Luna Nectar Obsidian Volumizing & Anti-Pollution Hair Jelly,https://inkeedecoder.com/products/luna-nectar-obsidian-volumizing-anti-pollution-hair-jelly
pores,charcoal-powder,Pacifica Liquid Lines Pen Tip Eye Liner,https://inkeedecoder.com/products/pacifica-liquid-lines-pen-tip-eye-liner
pores,charcoal-powder,Prevense Charcoal Face Wash,https://inkeedecoder.com/products/prevense-charcoal-face-wash
pores,charcoal-powder,Skin techniques Activated Charcoal,https://inkeedecoder.com/products/skin-techniques-activated-charcoal
pores,charcoal-powder,Underated Active Charcol Face Wash,https://inkeedecoder.com/products/underated-active-charcol-face-wash
pores,charcoal-powder,Wyn Beauty Glideline Waterproof Liquid Eyeliner,https://inkeedecoder.com/products/wyn-beauty-glideline-waterproof-liquid-eyeliner
pores,charcoal-powder,Ausceuticals Dark Star Powder To Foam Cleanser,https://inkeedecoder.com/products/ausceuticals-dark-star-powder-to-foam-cleanser
pores,charcoal-powder,BareSoul Wow Dry Shampoo,https://inkeedecoder.com/products/baresoul-wow-dry-shampoo
pores,charcoal-powder,Beauty Counter Counter+ Charcoal Facial Mask,https://inkeedecoder.com/products/beauty-counter-counter-charcoal-facial-mask
pores,charcoal-powder,Blaq Hyaluronic Acid Eye Mask,https://inkeedecoder.com/products/blaq-hyaluronic-acid-eye-mask
pores,charcoal-powder,Bybi Detox Dust Purifying Powder Mask,https://inkeedecoder.com/products/bybi-detox-dust-purifying-powder-mask
pores,charcoal-powder,C'est Moi Purifying Charcoal Clay Facial Mask,https://inkeedecoder.com/products/cest-moi-purifying-charcoal-clay-facial-mask
pores,charcoal-powder,Caolion Pore Cleansing Blackhead Steam,https://inkeedecoder.com/products/caolion-pore-cleansing-blackhead-steam
pores,charcoal-powder,Dermafix Dermapolish+ Activated Charchoal,https://inkeedecoder.com/products/dermafix-dermapolish-activated-charchoal
pores,charcoal-powder,Dot & Key Underarm Detox Charcoal Mask,https://inkeedecoder.com/products/dot-key-underarm-detox-charcoal-mask
pores,charcoal-powder,Dot & Key Underarm Detox Charcoal Mask,https://inkeedecoder.com/products/dot-key-underarm-detox-charcoal-mask-2
pores,charcoal-powder,Fighting Girl Foot Pads,https://inkeedecoder.com/products/fighting-girl-foot-pads
pores,charcoal-powder,Fitglow Detox Cleanser,https://inkeedecoder.com/products/fitglow-detox-cleanser
pores,charcoal-powder,Generation Skin Revitalizing Hyaluronic Acid Eye Patches,https://inkeedecoder.com/products/generation-skin-revitalizing-hyaluronic-acid-eye-patches
pores,charcoal-powder,HUGS WELLNESS CBD Chamomile Clay Mask,https://inkeedecoder.com/products/hugs-wellness-cbd-chamomile-clay-mask
pores,charcoal-powder,IOSSI Charcoal. Purifying Facial Cleansing Paste,https://inkeedecoder.com/products/iossi-charcoal-purifying-facial-cleansing-paste
pores,charcoal-powder,Lumin Charcoal Cleansing Pore Strip,https://inkeedecoder.com/products/lumin-charcoal-cleansing-pore-strip
pores,charcoal-powder,Matte Purifying Face Wash,https://inkeedecoder.com/products/matte-purifying-face-wash
pores,charcoal-powder,Michael Todd Beauty Charcoal Detox,https://inkeedecoder.com/products/michael-todd-beauty-charcoal-detox
pores,charcoal-powder,Midnight Paloma Charcoal + Rose Detox Mask,https://inkeedecoder.com/products/midnight-paloma-charcoal-rose-detox-mask
pores,lactobionic-acid,Bionic Face Serum Neostrata,https://inkeedecoder.com/products/neostrata-bionic-face-serum-10-bionic
pores,lactobionic-acid,Bionic Face Cream Neostrata,https://inkeedecoder.com/products/neostrata-bionic-face-cream
pores,lactobionic-acid,Compound Six Acid Nourishing Conditioning Biofilm Aisuanis,https://inkeedecoder.com/products/aisuanis-compound-six-acid-nourishing-conditioning-biofilm
pores,sh-oligopeptide-1,Dermagen RM-Repair Cream,https://inkeedecoder.com/products/dermagen-rm-repair-cream
pores,sh-oligopeptide-1,"JJLabs Skincare Solution Super Antioxidant Serum With EGF, Gamma Poly Glutamic Acid, And Aloe Vera",https://inkeedecoder.com/products/jjlabs-skincare-solution-super-antioxidant-serum-with-egf-gamma-poly-glutamic-acid-and-aloe-vera
pores,sh-oligopeptide-1,Ki Cosmetics Ki Stem Cell Exosome Booster Kit,https://inkeedecoder.com/products/ki-cosmetics-ki-stem-cell-exosome-booster-kit
pores,sh-oligopeptide-1,Klairs Midnight Blue Youth Activating Drop,https://inkeedecoder.com/products/klairs-midnight-blue-youth-activating-drop
pores,sh-oligopeptide-1,Mitam Cosme Egf 10 Repair Cream,https://inkeedecoder.com/products/mitam-cosme-egf-10-repair-cream
pores,sh-oligopeptide-1,SERUM X-Y CHROMOSOME® Antiage Face Feed,https://inkeedecoder.com/products/serum-x-y-chromosome-r-antiage-face-feed
pores,sh-oligopeptide-1,SERUM X-Y CHROMOSOME® Antiage Face Serum Booster Silk,https://inkeedecoder.com/products/serum-x-y-chromosome-r-antiage-face-serum-booster-silk
pores,sh-oligopeptide-1,Dermagen Rm Repair Cream,https://inkeedecoder.com/products/dermagen-rm-repair-cream-2
pores,sh-oligopeptide-1,JJLabs Skincare Solution Peptide Complex Anti Aging Serum,https://inkeedecoder.com/products/jj-skin-lab-solutions-peptide-complex-antiaging-serum
pores,sh-oligopeptide-1,LE MIEUX CLINICAL Cellpro Gf3,https://inkeedecoder.com/products/le-mieux-clinical-cellpro-gf3
pores,sh-oligopeptide-1,Lanbelle Ultra Lifting EGF Ampoule,https://inkeedecoder.com/products/lanbelle-ultra-lifting-egf-ampoule
pores,sh-oligopeptide-1,Le Mieux Stemcell EGF,https://inkeedecoder.com/products/le-mieux-stemcell-efg
pores,sh-oligopeptide-1,Le Mieux Stemcell Egf,https://inkeedecoder.com/products/le-mieux-stemcell-egf
pores,sh-oligopeptide-1,RevivSerums Ultimate Serum - New & Improved,https://inkeedecoder.com/products/revivserums-ultimate-serum-new-improved-2
pores,sh-oligopeptide-1,Sherpa Dr-ms Plus Multi Serum,https://inkeedecoder.com/products/sherpa-dr-ms-plus-multi-serum
pores,sh-oligopeptide-1,Sidmool 'Min Jung Gi' Bio-Nano Egf Serum,https://inkeedecoder.com/products/sidmool-min-jung-gi-bio-nano-egf-serum
pores,sh-oligopeptide-1,Sidmool Revive Derma Cream,https://inkeedecoder.com/products/sidmool-revive-derma-cream
pores,sh-oligopeptide-1,SkinPep Collagen Renew Growth Factor Night Cream,https://inkeedecoder.com/products/skinpep-collagen-renew-growth-factor-night-cream
pores,sh-oligopeptide-1,Toskani Rcpr,https://inkeedecoder.com/products/toskani-rcpr
pores,sh-oligopeptide-1,2Sol Duna Tiger Repair Ampoule,https://inkeedecoder.com/products/2sol-duna-tiger-repair-ampoule
pores,sh-oligopeptide-1,Arcona Magic Green Ice™,https://inkeedecoder.com/products/arcona-magic-green-ice-tm
pores,sh-oligopeptide-1,BELAY Lactobionic Acid,https://inkeedecoder.com/products/belay-lactobionic-acid
pores,sh-oligopeptide-1,BeautyMed Cellular Renewal Serum With EGF,https://inkeedecoder.com/products/beautymed-cellular-renewal-serum-with-egf
pores,sh-oligopeptide-1,Cellular Skincare Epidermal Growth Factor Serum,https://inkeedecoder.com/products/cellular-skincare-epidermal-growth-factor-serum
pores,sh-oligopeptide-1,DNA renewal Dna Regeneration Serum,https://inkeedecoder.com/products/dna-renewal-dna-regeneration-serum
pores,sh-oligopeptide-1,De:Maf Egf Peptide Ampoule,https://inkeedecoder.com/products/de-maf-egf-peptide-ampoule
pores,sh-oligopeptide-1,Dermathod Derma Ez Jet Multi Effector Ampoule,https://inkeedecoder.com/products/dermathod-derma-ez-jet-multi-effector-ampoule
pores,sh-oligopeptide-1,Eve Garrett Skincare Post Tx Super Serum,https://inkeedecoder.com/products/eve-garrett-skincare-post-tx-super-serum
pores,sh-oligopeptide-1,ISSEIMI Fluido Viscoso Forte,https://inkeedecoder.com/products/isseimi-fluido-viscoso-forte
pores,sh-oligopeptide-1,Joanna Vargas Twilight Face Mask,https://inkeedecoder.com/products/joanna-vargas-twilight-face-mask
pores,sh-oligopeptide-1,Klairs Midnight Blue Youth Activating Drop,https://inkeedecoder.com/products/klairs-midnight-blue-youth-activating-drop-3
pores,sh-oligopeptide-1,Le Mieux EGF DNA,https://inkeedecoder.com/products/le-mieux-egf-dna
pores,sh-oligopeptide-1,Le Mieux Gf3 Cream,https://inkeedecoder.com/products/le-mieux-gf3-cream
pores,sh-oligopeptide-1,Ray Gold Facial Mask,https://inkeedecoder.com/products/ray-gold-facial-mask
pores,sh-oligopeptide-1,Rhonda Allison Bio 53 Matrix,https://inkeedecoder.com/products/rhonda-allison-bio-53-matrix
pores,sh-oligopeptide-1,Swanicoco Fermentation Peptine Eye Care Cream,https://inkeedecoder.com/products/swanicoco-fermentation-peptine-eye-care-cream-2
pores,sh-oligopeptide-1,Tunemakers EGF Essence,https://inkeedecoder.com/products/tunemakers-egf-essence
pores,sh-oligopeptide-1,Angela Caglia Cell Forté Serum,https://inkeedecoder.com/products/angela-caglia-cell-forte-serum
pores,sh-oligopeptide-1,Bonté Care Hair Serum,https://inkeedecoder.com/products/bonte-care-hair-serum
pores,sh-oligopeptide-1,Esthemax Nano EGF Cure Serum 938,https://inkeedecoder.com/products/esthemax-nano-egf-cure-serum-938
pores,sh-oligopeptide-1,Lamelle Intensive Gf Serum,https://inkeedecoder.com/products/lamelle-intensive-gf-serum
pores,sh-oligopeptide-1,Long Story Bio Lift Growth Factor 3% Bio Placenta Face Serum,https://inkeedecoder.com/products/long-story-bio-lift-growth-factor-3-bio-placenta-face-serum
pores,sh-oligopeptide-1,Manyo Factory 4Gf Eye Cream,https://inkeedecoder.com/products/manyo-factory-4gf-eye-cream
pores,sh-oligopeptide-1,PATCH PRO Micro Needle Patch Trouble Dr.,https://inkeedecoder.com/products/patch-pro-micro-needle-patch-trouble-dr
pores,sh-oligopeptide-1,Sidmool Acetyl Ampoule,https://inkeedecoder.com/products/sidmool-acetyl-ampoule
pores,sh-oligopeptide-1,Skin Actives Scientific High Potency Egf Spray,https://inkeedecoder.com/products/skin-actives-scientific-high-potency-egf-spray
pores,sh-oligopeptide-1,Zeroid Dermanewal Revitalizing Ampoule,https://inkeedecoder.com/products/zeroid-dermanewal-revitalizing-ampoule
pores,sh-oligopeptide-1,skinVacious EGF Serum With Vitamin A & D,https://inkeedecoder.com/products/skinvacious-egf-serum-with-vitamin-a-d
pores,sh-oligopeptide-1,Benton High Content Steam Cream (Old Formula),https://inkeedecoder.com/products/benton-high-content-steam-cream-old-formula
pores,sh-oligopeptide-1,Blueprint Peptide Hair Serum,https://inkeedecoder.com/products/blueprint-peptide-hair-serum
pores,witch-hazel-extract-blend,Thayers Blemish Clearing Pads,https://inkeedecoder.com/products/thayers-blemish-clearing-pads
pores,witch-hazel-extract-blend,Thayers Radiance Boosting Balm,https://inkeedecoder.com/products/thayers-radiance-boosting-balm
pores,witch-hazel-extract-blend,Nirvana Botanics Cloud - Oil Free Gel Moisturizer,https://inkeedecoder.com/products/nirvana-botanics-cloud-oil-free-gel-moisturizer
pores,witch-hazel-extract-blend,Thayers Alcohol-free Witch Hazel Toner With Aloe Vera Cucumber,https://inkeedecoder.com/products/thayers-alcohol-free-witch-hazel-toner-with-aloe-vera-cucumber
pores,witch-hazel-extract-blend,Thayers Witch Hazel Radiance Boosting Serum,https://inkeedecoder.com/products/thayers-witch-hazel-radiance-boosting-serum
pores,witch-hazel-extract-blend,Thayers Natural Remedies Witch Hazel Blemish Pads,https://inkeedecoder.com/products/thayers-natural-remedies-witch-hazel-blemish-pads
pores,witch-hazel-extract-blend,Thayers Rose Petal Witch Hazel Facial Cleanser,https://inkeedecoder.com/products/thayers-rose-petal-witch-hazel-facial-cleanser
pores,potassium-azeloyl-diglycinate,Azelaic Acid Control Facial Acne Gel Aisuanis,https://inkeedecoder.com/products/aisuanis-empowerment-azelaic-acid-control-facial-acne-gel
pores,resveratrol,Resveratrol 3% + Ferulic Acid 3% The Ordinary,https://inkeedecoder.com/products/the-ordinary-resveratrol-3-ferulic-acid-3
pores,resveratrol,VC Oxidation Resistance Serum Dr.magic,https://inkeedecoder.com/products/dr-magic-vc-oxidation-resistance-serum
wrinkles,tretinoin,A-Ret Tretinoin 0.1%,https://inkeedecoder.com/products/a-ret-tretinoin-0-1
wrinkles,tretinoin,A-Ret Tretinoin Gel 0.05%,https://inkeedecoder.com/products/a-ret-tretinoin-gel-0-05
wrinkles,tretinoin,ASSOS Tre® %0.05 Krem,https://inkeedecoder.com/products/assos-tre-r-0-05-krem
wrinkles,tretinoin,Abdiibrahim Acnelyse,https://inkeedecoder.com/products/abdiibrahim-acnelyse
wrinkles,tretinoin,Acnelyse Tretinoin %0.025,https://inkeedecoder.com/products/acnelyse-tretinoin-0-025
wrinkles,tretinoin,Acnelyse Tretinoin %0.05,https://inkeedecoder.com/products/acnelyse-tretinoin-0-05
wrinkles,tretinoin,Acretin 0.05% Tretinoin Cream,https://inkeedecoder.com/products/acretin-0-05-tretinoin-cream
wrinkles,tretinoin,Acretin Tretinoin 0.025% Cream,https://inkeedecoder.com/products/acretin-tretinoin-0-025-cream
wrinkles,tretinoin,"Actavis Pharma, Inc. Actavis Tretinoin Cream, USP 0.025%",https://inkeedecoder.com/products/actavis-pharma-inc-actavis-tretinoin-cream-usp-0-025
wrinkles,tretinoin,Airol cream 0.5 Airol Cream,https://inkeedecoder.com/products/airol-cream-0-5-airol-cream
wrinkles,tretinoin,Airol cream 0.5 Tretinoina,https://inkeedecoder.com/products/airol-cream-0-5-tretinoina
wrinkles,tretinoin,"Andrómaco Hidrosam T 0,010%",https://inkeedecoder.com/products/andromaco-hidrosam-t-0-010
wrinkles,tretinoin,"Andrómaco Hidrosam T 0,025%",https://inkeedecoder.com/products/andromaco-hidrosam-t-0-025
wrinkles,tretinoin,"Andrómaco Hidrosam T 0,050%",https://inkeedecoder.com/products/andromaco-hidrosam-t-0-050
wrinkles,tretinoin,"Andrómaco Hidrosam T 0,100%",https://inkeedecoder.com/products/andromaco-hidrosam-t-0-100
wrinkles,tretinoin,Apostrophe Tretinoin,https://inkeedecoder.com/products/apostrophe-tretinoin
wrinkles,tretinoin,Apoteka Dona Hidrofilni Krem Sa Tretinoinom 0.05%,https://inkeedecoder.com/products/apoteka-dona-hidrofilni-krem-sa-tretinoinom-0-05
wrinkles,tretinoin,Avalon Pharma Avotin-a,https://inkeedecoder.com/products/avalon-pharma-avotin-a
wrinkles,tretinoin,"Bailleul Laboratories Tretin® %0,05 Krem",https://inkeedecoder.com/products/bailleul-laboratories-tretin-r-0-05-krem
wrinkles,tretinoin,Bausch Health Retin-A Micro (0.04%),https://inkeedecoder.com/products/bausch-health-retin-a-micro-0-04
wrinkles,tretinoin,Bausch Health Retin-a Cream 0.05%,https://inkeedecoder.com/products/bausch-health-retin-a-cream-0-05
wrinkles,tretinoin,Bausch Health Retin-a Micro (tretinoin) Gel Microsphere 0.1%,https://inkeedecoder.com/products/bausch-health-retin-a-micro-tretinoin-gel-microsphere-0-1
wrinkles,tretinoin,Bausch Health Vitamin A Acid Gel (0.05%),https://inkeedecoder.com/products/bausch-health-vitamin-a-acid-gel-0-05
wrinkles,tretinoin,CCSD Rx Reverse Tretinoin 0.05%,https://inkeedecoder.com/products/ccsd-rx-reverse-tretinoin-0-05
wrinkles,tretinoin,CTS CHEMICAL INDUSTRIES Ret-Avit Cream 0.05%,https://inkeedecoder.com/products/cts-chemical-industries-ret-avit-cream-0-05
wrinkles,tretinoin,CTS CHEMICAL INDUSTRIES Ret-Avit Gel 0.05%,https://inkeedecoder.com/products/cts-chemical-industries-ret-avit-gel-0-05
wrinkles,tretinoin,Cantabria Labs Neocare 4mg/g cream,https://inkeedecoder.com/products/industrial-farmaceutica-cantabria-neocare
wrinkles,tretinoin,Cantabria Labs Retincare,https://inkeedecoder.com/products/cantabria-labs-retincare
wrinkles,tretinoin,"Cassará Neotretin M Tretinoína 0,025%",https://inkeedecoder.com/products/cassara-neotretin-m-tretinoina-0-025
wrinkles,tretinoin,Cordes Vas,https://inkeedecoder.com/products/cordes-vas
wrinkles,tretinoin,Cordes Vas Creme (0.05 Tretinoin),https://inkeedecoder.com/products/cordes-vas-creme-0-05-tretinoin
wrinkles,tretinoin,Dar Al Dawa Smooderm,https://inkeedecoder.com/products/dar-al-dawa-smooderm
wrinkles,tretinoin,DermaXP Reticor (tretinoin) cream,https://inkeedecoder.com/products/dermaxp-reticor-tretinoin-cream
wrinkles,tretinoin,DermaXP Reticor (tretinoin) gel,https://inkeedecoder.com/products/dermaxp-reticor-tretinoin-gel
wrinkles,tretinoin,Dermatica 0.1% Tretinoin Cream,https://inkeedecoder.com/products/dermatica-0-1-tretinoin-cream
wrinkles,tretinoin,Dermatica Tretinoin 0.025% + Niacinamide 4%,https://inkeedecoder.com/products/dermatica-tretinoin-0-025
wrinkles,tretinoin,Dermatica Tretinoin 0.05% - Azelaic Acid 15% - Tranexamic Acid 5%,https://inkeedecoder.com/products/dermatica-tretinoin-0-05-azelaic-acid-15-tranexamic-acid-5
wrinkles,tretinoin,Dermatica Tretinoin 0.05% And Niacinamide 4%,https://inkeedecoder.com/products/dermatica-tretinoin-0-05-and-niacinamide-4
wrinkles,tretinoin,Dermatica Tretinoin 0.1%,https://inkeedecoder.com/products/dermatica-tretinoin-0-1
wrinkles,tretinoin,"Dermatica Tretinoin, Niacinamide 4%, Azelaic Acid 4%",https://inkeedecoder.com/products/dermatica-tretinoin-niacinamide-4-azelaic-acid-4
wrinkles,tretinoin,Farmacia cu Traditie Tretinoin 0.025% Cream And Moisture Complex,https://inkeedecoder.com/products/farmacia-cu-traditie-tretinoin-0-025-cream-and-moisture-complex
wrinkles,tretinoin,Felix Retinoid +,https://inkeedecoder.com/products/felix-retinoid
wrinkles,tretinoin,GSK Stieva-A Cream,https://inkeedecoder.com/products/gsk-stieva-a
wrinkles,tretinoin,Galderma Twyneo 0.1%/3% cream,https://inkeedecoder.com/products/galderma-twyneo-0-1-3-cream
wrinkles,tretinoin,Hedge & Hedge Pharmaceutical LLP Tretinoin Cream USP,https://inkeedecoder.com/products/hedge-hedge-pharmaceutical-llp-tretinoin-cream-usp
wrinkles,tretinoin,ITF-Labomed Dermodan Tretinoina 0.025%,https://inkeedecoder.com/products/itf-labomed-dermodan-tretinoina-0-025
wrinkles,tretinoin,Jamjoom Pharma Acretin 0.05% Cream,https://inkeedecoder.com/products/jamjoom-pharma-acretin-0-05-cream
wrinkles,tretinoin,Janssen Retin A Micro Gel 0.04%,https://inkeedecoder.com/products/janssen-retin-a-micro-gel-0-04
wrinkles,tretinoin,Janssen Retin-a Tretinoina Crema 0.05%,https://inkeedecoder.com/products/janssen-retin-a-tretinoina-crema-0-05
wrinkles,tretinoin,Janssen Pharmaceuticals Retino-A Tretinoin Cream U.S.P. 0.05%,https://inkeedecoder.com/products/janssen-retino-a-tretinoin-cream-u-s-p-0-05
wrinkles,retinol,A-Passioni Retinol Cream Drunk Elephant,https://inkeedecoder.com/products/drunk-elephant-a-passioni-retinol-cream
wrinkles,retinol,Night Switch Retinol 1% Lixir,https://inkeedecoder.com/products/lixir-night-switch-retinol-1
wrinkles,retinol,Retinol 1.0 Maximum Strength Refining Night Cream SkinCeuticals,https://inkeedecoder.com/products/skinceuticals-retinol-1-0-maximum-strength-refining-night-cream
wrinkles,retinol,Retinol 1% In Squalane The Ordinary,https://inkeedecoder.com/products/the-ordinary-retinol-1-in-squalane
wrinkles,retinol,Retinol 6TR Serum Medik8,https://inkeedecoder.com/products/medik8-retinol-6tr-serum
wrinkles,retinol,Retinol 0.5 Refining Night Cream SkinCeuticals,https://inkeedecoder.com/products/skinceuticals-retinol-0-5-refining-night-cream
wrinkles,retinol,Retinol 0.5% In Squalane The Ordinary,https://inkeedecoder.com/products/the-ordinary-retinol-0-5-in-squalane
wrinkles,retinol,Retinol 3 Tr Serum Medik8,https://inkeedecoder.com/products/medik8-retinol-3-tr-serum
wrinkles,retinol,Retinol 0.3 SkinCeuticals,https://inkeedecoder.com/products/skinceuticals-retinol-0-3
wrinkles,retinol,Visionnaire Skin Solutions Retinol Serum Lancôme,https://inkeedecoder.com/products/lancome-visionnaire-skin-solutions-retinol-serum
wrinkles,retinol,Lab. Restoring Radiance Serum Purid,https://inkeedecoder.com/products/purid-lab-restoring-serum
wrinkles,retinol,Fine Fairness Brightening Serum Neutrogena,https://inkeedecoder.com/products/neutrogena-fine-fairness-brightening-serum
wrinkles,tazarotene,"Almirall TAZORAC® (tazarotene) gel, 0.1%",https://inkeedecoder.com/products/almirall-tazorac-r-tazarotene-gel-0-1
wrinkles,tazarotene,"Ortho Dermatologics ARAZLO® (tazarotene) Lotion, 0.045%",https://inkeedecoder.com/products/ortho-dermatologics-arazlo-r-tazarotene-lotion-0-045
wrinkles,tazarotene,Rx only Tazarotene Cream 0.1%,https://inkeedecoder.com/products/rx-only-tazarotene-cream-0-1
wrinkles,tazarotene,Zarotex Zarotex Gel 0.1%,https://inkeedecoder.com/products/zarotex-zarotex-gel-0-1
wrinkles,tazarotene,Alcom Pharma JSC Derma Forte Advanced,https://inkeedecoder.com/products/alcom-pharma-jsc-derma-forte-advanced
wrinkles,tazarotene,Dermactive Acti Clear Global AC Cream,https://inkeedecoder.com/products/dermactive-acti-clear-global-ac-cream
wrinkles,tazarotene,Dermactive Acti-clear Gentle Cleansing Gel,https://inkeedecoder.com/products/dermactive-acti-clear-gentle-cleansing-gel
wrinkles,tazarotene,Boderm Tazarene Cream For Oily Skin,https://inkeedecoder.com/products/boderm-tazarene-cream-for-oily-skin
wrinkles,tazarotene,Boderm Tazarene Cream For Dry Skin,https://inkeedecoder.com/products/boderm-tazarene-cream-for-dry-skin
wrinkles,glycolic-acid,Aha Resurfacing Lotion 20 Intensive Exfoliating Treatment DCL,https://inkeedecoder.com/products/dcl-aha-resurfacing-lotion-20-50ml-intensive-exfoliating-treatment
wrinkles,glycolic-acid,Glycolix Elite Facial Cream 20% Topix,https://inkeedecoder.com/products/topix-glycolix-elite-facial-cream-20
wrinkles,glycolic-acid,Clarify Gel Plus Neostrata,https://inkeedecoder.com/products/neostrata-gel-plus
wrinkles,glycolic-acid,MelaBlok Dermasence,https://inkeedecoder.com/products/dermasence-melablok
wrinkles,glycolic-acid,Revitalift Derm Intensives 10% Pure Glycolic Acid Serum L'Oreal Paris,https://inkeedecoder.com/products/loreal-paris-10-pure-glycolic-acid-serum
wrinkles,glycolic-acid,Resist Weekly Resurfacing Treatment 10% Aha Paula's Choice,https://inkeedecoder.com/products/paulas-choice-resist-weekly-resurfacing-treatment-10-aha
wrinkles,glycolic-acid,Energy Complex Ahas Exfoliating Toner Aisuanis,https://inkeedecoder.com/products/aisuanis-energy-complex-ahas-exfoliating-toner
wrinkles,glycolic-acid,Compound Six Acid Nourishing Conditioning Biofilm Aisuanis,https://inkeedecoder.com/products/aisuanis-compound-six-acid-nourishing-conditioning-biofilm
wrinkles,ascorbic-acid,C Scape High Potency Night Booster 30 DCL,https://inkeedecoder.com/products/dcl-c-scape-high-potency-night-booster-30
wrinkles,ascorbic-acid,Vitamin C Suspension 30% In Silicone The Ordinary,https://inkeedecoder.com/products/the-ordinary-vitamin-c-suspension-30-in-silicone
wrinkles,ascorbic-acid,A.C.E. Vitamin C25 IOPE,https://inkeedecoder.com/products/iope-a-c-e-vitamin-c25
wrinkles,ascorbic-acid,C25 Neo Rohto Obagi,https://inkeedecoder.com/products/rohto-obagi-25-neo-vitamin-c-serum
wrinkles,ascorbic-acid,The Vitamin C23 IOPE,https://inkeedecoder.com/products/iope-the-vitamin-c23
wrinkles,ascorbic-acid,Vitamin C Suspension 23% + Ha Spheres 2% The Ordinary,https://inkeedecoder.com/products/the-ordinary-vitamin-c-suspension-23-ha-spheres-2
wrinkles,ascorbic-acid,Vitamin C24 Indeed Labs,https://inkeedecoder.com/products/indeed-labs-vitamin-c24
wrinkles,ascorbic-acid,Triple C Lightning Liquid COSRX,https://inkeedecoder.com/products/cosrx-triple-c-lightning-liquid
wrinkles,ascorbic-acid,VC Oxidation Resistance Serum Dr.magic,https://inkeedecoder.com/products/dr-magic-vc-oxidation-resistance-serum
wrinkles,ascorbic-acid,Vitamin Nectar Vitamin C Brightening Powder Fresh,https://inkeedecoder.com/products/fresh-vitamin-nectar-vitamin-c-brightening-powder
wrinkles,ascorbic-acid,Serum 20 AOX+ SkinCeuticals,https://inkeedecoder.com/products/skinceuticals-serum-20-aox
wrinkles,ascorbic-acid,20% Vitamin C Essence Spring Letter,https://inkeedecoder.com/products/spring-letter-20-vitamin-c-essence
wrinkles,niacinamide,Clinical Niacinamide 20% Treatment Paula's Choice,https://inkeedecoder.com/products/paulas-choice-clinical-niacinamide-20-treatment
wrinkles,niacinamide,Rejuvenating Brightening Essence BRODA® PRO,https://inkeedecoder.com/products/broda-r-pro-rejuvenating-brightening-essence
wrinkles,niacinamide,Niacinamide 10 Serum Cos De BAHA,https://inkeedecoder.com/products/cos-de-baha-niacinamide-10-serum
wrinkles,niacinamide,Flawless Nightly Serum Dr. Sam Bunting Skincare,https://inkeedecoder.com/products/dr-sam-bunting-skincare-flawless-nightly-serum
wrinkles,niacinamide,Niacinamide The Inkey List,https://inkeedecoder.com/products/the-inkey-list-niacinamide
wrinkles,niacinamide,Niacinamide 10% + Zinc 1% The Ordinary,https://inkeedecoder.com/products/the-ordinary-niacinamide-10-zinc-1-serum1
wrinkles,niacinamide,Pore Refining & Spot Correcting Concentrate dermistry⁺,https://inkeedecoder.com/products/dermistry-pore-refining-spot-correcting-concentrate
wrinkles,niacinamide,Star Light Spot Corrector Acaderma,https://inkeedecoder.com/products/acaderma-star-light-spot-corrector
wrinkles,niacinamide,Flawless Brightly Serum Dr Sam Bunting,https://inkeedecoder.com/products/dr-sam-bunting-flawless-brightly-serum
wrinkles,niacinamide,Flawless Moisturiser Dr. Sam Bunting Skincare,https://inkeedecoder.com/products/dr-sam-bunting-skincare-flawless-moisturiser
wrinkles,niacinamide,Lab. Restoring Brightening Serum Purid,https://inkeedecoder.com/products/purid-lab-restoring-brightening-serum
wrinkles,niacinamide,Abc Repair & Restore Antioxidant Serum Rx2 RejuAus,https://inkeedecoder.com/products/rejuaus-abc-repair-restore-antioxidant-serum-rx2
wrinkles,bakuchiol,Flawless Brightly Serum Dr Sam Bunting,https://inkeedecoder.com/products/dr-sam-bunting-flawless-brightly-serum
wrinkles,bakuchiol,Flawless Nightly Serum Dr. Sam Bunting Skincare,https://inkeedecoder.com/products/dr-sam-bunting-skincare-flawless-nightly-serum
wrinkles,bakuchiol,1% Bakuchiol Serum Revolution Skincare,https://inkeedecoder.com/products/revolution-skincare-1-bakuchiol-serum
wrinkles,bakuchiol,Flawless Neutralising Gel Dr. Sam Bunting Skincare,https://inkeedecoder.com/products/dr-sam-bunting-skincare-flawless-neutralising-gel
wrinkles,adapalene,Effaclar Adapalene Gel 0.1% Acne Treatment La Roche-Posay,https://inkeedecoder.com/products/la-roche-posay-effaclar-adapalene-gel-0-1-acne-treatment
wrinkles,retinyl-retinoate,Daisy Sky Advanced A Renewing Serum,https://inkeedecoder.com/products/daisy-sky-advanced-a-renewing-serum
wrinkles,retinyl-retinoate,Suikan Hada Overnight Refreshing Essence,https://inkeedecoder.com/products/suikan-hada-overnight-refreshing-essence
wrinkles,retinyl-retinoate,BioAqua 6x Gentle - A Retinol Serum,https://inkeedecoder.com/products/bioaqua-6x-gentle-a-retinol-serum
wrinkles,retinyl-retinoate,BioAqua 6x Gentle-a Retinal Serum,https://inkeedecoder.com/products/bioaqua-6x-gentle-a-retinal-serum
wrinkles,retinyl-retinoate,Verso Blemish Fix,https://inkeedecoder.com/products/verso-skincare-blemish-fix
wrinkles,retinyl-retinoate,Verso Daily Facial Fluid,https://inkeedecoder.com/products/verso-daily-facial-fluid
wrinkles,retinyl-retinoate,Verso Super Facial Oil With Retinol 8,https://inkeedecoder.com/products/verso-super-facial-oil-with-retinol-8
wrinkles,retinyl-retinoate,Verso Super Eye Serum,https://inkeedecoder.com/products/verso-super-eye-serum-2
wrinkles,retinyl-retinoate,Verso Super Facial Oil,https://inkeedecoder.com/products/verso-super-facial-oil
wrinkles,retinyl-retinoate,Medik8 R-Retinoate® Eye Serum,https://inkeedecoder.com/products/medik8-r-retinoate-r-eye-serum
wrinkles,retinyl-retinoate,RejuveNaturals Vitamin C Serum,https://inkeedecoder.com/products/rejuvenaturals-vitamin-c-serum
wrinkles,retinyl-retinoate,Enprani Bota Retinol Youth Repair Solution,https://inkeedecoder.com/products/enprani-bota-retinol-youth-repair-solution
wrinkles,retinyl-retinoate,Theramid A Retinyl Retinoate (2026),https://inkeedecoder.com/products/theramid-a-retinyl-retinoate-2026
wrinkles,retinyl-retinoate,Medik8 R-Retionate Youth Activating Cream,https://inkeedecoder.com/products/medik8-r-retionate-youth-activating-cream
wrinkles,retinyl-retinoate,Niche Beauty Lab Theramid A-Retinoate,https://inkeedecoder.com/products/niche-beauty-lab-theramid-a-retinoate
wrinkles,retinyl-retinoate,Verso Daily Glow,https://inkeedecoder.com/products/verso-daily-glow
wrinkles,retinyl-retinoate,Verso Night Cream,https://inkeedecoder.com/products/verso-night-cream
wrinkles,retinyl-retinoate,Verso Super Facial Serum,https://inkeedecoder.com/products/verso-super-facial-serum
wrinkles,retinyl-retinoate,Dermaquest Stem Cell 3D Active Retinol Repair 1%,https://inkeedecoder.com/products/dermaquest-stem-cell-3d-active-retinol-repair-1
wrinkles,retinyl-retinoate,MEDI-PEEL Retinol Collagen Lifting Cream,https://inkeedecoder.com/products/medi-peel-retinol-collagen-lifting-cream
wrinkles,retinyl-retinoate,Verso Super Eye Serum,https://inkeedecoder.com/products/verso-super-eye-serum
wrinkles,retinyl-retinoate,Peterson’s Lab Day & Night Eye Cream,https://inkeedecoder.com/products/petersons-lab-day-night-eye-cream
wrinkles,retinyl-retinoate,Verso Dark Spot Fix With Retinol 8,https://inkeedecoder.com/products/verso-dark-spot-fix-with-retinol-8
wrinkles,retinyl-retinoate,Verso Day Cream,https://inkeedecoder.com/products/verso-day-cream
wrinkles,retinyl-retinoate,Verso Reviving Eye Mask,https://inkeedecoder.com/products/verso-reviving-eye-mask
wrinkles,retinyl-retinoate,Blends and Formulas Hydrating Day & Night Cream +Barrier Repair,https://inkeedecoder.com/products/blends-and-formulas-hydrating-day-night-cream-barrier-repair
wrinkles,retinyl-retinoate,ELFormula Advanced Retinol Serum,https://inkeedecoder.com/products/elformula-advanced-retinol-serum-2
wrinkles,retinyl-retinoate,MEDI-PEEL Retinol Collagen Lifting Toner,https://inkeedecoder.com/products/medi-peel-retinol-collagen-lifting-toner
wrinkles,retinyl-retinoate,bareMinerals Prime Time BB Primer Cream SPF30,https://inkeedecoder.com/products/bareminerals-prime-time-bb-primer-cream-spf30
wrinkles,retinyl-retinoate,bareMinerals Prime Time BB Primer-cream Daily Defence SPF 30,https://inkeedecoder.com/products/bareminerals-prime-time-bb-primer-cream-daily-defence-spf30
wrinkles,retinyl-retinoate,BioAqua 6x Gentle-a Retinal Anti Aging Toner,https://inkeedecoder.com/products/bioaqua-6x-gentle-a-retinal-anti-aging-toner
wrinkles,retinyl-retinoate,Medik8 R-retinoate® Day & Night,https://inkeedecoder.com/products/medik8-r-retinoate-r-day-night
wrinkles,retinyl-retinoate,BioAqua 6x Gentle-a Retinol Anti Aging Cleanser,https://inkeedecoder.com/products/bioaqua-6x-gentle-a-retinol-anti-aging-cleanser
wrinkles,retinyl-retinoate,Verso Hand Serum With Retinol 8,https://inkeedecoder.com/products/verso-hand-serum-with-retinol-8
wrinkles,retinyl-retinoate,Verso Lip Serum By Verso,https://inkeedecoder.com/products/verso-lip-serum-by-verso
wrinkles,retinyl-retinoate,MEDI-PEEL Retinol Collagen Lifting Ampoule,https://inkeedecoder.com/products/medi-peel-retinol-collagen-lifting-ampoule
wrinkles,retinyl-retinoate,bareMinerals Prime Time BB Primer-cream,https://inkeedecoder.com/products/bareminerals-prime-time-bb-primer-cream
wrinkles,retinyl-retinoate,BioAqua 6x Gentle-a Retinal Anti Aging Cream,https://inkeedecoder.com/products/bioaqua-6x-gentle-a-retinal-anti-aging-cream
wrinkles,retinyl-retinoate,Medik8 R-Retinoate Intense,https://inkeedecoder.com/products/medik8-r-retinoate-intense
wrinkles,retinyl-retinoate,Medik8 R-Retinoate Ultimate Night Serum,https://inkeedecoder.com/products/medik8-r-retinoate-ultimate-night-serum
wrinkles,retinyl-retinoate,MEDIPEEL Retinal Nmn Bounce Shot Booster,https://inkeedecoder.com/products/medipeel-retinal-nmn-bounce-shot-booster
wrinkles,retinyl-retinoate,Medicube Deep Vita A Retinol Serum,https://inkeedecoder.com/products/medicube-deep-vita-a-retinol-serum
wrinkles,retinyl-retinoate,Medicube Deep Reviving Bakuchiol Retinol Serum,https://inkeedecoder.com/products/medicube-deep-reviving-bakuchiol-retinol-serum
wrinkles,retinyl-retinoate,it Cosmetics Bye Bye Redness Sensitive Skin Moisturizer,https://inkeedecoder.com/products/it-cosmetics-bye-bye-redness-sensitive-skin-moisturizer
wrinkles,retinyl-propionate,Retinol Reform Resurface by Shani Darden,https://inkeedecoder.com/products/resurface-by-shani-darden-retinol-reform
wrinkles,palmitoyl-pentapeptide-4,Crystolite Melona-F,https://inkeedecoder.com/products/crystolite-melona-f
wrinkles,palmitoyl-pentapeptide-4,NCN PRO SKINCARE Multi-Active Peptide Matrixyl Serum 25%,https://inkeedecoder.com/products/ncn-pro-skincare-multi-active-peptide-matrixyl-serum-25-2
wrinkles,palmitoyl-pentapeptide-4,The Ordinary Matrixyl 10% + Ha,https://inkeedecoder.com/products/the-ordinary-matrixyl-10-ha-2
wrinkles,palmitoyl-pentapeptide-4,Alloy M4 Eye Cream,https://inkeedecoder.com/products/alloy-m4-eye-cream
wrinkles,palmitoyl-pentapeptide-4,Beverly Hills Global Firm3 Serum,https://inkeedecoder.com/products/beverly-hills-global-firm3-serum
wrinkles,palmitoyl-pentapeptide-4,Kalahari Vita-Gel Mask,https://inkeedecoder.com/products/kalahari-vita-gel-mask
wrinkles,palmitoyl-pentapeptide-4,"NutriBiotic Ultra-Hydrating, Peptide Face Creme",https://inkeedecoder.com/products/nutribiotic-ultra-hydrating-peptide-face-creme
wrinkles,palmitoyl-pentapeptide-4,Olay Pro Advanced Regenerist Complex,https://inkeedecoder.com/products/olay-pro-advanced-regenerist-complex
wrinkles,palmitoyl-pentapeptide-4,Clear SkinCare Tighten Serum,https://inkeedecoder.com/products/clear-skincare-tighten-serum
wrinkles,palmitoyl-pentapeptide-4,Dermadoctor Wrinkle Revenge Rescue And Protect Eye Balm,https://inkeedecoder.com/products/dermadoctor-wrinkle-revenge-rescue-and-protect-eye-balm
wrinkles,palmitoyl-pentapeptide-4,Image Skincare Vital C Hydrating Eye Recovery Gel,https://inkeedecoder.com/products/image-skincare-vital-c-hydrating-eye-recovery-gel
wrinkles,palmitoyl-pentapeptide-4,Innertrue Focus Penta Hyaluronic + Peptide Ampoule,https://inkeedecoder.com/products/innertrue-focus-penta-hyaluronic-peptide-ampoule
wrinkles,palmitoyl-pentapeptide-4,Makeup Artist Choice Transforming Anti Aging Serum - Loaded With Multi-Actives,https://inkeedecoder.com/products/makeup-artist-choice-transforming-anti-aging-serum-loaded-with-multi-actives
wrinkles,palmitoyl-pentapeptide-4,Skin Actives Scientific Palmitoyl Pentapeptide-3,https://inkeedecoder.com/products/skin-actives-scientific-palmitoyl-pentapeptide-3
wrinkles,palmitoyl-pentapeptide-4,Suiphar Peptix,https://inkeedecoder.com/products/suiphar-peptix
wrinkles,palmitoyl-pentapeptide-4,Be ceuticals Perfect Eyes,https://inkeedecoder.com/products/be-ceuticals-perfect-eyes
wrinkles,palmitoyl-pentapeptide-4,CELLBONE Collagen Peptide Xc,https://inkeedecoder.com/products/cellbone-collagen-peptide-xc
wrinkles,palmitoyl-pentapeptide-4,CELLBONE Hyper Peptides,https://inkeedecoder.com/products/cellbone-hyper-peptides
wrinkles,palmitoyl-pentapeptide-4,Cara Skin Care Amicelle Anti-Line Serum,https://inkeedecoder.com/products/cara-skin-care-amicelle-anti-line-serum
wrinkles,palmitoyl-pentapeptide-4,Herbal Skin Solutions Egf Cellular Activator,https://inkeedecoder.com/products/herbal-skin-solutions-egf-cellular-activator
wrinkles,palmitoyl-pentapeptide-4,Joli Brightening Serum,https://inkeedecoder.com/products/joli-brightening-serum
wrinkles,palmitoyl-pentapeptide-4,Joli Sculpting & Firming Serum,https://inkeedecoder.com/products/joli-sculpting-firming-serum
wrinkles,palmitoyl-pentapeptide-4,Lanbena Grape Seed Cream Moisturizer,https://inkeedecoder.com/products/lanbena-grape-seed-cream-moisturizer
wrinkles,palmitoyl-pentapeptide-4,Lanbena Grape Seed Eye Cream,https://inkeedecoder.com/products/lanbena-grape-seed-eye-cream
wrinkles,palmitoyl-pentapeptide-4,Le Mieux Bio Cell Rejuvenating Cream,https://inkeedecoder.com/products/le-mieux-bio-cell-rejuvenating-cream
wrinkles,palmitoyl-pentapeptide-4,Le Mieux Bio Cell Rejuvenating Cream,https://inkeedecoder.com/products/le-mieux-bio-cell-rejuvenating-cream-2
wrinkles,palmitoyl-pentapeptide-4,Le Mieux Bio Cell Rejuvenating Cream,https://inkeedecoder.com/products/le-mieux-bio-cell-rejuvenating-cream-3
wrinkles,palmitoyl-pentapeptide-4,Le Mieux Essence Moisturizer,https://inkeedecoder.com/products/le-mieux-essence-moisturizer
wrinkles,palmitoyl-pentapeptide-4,Le Mieux Moisture Infusion Mask,https://inkeedecoder.com/products/le-mieux-moisture-infusion-mask
wrinkles,palmitoyl-pentapeptide-4,Le Mieux Tgf-B Eye Firming Mask,https://inkeedecoder.com/products/le-mieux-tgf-b-eye-firming-mask
wrinkles,palmitoyl-pentapeptide-4,Matas Striber Anti Wrinkle Øjengele Til Normal Hud Uden Parfume,https://inkeedecoder.com/products/matas-striber-anti-wrinkle-ojengele-til-normal-hud-uden-parfume
wrinkles,palmitoyl-pentapeptide-4,Nayelle Revitalizing Serum,https://inkeedecoder.com/products/nayelle-revitalizing-serum
wrinkles,palmitoyl-pentapeptide-4,Nayelle Vitamin C Luminous Serum,https://inkeedecoder.com/products/nayelle-vitamin-c-luminous-serum
wrinkles,palmitoyl-pentapeptide-4,Olay Advanced Brightening Sheet Mask,https://inkeedecoder.com/products/olay-advanced-brightening-sheet-mask
wrinkles,palmitoyl-pentapeptide-4,Olay Winkle And Pore Filler,https://inkeedecoder.com/products/olay-winkle-and-pore-filler
wrinkles,palmitoyl-pentapeptide-4,Olay Regenerist Wrinkle & Pore Vanisher,https://inkeedecoder.com/products/olay-regenerist-wrinkle-pore-vanisher
wrinkles,palmitoyl-pentapeptide-4,Reviva Labs Nasolabial Fold+ Multi-Peptide Comp,https://inkeedecoder.com/products/reviva-labs-nasolabial-fold-multi-peptide-comp
wrinkles,palmitoyl-pentapeptide-4,SkinMaster Peptide Repair Serum,https://inkeedecoder.com/products/skinmaster-peptide-repair-serum
wrinkles,palmitoyl-pentapeptide-4,Skoah. Skin Boost Serum,https://inkeedecoder.com/products/skoah-skin-boost-serum
wrinkles,palmitoyl-pentapeptide-4,Tree of Life Pro Collagen Triple Peptide Serum,https://inkeedecoder.com/products/tree-of-life-pro-collagen-triple-peptide-serum
wrinkles,palmitoyl-pentapeptide-4,Velatox Gf11,https://inkeedecoder.com/products/velatox-gf11
wrinkles,palmitoyl-pentapeptide-4,Altesse Soin Reservoir Hydrating Serum,https://inkeedecoder.com/products/altesse-soin-reservoir-hydrating-serum
wrinkles,palmitoyl-pentapeptide-4,Circadia Myo-Cyte Plus Anti Wrinkle Serum,https://inkeedecoder.com/products/circadia-myo-cyte
wrinkles,palmitoyl-pentapeptide-4,Conscious Chemist 6 Peptide Booster Complex,https://inkeedecoder.com/products/conscious-chemist-6-peptide-booster-complex
wrinkles,palmitoyl-pentapeptide-4,Conscious Chemist 6 Peptide Complex Collagen Boosting Firming Essence Serum,https://inkeedecoder.com/products/conscious-chemist-6-peptide-complex-collagen-boosting-firming-essence-serum
wrinkles,palmitoyl-pentapeptide-4,Derma Geek Smoothing Facial Serum 0.3% Retinoid,https://inkeedecoder.com/products/derma-geek-smoothing-facial-serum-0-3-retinoid
wrinkles,palmitoyl-pentapeptide-4,Dermalogica Extra Firming Booster,https://inkeedecoder.com/products/dermalogica-extra-firming-booster
wrinkles,palmitoyl-pentapeptide-4,Dermaroller Intensive Hyaluronic Moisturizer Mask,https://inkeedecoder.com/products/dermaroller-intensive-hyaluronic-moisturizer
wrinkles,palmitoyl-pentapeptide-4,Earthen Skincare Repair & Lift,https://inkeedecoder.com/products/earthen-skincare-repair-lift
wrinkles,palmitoyl-pentapeptide-4,Glo blanc Intensive Repair Night Cream,https://inkeedecoder.com/products/glo-blanc-intensive-repair-night-cream
wrinkles,acetyl-hexapeptide-8,Cellimure Peptide Pdrn Botul Lifting Ampoule,https://inkeedecoder.com/products/cellimure-peptide-pdrn-botul-lifting-ampoule
wrinkles,acetyl-hexapeptide-8,Dew and Dew Luxury Cell Collagen Peptide Ampoule,https://inkeedecoder.com/products/dew-and-dew-luxury-cell-collagen-peptide-ampoule
wrinkles,acetyl-hexapeptide-8,Greymelin Multi Peptide Ampoule,https://inkeedecoder.com/products/greymelin-multi-peptide-ampoule
wrinkles,acetyl-hexapeptide-8,Scinic Peptide Ampoule 95,https://inkeedecoder.com/products/scinic-peptide-ampoule-95
wrinkles,acetyl-hexapeptide-8,Sidmool Acetyl Ampoule,https://inkeedecoder.com/products/sidmool-acetyl-ampoule
wrinkles,acetyl-hexapeptide-8,Sidmool Min Jung Gi Efi Eye Cream,https://inkeedecoder.com/products/sidmool-min-jung-gi-efi-eye-cream
wrinkles,acetyl-hexapeptide-8,Ageless Serums Growth Factor Infusion,https://inkeedecoder.com/products/ageless-serums-growth-factor-infusion
wrinkles,acetyl-hexapeptide-8,Aromavit Serum Botox Argireline,https://inkeedecoder.com/products/aromavit-serum-botox-argireline
wrinkles,acetyl-hexapeptide-8,Bazi - SkyForest Anti-aging Cream Base - MC,https://inkeedecoder.com/products/bazi-skyforest-anti-aging-cream-base-mc
wrinkles,acetyl-hexapeptide-8,Borghese Insta Form Platinum,https://inkeedecoder.com/products/borghese-insta-form-platinum
wrinkles,acetyl-hexapeptide-8,CELLBONE Hyper Peptides,https://inkeedecoder.com/products/cellbone-hyper-peptides
wrinkles,acetyl-hexapeptide-8,CRL Peptide Aqua Gel Mask,https://inkeedecoder.com/products/crl-peptide-aqua-gel-mask
wrinkles,acetyl-hexapeptide-8,DMK Eye Tone,https://inkeedecoder.com/products/dmk-eye-tone
wrinkles,acetyl-hexapeptide-8,De Anne Skincare ￼10% Argireline Serum With Nad+,https://inkeedecoder.com/products/de-anne-skincare-10-argireline-serum-with-nad
wrinkles,acetyl-hexapeptide-8,Derm Institute Youth Alchemy Eye Cream,https://inkeedecoder.com/products/derm-institute-youth-alchemy-eye-cream
wrinkles,acetyl-hexapeptide-8,Dermaceutic Peptidos De Cobre Suero Anti-edad,https://inkeedecoder.com/products/dermaceutic-peptidos-de-cobre-suero-anti-edad
wrinkles,acetyl-hexapeptide-8,Dermaten Firming Power Serum,https://inkeedecoder.com/products/dermaten-firming-power-serum
wrinkles,acetyl-hexapeptide-8,Dr's Secret Aestier By Dr's Secret Eye Cream,https://inkeedecoder.com/products/drs-secret-aestier-by-drs-secret-eye-cream
wrinkles,acetyl-hexapeptide-8,Dr's Secret Eye Cream,https://inkeedecoder.com/products/drs-secret-eye-cream
wrinkles,acetyl-hexapeptide-8,Foresta Pore And Whitening Serum,https://inkeedecoder.com/products/foresta-pore-and-whitening-serum
wrinkles,acetyl-hexapeptide-8,Gabit Multi-peptide & Resveratrol Face Serum,https://inkeedecoder.com/products/gabit-multi-peptide-resveratrol-face-serum
wrinkles,acetyl-hexapeptide-8,Gravity Skincare 1All™ Serum,https://inkeedecoder.com/products/gravity-skincare-1all-tm-serum
wrinkles,acetyl-hexapeptide-8,Her Hyness Bio-peptide Advanced Youth Plus Glow Serum,https://inkeedecoder.com/products/her-hyness-bio-peptide-advanced-youth-plus-glow-serum
wrinkles,acetyl-hexapeptide-8,"Hyalogic Episilk, Facial Relax Face Serum",https://inkeedecoder.com/products/hyalogic-episilk-facial-relax-face-serum
wrinkles,acetyl-hexapeptide-8,Image Skincare The Max Stem Cell Eye Creme,https://inkeedecoder.com/products/image-skincare-the-max-stem-cell-eye-creme
wrinkles,acetyl-hexapeptide-8,Image Skincare The Max™ Stem Cell Serum,https://inkeedecoder.com/products/image-skincare-the-max-tm-stem-cell-serum
wrinkles,acetyl-hexapeptide-8,Kirkland Signature Borghese Insta-Firm Platinum Advanced Wrinkle Relaxer,https://inkeedecoder.com/products/kirkland-signature-borghese-insta-firm-platinum-advanced-wrinkle-relaxer
wrinkles,acetyl-hexapeptide-8,Le Mieux Bio Cell Rejuvenating Cream,https://inkeedecoder.com/products/le-mieux-bio-cell-rejuvenating-cream
wrinkles,acetyl-hexapeptide-8,Le Mieux Bio Cell Rejuvenating Cream,https://inkeedecoder.com/products/le-mieux-bio-cell-rejuvenating-cream-2
wrinkles,acetyl-hexapeptide-8,Le Mieux Bio Cell Rejuvenating Cream,https://inkeedecoder.com/products/le-mieux-bio-cell-rejuvenating-cream-3
wrinkles,acetyl-hexapeptide-8,Le Mieux Essence Moisturizer,https://inkeedecoder.com/products/le-mieux-essence-moisturizer
wrinkles,acetyl-hexapeptide-8,Lira Clinical Bio Lift Creme,https://inkeedecoder.com/products/lira-clinical-bio-lift-creme
wrinkles,acetyl-hexapeptide-8,Maruderm Tonik %96 Salyangoz Özlü,https://inkeedecoder.com/products/maruderm-tonik-96-salyangoz-ozlu
wrinkles,acetyl-hexapeptide-8,Matte Renewal Serum,https://inkeedecoder.com/products/matte-renewal-serum
wrinkles,acetyl-hexapeptide-8,Mzel 20% Argireline With HA,https://inkeedecoder.com/products/mzel-20-argireline-with-ha
wrinkles,acetyl-hexapeptide-8,NuGene Eye Serum,https://inkeedecoder.com/products/nugene-eye-serum
wrinkles,acetyl-hexapeptide-8,"Papaba 20% Argireline Serum With Matrixyl 3000 Pure Hyaluronic Acid For Face,with Vitamin C",https://inkeedecoder.com/products/papaba-20-argireline-serum-with-matrixyl-3000-pure-hyaluronic-acid-for-face-with-vitamin-c
wrinkles,acetyl-hexapeptide-8,Pure Choice Pure Choice X Çisem Çakır Peptide Complex Serum,https://inkeedecoder.com/products/pure-choice-pure-choice-x-cisem-cakir-peptide-complex-serum
wrinkles,acetyl-hexapeptide-8,Recover Antiaging Antiarrugas Intensivo,https://inkeedecoder.com/products/recover-antiaging-antiarrugas-intensivo
wrinkles,acetyl-hexapeptide-8,Sharova Pro Anti-wrinkle Facial Line Cream,https://inkeedecoder.com/products/sharova-pro-anti-wrinkle-facial-line-cream
wrinkles,acetyl-hexapeptide-8,Skin1765 Repair,https://inkeedecoder.com/products/skin1765-repair
wrinkles,acetyl-hexapeptide-8,Skinwell Derm (Dr. Ava Khosraviani) Total Eye,https://inkeedecoder.com/products/skinwell-derm-dr-ava-khosraviani-total-eye
wrinkles,acetyl-hexapeptide-8,Spa Salonnepro Anti-aging Serum,https://inkeedecoder.com/products/spa-salonnepro-anti-aging-serum
wrinkles,acetyl-hexapeptide-8,Suiphar Peptix,https://inkeedecoder.com/products/suiphar-peptix
wrinkles,acetyl-hexapeptide-8,Summer Fridays Light Aura Vitamin C + Peptide Eye Cream,https://inkeedecoder.com/products/summer-fridays-light-aura-vitamin-c-peptide-eye-cream-3
wrinkles,acetyl-hexapeptide-8,The Skin Collection Argireline 10%,https://inkeedecoder.com/products/the-skin-collection-argireline-10
wrinkles,acetyl-hexapeptide-8,The Skin Collection Serum Argireline 10%,https://inkeedecoder.com/products/the-skin-collection-serum-argireline-10
wrinkles,acetyl-hexapeptide-8,Theraderm Eternox Peptide Creme,https://inkeedecoder.com/products/theraderm-eternox-peptide-creme
wrinkles,acetyl-hexapeptide-8,TiN5 The Youth Booster,https://inkeedecoder.com/products/tin5-the-youth-booster
wrinkles,acetyl-hexapeptide-8,Trish McEvoy Instant Solutions Triangle Of Light Eye Mask,https://inkeedecoder.com/products/trish-mcevoy-instant-solutions-triangle-of-light-eye-mask
wrinkles,sodium-hyaluronate-acid,Urban Skin Rx Hydrafirm+ Brightening Serum,https://inkeedecoder.com/products/urban-skin-rx-hydrafirm-brightening-serum
wrinkles,sodium-hyaluronate-acid,vitaSea Play Day Mineral Sunscreen,https://inkeedecoder.com/products/vitasea-play-day-mineral-sunscreen
wrinkles,sodium-hyaluronate-acid,Art Naturals Retinol Serum,https://inkeedecoder.com/products/art-naturals-retinol-serum
wrinkles,sodium-hyaluronate-acid,Mad Hippie Corrective Peptide Serum,https://inkeedecoder.com/products/mad-hippie-corrective-peptide-serum
wrinkles,sodium-hyaluronate-acid,Mad Hippie Peptide Serum,https://inkeedecoder.com/products/mad-hippie-peptide-serum
wrinkles,sodium-hyaluronate-acid,Art Naturals Hyaluronic Acid Serum,https://inkeedecoder.com/products/art-naturals-hyaluronic-acid-serum
wrinkles,sodium-hyaluronate-acid,Art Naturals Vitamin C Serum,https://inkeedecoder.com/products/art-naturals-vitamin-c-serum
wrinkles,sodium-hyaluronate-acid,OathMD TBH Facial Serum,https://inkeedecoder.com/products/oathmd-tbh-facial-serum
wrinkles,sodium-hyaluronate-acid,"Artnaturas Youth Eye Gel, Deep Hydration + Firming Formula",https://inkeedecoder.com/products/artnaturas-youth-eye-gel-deep-hydration-firming-formula
wrinkles,sodium-hyaluronate-acid,Insta Natural Glycolic Acid Facial Peel With Vitamin C,https://inkeedecoder.com/products/insta-natural-glycolic-acid-facial-peel-with-vitamin-c
wrinkles,sodium-hyaluronate-acid,Mad Hippie Concealer,https://inkeedecoder.com/products/mad-hippie-concealer
wrinkles,sodium-hyaluronate-acid,"vitaSea Ultra Sheer Mineral Sunscreen, SPF 30",https://inkeedecoder.com/products/vitasea-ultra-sheer-mineral-sunscreen-spf-30
wrinkles,sodium-hyaluronate-acid,Civant Moisturizer,https://inkeedecoder.com/products/civant-moisturizer
wrinkles,sodium-hyaluronate-acid,Mad Hippie Super A Serum,https://inkeedecoder.com/products/mad-hippie-super-a-serum
wrinkles,sodium-hyaluronate-acid,Mad Hippie Microdermabrasion Facial,https://inkeedecoder.com/products/mad-hippie-microdermabrasion-facial
wrinkles,sodium-hyaluronate-acid,Mad Hippie Triple C Night Cream,https://inkeedecoder.com/products/mad-hippie-triple-c-night-cream-2
wrinkles,sodium-hyaluronate-acid,Civant Meladerm,https://inkeedecoder.com/products/civant-meladerm
wrinkles,coenzyme-a,Mirabella Amp 2.0 Eyelash & Brow Growth Enhancing Serum,https://inkeedecoder.com/products/mirabella-amp-2-0-eyelash-brow-growth-enhancing-serum
wrinkles,coenzyme-a,Versed The Fix Emergency Eye Mask,https://inkeedecoder.com/products/versed-the-fix
wrinkles,coenzyme-a,Annie's Way Honey Deep Moisturizing Jelly Mask,https://inkeedecoder.com/products/annies-way-honey-deep-moisturizing-jelly-mask
wrinkles,coenzyme-a,Pirin Dream Anti Cellulite Cream,https://inkeedecoder.com/products/pirin-dream-anti-cellulite-cream
wrinkles,coenzyme-a,Zo Skin Health Zein Obagi Body Smoothing Creme,https://inkeedecoder.com/products/zo-skin-health-zein-obagi-body-smoothing-creme
wrinkles,coenzyme-a,Repechage Vita Cura® Cellusea Lift™ Body Contour Cream,https://inkeedecoder.com/products/repechage-vita-cura-r-cellusea-lift-tm-body-contour-cream
wrinkles,coenzyme-a,Steelfit Steel Fit + Tone,https://inkeedecoder.com/products/steelfit-steel-fit-tone
wrinkles,coenzyme-a,Tracie Martyn Face Resculpting Cream,https://inkeedecoder.com/products/tracie-martyn-face-resculpting-cream
wrinkles,coenzyme-a,KERSTIN FLORIAN Caviar Age-Defense Serum,https://inkeedecoder.com/products/kerstin-florian-caviar-age-defense-serum
wrinkles,coenzyme-a,Watsons Whitening & Firming Body Lotion,https://inkeedecoder.com/products/watsons-whitening-firming-body-lotion
wrinkles,coenzyme-a,Aimée Refreshing Eye Cocktail,https://inkeedecoder.com/products/aimee-refreshing-eye-cocktail
wrinkles,coenzyme-a,Steelfit Abs Of Steel,https://inkeedecoder.com/products/steelfit-abs-of-steel
wrinkles,coenzyme-a,Watsons Collagen Firming Body Lotion,https://inkeedecoder.com/products/watsons-collagen-firming-body-lotion
wrinkles,coenzyme-a,Murad Advance Acne And Wrinkle Reducer,https://inkeedecoder.com/products/murad-advance-acne-and-wrinkle-reducer
wrinkles,coenzyme-a,Zo Skin Health Zein Obagi Cellulite Control,https://inkeedecoder.com/products/zo-skin-health-zein-obagi-cellulite-control
wrinkles,coenzyme-a,Marcelle New-Age Precision Anti-Wrinkle + Firming Day Cream,https://inkeedecoder.com/products/marcelle-new-age-precision-anti-wrinkle-firming-day-cream
wrinkles,coenzyme-a,Marcelle Newage Precision Anti-Wrinkle + Firming Night Cream,https://inkeedecoder.com/products/marcelle-newage-precision-anti-wrinkle-firming-night-cream
wrinkles,coenzyme-a,Biologique Recherche Cocktail D'Actifs Regenerants Serums,https://inkeedecoder.com/products/biologique-recherche-cocktail-dactifs-regenerants-serums
wrinkles,coenzyme-a,mesoxy Rejuvenating + Ha 1% / Yoğun Antiaging,https://inkeedecoder.com/products/mesoxy-rejuvenating-ha-1-yogun-antiaging
wrinkles,coenzyme-a,Biologique Recherche Cocktail d’Actifs Regenerants,https://inkeedecoder.com/products/biologique-recherche-cocktail-dactifs-regenerants
wrinkles,coenzyme-a,La Mer The Lifting And Firming Mask,https://inkeedecoder.com/products/la-mer-the-lifting-and-firming-mask
wrinkles,coenzyme-a,Oriental Princess Milky Whitening Radiance Intensive Booster Whitening & Firming Body Lotion SPF25,https://inkeedecoder.com/products/oriental-princess-milky-whitening-radiance-intensive-booster-whitening-firming-body-lotion-spf25
wrinkles,coenzyme-a,Filorga Laboratories Time-filler Intensive 5xp,https://inkeedecoder.com/products/filorga-laboratories-time-filler-intensive-5xp
wrinkles,coenzyme-a,Zo skin health Eye Brightening Creme,https://inkeedecoder.com/products/zo-skin-health-eye-brightening-creme
wrinkles,coenzyme-a,La Mer The Body Crème,https://inkeedecoder.com/products/la-mer-the-body-creme
wrinkles,coenzyme-a,Filorga Laboratories Oxygen-Peel Loção Micropeeling Reoxigenante,https://inkeedecoder.com/products/filorga-oxygen-peel-locao-micropeeling-reoxigenante
wrinkles,coenzyme-a,HydroPeptide Clarifying Toner Balance & Control Pads,https://inkeedecoder.com/products/hydropeptide-clarifying-toner-balance-control-pads
wrinkles,coenzyme-a,Filorga Laboratories C-recover Radiance Boosting Concentrate,https://inkeedecoder.com/products/filorga-laboratories-c-recover-radiance-boosting-concentrate
wrinkles,coenzyme-a,Filorga Laboratories Oxygen-Peel,https://inkeedecoder.com/products/filorga-oxygen-peel
wrinkles,coenzyme-a,Filorga Time-filler Essence,https://inkeedecoder.com/products/filorga-time-filler-essence
wrinkles,coenzyme-a,Filorga Laboratories Ncef - Shot,https://inkeedecoder.com/products/filorga-laboratories-ncef-shot
wrinkles,coenzyme-a,HydroPeptide Miracle Face Mask,https://inkeedecoder.com/products/hydropeptide-miracle-face-mask
wrinkles,coenzyme-a,Filorga Laboratories Filorga Oxygen-peel Loción,https://inkeedecoder.com/products/filorga-laboratories-filorga-oxygen-peel-locion
wrinkles,coenzyme-a,Filorga Laboratories C-Recover Radiance Booster Concentrate,https://inkeedecoder.com/products/filorga-c-recover-radiance-booster-concentrate
wrinkles,coenzyme-a,Filorga Laboratories Scrub & Detox Intense Purity Foam Exfoliator,https://inkeedecoder.com/products/filorga-laboratories-scrub-detox-intense-purity-foam-exfoliator
wrinkles,coenzyme-a,Filorga Laboratories Scrub & Peel,https://inkeedecoder.com/products/filorga-scrub-peel
wrinkles,coenzyme-a,Filorga Ncef-essence Supreme Multi-correction Lotion,https://inkeedecoder.com/products/filorga-ncef-essence-supreme-multi-correction-lotion
wrinkles,coenzyme-a,Filorga Laboratories Hydra - Aox [5],https://inkeedecoder.com/products/filorga-laboratories-hydra-aox-5
wrinkles,coenzyme-a,Filorga Global Repair Advanced Elixir,https://inkeedecoder.com/products/filorga-global-repair-advanced-elixir
wrinkles,coenzyme-a,Filorga Hydra-hyal Sérum,https://inkeedecoder.com/products/filorga-hydra-hyal-serum-2
wrinkles,coenzyme-a,Filorga Meso-mask Smoothing Radiance Mask,https://inkeedecoder.com/products/filorga-meso-mask-smoothing-radiance-mask-2
wrinkles,coenzyme-a,Filorga Laboratories Hydra Filler Pro-Youth Moisturizer Care,https://inkeedecoder.com/products/filorga-laboratories-hydra-filler-pro-youth-moisturizer-care
wrinkles,coenzyme-a,Filorga Laboratories Ncef Night Mask,https://inkeedecoder.com/products/filorga-ncef-night-mask
wrinkles,coenzyme-a,Filorga Laboratories Neocica Moisturizing Repairing Care,https://inkeedecoder.com/products/filorga-laboratories-neocica-moisturizing-repairing-care
wrinkles,coenzyme-a,Filorga Laboratories Age-purify Intensive Serum,https://inkeedecoder.com/products/filorga-laboratories-age-purify-intensive-serum
wrinkles,coenzyme-a,Filorga Laboratories Filorga Nutri-filler Plumping Lip Balm,https://inkeedecoder.com/products/filorga-laboratories-filorga-nutri-filler-plumping-lip-balm
wrinkles,coenzyme-a,Filorga Laboratories Hydra-Filler Mat Moisturizer Gel Cream,https://inkeedecoder.com/products/filorga-hydra-filler-mat-moisturizer-gel-cream
wrinkles,coenzyme-a,Filorga Laboratories Meso-Mask Smoothing Radiance Mask,https://inkeedecoder.com/products/filorga-meso-mask-smoothing-radiance-mask
wrinkles,coenzyme-a,Filorga Laboratories Scrub & Mask,https://inkeedecoder.com/products/filorga-scrub-mask-exfoliant-reoxygenant
wrinkles,coenzyme-a,Filorga Labaratories Hyalu-filler Hydrating Plumping Cream,https://inkeedecoder.com/products/filorga-labaratories-hyalu-filler-hydrating-plumping-cream
wrinkles,kinetin,transderma Transderma O,https://inkeedecoder.com/products/transderma-transderma-o
wrinkles,kinetin,Vintner's Daughter Active Treatment Essence,https://inkeedecoder.com/products/vintners-daughter-active-treatment-essence-2
wrinkles,kinetin,Ofra Peptide Cleanser,https://inkeedecoder.com/products/ofra-peptide-cleanser
wrinkles,kinetin,Acti labs Eye Contour Concentrate,https://inkeedecoder.com/products/acti-labs-eye-contour-concentrate
wrinkles,kinetin,Bloomeffects Black Tulip Regenerative Brightening Serum,https://inkeedecoder.com/products/bloomeffects-black-tulip-regenerative-brightening-serum
wrinkles,kinetin,Obagi Kinetin+ Hydrating Eye Cream,https://inkeedecoder.com/products/obagi-kinetin
wrinkles,kinetin,Sonrei Sea Clearly® Hydrating Facial SPF 35,https://inkeedecoder.com/products/sonrei-sea-clearly-r-hydrating-facial-spf-35
wrinkles,kinetin,VMV HYPOALLERGENICS Re-Everything Cream Anti-Age Primary Treatment,https://inkeedecoder.com/products/vmv-hypoallergenics-re-everything-cream-anti-age-primary-treatment
wrinkles,kinetin,"VMV HYPOALLERGENICS Re-Everything Face, Hand & Body Lotion",https://inkeedecoder.com/products/vmv-hypoallergenics-re-everything-face-hand-body-lotion
wrinkles,kinetin,Obagi medical Kinetin+ Rejuvenating Serum,https://inkeedecoder.com/products/obagi-medical-kinetin-rejuvenating-serum
wrinkles,kinetin,Remedy For Pore Size,https://inkeedecoder.com/products/remedy-for-pore-size
wrinkles,kinetin,Obagi Kinetin+ Rejuvenating Serum,https://inkeedecoder.com/products/obagi-kinetin-rejuvenating-serum
wrinkles,kinetin,The Booster Company N° 01 Pieles Con Manchas,https://inkeedecoder.com/products/the-booster-company-ndeg-01-pieles-con-manchas
wrinkles,kinetin,Sonrei Clearly Zinc Hydrating Facial SPF 35+ Growth Factor Sunscreen Mineral Gel/primer,https://inkeedecoder.com/products/sonrei-clearly-zinc-hydrating-facial-spf-35-growth-factor-sunscreen-mineral-gel-primer
wrinkles,kinetin,Mastic origins Energezing Cream,https://inkeedecoder.com/products/mastic-origins-energezing-cream
wrinkles,kinetin,Obagi Clinical Vitamin C Eye Brightner,https://inkeedecoder.com/products/obagi-clinical-vitamin-c-eye-brightner
wrinkles,kinetin,Obagi Clinical Kintine+ Hydrating Cream,https://inkeedecoder.com/products/obagi-clinical-kintine-hydrating-cream
wrinkles,kinetin,Obgai Clinical Vitamin C Eye Brightener,https://inkeedecoder.com/products/obgai-clinical-vitamin-c-eye-brightener
wrinkles,kinetin,Ofra Peptide Brightening Mask,https://inkeedecoder.com/products/ofra-peptide-brightening-mask
wrinkles,kinetin,Oumere The Serum Bioluminelle Concentrate,https://inkeedecoder.com/products/oumere-the-serum-bioluminelle-concentrate
wrinkles,kinetin,Bloomeffects Black Tulip Regenelift Eye,https://inkeedecoder.com/products/bloomeffects-black-tulip-regenelift-eye
wrinkles,kinetin,Bottao Morning Serum,https://inkeedecoder.com/products/bottao-morning-serum
wrinkles,kinetin,Obagi medical Professional-c Peptide Complex,https://inkeedecoder.com/products/obagi-medical-professional-c-peptide-complex
wrinkles,kinetin,Pure Does It All Sheet Mask,https://inkeedecoder.com/products/100-pure-does-it-all-sheet-mask
wrinkles,kinetin,Bottao Evening Serum,https://inkeedecoder.com/products/bottao-evening-serum
wrinkles,kinetin,Hava Zingboim Gold Heating Mask,https://inkeedecoder.com/products/hava-zingboim-gold-heating-mask
wrinkles,kinetin,Ofra Vitamin C Cream,https://inkeedecoder.com/products/ofra-vitamin-c-cream
wrinkles,kinetin,Dermaquest Skin Therapy Revive Body,https://inkeedecoder.com/products/dermaquest-skin-therapy-revive-body
wrinkles,kinetin,Bloomeffects Royal Tulip Vitamin C Facial Oil,https://inkeedecoder.com/products/bloomeffects-royal-tulip-vitamin-c-facial-oil
wrinkles,kinetin,Skinwell Derm (Dr. Ava Khosraviani) Total Eye,https://inkeedecoder.com/products/skinwell-derm-dr-ava-khosraviani-total-eye
wrinkles,kinetin,doris day Hpr Eye,https://inkeedecoder.com/products/doris-day-hpr-eye
wrinkles,kinetin,Bloomeffects Black Tulip Overnight Retinoid Serum,https://inkeedecoder.com/products/bloomeffects-black-tulip-overnight-retinoid-serum
wrinkles,kinetin,Silex Skincare Layover Overnight Travel Recovery Mask,https://inkeedecoder.com/products/silex-skincare-layover-overnight-travel-recovery-mask
wrinkles,kinetin,DR. LEWINN'S Ultra R4 Restorative Cream,https://inkeedecoder.com/products/dr-lewinns-ultra-r4-restorative-cream
wrinkles,kinetin,Bloomeffects Black Tulip Facial Treatment,https://inkeedecoder.com/products/bloomeffects-black-tulip-facial-treatment
wrinkles,kinetin,NCN PRO SKINCARE All-In-One Anti Aging Cream,https://inkeedecoder.com/products/ncn-pro-skincare-all-in-one-anti-aging-cream
wrinkles,astaxanthin,Ao Skincare 6000x Elemental Screen SPF30,https://inkeedecoder.com/products/ao-skincare-6000x-elemental-screen-spf30
wrinkles,astaxanthin,Herbar The Sun Shield SPF30,https://inkeedecoder.com/products/herbar-the-sun-shield-spf30
wrinkles,astaxanthin,Sidmool Secret Of Red Astaxanthin Concentrate,https://inkeedecoder.com/products/sidmool-secret-of-red-astaxanthin-concentrate
wrinkles,astaxanthin,Skin Actives ROS Terminator,https://inkeedecoder.com/products/skin-actives-ros-terminator
wrinkles,astaxanthin,Skin Actives Scientific Astaxathan In Argan Oil,https://inkeedecoder.com/products/skin-actives-scientific-astaxathan-in-argan-oil
wrinkles,astaxanthin,Urban Essence Antioxidant Powerhouse Serum | 1% Astaxanthin | 4% Centella Asiatica | 1% Coenzyme Q10 | 1% Retinol | 3% Niacinamide -,https://inkeedecoder.com/products/urban-essence-antioxidant-powerhouse-serum-1-astaxanthin-4-centella-asiatica-1-coenzyme-q10-1-retinol-3-niacinamide
wrinkles,astaxanthin,Zena Astaxanthin & Vitamins Super Anti-oxidant Serum,https://inkeedecoder.com/products/zena-astaxanthin-vitamins-super-anti-oxidant-serum
wrinkles,astaxanthin,Aizen Carnosine Astaxanthin 4% Ultra Ampoule,https://inkeedecoder.com/products/aizen-carnosine-astaxanthin-4-ultra-ampoule
wrinkles,astaxanthin,AstaREAL Astarism Serum,https://inkeedecoder.com/products/astareal-astarism-serum
wrinkles,astaxanthin,Eleven skin Hydrate Cream Serum,https://inkeedecoder.com/products/eleven-skin-hydrate-cream-serum
wrinkles,astaxanthin,HANAJIRUSHI Okra Extract Cleansing Balm,https://inkeedecoder.com/products/hanajirushi-okra-extract-cleansing-balm
wrinkles,astaxanthin,Nø Cosmetics Vitamin C Serum,https://inkeedecoder.com/products/no-cosmetics-vitamin-c-serum
wrinkles,astaxanthin,Nø Cosmetics Vitamin C Serum,https://inkeedecoder.com/products/no-cosmetics-vitamin-c-serum-2
wrinkles,astaxanthin,Olae Natural Anti Aging Oil,https://inkeedecoder.com/products/olae-natural-anti-aging-oil
wrinkles,astaxanthin,Ava Laboratorium Asta C+ Cellular Rejuvenation,https://inkeedecoder.com/products/ava-laboratorium-asta-c-cellular-rejuvenation
wrinkles,astaxanthin,Ava Laboratorium Asta C+ Cellular Rejuvenation Face Serum,https://inkeedecoder.com/products/ava-laboratorium-asta-c-cellular-rejuvenation-face-serum
wrinkles,astaxanthin,Fitglow Beauty Vita Shield Plum Hyaluronic Primer SPF 30,https://inkeedecoder.com/products/fitglow-beauty-vita-shield-plum-hyaluronic-primer-spf-30
wrinkles,astaxanthin,Haeckels Kelp Bioferment,https://inkeedecoder.com/products/haeckels-kelp-biofermwnt
wrinkles,astaxanthin,Honua Hawaiian Skincare Hibiscus Hyaluronic Acid Beauty Booster Serum,https://inkeedecoder.com/products/honua-hawaiian-skincare-hibiscus-hyaluronic-acid-beauty-booster-serum
wrinkles,astaxanthin,MIMURA Treatment Lotion Noumitsu,https://inkeedecoder.com/products/mimura-treatment-lotion-noumitsu
wrinkles,astaxanthin,Mediheal Solaxanthin Cream,https://inkeedecoder.com/products/mediheal-solaxanthin-cream
wrinkles,astaxanthin,Pavise Dynamic Age Defense SPF,https://inkeedecoder.com/products/pavise-dynamic-age-defense-spf
wrinkles,astaxanthin,Pei mei Vitamin C Serum,https://inkeedecoder.com/products/pei-mei-vitamin-c-serum
wrinkles,astaxanthin,Skin Actives Intensive Recovery Mask,https://inkeedecoder.com/products/skin-actives-intensive-recovery-mask
wrinkles,astaxanthin,Skin Actives Scientific Sea Kelp Coral,https://inkeedecoder.com/products/skin-actives-scientific-sea-kelp-coral
wrinkles,astaxanthin,Wumal Vitamin C Facial Serum,https://inkeedecoder.com/products/wumal-vitamin-c-facial-serum
wrinkles,astaxanthin,AZN Labs Hydrogel Lip Patches,https://inkeedecoder.com/products/azn-labs-hydrogel-lip-patches
wrinkles,astaxanthin,Ava Laboratorium C+ Strategy Wrinkle Correcting Essence,https://inkeedecoder.com/products/ava-laboratorium-c-strategy-wrinkle-correcting-essence
wrinkles,astaxanthin,BYOMA Milky Moisture Cleanser,https://inkeedecoder.com/products/byoma-milky-moisture-cleanser-3
wrinkles,astaxanthin,Derma E Anti-wrinkle Retinol Concentrated Serum,https://inkeedecoder.com/products/derma-e-anti-wrinkle-retinol-concentrated-serum
wrinkles,astaxanthin,Graymelin Asta Stem Cell Anti Wrinkle Toner,https://inkeedecoder.com/products/graymelin-asta-stem-cell-anti-wrinkle-toner
wrinkles,astaxanthin,Kose Clear Turn Fluffy Skin Face Mask 50 Pack,https://inkeedecoder.com/products/kose-clear-turn-fluffy-skin-face-mask-50-pack
wrinkles,astaxanthin,Kose Clear Turn Hada Fukkura Moisture Eyezone Mask,https://inkeedecoder.com/products/kose-clear-turn-hada-fukkura-moisture-eyezone-mask
wrinkles,astaxanthin,Kose Hada Fukkura Moisture Mask Or Clear Turn Plumping Face Mask,https://inkeedecoder.com/products/kose-hada-fukkura-moisture-mask-or-clear-turn-plumping-face-mask
wrinkles,astaxanthin,Lavatera Astaxanthin Whitening Cream With Antioxidant And Anti Wrinkle,https://inkeedecoder.com/products/lavatera-astaxanthin-whitening-cream-with-antioxidant-and-anti-wrinkle
wrinkles,astaxanthin,RiRe Galactomyces Ampoule 97%,https://inkeedecoder.com/products/rire-galactomyces-ampoule-97
wrinkles,astaxanthin,Spring Letter Astaxanthin Essence,https://inkeedecoder.com/products/spring-letter-astaxanthin-essence
wrinkles,astaxanthin,skyn ICELAND Icelandic Youth Serum,https://inkeedecoder.com/products/skyn-iceland-icelandic-youth-serum
wrinkles,astaxanthin,วาสลีน เฮลธี้ ไบรท์ กลูต้า-ไฮยา เซรั่ม เบิสท์ โลชั่น สปอตเลส โกลว์,https://inkeedecoder.com/products/waasliin-ehlthii-aibrth-kluutaa-aihyaa-echram-ebisth-olchan-sp-tels-oklw
wrinkles,astaxanthin,AZN Labs Hydrogel Eye Patches,https://inkeedecoder.com/products/azn-labs-hydrogel-eye-patches
wrinkles,astaxanthin,Ao Reverse Longitude PM Serum-Shot,https://inkeedecoder.com/products/ao-reverse-longitude-pm-serum-shot
wrinkles,astaxanthin,CeraCode Anti Aging Barrier Serum,https://inkeedecoder.com/products/ceracode-anti-aging-barrier-serum
wrinkles,astaxanthin,It's Skin Power 10 Formula Q10 Effector Serum,https://inkeedecoder.com/products/its-skin-power-10-formula-q10-effector
wrinkles,astaxanthin,Allies of Skin Peptides Antioxidants Firming Daily Treatment,https://inkeedecoder.com/products/allies-of-skin-peptides-antioxidants-firming-daily-treatment-3
wrinkles,astaxanthin,Ava Laboratorium Asta C+ Cellular Rejuvenation,https://inkeedecoder.com/products/ava-laboratorium-asta-c-cellular-rejuvenation-2
wrinkles,astaxanthin,Biotherm Homme Age Fitness Day Moisturizer,https://inkeedecoder.com/products/biotherm-homme-age-fitness-day-moisturizer
wrinkles,astaxanthin,Graymelin Astaxanthin Stemcell Serum,https://inkeedecoder.com/products/graymelin-astaxanthin-stemcell-serum
wrinkles,astaxanthin,Labcare Molecular Antiaging Serum Viso,https://inkeedecoder.com/products/labcare-molecular-antiaging-serum-viso
wrinkles,astaxanthin,Measurable Difference Collagen + Retinol serum,https://inkeedecoder.com/products/measurable-difference-collagen-retinol-serum-2
wrinkles,astaxanthin,Newtrimed Niamax Under Eye Gel,https://inkeedecoder.com/products/newtrimed-niamax-under-eye-gel
wrinkles,pentapeptide-18,Matte Botox Lift Serum,https://inkeedecoder.com/products/matte-botox-lift-serum
wrinkles,pentapeptide-18,Dermaten Firming Power Serum,https://inkeedecoder.com/products/dermaten-firming-power-serum
wrinkles,pentapeptide-18,Lunewa Lidah Dewa Moist Cream,https://inkeedecoder.com/products/lunewa-lidah-dewa-moist-cream
wrinkles,pentapeptide-18,Skin Functional Anti Ageing Complex Peptides + Cu Complex,https://inkeedecoder.com/products/skin-functional-anti-ageing-complex-peptides-cu-complex
wrinkles,pentapeptide-18,Skin Functional Anti-Aging Complex Peptides And Cu Complex,https://inkeedecoder.com/products/skin-functional-peptides-and-cu-complex
wrinkles,pentapeptide-18,ClarityRX Get Fit Multi Peptide Healthy Skin Serum,https://inkeedecoder.com/products/clarityrx-get-fit-multi-peptide-healthy-skin-serum
wrinkles,pentapeptide-18,ClarityRX Get Fit Multi-peptide Healthy Skin Serum,https://inkeedecoder.com/products/clarityrx-get-fit-multi-peptide-healthy-skin-serum-2
wrinkles,pentapeptide-18,Dermaceutic Peptidos De Cobre Suero Anti-edad,https://inkeedecoder.com/products/dermaceutic-peptidos-de-cobre-suero-anti-edad
wrinkles,pentapeptide-18,Freeman beauty Micro-Darts Pro Fine Line Patches,https://inkeedecoder.com/products/freeman-beauty-micro-darts-pro-fine-line-patches
wrinkles,pentapeptide-18,Genové Fluidbase Max,https://inkeedecoder.com/products/genove-fluidbase-max
wrinkles,pentapeptide-18,LACURA Lab Complete Corrective Serum,https://inkeedecoder.com/products/lacura-lab-complete-corrective-serum
wrinkles,pentapeptide-18,MUKTI Age Defiance Day Serum,https://inkeedecoder.com/products/mukti-age-defiance-day-serum
wrinkles,pentapeptide-18,NO FUSS Multi Peptide Serum,https://inkeedecoder.com/products/no-fuss-multi-peptide-serum
wrinkles,pentapeptide-18,Organys Anti-Wrinkle Face & Eye Serum,https://inkeedecoder.com/products/organys-mend-wrinkle-control-serum
wrinkles,pentapeptide-18,Sanitas Peptiderm Firming Serum,https://inkeedecoder.com/products/sanitas-peptiderm-firming-serum
wrinkles,pentapeptide-18,The Ordinary 1% Multi-peptide + Copper Peptides 1% Serum (11/12/24),https://inkeedecoder.com/products/the-ordinary-1-multi-peptide-copper-peptides-1-serum-11-12-24
wrinkles,pentapeptide-18,The Ordinary Buffet,https://inkeedecoder.com/products/the-ordinary-buffet
wrinkles,pentapeptide-18,The Ordinary Multi-peptide + Ha Serum,https://inkeedecoder.com/products/the-ordinary-multi-peptide-ha-serum
wrinkles,pentapeptide-18,Tiege Hanley Super Serum,https://inkeedecoder.com/products/tiege-hanley-super-serum
wrinkles,pentapeptide-18,Formulyst Anti-Wrinkle Peptide Serum,https://inkeedecoder.com/products/formulyst-anti-wrinkle-peptide-serum
wrinkles,pentapeptide-18,Omega Skin Lab Hyalotox Serum,https://inkeedecoder.com/products/omega-skin-lab-hyalotox-serum
wrinkles,pentapeptide-18,PotentLift Advanced Multi Peptide Complex Serum,https://inkeedecoder.com/products/potentlift-advanced-multi-peptide-complex-serum
wrinkles,pentapeptide-18,Skin Labo Argirelox Botox-Like Pure Shot,https://inkeedecoder.com/products/skin-labo-argirelox-botox-like-pure-shot
wrinkles,pentapeptide-18,The Ordinary Buffet + Copper Peptides 1%,https://inkeedecoder.com/products/the-ordinary-buffet-copper-peptides-1
wrinkles,pentapeptide-18,Miamo Peptide Functonal Complex Serum,https://inkeedecoder.com/products/miamo-peptide-functonal-complex-serum
wrinkles,pentapeptide-18,NuGene Clinical Premier Universal Serum,https://inkeedecoder.com/products/nugene-clinical-premier-universal-serum
wrinkles,pentapeptide-18,NuGene Eye Serum,https://inkeedecoder.com/products/nugene-eye-serum
wrinkles,pentapeptide-18,Prana Spaceuticals Precious Fluids,https://inkeedecoder.com/products/prana-spaceuticals-precious-fluids
wrinkles,pentapeptide-18,Alissa Beauté Oxyglow Eye Gel,https://inkeedecoder.com/products/alissa-beaute-oxyglow-eye-gel
wrinkles,pentapeptide-18,Natics C Booster Face Mist,https://inkeedecoder.com/products/natics-c-booster-face-mist
wrinkles,pentapeptide-18,Natics Peptide Max Super Filler,https://inkeedecoder.com/products/natics-peptide-max-super-filler
wrinkles,pentapeptide-18,Natics Peptide Super Booster Serum,https://inkeedecoder.com/products/natics-peptide-super-booster-serum
wrinkles,pentapeptide-18,Pem Delian Meet The Expert - Multi-peptid+hyaluron Anti-aging Serum,https://inkeedecoder.com/products/pem-delian-meet-the-expert-multi-peptid-hyaluron-anti-aging-serum
wrinkles,pentapeptide-18,Young Goose Youth Reset V2,https://inkeedecoder.com/products/young-goose-youth-reset-v2
wrinkles,pentapeptide-18,the bath box Peptide Probiotic,https://inkeedecoder.com/products/the-bath-box-peptide-probiotic
wrinkles,pentapeptide-18,Menaji Anti-Aging Eraser,https://inkeedecoder.com/products/menaji-anti-aging-eraser
wrinkles,pentapeptide-18,Neogen White Truffle Serum In Oil Drop,https://inkeedecoder.com/products/neogen-white-truffle-serum-in-oil-drop
wrinkles,pentapeptide-18,POM POM Botox Filler Anti-Wrinkle Peptide Serum,https://inkeedecoder.com/products/pom-pom-botox-filler-anti-wrinkle-peptide-serum
wrinkles,pentapeptide-18,Peter Thomas Roth Peptide Skinjection Amplified Wrinkle-fix Serum,https://inkeedecoder.com/products/peter-thomas-roth-peptide-skinjection-amplified-wrinkle-fix-serum
wrinkles,pentapeptide-18,Peter Thomas Roth Peptide Skinjection Amplified Wrinkle-fix Serum,https://inkeedecoder.com/products/peter-thomas-roth-peptide-skinjection-amplified-wrinkle-fix-serum-2
wrinkles,pentapeptide-18,Trulux Cell 2 Cell Day Cream,https://inkeedecoder.com/products/trulux-cell-2-cell-day-cream
wrinkles,pentapeptide-18,Tulura Vitamin Peptide Serum,https://inkeedecoder.com/products/tulura-vitamin-peptide-serum
wrinkles,pentapeptide-18,Advanced Clinicals Peptide Serum,https://inkeedecoder.com/products/advanced-clinicals-peptide-serum-2
wrinkles,pentapeptide-18,Advanced Clinicals Peptide Serum,https://inkeedecoder.com/products/advanced-clinicals-peptide-serum-3
wrinkles,pentapeptide-18,Beauty Pie Über Youth Complexion Overhaul Multi-Action Ampoules,https://inkeedecoder.com/products/beauty-pie-uber-youth-complexion-overhaul-multi-action-ampoules
wrinkles,pentapeptide-18,Elastalift 6x Concentrate Peptide+ Anti-wrinkle Serum,https://inkeedecoder.com/products/elastalift-6x-concentrate-peptide-anti-wrinkle-serum
wrinkles,pentapeptide-18,KisoCare Matrixyl 3000 + Argirelox Blended Serum,https://inkeedecoder.com/products/kisocare-matrixyl-3000-argirelox-blended-serum
wrinkles,pentapeptide-18,Labcare Miscela Peptidica Serum Advance Ristrutturante Viso,https://inkeedecoder.com/products/labcare-miscela-peptidica-serum-advance-ristrutturante-viso
wrinkles,pentapeptide-18,Montarbo Skincare Lift Repair Peptide Cream,https://inkeedecoder.com/products/montarbo-skincare-lift-repair-peptide-cream
wrinkles,pentapeptide-18,Natics C20 Vitamin C + Peptide Serum,https://inkeedecoder.com/products/natics-c20-vitamin-c-peptide-serum
wrinkles,copper-tripeptide-1,Copper Peptide Professional Anti-Aging Serum Dr.Alva,https://inkeedecoder.com/products/dr-alva-copper-peptide-professional-anti-aging-serum
wrinkles,methyl-estradiolpropanoate,Emepelle Night Cream,https://inkeedecoder.com/products/emepelle-night-cream
wrinkles,methyl-estradiolpropanoate,Emepelle Serum,https://inkeedecoder.com/products/emepelle-serum
wrinkles,methyl-estradiolpropanoate,Emepelle Eye Cream,https://inkeedecoder.com/products/emepelle-eye-cream
wrinkles,genistein,Ellementti Dermoscometicos Phytohormon - Time Reverse Id,https://inkeedecoder.com/products/ellementti-dermoscometicos-phytohormon-time-reverse-id
wrinkles,genistein,Paula's Choice Calm Soothing Toner For Normal To Dry Skin,https://inkeedecoder.com/products/paulas-choice-calm-redness-relief-toner-for-normal-to-dry-skin
wrinkles,genistein,PuppySkincare The Repair Cream,https://inkeedecoder.com/products/puppyskincare-the-repair-cream
wrinkles,genistein,Acnecinamide Gel Cream,https://inkeedecoder.com/products/acnecinamide-gel-cream
wrinkles,genistein,AURIGA Flavonex Cream,https://inkeedecoder.com/products/auriga-flavonex-cream
wrinkles,genistein,Promoitalia Pink Intimate System,https://inkeedecoder.com/products/promoitalia-pink-intimate-system
wrinkles,genistein,Dr. Zenovia Skincare 10% Benzoyl Peroxide Acne Cleanser,https://inkeedecoder.com/products/dr-zenovia-skincare-10-benzoyl-peroxide-acne-cleanser
wrinkles,genistein,Dr. Zenovia Skincare Aloe Vera Blemish Soothing Moisturizer,https://inkeedecoder.com/products/dr-zenovia-aloe-vera-blemish-soothing-moisturizer
wrinkles,genistein,Dr. Zenovia Skincare Hyaluronic Acid + Peptide Serum,https://inkeedecoder.com/products/dr-zenovia-hyaluronic-acid-peptide-serum
wrinkles,genistein,Kmax Stimulating Hair Growth Therapy,https://inkeedecoder.com/products/kmax-stimulating-hair-growth-therapy
wrinkles,genistein,Cala Total Revital Toner,https://inkeedecoder.com/products/cala-total-revital-toner
wrinkles,genistein,Dr. Zenovia Skincare 10% Glycolic Acne Control Peel Pads,https://inkeedecoder.com/products/dr-zenovia-skincare-10-glycolic-acne-control-peel-pads
wrinkles,genistein,VENeffect Anti-Aging Moisturizer Spf 15,https://inkeedecoder.com/products/veneffect-anti-aging-moisturizer-spf-15
wrinkles,genistein,Dr. Zenovia Skincare 10% Acne Control Peel Pads,https://inkeedecoder.com/products/dr-zenovia-10-acne-control-peel-pads
wrinkles,genistein,Dr. Zenovia Skincare 5% Benzoyl Peroxide Acne Spot Treatment,https://inkeedecoder.com/products/dr-zenovia-skincare-5-benzoyl-peroxide-acne-spot-treatment
wrinkles,genistein,Paula's Choice Resist Anti-Aging Replenishing Toner,https://inkeedecoder.com/products/paulas-choice-resist-advanced-replenishing-toner
wrinkles,genistein,Regimen Lab Vitamin X,https://inkeedecoder.com/products/regimen-lab-vitamin-x-2
wrinkles,genistein,Regimen Lab Vitamin X Antioxidant Serum,https://inkeedecoder.com/products/regimen-lab-vitamin-x-antioxidant-serum
wrinkles,genistein,Paula's Choice Resist Weightless Advanced Repairing Toner,https://inkeedecoder.com/products/paulas-choice-resist-weightless-advanced-repairing-toner
wrinkles,genistein,Regimen Lab Vitamin X,https://inkeedecoder.com/products/regimen-lab-vitamin-x
wrinkles,genistein,Paula's Choice Phytoestrogen Elasticity Renewal Body Treatment,https://inkeedecoder.com/products/paulas-choice-phytoestrogen-elasticity-renewal-body-treatment
wrinkles,genistein,Dr. Zenovia Skincare Vitamin C Brightening Moisturizer Spf 30,https://inkeedecoder.com/products/dr-zenovia-vitamin-c-brightening-moisturizer-spf-30
wrinkles,genistein,2Sol Elixir Propolis Serum,https://inkeedecoder.com/products/2sol-elixir-propolis-serum
wrinkles,genistein,Dr. Zenovia Skincare Bakuchiol Hydrating Cleanser,https://inkeedecoder.com/products/dr-zenovia-bakuchiol-hydrating-cleanser
wrinkles,genistein,Paula's Choice 10% Niacinamide Booster,https://inkeedecoder.com/products/paulas-choice-10-niacinamide-booster
wrinkles,genistein,Paula's Choice 10% Niacinamide Booster,https://inkeedecoder.com/products/paulas-choice-resist-10-niacinamide-booster
wrinkles,genistein,Paula's Choice Phytoestrogen Elasticity Renewal Serum,https://inkeedecoder.com/products/paulas-choice-phytoestrogen-elasticity-renewal-serum
wrinkles,genistein,Alphascience Surface [cr],https://inkeedecoder.com/products/alphascience-surface-cr
wrinkles,genistein,Dr. Zenovia Skincare Retinol Recovery Eye Cream,https://inkeedecoder.com/products/dr-zenovia-retinol-recovery-eye-cream
wrinkles,genistein,Interfarmac s.r.l. Evìta Sun Spf 50+,https://inkeedecoder.com/products/interfarmac-s-r-l-evita-sun-spf-50
wrinkles,genistein,SKINMADE Niacinamide + Allantoin Serum,https://inkeedecoder.com/products/skinmade-niacinamide-allantoin-serum
wrinkles,genistein,Dr. Zenovia Skincare Inflam-aging Night Repair Treatment,https://inkeedecoder.com/products/dr-zenovia-skincare-inflam-aging-night-repair-treatment
wrinkles,genistein,One Skin Body Topical Supplement,https://inkeedecoder.com/products/one-skin-body-topical-supplement
wrinkles,genistein,Dr. Zenovia Skincare Peptide And Ceramide Repairing Moisturizer,https://inkeedecoder.com/products/dr-zenovia-peptide-and-ceramide-repairing-moisturizer
wrinkles,genistein,Alphascience Ultra Deep,https://inkeedecoder.com/products/alphascience-ultra-deep
wrinkles,genistein,Dr. Ram Silfen Multi Dimensional Platinum Eye Serum,https://inkeedecoder.com/products/dr-ram-silfen-multi-dimensional-platinum-eye-serum
wrinkles,genistein,huangjisoo Pure Daily Foaming Cleanser: Brightening,https://inkeedecoder.com/products/huangjisoo-pure-daily-foaming-cleanser-brightening
wrinkles,genistein,Zo skin health Brightenex™ 0.5% Retinol,https://inkeedecoder.com/products/zo-skin-health-brightenex-tm-0-5-retinol
wrinkles,genistein,DRMTLGY Hydra-fader,https://inkeedecoder.com/products/drmtlgy-hydra-fader
wrinkles,genistein,Evershine Bright Day Cream,https://inkeedecoder.com/products/evershine-bright-day-cream
wrinkles,genistein,SKINMADE Niacinamide + Allantoin Serum,https://inkeedecoder.com/products/skinmade-niacinamide-allantoin-serum-2
wrinkles,genistein,Helia-D Professional Tens'up Lifting Cream,https://inkeedecoder.com/products/helia-d-professional-tensup-lifting-cream
wrinkles,genistein,Helia-D Professional Vitamin C Lifting And Radiance Face Cream,https://inkeedecoder.com/products/helia-d-professional-vitamin-c-lifting-and-radiance-face-cream
wrinkles,genistein,Cremorlab Hydra Balancing Toner,https://inkeedecoder.com/products/cremorlab-hydra-balancing-toner
wrinkles,genistein,StriVectin Oleic Rapid Recovery Milk,https://inkeedecoder.com/products/strivectin-oleic-rapid-recovery-milk
wrinkles,genistein,StriVectin Double Fix™ For Lips Plumping & Vertical Line Treatment,https://inkeedecoder.com/products/strivectin-double-fix-tm-for-lips-plumping-vertical-line-treatment
wrinkles,genistein,DEMAR3 Rem-Rose 25 Shield Crème,https://inkeedecoder.com/products/demar3-rem-rose-25-shield-creme
