problem,ingredient,product_name,product_link
acne,"Aqua, Caprylic/​Capric Triglyceride, Decyl Oleate, Polyglyceryl-3 Methylglucose Distearate, Glycerin, Cetearyl Alcohol, Glyceryl Stearate SE, Olea Europaea Husk Oil, Cera Alba, Aminobutyric Acid",Arkana Neuro Gaba And Nano Cream,https://inkeedecoder.com/products/arkana-neuro-gaba-and-nano-cream
acne,"Water, Glycerin, Butylene Glycol, 1, 2-Hexanediol, Hydroxyacetophenone, Carbomer, Arginine, Erythritol, Ethylhexylglycerin",Isntree Onion Newpair Soothing Mask,https://inkeedecoder.com/products/isntree-onion-newpair-soothing-mask
acne,"Adapalene 0.1%, Carbomer Homopolymer, Edetate Disodium, Methylparaben, Poloxamer 182, Propylene Glycol, Purified Water, Sodium Hydroxide",Effaclar Adapalene Gel 0.1% Acne Treatment La Roche-Posay,https://inkeedecoder.com/products/la-roche-posay-effaclar-adapalene-gel-0-1-acne-treatment
acne,"Water, Azelaic Acid 20.0%, Ascorbic Acid, Tocopherol, Collagen, Ubiquinone, Carbomer, Squalane, Centella Asiatica Extract, Curcuma Longa Root Extract",Azelaic Acid Derma Forte,https://inkeedecoder.com/products/derma-forte-azelaic-acid
acne,"Aqua, Propylene Glycol, Azelaic Acid 15.0%, Tetrahydroxypropyl Ethylenediamine, Potassium Azeloyl Diglycinate 5.0%, Polyacrylate Crosspolymer-6, Salicylic Acid 2.0%, Lactobionic Acid, Bisabolol, Gluconolactone",Azelaic Acid Control Facial Acne Gel Aisuanis,https://inkeedecoder.com/products/aisuanis-empowerment-azelaic-acid-control-facial-acne-gel
acne,"Aqua, Dipropylene Glycol, Cyclopentasiloxane, Azelaic Acid 10.0%, Lauryl PEG-9 Polydimethylsiloxyethyl Dimethicone, Dimethicone, Phenyl Trimethicone, Polyglyceryl-4 Isostearate, Sodium Hydroxide, Squalane",Empowerment Azelaic Acid Sebamed Clear Face Facial Cream Aisuanis,https://inkeedecoder.com/products/aisuanis-empowerment-azelaic-acid-sebamed-clear-face-facial-cream
acne,"Aqua (Water), Propylene Glycol, Azelaic Acid 10.0%, Caprylic/​Capric Triglyceride, Stearyl Alcohol, Betaine, Glycerin, Ceteareth-20, Allantoin, Polyacrylate Crosspolymer-6",Professional 10% Azelaic Acid Face Serum Bielenda,https://inkeedecoder.com/products/bielenda-professional-10-azaleic-acid-face-serum
acne,"Aloe Barbadensis Leaf Extract, Propylene Glycol, Azelaic Acid 10.0%, Polysorbate 20, 1, 2-Hexanediol, Propanediol, Panthenol, Niacinamide, Sodium Hyaluronate 0.2%",Azelaic Acid 10% Serum Cos De BAHA,https://inkeedecoder.com/products/cos-de-baha-azelaic-acid-10-serum
acne,"Aqua (Water), Azelaic Acid 10.0%, Caprylic/​Capric Triglyceride, Niacinamide 5.0%, Dicaprylyl Carbonate, Ascorbyl Glucoside 2.0%, Cetearyl Alcohol, Glycerin, Glyceryl Stearate SE, Cetearyl Olivate",Flawless Brightly Serum Dr Sam Bunting,https://inkeedecoder.com/products/dr-sam-bunting-flawless-brightly-serum
acne,"Aqua (Water), Isodecyl Neopentanoate, Dimethicone, Azelaic Acid 10.0%, Dimethicone/​Bis-Isobutyl PPG-20 Crosspolymer, Dimethyl Isosorbide, Hydroxyethyl Acrylate/​Sodium Acryloyldimethyl Taurate Copolymer, Polysilicone-11, Isohexadecane, Tocopherol",Azelaic Acid Suspension 10% The Ordinary,https://inkeedecoder.com/products/the-ordinary-azelaic-acid-suspension-10
acne,"Aqua (Water), Propylene Glycol, Ammonium Polyacryloyldimethyl Taurate, Azelaic Acid 5.0%, Squalane 5.0%, Salicylic Acid 2.0%, Glyceryl Stearate, Disodium EDTA, PEG-100 Stearate, Sodium Hydroxide",Flawless Neutralising Gel Dr. Sam Bunting Skincare,https://inkeedecoder.com/products/dr-sam-bunting-skincare-flawless-neutralising-gel
acne,"Aqua (Water/​Eau), Butylene Glycol, Niacinamide 10.0%, Azelaic Acid 5.0%, Dicaprylyl Carbonate, Glycerin, Ethoxydiglycol, Cetearyl Alcohol, Dimethyl Isosorbide, Bakuchiol 1.0%",Flawless Nightly Serum Dr. Sam Bunting Skincare,https://inkeedecoder.com/products/dr-sam-bunting-skincare-flawless-nightly-serum
acne,"Benzoyl Peroxide 5.0%, Water (Aqua), Propylene Glycol (Hydration/​Penetration Enhancer), Bisabolol, Allantoin (Skin-Soothing), Acrylates/​ C10- 30 Alkyl Acrylate Crosspolymer (Texture-Enhancing), Hydroxyethylcellulose (Texture-Enhancing), Sodium Citrate (Stabilizer), Laureth-4 (Stabilizer), Caprylyl Glycol",Clear Extra Strength Daily Skin Clearing Treatment With 5% Benzoyl Peroxide Paula's Choice,https://inkeedecoder.com/products/paulas-choice-clear-extra-strength-daily-skin-clearing-treatment-with-5-benzoyl-peroxide
acne,"Benzoyl Peroxide 4.0%, Water, Glycerin, Propylene Glycol, Cocamidopropyl Hydroxysultaine, Sodium C14-16 Olefin Sulfonate, Xanthan Gum, Potassium Hydroxide, Ceramide NP, Ceramide AP",Acne Foaming Cleanser CeraVe,https://inkeedecoder.com/products/cerave-acne-foaming-cleanser
acne,"Benzoyl Peroxide 3.5%, Bentonite, Benzyl Alcohol, Citric Acid, Disodium EDTA, Glycerin, Kaolin, Menthol, Parfum, Sodium Citrate",Rapid Clear Stubborn Acne Cleanser Neutrogena,https://inkeedecoder.com/products/neutrogena-rapid-clear-stubborn-acne-cleanser
acne,"Benzoyl Peroxide 2.5%, Water, Butylene Glycol, Carbomer, Potassium Sorbate, Phenoxyethanol, Diazolidinyl Urea, Sodium Hydroxide",Treatment (2.5% Benzoyl Peroxide) Acne.org,https://inkeedecoder.com/products/acne-org-treatment-2-5-benzoyl-peroxide
acne,"Benzoyl Peroxide 2.5%, Water (Aqua), Propylene Glycol, Bisabolol, Allantoin, Acrylates/​C10-30 Alkyl Acrylate Crosspolymer, Hydroxyethylcellulose, Sodium Citrate, Laureth-4, Caprylyl Glycol",Clear Regular Strength Daily Skin Clearing Treatment With 2.5% Benzoyl Peroxide Paula's Choice,https://inkeedecoder.com/products/paulas-choice-clear-regular-strength-daily-skin-clearing-treatment-with-2-5-benzoyl-peroxide
acne,"Water/​Aqua/​Eau, Coconut Alkanes, Ammonium Acryloyldimethyltaurate/​Vp Copolymer, Glycerin, Pentylene Glycol, Sclerocarya Birrea Seed Oil, Wheat Amino Acids, Ananas Sativus (Pineapple) Fruit Extract, Berberis Vulgaris Root Extract, Citrullus Lanatus (Watermelon) Fruit Extract",Drunk Elephant B-Hydra Intensive Hydration Serum,https://inkeedecoder.com/products/drunk-elephant-b-hydra-intensive-hydration-serum
acne,"Water/​Aqua/​Eau, Coconut Alkanes, Ammonium Acryloyldimethyltaurate/​VP Copolymer, Glycerin, Pentylene Glycol, Sclerocarya Birrea Seed Oil, Wheat Amino Acids, Ananas Sativus (Pineapple) Fruit Extract, Berberis Vulgaris Root Extract, Citrullus Lanatus (Watermelon) Fruit Extract",Drunk Elephant B-hydra™ Intensive Hydration Serum,https://inkeedecoder.com/products/drunk-elephant-b-hydra-tm-intensive-hydration-serum-2
acne,"Water, Propanediol, Butylene Glycol, Cocamidopropyl Dimethylamine, Polysorbate 20, Sodium Hyaluronate, Lactic Acid, Glycerin, Berberis Vulgaris (Barberry) Root Extract, Methyl Gluceth-20",Pretty Privates Premium Back Acne Spray,https://inkeedecoder.com/products/pretty-privates-premium-back-acne-spray
acne,"Aqua, Propylheptyl Caprylate, Isoamyl Laurate, Isoamyl Cocoate, Butylene Glycol, Morus Nigra Fruit Extract, Lycium Chinense Fruit Extract, Fragaria Chiloensis (Strawberry) Fruit Extract, Berberis Vulgaris Root Extract, Glycerin",Sane Hyaluronic Acid + Vitamin C + E,https://inkeedecoder.com/products/sane-hyaluronic-acid-vitamin-c-e
acne,"Aqua, Rosa Damascena Extract, Rosa Centifolia Extract, Rosa Damascena Flower Water, Glycerin, Pelargonium Graveolens Flower Oil, Pyrus Malus Fruit Extract, Morus Nigra Fruit Extract, Lycium Chinense Fruit Extract, Fragaria Chiloensis Fruit Extract",CoNatural Rose Face Gel,https://inkeedecoder.com/products/conatural-rose-face-gel
acne,"Aqua, Dipropylene Glycol, Butylene Glycol, Polysorbate 20, Pentylene Glycol, Salicylic Acid, Panthenol, Sodium Hyaluronate, Dipotassium Glycyrrhizate, Glycyrrhiza Glabra (Licorice) Root Extract",Paula's Choice Clear Exfoliating Body Spray,https://inkeedecoder.com/products/paulas-choice-clear-exfoliating-body-spray
acne,"Aqua, Glycerin, Niacinamide, Trehalose, Pentylene Glycol, Algin, Butylene Glycol, Morus Nigra Fruit Extract, Lycium Chinense Fruit Extract, Fragaria Chiloensis Fruit Extract",Sane Niacinamide 7% Anti-pollution Face Serum,https://inkeedecoder.com/products/sane-niacinamide-7-anti-pollution-face-serum
acne,"Aqua, Glycerin, Niacinamide, Trehalose, Pentylene Glycol, Algin, Butylene Glycol, Morus Nigra Fruit Extract, Lycium Chinense Fruit Extract, Fragaria Chiloensis (Strawberry) Fruit Extract",Sane Сыворотка Для Лица Против Токсинов Sane С Ниацинамидом,https://inkeedecoder.com/products/sane-syvorotka-dlia-litsa-protiv-toksinov-sane-s-niatsinamidom
acne,"Sea Silt Extract, Water (Aqua), Propanediol, Glyceryl Oleate Citrate, Octyldodecanol, Glycerin, Hydrogenated Coco-Glycerides, Squalane, Pearl Powder, Beta-Glucan",MARA Beauty Pearl Peptide Glaze Facial Essence,https://inkeedecoder.com/products/mara-beauty-pearl-peptide-glaze-facial-essence
acne,"Aqua, Zinc Oxide, Cyclohexasiloxane, Butyloctyl Salicylate, Propanediol, Propylheptyl Caprylate, Dicaprylyl Carbonate, Isododecane, Polyglyceryl-3 Polydimethylsiloxyethyl Dimethicone, Caprylyl Methicone",Skinfood Berry Soothing Sun Cream,https://inkeedecoder.com/products/skinfood-berry-soothing-sun-cream
acne,"Purified Water, Dibutyl Adipate, Propanediol, Ethylhexyl Triazone, Terephthalylidene Dicamphor Sulfonic Acid, Polyglyceryl-3 Distearate, Niacinamide, Tromethamine, Cetearyl Alcohol, 1",Skinfood Berry Moisturizing Sun Cream,https://inkeedecoder.com/products/skinfood-berry-moisturizing-sun-cream
acne,"Aqua, Dibutyl Adipate, Propanediol, Ethylhexyl Triazone, Terephthalylidene Dicamphor Sulfonic Acid, Polyglyceryl-3 Distearate, Niacinamide, Tromethamine, Cetearyl Alcohol, 1",Skinfood Berry Moisturizing Sun Cream,https://inkeedecoder.com/products/skinfood-berry-moisturizing-sun-cream-2
acne,"Water, Glycerin, Butylene Glycol, 1, 2-Hexanediol, Tromethamine, Carbomer, Propanediol, Disodium EDTA, PEG-40 Hydrogenated Castor Oil",ViveLab Revive Therapy Hair Brow Lash Serum,https://inkeedecoder.com/products/vivelab-revive-therapy-hair-brow-lash-serum
acne,"Aqua, Ricinus Communis Seed Oil, Cetearyl Alcohol, Organic Prunus Amygdalus Dulcis*, Organic Prunus Armeniaca Kernel Oil*, Organic Simmondsia Chinensis Seed Oil, Theobroma Cacao Seed Butter*, Persea Gratissima Oil, Butyrospermum Parkii Butter, Lavender Hydrosol",CoNatural Ultra Body Butter,https://inkeedecoder.com/products/conatural-ultra-body-butter
acne,"Water, Myristic Acid, Glycerin, Methylpropanediol, Potassium Hydroxide, Coco-Glucoside, Lauric Acid, Palmitic Acid, Stearic Acid, Glyceryl Stearate",The Saem See & Saw A.C Control Deep Cleansing Foam,https://inkeedecoder.com/products/the-saem-see-saw-a-c-control-deep-cleansing-foam
acne,"Aqua, Propylheptyl Caprylate, Cetearyl Alcohol, Butyrospermum Parkii (Shea Butter) Fruit, Sodium Olivoyl Glutamate, Persea Gratissima (Avocado) Oil, Pentylene Glycol, Squalane (Olive), Glyceryl Stearate, Dipropylene Glycol",Sane Niacinamide + Caffeine 1.5% Energizing Eye Cream,https://inkeedecoder.com/products/sane-niacinamide-caffeine-1-5-energizing-eye-cream
acne,"Aqua, Dibutyl Adipate, Propanediol, Diethylamino Hydroxybenzoyl Hexyl Benzoate, Titanium Dioxide, Ethylhexyl Triazone, Polyglyceryl-3 Distearate, Niacinamide, Caprylyl Methicone, Capric/​Caprylic Triglycerides",Skinfood Berry Glowing Sun Cream,https://inkeedecoder.com/products/skinfood-berry-glowing-sun-cream
acne,"Saccharomyces, Water, PVP, Butylene Glycol, 1, 2-Hexanediol, Glycerin, Arginine, Carbomer, Hydroxyacetophenone",vancor Brewer Yeast Eyelash Serum,https://inkeedecoder.com/products/vancor-brewer-yeast-eyelash-serum
acne,"Water, Polyvinyl Alcohol, Alcohol Denat, Butylene Glycol, Carbon Black, Ceteth-25, Propylene Glycol, PEG-60 Hydrogenated Castor Oil, Glycerin, Charcoal Powder",RiRe All Kill Ssok Ssok Pack,https://inkeedecoder.com/products/rire-all-kill-ssok-ssok-pack
acne,"Water, Alcohol, Butylene Glycol, Methylpropanediol, Glycerin, 1, 2-Hexanediol, PPG-13-Decyltetradeceth-24, Tromethamine, Menthol",ViveLab Revive Therapy Hair Scalp & Brow Ampoule,https://inkeedecoder.com/products/vivelab-revive-therapy-hair-scalp-brow-ampoule
acne,"Water, Sodium Cocoyl Isethionate, Decyl Glucoside, Glycerine, Sorbitan Olivate, Butylene Glycol, Sodium Chloride, Prunus Avium (Sweet Cherry) Fruit Extract (1.96%), 1, 2-Hexanediol",glamfox Berries Whipped Foam Cleanser,https://inkeedecoder.com/products/glamfox-berries-whipped-foam-cleanser
acne,"Purified Water, C12-15 Alkyl Benzoate, Water, Butyl Methoxydibenzoylmethane, Ethylhexyl Methoxycinnamate, Butylene Glycol, Octocrylene, Lecithin, Phenoxyethanol), Dibutyl Adipate",Geltek Солнцезащитный Увлажняющий Флюид SPF 50+,https://inkeedecoder.com/products/geltek-solntsezashchitnyi-uvlazhniaiushchii-fliuid-spf-50
acne,"Water\Aqua\Eau, Phenyl Trimethicone, Dimethicone, Methyl Trimethicone, Butylene Glycol, Ethylhexyl Methoxycinnamate, PEG/​PPG-18/​18 Dimethicone, Caprylic/​Capric Triglyceride, Isocetyl Alcohol, PEG-10 Dimethicone",Estée Lauder Futurist Aqua Brillance Foundation SPF 20,https://inkeedecoder.com/products/estee-lauder-futurist-aqua-brillance-foundation-spf-20
acne,"Cocos Nucifera (Coconut) Oil, Vitis Vinifera (Grape) Seed Oil, Helianthus Annuus (Sunflower) Seed Oil, Corylus Avellana (Hazelnut) Seed Oil, Camellia Oleifera (Camellia) Seed Oil, Nigella Sativa (Black Cumin) Seed Oil, Citrus Aurantium Amara (Bitter Orange) Peel Extract, Citrus Clementina (Clementine) Peel Oil, Santalum Album (Sandalwood) Wood Oil, Rosmarinus Officinalis (Rosemary) Leaf Extract",ISUN Sunstone Facial Oil,https://inkeedecoder.com/products/isun-sunstone-facial-oil
acne,"Water\Aqua\Eau, Pentylene Glycol, Polysorbate 20, Nymphaea Alba (Water Lily) Flower Extract, Sodium Hyaluronate, Trehalose, Dipotassium Glycyrrhizate, Caffeine, Phenylalanine, Proline",Estée Lauder Perfectly Clean Infusion,https://inkeedecoder.com/products/estee-lauder-perfectly-clean-infusion
acne,"Aqua, Dimethicone, Glycerin, Cetearyl Olivate, Propylene Glycol, Panthenol, Dimethicone/​Vinyl Dimethicone Crosspolymer, Sorbitan Olivate, Lactobacillus/​Collagen/​Mesembryanthemum Crystallinum Leaf Extract Ferment Lysate, Caprylic/​Capric Triglyceride",Lucienne Retinal 0.18% Cream,https://inkeedecoder.com/products/lucienne-retinal-0-18-cream
acne,"Purified Water, Butylene Glycol, Glycerin, Dipropylene Glycol, Caprylic/​Capric Triglycerides, 1, 2-Hexanediol, C14-22 Alcohols, Glyceryl Stearate, Ethylhexyl Palmitate",Torriden Dive-In Cream,https://inkeedecoder.com/products/torriden-dive-in-cream
acne,"Water, Butylene Glycol, Glycerin, Dipropylene Glycol, Caprylic/​Capric Triglyceride, 1, 2-Hexanediol, C14-22 Alcohols, Glyceryl Stearate, Ethylhexyl Palmitate",Torriden Dive-in Low Molecular Hyaluronic Acid Cream,https://inkeedecoder.com/products/torriden-dive-in-low-molecular-hyaluronic-acid-cream-2
acne,"Water, Butylene Glycol, Glycerin, Dipropylene Glycol, Caprylic/​Capric Triglyceride, 1, 2-Hexanediol, C14-22 Alcohols, Glyceryl Stearate, Ethylhexyl Palmitate",Torriden Dive-in Low Molecule Hyaluronic Acid Cream,https://inkeedecoder.com/products/torriden-dive-in-low-molecule-hyaluronic-acid-cream
acne,"Water, Sodium C14-16 Olefin Sulfonate, Cocamidopropyl Betaine, Glycerin, Lauryl Glucoside, Sodium Chloride, Cocamide MEA, Sodium Benzoate, Lactobacillus Ferment (100Ppm), Punica Granatum Fruit Extract (1",nesh Pomegranate Biome Scalp Boosting Shampoo,https://inkeedecoder.com/products/nesh-pomegranate-biome-scalp-boosting-shampoo
acne,"Camellia Japonica Flower Water, Water (Aqua), Caprylic/​Capric Triglyceride, Glycerin, Propanediol, Cetearyl Alcohol, Cetearyl Olivate, Sorbitan Olivate, Pentylene Glycol, *Theobroma Cacao (Cocoa) Seed Butter",FEMMUE Ideal Intense Eye Cream,https://inkeedecoder.com/products/femmue-ideal-intense-eye-cream
acne,"Water, Dibutyl Adipate, Butyloctyl Salicylate, Diethylamino Hydroxybenzoyl Hexyl Benzoate, Polysilicone-15, C12-15 Alkyl Benzoate, Ethylhexyl Triazone, Bis-Ethylhexyloxyphenol Methoxyphenyl Triazine, Polymethylsilsesquioxane, Glycerin",Klairs All Day Airy Sunscreen SPF 50+,https://inkeedecoder.com/products/klairs-all-day-airy-sunscreen-spf-50
acne,"Water, Disodium Laureth Sulfosuccinate, Camellia Sinensis Leaf Extract, Lactobacillus Ferment Lysate, Saccharomyces Ferment, Cocamidopropyl Hydroxysultaine, Sodium Cocoyl Isethionate, Coco-Glucoside, Acrylates Copolymer, Fragrance",anillO Black Tea Nourishing Scalp Shampoo,https://inkeedecoder.com/products/anillo-black-tea-nourishing-scalp-shampoo
acne,"Camellia Japonica Flower Extract, Aqua, Pentylene Glycol, Glycerin, Propanediol, Caprylic/​Capric Triglyceride, Vitis Vinifera Seed Oil, Camellia Sinensis Leaf Extract, Chamomilla Recutita Leaf Extract, Thujopsis Dolabrata Branch Extract",Toun28 Waterful Lotion Ceramide + Antarcticine,https://inkeedecoder.com/products/toun28-waterful-lotion-ceramide-antarcticine
acne,"Water, Butylene Glycol, Dipropylene Glycol, Tromethamine, Hydroxyacetophenone, Carbomer, Caprylyl Glycol, Glycerin, Propanediol, Disodium EDTA",Epais Eyelash Essential Serum,https://inkeedecoder.com/products/epais-eyelash-essential-serum
acne,"Lauric Acid, Myristic Acid, Stearic Acid, Glyceryl Mono Sterate, Phenoxyethanol, Water, Sodium Hydroxide, Glycerin, Propylene Glycol, Potassium Cocoyl Glycinate",Beardo De-tan Face Wash,https://inkeedecoder.com/products/beardo-de-tan-face-wash
acne,"Lauric Acid, Myristic Acid, Palmitic Acid, Stearic Acid, PEG-100 Stearate, Coconut Diethanolamide, Water, Methylparaben, Hydroxyethyl Cellulose, Glycerin",Love JoJo Moisturizing Cleanser Aloe Vera,https://inkeedecoder.com/products/love-jojo-moisturizing-cleanser-aloe-vera
acne,"Lauric Acid, Stearic Acid, Potassium Hydroxide, Palmitic Acid, Water, Natural Glycerin, Myristic Acid, Glyceryl Stearate, Glycol Distearate, Lauryl Glucoside",Marina Healthy And Glow Facial Foam,https://inkeedecoder.com/products/marina-healthy-and-glow-facial-foam
acne,"Lauric Acid, Myristic Acid, Palmitic Acid, Stearic Acid, Glycerin, Glycol Distearate, Aqua, Potassium Hydroxide, Disodium EDTA, Cocamidopropyl Betaine",Mirelle Glossy Facial Foam,https://inkeedecoder.com/products/mirelle-glossy-facial-foam
acne,"Lauric Acid, Myristic Acid, Glycerin, Sodium Laureth Sulfate, Sorbitol, Potassium Hydroxide, Cocamidopropyl Betaine, Glycol Distearate, Polyquaternium-7, Sodium Chloride",Natriv Shower Creme,https://inkeedecoder.com/products/natriv-shower-creme
acne,"Lauric Acid, Myristic Acid, Palmitic Acid, Caprylic Acid, Oleic Acid, Capric Acid, Capsicum Frutescens Fruit Powder, Stearic Acid, Linoleic Acid, Caproic Acid",Ree Derma Hot Oil Hair And Scalp Treatment,https://inkeedecoder.com/products/ree-derma-hot-oil-hair-and-scalp-treatment
acne,"Lauric Acid, Sodium Stearate, Saponified Palm Oil, Sodium Laurate, Sodium Myristate, Stearic Acid, Glycerin, Sorbitol, Lauramidopropyl Betaine, Sodium Hyaluronate","Some By Mi Aha,Bha,Pha 30 Days Miracle Cleansing Bar",https://inkeedecoder.com/products/some-by-mi-aha-bha-pha-30-days-miracle-cleansing-bar
acne,"Aqua, Lauric Acid, Lauramide Dea, Potassium Hydroxide, Myristic Acid, Palmitic Acid, Glycol Stearate, Cocamidopropyl Betaine, Potassium Cocoyl Glycinate, Stearic Acid",ALIA Pore Care Cleansing Foam,https://inkeedecoder.com/products/alia-pore-care-cleansing-foam
acne,"Aqua (Water), Lauric Acid, Palmitic Acid, Glycerin, Butylene Glycol, Potassium Hydroxide, Myristic Acid, Cocamide DEA, Cocamidopropyl Betaine, Acrylates Copolymer",Acnes Natural Care Yogurt Touch Face Wash,https://inkeedecoder.com/products/acnes-natural-care-yogurt-touch-face-wash
acne,"Water, Lauric Acid, Glycerin, Myristic Acid, Potassium Hydroxide, Palmitic Acid, Glycol Distearate, Cocamide MEA, Sodium Laureth Sulfate, Propylene Glycol",Asepso Body Wash Hygienic Fresh,https://inkeedecoder.com/products/asepso-body-wash-hygienic-fresh
acne,"Aqua, Lauric Acid, Sodium Laureth Sulfate, Palmitic Acid, Potassium Hydroxide, Stearic Acid, Lauryl Hydroxysultaine, Glycol Distearate, Olive Oil PEG-7 Esters, Sodium PCA",B erl Facial Wash,https://inkeedecoder.com/products/b-erl-facial-wash
acne,"Water, Lauric Acid, Disodium Cocoamphodiacetate, Potassium Hydroxide, Myristic Acid, Microcrystalline Cellulose, Acrylates Copolymer, Glycerin, Calendula Officinalis Flower Extract+, Thuja Occidentalis Leaf Extract",Belif Nose-Shine Boy Black Edition,https://inkeedecoder.com/products/belif-nose-shine-boy-black-edition
acne,"Aqua (Water), Lauric Acid, Disodium Cocoamphodiacetate, Potassium Hydroxide, Myristic Acid, Microcrystalline Cellulose, Acrylates Copolymer, Glycerin, Calendula Officinalis Flower Extract+, Thuja Occidentalis Leaf Extract",Belif Pore Cleaner Blackhead Buster,https://inkeedecoder.com/products/belif-pore-cleaner-blackhead-buster
acne,"Water, Lauric Acid, Myristic Acid, Lauryl Hydroxysultaine, Potassium Hydroxide, Cocamidopropyl Betaine, Butylene Glycol, Succinic Acid, Hamamelis Virginiana (Witch Hazel) Extract, Niacinamide",Best Korea Laboratory Ssuk Anti-acne Ampoule Cleanser,https://inkeedecoder.com/products/best-korea-laboratory-ssuk-anti-acne-ampoule-cleanser-2
acne,"Water, Lauric Acid, Potassium Hydroxide, Myristic Acid, Lauryl Hydroxysultaine, Sodium Bicarbonate, Glycol Distearate, Fragrance, Laureth-4 Carboxylic Acid, Sodium Laureth Sulfate",Biore Body Foam Active Antibacterial,https://inkeedecoder.com/products/biore-body-foam-active-antibacterial
acne,"Water, Lauric Acid, Potassium Hydroxide, Myristic Acid, Lauryl Hydroxysultaine, Glycol Distearate, Fragrance, Decyl Glucoside, Palmitic Acid, Laureth-6 Carboxylic Acid",Biore Body Foam Pure Mild,https://inkeedecoder.com/products/biore-body-foam-pure-mild
acne,"Water, Lauric Acid, Sorbitol, Potassium Hydroxide, Cellulose, Myristic Acid, Fragrance, Laureth-4 Carboxylic Acid, Acrylates/​C10-30 Alkyl Acrylate Crosspolymer, Lauryl Hydroxysultaine",Biore Body Wash Bright White Scrub,https://inkeedecoder.com/products/biore-body-wash-bright-white-scrub
acne,"Water (Aqua), Lauric Acid, Glycerin, Potassium Hydroxide, Lauryl Hydroxysultaine, Myristic Acid, Sodium Laureth Sulfate, Laureth-4 Carboxylic Acid, Fragrance (Parfum), Cocamide MEA",Biore Experience Body Foam Forest Bless,https://inkeedecoder.com/products/biore-experience-body-foam-forest-bless
acne,"Aqua (Water), Lauric Acid, Potassium Hydroxide, Palmitic Acid, Stearic Acid, Propylene Glycol, Myristic Acid, Cocamide MEA, Glycol Distearate, Parfum (Fragrance)",Deodore Shower Cream Anti-oxidant,https://inkeedecoder.com/products/deodore-shower-cream-anti-oxidant
acne,"Water, Lauric Acid, Myristic Acid, Potassium Hydroxide, Stearic Acid, Sodium Laureth Sulfate, Glycerin, Fragrance, Cocamidopropyl Betaine, Glycol Distearate",Dove Body Wash Rice Ferment & Sweet Osmanthus,https://inkeedecoder.com/products/dove-body-wash-rice-ferment-sweet-osmanthus
acne,"Water, Lauric Acid, Myristic Acid, Potassium Hydroxide, Stearic Acid, Sodium Laureth Sulfate, Glycerin, Cocamidopropyl Betaine, Fragrance, Glycol Distearate",Dove Body Wash Shea Butter & Vanilla,https://inkeedecoder.com/products/dove-body-wash-shea-butter-vanilla
acne,"Water, Lauric Acid, Sodium Lauroyl Isethionate, Sodium Methyl Lauroyl Taurate, Cocamidopropyl Betaine, Sodium Hydroxypropyl Starch Phosphate, Hydrogenated Soybean Oil, Sodium Chloride, Glycine Soja (Soybean) Oil, Fragrance",Dove Deep Moisture Nourishes The Driest Skin Body Wash,https://inkeedecoder.com/products/dove-deep-moisture-nourishes-the-driest-skin-body-wash
acne,"Water, Lauric Acid, Sodium Lauroyl Isethionate, Sodium Methyl Lauroyl Taurate, Cocamidopropyl Betaine, Sodium Hydroxypropyl Starch Phosphate, Hydrogenated Soybean Oil, Glycine Soja (Soybean) Oil, Fragrance, Glycerin",Dove Pampering Body Wash,https://inkeedecoder.com/products/dove-pampering-body-wash
acne,"Water (Aqua), Lauric Acid, Sodium Hydroxypropyl Starch Phosphate, Sodium Lauroyl Isethionate, Sodium Methyl Lauroyl Taurate, Cocamidopropyl Betaine, Hydrogenated Soybean Oil, Glycine Soja (Soybean Oil, Sodium Chloride, Glycerin",Dove Strawberry Crumb Cake Nourishing Body Wash,https://inkeedecoder.com/products/dove-strawberry-crumb-cake-nourishing-body-wash
acne,"Water, Lauric Acid, Cocamide DEA, Myristic Acid, Potassium Hydroxide, Lauryl Betaine, Sodium Chloride, Sodium Lauryl Sulfate, Diethanolamine, Glycyrrhiza Glabra Root Extract",DrGL Cleanser Lightening Plus,https://inkeedecoder.com/products/drgl-cleanser-lightening-plus
acne,"Sodium Cocoyl Isethionate, Lauric Acid, Disodium Cocoyl Glutamate, Sodium Chloride, Sulfur, Salicylic Acid, Stearic Acid, Glycerin, Palmitic Acid, Glycol Distearate",Everpure Sule-pure Acne Cream Cleanser,https://inkeedecoder.com/products/everpure-sule-pure-acne-cream-cleanser
acne,"Water, Lauric Acid, Lauramide Dea, Disodium Cocoamphodiacetate, Cocamidopropyl Betaine, Potassium Hydroxide, Myristic Acid, Glycerin, Sodium Cocoyl Isethionate, Sodium Chloride",Flor de Mens Fresh Milk Body Wash,https://inkeedecoder.com/products/flor-de-mens-fresh-milk-body-wash
acne,"Aqua, Lauric Acid, Myristic Acid, Glycerin, Sodium Lauroyl Sarcosinate, Potassium Hydroxide, Sodium Laureth Sulfate, Palmitic Acid, Fragrance, Sodium PCA",Giv Body Wash Glowing White Mulberry & Collagen,https://inkeedecoder.com/products/giv-body-wash-glowing-white-mulberry-collagen
acne,"Water, Lauric Acid, Glycerin, Stearic Acid, Potassium Hydroxide, Butylene Glycol, Palmitic Acid, Glycol Distearate, Cocamidopropyl Betaine, Acrylates Copolymer",Hada Labo AHA+BHA Acne Control Face Wash (MY),https://inkeedecoder.com/products/hada-labo-aha-bha-acne-control-face-wash-my
acne,"Water, Lauric Acid, Glycerin, Stearic Acid, Potassium Hydroxide, Butylene Glycol, Palmitic Acid, Glycol Distearate, Cocamidopropyl Betaine, Acrylates Copolymer",Hada Labo Acne Control Cleanser,https://inkeedecoder.com/products/hada-labo-acne-control-cleanser
acne,"Water, Lauric Acid, Stearic Acid, Glycerin, Potassium Hydroxide, Butylene Glycol, Palmitic Acid, Glycol Distearate, Cocamidopropyl Betaine, Acrylates Copolymer",Hada Labo Deep Clean & Pore Refining Face Wash,https://inkeedecoder.com/products/hada-labo-deep-clean-pore-refining-face-wash
acne,"Water, Lauric Acid, Glycerin, Stearic Acid, Cocamidopropyl Betaine, Potassium Hydroxide, Butylene Glycol, Palmitic Acid, Acrylates Copolymer, Glycol Distearate",Hada Labo Deep Clean & Pore Refining Face Wash,https://inkeedecoder.com/products/hada-labo-deep-clean-pore-refining-face-wash-2
acne,"Water, Lauric Acid, Sorbitol, PEG-75, Myristic Acid, Potassium Hydroxide, Cocamide DEA, Decyl Glucoside, BG, Glycyrrhizic Acid 2K",Hada Labo Gokujyun Hatomugi Face Foam,https://inkeedecoder.com/products/rohto-mentholatum-hada-labo-gokujyun-hatomugi-face-foam
acne,"Water, Lauric Acid, Glycerin, Stearic Acid, Cocamidopropyl Betaine, Potassium Hydroxide, Butylene Glycol, Palmitic Acid, Acrylates Copolymer, Glycol Distearate",Hada Labo Hydra & Whitening Face Wash,https://inkeedecoder.com/products/hada-labo-hydra-whitening-face-wash
acne,"Water, Lauric Acid, Stearic Acid, Glycerin, Potassium Hydroxide, Butylene Glycol, Palmitic Acid, Glycol Distearate, Cocamidopropyl Betaine, Acrylates Copolymer",Hada Labo Softening & Whitening Face Wash,https://inkeedecoder.com/products/hada-labo-softening-whitening-face-wash
acne,"Water, Lauric Acid, Stearic Acid, Glycerin, Potassium Hydroxide, Butylene Glycol, Palmitic Acid, Glycol Distearate, Cocamidopropyl Betaine, Acrylates Copolymer",Hada Labo Super Hyaluronic Acid Facial Wash,https://inkeedecoder.com/products/hada-labo-super-hyaluronic-acid-facial-wash
acne,"Aqua, Lauric Acid, Glycerin, Sodium Laureth Sulfate, Myristic Acid, Stearic Acid, PEG-150 Pentaerythrityl Tetrastearate, Potassium Hydroxide, Cocamidopropyl Betaine, Glycol Distearate",Herborist Facial Foam Tea Tree Anti Acne,https://inkeedecoder.com/products/herborist-facial-foam-tea-tree-anti-acne
acne,"Water, Lauric Acid, Glycerin, PEG-150 Pentaerythrityl Tetrastearate, Myristic Acid, Potassium Hydroxide, Stearic Acid, Lauryl Betaine, Cocamidopropyl Betaine, Glycol Distearate",Herborist Olive Facial Foam,https://inkeedecoder.com/products/herborist-olive-facial-foam
acne,"Aqua, Lauric Acid, Myristic Acid, Stearic Acid, Salicylic Acid, Polyethylene, Glycol Distearate(PEG Distearate), Butylated Hydroxytoluene, Disodium EDTA, Glycerin",Innsaei Salicylic Acid Acne Solution Cleansing Foam,https://inkeedecoder.com/products/innsaei-salicylic-acid-acne-solution-cleansing-foam
acne,"Aqua, Lauric Acid, Myristic Acid, Stearic Acid, Triethanolamine, Propylene Glycol, Glycerin, Sodium Hydroxide, Cocodiethanolamide, EDTA",Ivana Skin Perfect Whitening Whipp Bar,https://inkeedecoder.com/products/ivana-skin-perfect-whitening-whipp-bar
acne,"Aqua, Lauric Acid, Acrylates Copolymer, Lauryl Glucoside, Potassium Cocoyl Glycinate, Sulfur, Potassium Hydroxide, Glycerin, Sodium Cocoyl Glycinate, Myristic Acid",JF Anti Acne Facial Foam,https://inkeedecoder.com/products/jf-anti-acne-facial-foam
acne,"Aqua, Lauric Acid, Myristic Acid, Potassium Hydroxide, Glycerin, Laureth-6 Carboxylic Acid, Parfum, Lauryl Hydroxysultaine, Palmitic Acid, Glycol Distearate",K Natural White Brightening Body Wash Cotton Flower,https://inkeedecoder.com/products/k-natural-white-brightening-body-wash-cotton-flower
acne,"Aqua, Lauric Acid, Myristic Acid, Potassium Hydroxide, Glycerin, Laureth-6 Carboxylic Acid, Parfum, Lauryl Hydroxysultaine, Palmitic Acid, Glycol Distearate",K Natural White Brightening Body Wash Sparkling Magnolia,https://inkeedecoder.com/products/k-natural-white-brightening-body-wash-sparkling-magnolia
acne,"Water, Lauric Acid, Glycerin, Potassium Hydroxide, Propylene Glycol, Sodium Laureth Sulfate, Myristic Acid, Palmitic Acid, Acrylates Copolymer, Cocamidopropyl Betaine",Koji White Kojic Acid Skin Brightening Body Wash,https://inkeedecoder.com/products/koji-white-kojic-acid-skin-brightening-body-wash
acne,"Water, Lauric Acid, Ethanol, Palmitic Acid, K Hydroxide, Myristic Acid, Hydroxypropyl Methylcellulose, Astaxanthin, Acetyl Hyaluronate Na, Succinoyl Atelocollagen",Kose Grace One Extra Moisture Washing Cream,https://inkeedecoder.com/products/kose-grace-one-extra-moisture-washing-cream
acne,"Water, Lauric Acid, Lauryl Hydroxysultaine, Sodium Chloride, Hydroxypropyl Methylcellulose, Potassium Hydroxide, Salicylic Acid, Polyquaternium-7, Sodium Phytate, Sodium Benzoate",Koyal Beauty Gentle Gel Face Wash,https://inkeedecoder.com/products/koyal-beauty-gentle-gel-face-wash-2
acne,"Water, Lauric Acid, Myristic Acid, Palmitic Acid, Potassium Hydroxide, Glycol Distearate, Glycerin, Stearic Acid, Fragrance, Sodium Chloride",Kracie Naive Body Pump Soap Peach,https://inkeedecoder.com/products/kracie-naive-body-pump-soap-peach
acne,"Water (Aqua), Lauric Acid, Myristic Acid, Palmitic Acid, Potassium Hydroxide, Glycol Distearate, Glycerin, Stearic Acid, Fragrance (Parfum), Sodium Chloride","Kracie Naive Body Wash, Peach",https://inkeedecoder.com/products/kracie-naive-body-wash-peach
acne,"Water, Lauric Acid, Myristic Acid, Potassium Hydroxide, Cocamide MEA, Cocamidopropyl Betaine, Sodium Laureth Sulfate, Glycerin, Cocamide DEA, Palmitic Acid",Kumano Oils and Fats Kumano Fat Horse Oil Body Soap,https://inkeedecoder.com/products/kumano-oils-and-fats-kumano-fat-horse-oil-body-soap
acne,"Aqua, Lauric Acid, Stearic Acid, Potassium Hydroxide, Hydroxyethylcellulose",LV Biohajoava Nestesaippua,https://inkeedecoder.com/products/lv-biohajoava-nestesaippua
acne,lauric-acid,3M Nexcare Blemish Clear Cover Relief Acne Patch,https://inkeedecoder.com/products/3m-nexcare-blemish-clear-cover-relief-acne-patch
acne,"Melaleuca Alternifolia (Tea Tree) Leaf Oil, Salicylic Acid, Epilobium Angustifolium Flower/​Leaf/​Stem Extract, Jeju Volcanic Cluster, Vitis Vinifera (Grape) Seed Extract, Acrylates Copolymer, Vinyl Caprolactam/​Vp/​Dimethylaminoethyl Methacrylate Copolymer, PVP, Butylene Glycol, Sodium Metabisulfite",AhoAloe Óleo Essencial De Tea Tree Orgânico,https://inkeedecoder.com/products/ahoaloe-oleo-essencial-de-tea-tree-organico
acne,Melaleuca Alternifolia Oil,Aiken Tea Tree Oil 100% Pure Tea Tree Oil,https://inkeedecoder.com/products/aiken-tea-tree-oil-100-pure-tea-tree-oil
acne,Melaleuca Alternifolia (Tea Tree) Leaf Oil,Alkmene My Tea Tree Oil Tea Tree Oil,https://inkeedecoder.com/products/alkmene-my-tea-tree-oil-tea-tree-oil
acne,"Melaleuca Alternifolia (Tea Tree) Leaf Oil, Limonene, Tocopherol, Linalool",Altapharma Teebaumöl,https://inkeedecoder.com/products/altapharma-teebaumol
acne,"Melaleuca Alternifolia, D-Limonene, Linalool",Apotheke Spot Treatment,https://inkeedecoder.com/products/apotheke-spot-treatment
acne,"Melaleuca Alternifolia, Camellia Sinensis, Lavandula Angustifolia, Azadirachta Indica, Vitis Vinifera",Australian bodycare Nail Repair,https://inkeedecoder.com/products/australian-bodycare-nail-repair
acne,"Melaleuca Alternifolia Leaf Oil, 4-Terpineol, Tocopherol, Limonene, Linalool, Geraniol",Bosistos Tea Tree Spray,https://inkeedecoder.com/products/bosistos-tea-tree-spray
acne,Melaleuca Oil 50Mg/​G,Briogeo B. Well Organic + Australian 100% Tea Tree Skin & Scalp Oil,https://inkeedecoder.com/products/briogeo-b-well-organic-australian-100-tea-tree-skin-scalp-oil
acne,Organic Melaleuca Alternifolia (Tea Tree) Leaf Oil,Dot & Key Skin Clarifying Face Serum,https://inkeedecoder.com/products/dot-key-skin-clarifying-face-serum
acne,"Melaleuca Alternifolia (Tea Tree) Leaf Oil, Salvia Sclarea (Clary Sage) Oil, Lactobacillus/​Pear Juice Ferment Filtrate, Salix Alba (Willow) Bark Extract, Phellodendron Amurense Bark Extract, Rehmannia Chinensis Root Extract, Melia Azadirachta (Neem) Leaf Extract, Scutellaria Baicalensis Root Extract, Houttuynia Cordata Extract, Glycine Soja (Soybean) Seed Extract",Garden Lab Tea Tree 100% Natural Ready To Use Blend,https://inkeedecoder.com/products/garden-lab-tea-tree-100-natural-ready-to-use-blend
acne,"Melaleuca Alternifolia, Fractionated Coconut Oil",HitWorker Pimple Patch Hydrocolloid,https://inkeedecoder.com/products/hitworker-pimple-patch-hydrocolloid
acne,"Melaleuca Alternifolia (Tea Tree) Leaf Oil, Hamamelis Virginiana(Witch Hazel) Water, Sodium Hyaluronate, Allantoin, Hydrolyzed, Centella Asiatica Extract",Indus Valley Brightening Depigmentation Gel,https://inkeedecoder.com/products/indus-valley-bright-gel
acne,"Tea Tree Oil, (Cow) Yogurt, Grapefruit Seed Extract, Wheat Germ Oil, Honey, Cellulose Gum, Guar Gum, Benzyl Alcohol, Phenoxyethanol, Potassium Sorbate",Indus Valley Brightening Depigmentation Gel For Lightening And Glowing Skin,https://inkeedecoder.com/products/indus-valley-brightening-depigmentation-gel-for-lightening-and-glowing-skin
acne,"Tea Tree Oil, (Cow) Yogurt, Grapefruit Seed Extract, Wheat Germ Oil, Honey, Cellulose Gum, Guar Gum, Benzyl Alcohol, Phenoxyethanol, Potassium Sorbate",Ishizawa-Lab Acne Barrier,https://inkeedecoder.com/products/ishizawa-lab-acne-barrier
acne,"Tea Tree Oil, Hops Extract, Sage Extract, Lavender Oil, Rosemary Oil, Eucalyptus Oil, Comfrey Extract, Copper Chlorophyll, Na, BG",Jason Tea Tree Skin Oil,https://inkeedecoder.com/products/jason-tea-tree-skin-oil
acne,Melaleuca Alternifolia (Tea Tree) Leaf Oil,KHAZIX Micro Needles Pimple Patch,https://inkeedecoder.com/products/khazix-micro-needles-pimple-patch
acne,"Melaleuca Alternifolia (Tea Tree) Leaf Oil, Hamamelis Virginiana (Witch Hazel) Water, Sodium Hyaluronate, Allantoin, Hydrolyzed, Centella Asiatica Extract",Kalonea Skincare Acne Spot Treatment Serum,https://inkeedecoder.com/products/kalonea-skincare-acne-spot-treatment-serum
acne,"Melaleuca Alternifolia Leaf Oil, Leptospermum Petersonii Oil, Tocopheryl Acetate, PEG-40 Hydrogenated Castor Oil, Hamamelis Virginiana Leaf Extract, Polysorbate 21, Tea Tree (Melaleuca Alternifolia) Oil",Levinia Locion Reguladora,https://inkeedecoder.com/products/levinia-locion-reguladora
acne,"Melaleuca Alternifolia (Tea Tree) Leaf Oil, Calcium Pantothenate, Althaea Officinalis (Marshmallow) Extract, Triticum Vulgare (Wheat) Germ Extract, Hamamelis Virginiana (Witch Hazel) Extract, Inositol, Retinol, Equisetum Arvense (Horsetail) Extract, Tussilago Fárfara (Coltsfoot) Flower Extract, Viscum Album (Mistletoe) Fruit Extract",Nature Queen Tea Tree Essential Oil,https://inkeedecoder.com/products/nature-queen-tea-tree-essential-oil
acne,Melaleuca Alternifolia Oil,Neal's Yard Remedies Organic Essential Oil Tea Tree,https://inkeedecoder.com/products/neals-yard-remedies-organic-essential-oil-tea-tree
acne,Melaleuca Alternifolia (Tea Tree) Leaf Oil,Nikura 100% Pure Tea Tree Oil,https://inkeedecoder.com/products/nikura-100-pure-tea-tree-oil
acne,Melaleuca Alternifolia,PLANTHÉ Tea Tree Oil,https://inkeedecoder.com/products/planthe-tea-tree-oil
acne,"Melaleuca Alternifolia Leaf Oil, Limonene, Rosmarinus Officinalis Leaf Extract",Rey natural tea tree essential oil,https://inkeedecoder.com/products/rey-natural-tea-tree-essential-oil-
acne,Tea Tree Oil (Melaleuca Oil),Rozino Tea Tree Oil Foot Cream,https://inkeedecoder.com/products/rozino-tea-tree-oil-foot-cream
acne,"Tea Tree Oil, Vitamin E, Aloe Vera, Peppermint, Honey, Rosemary Oil, Sweet Almond Oil, Sunflower Seed Oil, Phenoxyethanol",Shea Moisture African Black Soap Deep Cleansing Shampoo,https://inkeedecoder.com/products/shea-moisture-african-black-soap-deep-cleansing-shampoo
acne,"Tea Tree Oil, Willow Bark Extract, Water, Sodium Lauroyl Methyl Isethionate, Cocamidopropyl Betaine, Glycerin (Vegetable), Glycol Distearate, Glyceryl Caprylate, Vinegar, Olea Europaea (Olive) Fruit Oil",Sofam Cleansing Gel For Oily Skin,https://inkeedecoder.com/products/sofam-cleansing-gel-for-oily-skin
acne,"Tea Tree Oil, Aloe Vera Extract, Licorice Extract, Rosemary Extract, Calendula Extract, Salicylic Acid, Glycolic Acid, Mandelic Acid, Maleic Acid, Azelaic Acid",St. D'Vence Moisturizer Winter Edition,https://inkeedecoder.com/products/st-dvence-moisturizer-winter-edition
acne,"Tea Tree Oil, Shea Butter, Aloe Vera, Almond Oil, Vitamin E, Jojoba Oil, Olive Oil, Fresh Milk, Egms, Cetyl Alcohol",St. D'Vence Tea Tree Body Wash,https://inkeedecoder.com/products/st-dvence-tea-tree-body-wash
acne,"Tea Tree Oil, Eucalyptus Oil, Peppermint Oil, Vitamin E, Aloe Vera (Usda Organic), Triethanolamine, Allantoin, Disodium Laureth Sulfosuccinate, Sodium Lauroyl Sarcosinate, Acrylates Copolymer",Trader Joe's Tea Tree Tingle Body Wash,https://inkeedecoder.com/products/trader-joes-tea-tree-tingle-body-wash
acne,"Certified Organic *Tea Tree (Melaleucs Alternifolia) Oil, *Peppermint (Mentha Piperita) Oil, *Eucalyptus (Eucalyptus Officinalis) Oil, *Rosemary (Rosmarinus Officinalis) Oil, (*Nettle) Urtica Dioica Oil, *Thyme (Thymus Vulgaris) Oil, *Chamomile (Anthemis Nobilis Flower), (Soybean Protein) Glycine Soja Extract (Aqueous), Menthol, Sodium Cocoyl Glutamate",Votre Advanced Pore Minimising Toner,https://inkeedecoder.com/products/votre-advanced-pore-minimising-toner
acne,"Melaleuca Alternifolia (Tea Tree Oil), Allantoin, Vitis Vinifera (Grape Seed), Aloe Barbadensis (Aloe Vera), Rosa (Rose Extract), Fragaria Ananassa (Strawberry) Extract, Citrullus Vulgaris (Watermelon Fruit Extract), Base Q.S",juman dead sea Acne Cream,https://inkeedecoder.com/products/juman-acne-cream
acne,"Melaleuca Alternifolia (Tea Tree) Leaf Oil, Rosmarinus Officinalis (Rosemary) Leaf Extract, Chamomilla Recutita (Chamomile) Flower Extract, Aloe Barbadensis (Aloe Vera) Leaf Juice, Tocopherol (Vitamin E), Maris Sal (Dead Sea Salt), Salicylic Acid, Zinc Oxide",tea tree oil Tea Tree Essential Oil,https://inkeedecoder.com/products/tea-tree-oil-tea-tree-essential-oil
acne,"Melaleuca Alternifolia (Tea Tree) Leaf Oil, Gamma-Terpinene, Myrcene, Cineole, Terpinolene, Alpha-Pinenes, Alpha-Terpineol, Beta-Caryophyllene",tea tree oil Thursday Plantation,https://inkeedecoder.com/products/tea-tree-oil-thursday-plantation
acne,Melaleuca Alternifolia (Tea Tree) Leaf Oil,ACROPASS Trouble Cure Patch,https://inkeedecoder.com/products/acropass-trouble-cure-patch
acne,"Ethanol, Melaleuca Alternifolia (Tea Tree) Leaf Oil, Salicylic Acid, Tocopheryl Acetate, Hydrolyzed Hyaluronic Acid, Niacinamide, Oligopeptide-76, Sodium Hydroxide",AOA Skin Invisible Acne Patches,https://inkeedecoder.com/products/aoa-skin-invisible-acne-patches
acne,"Hydrocolloid, Melaleuca Alternifolia (Tea Tree) Leaf Oil, Melaleuca Alternifolia (Tea Tree) Extract, Centella Asiatica Extract",ARGANICARE Tea Tree Oil,https://inkeedecoder.com/products/arganicare-tea-tree-oil
acne,"Simmondsia Chinensis (Jojoba) Seed Oil, Melaleuca Alternifolia (Tea Tree) Leaf Oil",Advanced Clinicals Tea Tree Oil,https://inkeedecoder.com/products/advanced-clinicals-tea-tree-oil
acne,"Caprylic/​Capric Triglyceride, Melaleuca Alternifolia (Tea Tree) Leaf Oil, Tocopherol, Avena Sativa (Oat) Kernel Oil, Oryza Sativa (Rice) Bran Extract, Helianthus Annuus (Sunflower) Extract, Rosmarinus Officinalis (Rosemary) Leaf Extract, Limonene, Linalool",Aizen Acnefique Cream V2.0,https://inkeedecoder.com/products/aizen-acnefique-cream-v2-0
acne,"Water, Melaleuca Alternifolia (Tea Tree) Leaf Oil, Niacinamide, PEG/​PPG-14/​7 Dimethyl Ether, Bacopa Monniera Extract, Potassium Azeloyl Diglycinate, Alcohol, Sodium Hyaluronate, Polyglutamic Acid, Quaternium-73",Akren Liquid Cleanser For Combined And Oily Skin,https://inkeedecoder.com/products/akren-liquid-cleanser-for-combined-and-oily-skin
acne,"Dead Sea Salts, Tea Tree Oil, Vitamin E, Glycerin, Vitamin C, Citric Acid, Thyme Extract, Licorice Extract, Salicylic Acid, Panthenol",Alba Botanica Acne Dote Pimple Patches,https://inkeedecoder.com/products/alba-botanica-acne-dote-pimple-patches
acne,"Hydrocolloid Dressing With, Melaleuca Alternifolia (Tea Tree) Leaf Oil, Hamamelis Virginiana (Witch Hazel) Water, Lens Esculenta (Lentil) Fruit Extract, Petroselinum Sativum (Parsley) Extract",Alejon Perin Facial Toner,https://inkeedecoder.com/products/alejon-perin-facial-toner
acne,"Aqua, Tea Tree Oil, Aloe Vera Oil, Provitamin B5, Chamomile Oil, Rose Water, Panthenol, Vit E, Vit C, Niacinamide",Aloe Pura Aloe Vera Gel With Antiseptic Tea Tree Oil,https://inkeedecoder.com/products/aloe-pura-aloe-vera-gel-with-antiseptic-tea-tree-oil
acne,"Aloe Barbadensis (Aloe Vera) Leaf Juice, Melaleuca Alternifolia (Tea Tree) Leaf Oil, Polysorbate 20, Acrylates/​C10-30 Alkyl Acrylate Crosspolymer, Sodium Phytate, Sodium Hydroxide, Phenoxyethanol, Potassium Sorbate, Benzoic Acid, Limonene",Aloe Vera Australia Aloe Vera Massage Treatment,https://inkeedecoder.com/products/aloe-vera-australia-aloe-vera-massage-treatment
acne,"Aloe Vera Gel, Australian Tea Tree Oil, Eucalyptus Oil, Peppermint Oil, Methyl Salicylate, Allantoin",Apotheke Skin Doctor For Women,https://inkeedecoder.com/products/apotheke-skin-doctor-for-women
acne,"Cymbopogon Flexuosus Oil, Melaleuca Alternifolia, Pelargonium Graveolens, Boswellia Carterii, Cymbopogon Nardus, Cananga Odorata, Chamaemelum Nobile, Lavandula Angustifolia, Camellia Sinensis, Rosa Virginiana",Avarelle Cosmetics Acne Cover Patch Original 40,https://inkeedecoder.com/products/avarelle-cosmetics-acne-cover-patch-original-40
acne,"Hydrocolloid (Hydrogenated Styrene/​Butadiene Copolymer, Cellulose Gum, Sodium Carboxymethyl Starch), Melaleuca Alternifolia (Tea Tree) Leaf Oil, Calendula Officinalis Flower Oil, Madecassic Acid",Breylee Acne Scar Removal Gel,https://inkeedecoder.com/products/breylee-acne-scar-removal-gel
acne,"Aqua, Tea Tree Oil, Salicylic Acid, Glycerin, Ethylhexylglycerin, Arbutin, Nicotinamide, Glycyrrhiza Inflata Root Extract, Sophora Angustifolia Root Extract, Centella Asiatica Extract",Care Science Natural Wound Gel With Tea Tree,https://inkeedecoder.com/products/care-science-natural-wound-gel-with-tea-tree
acne,"Water, Melaleuca Alternifolia (Tea Tree) Leaf Oil, Glycerin, Propylene Glycol, Diazolidinyl Urea, Methylparaben, Propylparaben, Triethanolamine, Carbomer, Acrylates/​C10-30 Alkyl Acrylate Crosspolymer",Cota Skin Cbd Cream,https://inkeedecoder.com/products/cota-skin-cbd-cream
acne,"Aqua, Tea Tree Oil, Retinol, Rose Extract, Shea Butter, Collagen, Rosehip Seed Oil, Olive Oil, Burdock, Milk Thistle",DAX Supergro For Men,https://inkeedecoder.com/products/dax-supergro-for-men
acne,"Petrolatum, Melaleuca Alternifolia (Tea Tree) Oil, Prunus Amygdalus (Sweet Almond) Dulcis Oil, Persea Gratissima (Avocado) Oil, Helianthus Annuus (Sunflower) Seed Oil, Simmondsia Chinensis (Jojoba) Seed Oil, Sesamum Indicum (Sesame) Seed Oil, Triticum Vulgare (Wheat) Germ Oil, Carthamus Tinctorius (Safflower) Seed Oil, Gossypium Herbaceum (Cotton) Seed Oil",Clinical Niacinamide 20% Treatment Paula's Choice,https://inkeedecoder.com/products/paulas-choice-clinical-niacinamide-20-treatment
acne,melaleuca-alternifolia-leaf-oil,Rejuvenating Brightening Essence BRODA® PRO,https://inkeedecoder.com/products/broda-r-pro-rejuvenating-brightening-essence
acne,"Water (Aqua), Niacinamide 20.0%, Pentylene Glycol (Solvent/​Texture Enhancer), Butylene Glycol (Slip Agent/​Hydration), Glycerin (Skin-Replenishing), Acetyl Glucosamine (Skin-Replenishing), Ascorbyl Glucoside (Vitamin C/​Antioxidant), Glycyrrhiza Glabra (Licorice) Root Extract (Skinsoothing/​Antioxidant), Spiraea Ulmaria (Meadowsweet) Extract (Antioxidant), Portulaca Oleracea (Purslane) Extract (Antioxidant)",Niacinamide 10 Serum Cos De BAHA,https://inkeedecoder.com/products/cos-de-baha-niacinamide-10-serum
acne,"Water, Niacinamide 10.0%, Butylene Glycol, PEG-8, Propylene Glycol, Poloxamer 407, Tranexamic Acid 3.0%, Laureth-4, Salicylic Acid 1.0%, Carbomer",Flawless Nightly Serum Dr. Sam Bunting Skincare,https://inkeedecoder.com/products/dr-sam-bunting-skincare-flawless-nightly-serum
acne,"Organic Aloe Barbadensis Leaf Extract (Aloe), Niacinamide 10.0%, Propanediol, Glycerin, 1, 2-Hexanediol, Zinc Pca 1.0%, Sodium Hyaluronate, Allantoin, Dipotassium Glycyrrhizate",Niacinamide The Inkey List,https://inkeedecoder.com/products/the-inkey-list-niacinamide
acne,"Aqua (Water/​Eau), Butylene Glycol, Niacinamide 10.0%, Azelaic Acid 5.0%, Dicaprylyl Carbonate, Glycerin, Ethoxydiglycol, Cetearyl Alcohol, Dimethyl Isosorbide, Bakuchiol 1.0%",Niacinamide 10% + Zinc 1% The Ordinary,https://inkeedecoder.com/products/the-ordinary-niacinamide-10-zinc-1-serum1
acne,"Water (Aqua/​Eau), Niacinamide 10.0%, Glycerin, Propanediol, Butylene Glycol, Squalane, Leuconostoc/​Radish Root Ferment Filtrate, Hyaluronic Acid, Phenoxyethanol, Hydroxyethyl Acrylate/​Sodium Acryloyldimethyl Taurate Copolymer",Pore Refining & Spot Correcting Concentrate dermistry⁺,https://inkeedecoder.com/products/dermistry-pore-refining-spot-correcting-concentrate
acne,"Aqua (Water), Niacinamide 10.0%, Pentylene Glycol, Zinc Pca 1.0%, Dimethyl Isosorbide, Tamarindus Indica Seed Gum, Xanthan Gum, Isoceteth-20, Ethoxydiglycol, Phenoxyethanol",Star Light Spot Corrector Acaderma,https://inkeedecoder.com/products/acaderma-star-light-spot-corrector
acne,"Aqua, Niacinamide 10.0%, Methylpropanediol, Pentylene Glycol, Salicylic Acid 1.0%, 3-O-Ethyl Ascorbic Acid, Carnosine, Opuntia Streptacantha Stem Extract, Glycine Max (Soybean) Seed Extract, Rhamnose",Flawless Brightly Serum Dr Sam Bunting,https://inkeedecoder.com/products/dr-sam-bunting-flawless-brightly-serum
acne,"Aqua (Water), Niacinamide 5.0%, Tranexamic Acid 3.0%, PEG-11 Methyl Ether Dimethicone, Caprylyl Methicone, Caprylic/​Capric Triglyceride, 1-Methylhydantoin-2-Imide, 1, 2-Hexanediol, PEG-12 Dimethicone",Flawless Moisturiser Dr. Sam Bunting Skincare,https://inkeedecoder.com/products/dr-sam-bunting-skincare-flawless-moisturiser
acne,"Aqua (Water), Azelaic Acid 10.0%, Caprylic/​Capric Triglyceride, Niacinamide 5.0%, Dicaprylyl Carbonate, Ascorbyl Glucoside 2.0%, Cetearyl Alcohol, Glycerin, Glyceryl Stearate SE, Cetearyl Olivate",Lab. Restoring Brightening Serum Purid,https://inkeedecoder.com/products/purid-lab-restoring-brightening-serum
acne,"Aqua (Water/​Eau), Butyrospermum Parkii (Shea) Butter, Cyclopentasiloxane, Niacinamide 5.0%, Propanediol, Dimethicone, Glycerin, Cetyl Alcohol, Caprylic/​Capric Triglyceride, Glyceryl Stearate Se",Abc Repair & Restore Antioxidant Serum Rx2 RejuAus,https://inkeedecoder.com/products/rejuaus-abc-repair-restore-antioxidant-serum-rx2
acne,"Water, Niacinamide 5.0%, Arbutin 2.0%, Acetyl Glucosamine 2.0%, Bis-Ethoxydiglycol Cyclohexane 1, 4-Dicarboxylate 1.0%, Pentylene Glycol, Butylene Glycol, Sophora Flavescens Root Extract**, Glycyrrhiza Inflata Root Extract**",Oh K SOS Clear Cover Blemish Patches,https://inkeedecoder.com/products/oh-k-sos-clear-cover-blemish-patches
acne,"Water, Aloe Vera Juice Extract, Niacinamide 5.0%, Cyclodextrin, Caprylic/​Capric Triglyceride, Gluconolactone, Terminalia Ferdinandiana (Kakadu Plum) Fruit Extract 5.0%, Carnitine (L), Vegetable Glycerin, Polysorbate 20",The Creme Shop What Acne? Invisible Makeup Patches,https://inkeedecoder.com/products/the-creme-shop-what-acne-invisible-makeup-patches
acne,niacinamide,Oriental Botanics Australian Tea Tree Anti Acne Serum,https://inkeedecoder.com/products/oriental-botanics-australian-tea-tree-anti-acne-serum
acne,"Acrylates Copolymer, Phellodendron Amurense Bark Extract, Coptis Chinensis (Goldthread) Root Extract, Scutellaria Baicalensis (Baikal Skullcap) Root Extract, Sciadopitys Verticillata (Umbrella Pine) Root Extract, Kochia Scoparia (Summer Cypress) Fruit Extract, Canavalia Gladiata (Sword Bean) Fruit Extract, Chamaecyparis Obtusa (Hinoki Cypress) Leaf Extract, Melaleuca Alternifolia (Tea Tree) Leaf Water, Butylene Glycol",Pilgrim 2% Salicylic Acid Face Serum For Anti-acne,https://inkeedecoder.com/products/pilgrim-2-salicylic-acid-face-serum-for-anti-acne
acne,"Acrylates Copolymer, Phellodendron Amurense Bark Extract, Coptis Chinensis Root Extract, Scutellaria Baicalensis Root Extract, Sciadopitys Verticillata Root Extract, Melaleuca Alternifolia (Tea Tree) Leaf Water, Kochia Scoparia Fruit Extract, Canavalia Gladiata Fruit Extract, Chamaecyparis Obtusa Leaf Extract, Salicylic Acid",Pyunkang Yul Get Ready Quick Clear Mist,https://inkeedecoder.com/products/pyunkang-yul-get-ready-quick-clear-mist
acne,"Purified Water, Butylene Glycol (Skin-Conditioning Agent), Phellodendron Amurense Bark Extract, Glycolic Acid, PEG-60 Hydrogenated Castor Oil, Salix Alba Bark Extract, Rehmannia Chinensis Root Extract, Chinaberry (Melia Azedarach) Leaf Extract, Scutellaria Baicalensis Root Extract, Houttuynia Cordata Extract",Pyunkang Yul Ultimate Calming Solution Cream,https://inkeedecoder.com/products/pyunkang-yul-ultimate-calming-solution-cream
acne,"Purified Water, Butylene Glycol, Phellodendron Amurense Bark Extract, Glycolic Acid, PEG-60 Hydrogenated Castor Oil, Salix Alba Bark Extract, Rehmannia Chinensis Root Extract, Melia Azadirachta Leaf Extract, Scutellaria Baicalensis Root Extract, Houttuynia Cordata Extract",Suqqu The Cream Foundation,https://inkeedecoder.com/products/suqqu-the-cream-foundation
acne,"Water, Dipropylene Glycol, Phellodendron Amurense Bark Extract, Glycerin, Paeonia Lactiflora Bark/​Sap Extract, Scutellaria Baicalensis Root Extract, Butylene Glycol, Mentha Arvensis Extract, Hydroxyacetophenone, C12-14 Alketh-12",Vella Necessary Neck Cream,https://inkeedecoder.com/products/vella-necessary-neck-cream
acne,"Water, Glycerin, Phellodendron Amurense Bark Extract, Cetearyl Alcohol, Paeonia Lactiflora Bark/​Sap Extract, Cetyl Alcohol, Glyceryl Stearate, Scutellaria Baicalensis Root Extract, Stearyl Alcohol, Caprylic/​Capric Triglyceride",doTERRA Correct-X,https://inkeedecoder.com/products/doterra-correct-x-essential-ointment
acne,"Green Tea (Camellia Sinensis Leaf Extract), Silk Protein, Phellodendron Amurense Bark Extract, Olea Europaea Leaf Extract, Prunus Yedoensis Leaf Extract, Camellia Japonica Seed Extract, Angelica Acutiloba Root Extract, Hibiscus Esculentus Fruit Extract, Citrus Junos Peel Extract, Pyrus Malus Fruit Extract",Atoclassic Real Tonic Soothing Moist Mist,https://inkeedecoder.com/products/atoclassic-real-tonic-soothing-moist-mist
acne,"Nelumbo Nucifera Flower Water, Niacinamide, Phellodendron Amurense Bark Extract, Dioscorea Japonica Root Extract, Acmella Oleracea Extract, Theobroma Cacao (Coc Qa) Seed Extract, Piper Methysticum Leaf/​Root/​Stem Extract, Centella Asiatica Extract, Panax Ginseng Berry Extract, Asparagus Officinalis Stem Extract",DermDoc Gentle Exfoliating Toner with Glycolic Acid,https://inkeedecoder.com/products/dermadoc-glycolic-acid-toner
acne,"Hordeum Distichon (Barley) Extract, Santalum Album (Sandalwood) Extract, Phellodendron Amurense Bark Extract, Glyceryl Stearate, Acacia Decurrens/​Jojoba/​Sunflower Seed Wax/​Polyglyceryl-3 Esters, Caprylic/​Capric Triglyceride, Glyceryl Myristate, Glyceryl Palmitate, Glyceryl Ricinoleate, Juniperus Virginiana (Cedarwood) Wood Oil",Dermadoctor Wrinkle Revenge Rescue & Protect Facial Cream,https://inkeedecoder.com/products/dermadoctor-wrinkle-revenge-rescue-protect-facial-cream
acne,"Coptis Chinensis Root Extract, Scutellaria Baicalensis Root Extract, Gardenia Jasminoides Extract, Phellodendron Amurense Bark Extract, Water, Glycerin, Propanediol, Sodium Hyaluronate, 1, 2-Hexanediol",Dr. Jart+ Every Sun Day Tone Up Sun Screen Spf 50+ Pa+++,https://inkeedecoder.com/products/dr-jart-every-sun-day-tone-up-sun-screen-spf-50-pa
acne,"Purified Water, Betaine, Butylene Glycol, Phellodendron Amurense Bark Extract, Glycolic Acid, PEG-60 Hydrogenated Castor Oil, Salix Alba Bark Extract, Rehmannia Chinensis Root Extract, Melia Azadirachta Leaf Extract, Scutellaria Baicalensis Root Extract",Dreamax D-clin Gel With Acnebuster Complex,https://inkeedecoder.com/products/dreamax-d-clin-gel-with-acnebuster-complex
acne,"Aqua (Water), Cetearyl Alcohol, Santalum Album (Sandalwood) Wood Extract, Phellodendron Amurense (Amur Corktree) Bark Extract, Hordeum Distichon (Barley) Extract, Butylene Glycol, Cetearyl Methicone, Dimethicone, Linoleic Acid, Glycine Soja (Soybean) Sterols",Oriental Botanics Tea Tree Toner,https://inkeedecoder.com/products/oriental-botanics-tea-tree-toner
acne,"Niacinamide, Chrysanthemum Indicum Flower Extract, Portulaca Oleracea Extract, Phellodendron Amurense Bark Extract, Glycine Soja (Soybean) Seed Extract, Trichosanthes Kirilowii Root Extract, Oenothera Biennis (Evening Primrose) Flower Extract, Mirabilis Jalapa Flower/​Leaf/​Stem Extract, Ipomoea Purpurea Extract, Theobroma Cacao (Cocoa) Seed Extract",Pilgrim Zit Zapper Anti-acne Gel,https://inkeedecoder.com/products/pilgrim-zit-zapper-anti-acne-gel
acne,"Aqua, Glycerin, Acnebuster, Phellodendron Amurense Bark Extract, Salix Alba Bark Extract, Rehmannia Chinensis Root Extract, Melia Azadirachta Leaf Extract, Houttuynia Cordata Extract, Glycine Soja (Soyabean) Seed Extract, Lactobacillus/​Pear Juice Ferment Filtrate",Pyunkang Yul Ultimate Calming Serum,https://inkeedecoder.com/products/pyunkang-yul-ultimate-calming-serum
acne,"Purified Water, Propylene Glycol (Skinconditioning Agent), Butylene Glycol (Skin-Conditioning Agent), Phellodendron Amurense Bark Extract, Glycolic Acid, PEG-60 Hydrogenated Castor Oil, Salix Alba Bark Extract, Rehmannia Chinensis Root Extract, Chinaberry (Melia Azedarach) Leaf Extract, Scutellaria Baicalensis Root Extract",Sofina iP Pore Clearing Gel Wash,https://inkeedecoder.com/products/sofina-ip-pore-clearing-gel-wash
acne,"Purified Water, Niacinamide, Butylene Glycol, Phellodendron Amurense Bark Extract, Glycolic Acid, PEG-60 Hydrogenated Castor Oil, Salix Alba Bark Extract, Rehmannia Chinensis Root Extract, Melia Azadirachta Leaf Extract, Scutellaria Baicalensis Root Extract",Dot & Key Cica Salicylic Back & Body Acne Spray With Tea Tree Oil,https://inkeedecoder.com/products/dot-key-cica-salicylic-back-body-acne-spray-with-tea-tree-oil
acne,"Water, Glycerin, Methylpropanediol, Phellodendron Amurense Bark Extract, Paeonia Lactiflora Bark/​Sap Extract, Scutellaria Baicalensis Root Extract, Mentha Arvensis Extract, Butylene Glycol, Dipropylene Glycol, Betaine",Dot & Key Zit Zapping Skin Clarifying Face Serum,https://inkeedecoder.com/products/dot-key-zit-zapping-skin-clarifying-face-serum
acne,"Mannitol, Trehalose, Phellodendron Bark Extract, Bamboo Charcoal",Lamelle Serra Lipid Recovery Mask,https://inkeedecoder.com/products/lamelle-serra-lipid-recovery-mask
acne,"Aloe Barbadensis (Aloe Vera) Leaf Juice, Propylene Glycol, Salicylic Acid, Lactobacillus/​Pear Juice Ferment Filtrate, Phellodendron Amurense Bark Extract, Salix Alba (Willow) Bark Extract, Rehmannia Chinensis Root Extract, Melia Azadirachta (Neem) Leaf Extract, Scutellaria Baicalensis Root Extract, Houttuynia Cordata Extract",Leeford Alite Anti Acne Gel,https://inkeedecoder.com/products/leeford-alite-anti-acne-gel
acne,"Purified Water, Dimethicone, Dimethicone Crosspolymer, Pear Juice Ferment Filtrate, Phellodendron Amurense Bark Extract, Rehmannia Chinensis Root Extract, Melia Azadirachta Leaf Extract, Scutellaria Baicalensis Root Extract, Houttuynia Cordata Extract, Glycine Soja (Soybean) Seed Extract",Mamaearth Bye Bye Acne Face Cream,https://inkeedecoder.com/products/mamaearth-bye-bye-acne-face-cream
acne,"Water (Aqua), Magnesium Silicate, Butyrospermum Parkii (Shea) Butter, Santalum Album (Sandalwood) Extract, Phellodendron Amurense Bark Extract, Hordeum Distichon (Barley) Extract, Isononyl Isononanoate, Caprylic/​Capric Triglycerides, Glycerin, Decapeptide-16",Muun pH Balanced Feminine Wash,https://inkeedecoder.com/products/muun-ph-balanced-feminine-wash
acne,"Propylene Glycol, Silanediol Salicylate, Water, Butylene Glycol, Phellodendron Amurense Bark Extract, Glycolic Acid, PEG-60 Hydrogenated Castor Oil, Rehmannia Chinensis Root Extract, Scutellaria Baicalensis Root Extract, Houttuynia Cordata Extract",Pyunkang Yul Ultimate Calming Solution Toner,https://inkeedecoder.com/products/pyunkang-yul-ultimate-calming-solution-toner
acne,"Aqua, Glycerin, Diethylhexyl Carbonate, Butylene Glycol, Phellodendron Amurense Bark Extract, Glycolic Acid, Salix Alba (White Willow) Bark Extract, Rehmannia Chinensis Root Extract, Melia Azadirachta (Neem) Leaf Extract, Scutellaria Baicalensis Root Extract",Rohto Mentholatum Hada Labo Facial Moisturizer Gokujyun Aging Milk,https://inkeedecoder.com/products/rohto-mentholatum-hada-labo-facial-moisturizer-gokujyun-aging-milk
acne,"Water, Disodium Cocoyl Glutamate, PEG-40 Glyceryl Cocoate, Lauramidopropyl Betaine, Phellodendron Amurense Bark Extract, Sophora Flavescens Extract, Aloe Vera Leaf Extract, Cnidium Monnieri Fruit Extract, Lavandula Angustifolia Oil, Tocopherol",CUURA On-The-Spot (Acne Spot Treatment),https://inkeedecoder.com/products/cuura-on-the-spot-acne-spot-treatment
acne,"Water, Glycerin, Butylene Glycol, Dipropylene Glycol, Phellodendron Amurense Bark Extract, Paeonia Lactiflora Bark/​Sap Extract, Scutellaria Baicalensis Root Extract, Betaine, Mentha Arvensis Extract, Hydroxyacetophenone",Darphin Purifying Foam Gel,https://inkeedecoder.com/products/darphin-purifying-foam-gel
acne,"Sodium Acetylated Hyaluronate, Acetyl Glucosamine, Hydrolyzed Hyaluronic Acid, Sodium Hyaluronate, Phellodendron Amurense Bark Extract, Water, Butylene Glycol, Glycerin, Niacinamide, Hydrogenated Poly (C6-12 Olefin)",MINISO Tea Tree,https://inkeedecoder.com/products/miniso-tea-tree
acne,"Aqua, Glycine Soja (Soybean) Protein, Rehmannia Chinensis Root Extract, Lactobacillus/​Pear Juice Ferment Filtrate, Salix Alba (Willow) Bark Extract, Phellodendron Amurense Bark Extract (Oubaku), Melia Azadirachta Leaf Extract (Neem), Houttuynia Cordata Extract, Scutellaria Baicalensis Root Extract, Melaleuca Alternifolia",Oriental Botanics Australian Tea Tree Foaming Face Wash,https://inkeedecoder.com/products/oriental-botanics-australian-tea-tree-foaming-face-wash
acne,"Water\Aqua\Eau, Sodium Laureth Sulfate, Lauryl Glucoside, Lauramidopropyl Betaine, PEG-7 Glyceryl Cocoate, Phellodendron Amurense Bark Extract, Laminaria Saccharina Extract, Dipotassium Glycyrrhizate, Butylene Glycol, Copper Pca",Skin Advanced Platinum Anti-Acne & Repairing Treatment Essence,https://inkeedecoder.com/products/watsons-skin-advanced-platinum-acne-care-repair-serum
acne,"Aqua/​Water/​Eau, Dipropylene Glycol, Butylene Glycol, Propanediol, Betaine, Phellodendron Amurense Bark Extract, Salix Alba (Willow) Bark Extract, Rehmannia Chinensis Root Extract, Melia Azadirachta Leaf Extract, Scutellaria Baicalensis Root Extract",StBotanica Australian Tea Tree Foaming Face Wash,https://inkeedecoder.com/products/stbotanica-australian-tea-tree-foaming-face-wash
acne,"Purified Water, Decyl Glucoside (Plant-Derived), Cocamidopropyl Betaine (Coconut Oil Derived), Glycerin, Butylene Glycol (Skin-Conditioning Agent), Phellodendron Amurense Bark Extract, Glycolic Acid, PEG-60 Hydrogenated Castor Oil, Salix Alba Bark Extract, Rehmannia Chinensis Root Extract",Youth Lab Blemish Dot,https://inkeedecoder.com/products/youth-lab-blemish-dot
acne,"Aqua, Nicotinamide, Butylene Glycol, Arginine, Salicylic Acid, Phellodendron Amurense Bark Extract, Populus Tremuloides Bark Extract, Salix Alba Bark Extract, Portulaca Oleracea Extract, Beta-Glucan",Alite Anti Acne Gel,https://inkeedecoder.com/products/alite-anti-acne-gel
acne,"Purified Water, Decyl Glucoside (Plant-Derived), Cocamidopropyl Betaine (Coconut Oil Derived), Glycerin, Butylene Glycol (Skin-Conditioning Agent), Phellodendron Amurense Bark Extract, Glycolic Acid, PEG-60 Hydrogenated Castor Oil, Salix Alba Bark Extract, Rehmannia Chinensis Root Extract",Ban Roll-On Antiperspirant Deodorant,https://inkeedecoder.com/products/ban-roll-on-antiperspirant-deodorant
acne,"Acrylates Copolymer, Butylene Glycol, Melaleuca Alternifolia (Tea Tree) Leaf Water, Salicylic Acid, 1, 2-Hexanediol, Phellodendron Amurense Bark Extract, Coptis Chinensis Root Extract, Scutellaria Baicalensis Root Extract, Sciadopitys Verticillata Root Extract",Beauty Society Liquid Luxury,https://inkeedecoder.com/products/beauty-society-liquid-luxury
acne,"Willow Bark Extract (Salix Alba Bark Extract, Melia Azadirachta, Propylene Glycol, Silanediol Salicylate, Water, Butylene Glycol, Phellodendron Amurense Bark Extract, Glycolic Acid, PEG-60 Hydrogenated Castor Oil, Rehmannia Chinensis Root Extract",Breylee Tea Tree Acne Facial Toner,https://inkeedecoder.com/products/breylee-tea-tree-acne-facial-toner
acne,"Aluminum Chlorohydrate (18%), Water, PPG-11 Stearyl Ether, Steareth-2, Steareth-20, Sodium Silver Aluminum Silicate, Phellodendron Amurense Bark Extract, Santalum Album (Sandalwood) Extract, Hordeum Distichon (Barley) Extract",Centellian24 Madeca Soothing Mist,https://inkeedecoder.com/products/centellian24-madeca-soothing-mist
acne,"Helianthus Annuus (Sunflower) Seed Oil, Brassica Campestris/​Aleurites Fordi Oil Copolymer, Simmondsia Chinensis (Jojoba) Seed Oil, Santalum Album (Sandalwood) Extract, Hordeum Distichon (Barley) Extract, Aleurites Moluccana Seed Oil, Phellodendron Amurense Bark Extract, Rosa Canina Fruit Oil, Oenothera Biennis (Evening Primrose) Oil, Squalene",Coony Retinol Overnight Repair Serum,https://inkeedecoder.com/products/coony-retinol-overnight-repair-serum
acne,"Aqua, Glycerin, Melaleuca Alternifolia Leaf Oil, Hamamelis Virginiana Extract, Glycereth-26, Niacinamide, Phellodendron Amurense Bark Extract, Salix Alba Bark Extract, Rehmannia Chinensis Root Extract, Melia Azadirachta Leaf Extract",Darphin Cleansing Foam Gel,https://inkeedecoder.com/products/darphin-cleansing-foam-gel
acne,"Centella Asiatica Extract (87%), Methylpropanediol, 2, 3-Butanediol, Niacinamide, Pentylene Glycol, Portulaca Oleracea Extract, Phellodendron Amurense Bark Extract, Ficus Carica (Fig) Fruit Extract, Camellia Sinensis Leaf Extract",Darphin Skin Mat Matifying Lotion,https://inkeedecoder.com/products/darphin-skin-mat-matifying-lotion
acne,"Water, Butylene Glycol, Glycerin, Olea Europaea (Olive) Fruit Oil, Caprylic/​Capric Triglyceride, Mangifera Indica Seed Butter, Phellodendron Amurense Bark Extract, Polyglyceryl-3 Methylglucose Distearate, 1, 2-Hexanediol",Dot & Key Cica 2% Salicylic Acne Control Serum With Zinc,https://inkeedecoder.com/products/dot-key-cica-2-salicylic-acne-control-serum-with-zinc
acne,"Water\Aqua\Eau, Sodium Laureth Sulfate, Lauryl Glucoside, Lauramidopropyl Betaine, PEG-7, Glyceryl Cocoate, Phellodendron Amurense Bark Extract, Laminaria Saccharina Extract, Dipotassium Glycyrrhizate, Butylene Glycol",Dot & Key Salicylic Acid Serum,https://inkeedecoder.com/products/dot-key-salicylic-acid-serum
acne,"Water\Aqua\Eau, Dimethicone, Butylene Glycol, Arachidyl Alcohol, Imperata Cylindrica Root Extract, Glycerine, Phellodendron Amurense Bark Extract, Laminaria Saccharina Extract, Sodium Polyacrylate, Cetyl Alcohol",HSGN Pure 15% Vitamin C E Ferulic Acid Serum,https://inkeedecoder.com/products/hsgn-pure-15-vitamin-c-e-ferulic-acid-serum
acne,"Ethoxydiglycol, Propanediol, 1, 3 Butylene glycol, Salicylic Acid, Lactobacillus/​Pear Juice Ferment Filtrate, Phellodendron Amurense Bark Extract, Salix Alba (Willow) Bark Extract, Rehmannia Chinensis Root Extract, Melia Azadirachta Leaf Extract",Pilgrim Oil Free Moisturizer,https://inkeedecoder.com/products/pilgrim-oil-free-moisturizer
acne,"Cica Water, Ethoxydiglycol, Propanediol, 1, 3 Butylene glycol, Salicylic Acid, Lactobacillus/​Pear Juice Ferment Filtrate, Phellodendron Amurense Bark Extract, Salix Alba (Willow) Bark Extract, Rehmannia Chinensis Root Extract",Pilgrim Oil-free Gel Moisturiser,https://inkeedecoder.com/products/pilgrim-oil-free-gel-moisturiser-2
acne,"Purified Water, Propanediol, Ascorbic Acid, 1, 2-Hexanediol, Ethyl Ascorbyl Ether, Glutathione, Phellodendron Amurense Bark Extract, Panthenol, Resveratrol",TISHA Ac7 Spot Serum,https://inkeedecoder.com/products/tisha-ac7-spot-serum
acne,"Purified Water, Niacinamide (Vit B3) (5%), Saccharide Isomerate, Citric Acid, Sodium Citrate, Butylene Glycol, Phellodendron Amurense Bark Extract, PEG-60 Hydrogenated Castor Oil, Salix Alba Bark Extract, Rehmannia Chinensis Root Extract",The History of Whoo Jinyulhyang Essential Cleansing Oil,https://inkeedecoder.com/products/the-history-of-whoo-jinyulhyang-essential-cleansing-oil
acne,"Purified Water, Niacinamide, Saccharide Isomerate, Citric Acid, Sodium Citrate, Butylene Glycol, Phellodendron Amurense Bark Extract, Glycolic Acid, PEG-60 Hydrogenated Castor Oil, Salix Alba Bark Extract",Zo skin health Gentle Cleanser,https://inkeedecoder.com/products/zo-skin-health-gentle-cleanser
acne,"Dryopteris Filix-Mas Root Extract, Silica, Niacinamide, Polyglutamic Acid, Bacopa Monniera Extract, Centella Asiatica Extract, Phellodendron Amurense Extract, Coptis Chinensis Root Extract, Luffa Cylindrica Fruit Extract, Tea Tree Leaf Oil",Tranexamic Acid Essence Spring Letter,https://inkeedecoder.com/products/spring-letter-tranexamic-acid-essence
acne,"Cetyl Ethylhexanoate, Caprylic/​Capric Triglyceride, PEG-20 Glyceryl Triisostearate, Triethylhexanoin, Dextrin Palmitate/​Ethylhexanoate, Anemarrhena Asphodeloides Root Extract, Phellodendron Amurense Bark Extract, Prunus Armeniaca (Apricot) Kernel Extract, Macadamia Ternifolia Seed Oil, Water",Sensora Contour Serum – Jawline Remodelling,https://inkeedecoder.com/products/sensora-contour-serum-jawline-remodelling
acne,"Aqua/​Water/​Eau, Sodium Laureth Sulfate, Cocamidopropyl Betaine, Sodium Lauroyl Oat Amino Acids, Glycerin, Pterocarpus Soyauxii Wood Extract, Phellodendron Amurense Bark Extract, Hordeum Distichon/​Barley Extract/​Extrait D'Orge À Deux Rangs, Spiraea Ulmaria Leaf Extract, Camellia Sinensis Leaf Extract",SR-Skincare Ghk Copper Peptide Serum,https://inkeedecoder.com/products/sr-skincare-ghk-copper-peptide-serum
acne,phellodendron-amurense-bark-extract,Bebesup Nature Zero,https://inkeedecoder.com/products/bebesup-nature-zero
acne,"Aqua, Butylene Glycol, Tranexamic Acid 3.0%, 3-O-Ethyl Ascorbic Acid, Diglucosyl Gallic Acid 0.5%, Ectoin 0.5%, Glycerin, Epigallocatechin Gallatyl Glucoside 0.5%, Sea Whip Extract 0.5%, Phytosphingosine 0.2%",Functional Care Sérum Anti Acne E Anti Vermelhidão,https://inkeedecoder.com/products/functional-care-serum-anti-acne-e-anti-vermelhidao
acne,"Water, Rosa Damascena Floral Water, Polylysine, Glycerine, Sodium Anisate, Sodium Levulinate, Glycerin, Dextran, Trifluoroacetyl Tripeptide-2, Aqua",Pai Lotus & Orange Blossom Bioaffinity Toner,https://inkeedecoder.com/products/pai-lotus-orange-blossom-bioaffinity-toner
acne,"Copper Tripeptide-1, Water, Rosa Damascena (Rose) Flower Water, Polylysine, Glycerine, Sodium Anisate, Sodium Levulinate, Betaine, Taurine, D-Ribose",Murad Retexturizing Body Pads,https://inkeedecoder.com/products/murad-retexturizing-body-pads
acne,"Water, Glycerin, Caprylyl Glycol, Ethylhexylglycerin, Polylysine, Disodium EDTA, Actinidia Chinensis (Kiwi) Fruit Extract, Honey Extract, Prunus Amygdalus Dulcis (Sweet Almond) Fruit Extract, Yeast Beta-Glucan",Skinome Azelaic Concentrate,https://inkeedecoder.com/products/skinome-azelaic-concentrate
acne,"Camellia Sinensis (Green Tea) Leaf Extract, Bakuchiol, Niacinamide, Glabridin, Lactobacillus Ferment Filtrate, Polylysine, Trifolium Pratense (Clover) Extract, Aloe Barbadensis (Aloe Vera) Leaf Juice, Bentonite, Calendula Officinalis Flower Extract",Mantle The Spot Solution,https://inkeedecoder.com/products/mantle-the-spot-solution
acne,"Aqua, Citrus Aurantium Amara (Bitter Orange) Flower Water, Nelumbo Nucifera Root Water, Lactobacillus Ferment, Glycerin, Polylysine, Sodium Hydroxide, Geraniol, Farnesol, Limonene",Skin first Lozione Pelli Impure,https://inkeedecoder.com/products/skin-first-lozione-pelli-impure
acne,"Water (Aqua), Pentylene Glycol, Propanediol, Hamamelis Virginiana (Witch Hazel) Water, Azelaic Acid, Glycolic Acid, Polylysine, Urea, Yeast Amino Acids, Trehalose",Sunday Riley Detox Darling,https://inkeedecoder.com/products/sunday-riley-detox-darling
acne,"Aqua, Azelaic Acid, Glycerin, Panthenol, Acetyl Glucosamine, Ectoin, Polylysine, Zinc Pca, Caesalpinia Spinosa Gum, Sphingomonas Ferment Extract",The Body Shop Soothing Night Cream Aloe,https://inkeedecoder.com/products/the-body-shop-soothing-night-cream-aloe
acne,"Aqua (Water), Propanediol, Azelaic Acid, Squalane, Inulin, Sodium Polyacryloyldimethyl Taurate, Chamomilla Recutita (Matricaria) Flower/​Leaf Extract, Polylysine, Sodium Hyaluronate, Oligopeptide-10",facetheory Saliatica 2% BHA Exfoliant T6,https://inkeedecoder.com/products/facetheory-saliatica-2-bha-exfoliant-t6
acne,"Aqua, Butylene Glycol, Propanediol, Mandelic Acid, Salicylic Acid, Betaine, Tranexamic Acid, Polylysine, Mangifera Indica Fruit Extract, Panthenol",Cocokind Calming Magnesium Mist,https://inkeedecoder.com/products/cocokind-calming-magnesium-mist
acne,"Aqua/​Water/​Eau, Butylene Glycol, Methylpropanediol, Zinc Pca, Saccharomyces Ferment Lysate Filtrate, Avena Sativa (Oat) Leaf Extract, Silanediol Salicylate, Polylysine, Morinda Citrifolia Extract, Citrus Aurantium Dulcis (Orange) Peel Extract",facetheory Saliatica 2% BHA Toner T6,https://inkeedecoder.com/products/facetheory-saliatica-2-bha-toner-t6
acne,"Butter, Butyrospermum Parkii (Shea) Butter, Panthenol, Aloe Barbadensis Leaf Juice Powder, Acrylates/​C10-30 Alkyl Acrylate Crosspolymer, Xanthan Gum, Bisabolol, Polylysine, Sodium Hydroxide, Disodium EDTA",Be Minimalist Salicylic Acid 02%,https://inkeedecoder.com/products/be-minimalist-salicylic-acid-2-2
acne,"Aqua, Propanediol (Humectant), Cocamidopropyl Dimethylamine (Surfactant), Glycerin (Humectant), Salicylic Acid (BHA), Lactic Acid (AHA), Centella Asiatica (Gotu Kola) Flower/​Leaf/​Stem Extract, Polylysine (Microbiome Balancing Dendrimer)",Bumble And Bumble Bb Straight Blow Dry,https://inkeedecoder.com/products/bumble-and-bumble-bb-straight-blow-dry
acne,"Water/​Eau, Sea Silt Extract, Leuconostoc/​Radish Root Ferment Filtrate, Glycerin, Magnesium Pca, Zinc Pca, Sodium PCA, Manganese Pca, Polylysine, Nelumbo Nucifera Flower Water",Bumble And Bumble Straight Blow Dry Cream,https://inkeedecoder.com/products/bumble-and-bumble-straight-blow-dry-cream
acne,"Aqua, Propanediol (Humectant), Cocamidopropyl Dimethylamine (Surfactant), Glycerin (Humectant), Salicylic Acid (BHA), Lactic Acid (AHA), Centella Asiatica (Gotu Kola) Flower/​Leaf/​Stem Extract, Sodium Hydroxide (Ph Balancing), Polylysine (Microbiome Balancing Dendrimer)",Fiori di cipria Nuovo Siero Viso Re-age Nutrive Ultra Concentrato,https://inkeedecoder.com/products/fiori-di-cipria-nuovo-siero-viso-re-age-nutrive-ultra-concentrato
acne,"Aqua, Methylpropanediol, Butylene Glycol, Ethoxydiglycol, Dimethyl Isosorbide, Salicylic Acid, Glycerin, Marrubium Vulgare Extract, Pentylene Glycol, Polylysine",Huangisoo Green caviar facial toner,https://inkeedecoder.com/products/huangisoo-green-caviar-facial-toner
acne,"Water\Aqua\Eau, Dimethicone, Phenyl Trimethicone, Cetearyl Alcohol, Cetyl Alcohol, Transglutaminase, Malachite, Behentrimonium Chloride, Sapphire Powder, Polylysine",Mediheal Peelosoft Eyes & Lip Cleansing Duo,https://inkeedecoder.com/products/mediheal-peelosoft-eyes-lip-cleansing-duo
acne,"Water\Aqua\Eau, Dimethicone, Phenyl Trimethicone, Cetearyl Alcohol, Cetyl Alcohol, Transglutaminase, Malachite, Behentrimonium Chloride, Sapphire Powder, Polylysine",Sensilis Azelaic [peel],https://inkeedecoder.com/products/sensilis-azelaic-peel
acne,"Aqua (Water), Glycerin, Tamarindus Indica Seed Polysaccharide, Hyaluronic Acid, Tephrosia Purpurea Seed Extract, Hydrolyzed Glycosaminoglycans, P-Anisic Acid, Caprylyl/​Capryl Glucoside, Parfum (Fragrance), Polylysine",The Ordinary Balancing & Clarifying Serum,https://inkeedecoder.com/products/the-ordinary-balancing-clarifying-serum
acne,"Water, Caulerpa Lentillifera Extract, Algae Extract, Artemisia Vulgaris Extract, Centella Asiatica (Gotu Kola) Extract, Glycerine, Hyaluronic Acid, Ethylhexylglycerin, Caprylyl Glycol, Polylysine",The Ordinary Sulfur 10% Powder-to-cream Concentrate,https://inkeedecoder.com/products/the-ordinary-sulfur-10-powder-to-cream-concentrate
acne,"Water, Ethylhexyl Palmitate, Cetyl Ethylhexanoate, C18-21 Alkane, 1, 2-Hexanediol, Glycereth-26, Isohexadecane, Diethoxyethyl Succinate, Butylene Glycol","huangjisoo Green Caviar, Comfort Balancing Facial Toner",https://inkeedecoder.com/products/huangjisoo-green-caviar-comfort-balancing-facial-toner
acne,"Aqua (Water), Butylene Glycol, Glycereth-26, Potassium Azeloyl Diglycinate, Alpha-Glucan Oligosaccharide, Saccharide Isomerate, Tranexamic Acid, Zinc Pca, Tetrasodium Tetracarboxymethyl Naringeninchalcone, Polylysine",Mediheal AQUHA Rose AHA Skin Tonic,https://inkeedecoder.com/products/mediheal-aquha-rose-aha-skin-tonic
acne,"Aqua (Water), Lactococcus Ferment Lysate, Propanediol, Potassium Azeloyl Diglycinate, Carnitine, Acetyl Glucosamine, Sarcosine, Ectoin, Adenosine, Polylysine",Alastin Skincare Resurface Skin Polish,https://inkeedecoder.com/products/alastin-skincare-resurface-skin-polish
acne,"Glycerin, Propanediol, Silica Silylate (Nano), Sulfur, Aqua/​Water/​Eau, Carnitine, Niacinamide, Acacia Senegal Gum, Kaolin, Polylysine",Be Minimalist Salicylic Acid 02%,https://inkeedecoder.com/products/be-minimalist-salicylic-acid-02
acne,"Aqua, Caulerpa Lentillifera Extract, Algae (Seaweed) Extract, Artemisia Princeps Extract, Centella Asiatica (Gotu Kola) Extract, Glycerine, Hyaluronic Acid, Ethylhexylglycerin, Caprylyl Glycol, Polylysine",Be Minimalist Salicylic Acid 2% Face Serum,https://inkeedecoder.com/products/be-minimalist-salicylic-acid-2-face-serum
acne,"Water (Aqua/​Eau), Isohexadecane, Dipropylene Glycol, C18-21 Alkane, 1, 2-Hexanediol, Glycerin, Sodium Chloride, Betaine, Disodium EDTA",By Eggs Watermelon Boost Face Toner,https://inkeedecoder.com/products/by-eggs-watermelon-boost-face-toner
acne,"Caprylic/​Capric Triglyceride, Glycerin, Perlite, Water/​Aqua/​Eau, Sucrose Laurate, Xylitol, Glycolic Acid, Lactoferrin, Dunaliella Salina Extract, Tocopherol",Paullie Reset Hydrating Serum,https://inkeedecoder.com/products/paullie-reset-hydrating-serum
acne,"Water/​Aqua, Methylpropanediol, Propylene Glycol, Dimethyl Isosorbide, Glycolic Acid, Ethoxydiglycol, Salicylic Acid, Glycerin, Sodium Hydroxide, Pentylene Glycol",Proven Honest Derma (PHD) 2% Salicylic Acid Anti-acne Serum,https://inkeedecoder.com/products/proven-honest-derma-phd-2-salicylic-acid-anti-acne-serum
acne,"Water/​Aqua, Methylpropanediol, Propylene Glycol, Dimethyl Isosorbide, Glycolic Acid, Ethoxydiglycol, Salicylic Acid, Glycerin, Sodium Hydroxide, Pentylene Glycol",Proven Honest Derma (PHD) 3% Niacinamide Oil-free Mositurizer,https://inkeedecoder.com/products/proven-honest-derma-phd-3-niacinamide-oil-free-mositurizer
acne,"Water, Hamamelis Virginiana Extract, Chamomilla Recutita Extract, Calamine, Butylene Glycol, Panthenol, Allantoin, PEG-40 Hydrogenated Castor Oil, Tocopheryl Acetate, Sodium Hyaluronate",Sensilis Pure Age Perfection [retinal],https://inkeedecoder.com/products/sensilis-pure-age-perfection-retinal
acne,"Aqua (Water), Propanediol, Glycerin, Isopentyldiol, Sodium Hyaluronate, Xanthan Gum, Biosaccharide Gum-1, Davidsonia Jerseyana (Davidson Plum) Fruit Extract, Trifolium Pratense (Clover) Flower Extract, Althaea Officinalis (Marshmallow) Root Extract",Soulsisters Gel Cleanser,https://inkeedecoder.com/products/soulsisters-gel-cleanser
acne,"Aqua, Butylene Glycol, Niacinamide (3%), Pentylene Glycol, Methyl Gluceth-20, Propylene Glycol, Salicylic Acid (2%), 1, 2-Hexanediol, Camellia Sinensis Leaf Extract",The Joy Lab Power Clarity Serum Clareador,https://inkeedecoder.com/products/the-joy-lab-power-clarity-serum-clareador
acne,"Aqua, Dimethicone, Glycerin, 1, 3 Butylene glycol, Niacinamide (3%), Coco-Caprylate/​Caprate, Pentylene Glycol, Amp, Hema",Zakka Naturals Toner Probiotic Dual Effect,https://inkeedecoder.com/products/zakka-naturals-toner-probiotic-dual-effect
acne,"Aqua (Water), Glycereth-26, Isodecyl Neopentanoate, Sodium Polyacrylate, Butylene Glycol, Alpha-Glucan Oligosaccharide, Zinc Pca, Mannitol, Chondrus Crispus (Carrageenan) Powder, Methylsilanol Mannuronate",minimalist Salicylic Acid,https://inkeedecoder.com/products/minimalist-salicylic-acid
acne,"Aqua, Cocamidopropyl Betaine, Decyl Glucoside, Caprylyl/​Capryl Glucoside, Coco-Glucoside, Glycerin, Polyquaternium-7, Glyceryl Oleate, PEG/​Ppg-120/​10 Trimethylolpropane Trioleate, Laureth-2",Bremod Performance Cocoa Butter Conditioner,https://inkeedecoder.com/products/bremod-performance-cocoa-butter-conditioner
acne,"Aqua, Caprylic/​Capric Triglyceride, Niacinamide, Propanediol, Alcohol, PEG-100 Stearate, Glyceryl Stearate, Creatine, Undecylenoyl Phenylalanine, Glycerin",Dermal Therapy Acne Control Lotion,https://inkeedecoder.com/products/dermal-therapy-acne-control-lotion
acne,"Water, Propanediol, Pentylene Glycol, Glycerin, Glyceryl Glucoside, Tetrasodium Glutamate Diacetate, Xylitol, 1, 2-Hexanediol, Hydroxyacetophenone",Placentor Végétal Corrective Serum Combination To Oily Skin,https://inkeedecoder.com/products/placentor-vegetal-corrective-serum-combination-to-oily-skin
acne,"Aqua, Salicylic Acid, Oligopeptide-10, Egcg, Methylpropanediol, Butylene Glycol, Ethoxydiglycol, Dimethyl Isosorbide, Glycerin, Marrubium Vulgare Extract",Secret Key Starting Treatment Rose Foam Cleanser,https://inkeedecoder.com/products/secret-key-starting-treatment-rose-foam-cleanser
acne,"Aqua, Cetearyl Alcohol, Behentrimonium Chloride, Aminoethylaminopropyl Dimethicone, Steartrimonium Chloride, Trideceth-12, DMDM Hydantoin, Paraffinum Liquidum, PEG-20 Stearate, Cyclopentasiloxane",Sensilis Pure Age Perfection [cicacne Serum],https://inkeedecoder.com/products/sensilis-pure-age-perfection-cicacne-serum
acne,"Water (Aqua), Sodium Hydroxide, PEG-100 Stearate, Glycerin, Cetyl Alcohol, Potassium Cetyl Phosphate, Sodium PCA, Zinc Pca, Carbomer, Propanediol",The Inkey List Azelaic Acid Serum,https://inkeedecoder.com/products/the-inkey-list-azelaic-acid-serum
acne,"Aqua*, Pentylene Glycol*, Triethyl Citrate*, Glycolic Acid, Hydroxyethyl Acrylate/​Sodium Acryloyldimethyl Taurate Copolymer, Sodium Hydroxide, Saccharomyces Ferment*, Glycerin*, Lactic Acid*, Niacinamide*",ZIIP Clear Gel,https://inkeedecoder.com/products/ziip-clear-gel
acne,"Water, Disodium Cocoamphodiacetate, Glycerin, Sodium Lauroyl Sarcosinate, Propylene Glycol, PEG-7 Glyceryl Cocoate, Cocamidopropyl Betaine, PEG-75, PEG-120 Methyl Glucose Dioleate, Potassium Cocoyl Glycinate",colibri skincare Clarifying Night Moisturizer,https://inkeedecoder.com/products/colibri-skincare-clarifying-night-moisturizer
acne,"Aqua (Water), Glycerin, Butylene Glycol, Mandelic Acid, Propylene Glycol, Sodium Polyacrylate, Sodium Hydroxide, Alpha-Glucan Oligosaccharide, Copper Pca, Zinc Pca",Dermwel Daily Dose,https://inkeedecoder.com/products/dermwel-daily-dose
acne,"Aqua (Water/​Eau), Azelaic Acid, Propanediol, Hydroxyethyl Acrylate/​Sodium Acryloyldimethyl Taurate Copolymer, Phenoxyethanol, Allantoin, Glycerin, Acacia Senegal Gum, Xanthan Gum, Ethylhexylglycerin",GALLINÉE Vinegar Gelée,https://inkeedecoder.com/products/gallinee-vinegar-gelee
acne,"Glycerin, Water (Aqua), Propanediol, Butylene Glycol, 1, 2-Hexanediol, Cucumber (Cucumis Sativus) Extract, Disodium EDTA, Xanthan Gum, Aloe Vera (Aloe Barbadensis) Leaf Juice",Milk Makeup Hydro Ungrip Makeup Remover + Cleansing Water,https://inkeedecoder.com/products/milk-makeup-hydro-ungrip-makeup-remover-cleansing-water
acne,"Aqua, Caprylic/​Capric Triglyceride, Isosorbide Dicaprylate, Glyceryl Stearate Citrate, Glycerin, Shikimic Acid, Squalane, Ceramide NP, Sphingomonas Ferment Extract, Tocopheryl Linoleate/​Oleate",Peach slices Oil Control Mist,https://inkeedecoder.com/products/peach-slices-oil-control-mist
acne,"Water (Aqua), Glycerin, Propanediol, Gluconolactone, Squalane, Mandelic Acid, Isopentyldiol, Ammonium Acryloyldimethyltaurate/​VP Copolymer, Sodium Hydroxide, Undecane",Embryolisse Anti-blemish Serum,https://inkeedecoder.com/products/embryolisse-anti-blemish-serum
acne,"Aqua (Water), Glycerin, Propanediol, Lactic Acid, Inulin, Alpha-Glucan Oligosaccharide, Acetum (Vinegar), Maris Aqua (Sea Water), Arginine, Fructose",Azelaic Acid Control Facial Acne Gel Aisuanis,https://inkeedecoder.com/products/aisuanis-empowerment-azelaic-acid-control-facial-acne-gel
acne,"Aloe Barbadensis Leaf Juice, Hexylene Glycol, Aqua/​Water/​Eau, Glycerin, Poloxamer 184, Agave Tequilana Leaf Extract, Cannabis Sativa (Hemp) Seed Extract, Caffeine, Niacinamide, Disodium Cocoamphodiacetate",Resist Bha 9 Paula's Choice,https://inkeedecoder.com/products/paulas-choice-resist-bha-9
acne,"Water, Propanediol, Niacinamide, 1, 2-Hexanediol, Erythritol, Glycerin, Camellia Sinensis (Green Tea) Leaf Extract, Pinus Densiflora Bark Extract, Pinus Palustris Leaf Extract",Compound Salicylic Acid Liniment Sanyi,https://inkeedecoder.com/products/sanyi-compound-salicylic-acid-liniment
acne,"Aqua (Water), Pentylene Glycol, Propanediol, Polyacrylate Crosspolymer-6, Curcuma Longa (Turmeric) Root Extract, Glycerin, Caprylyl/​Capryl Glucoside, Parfum (Fragrance), Levulinic Acid, Citric Acid",Azelaic Acid Control Facial Acne Gel Aisuanis,https://inkeedecoder.com/products/aisuanis-empowerment-azelaic-acid-control-facial-acne-gel
acne,polylysine,Nuorishing Spa Mask BRODA® PRO,https://inkeedecoder.com/products/broda-r-pro-nuorishing-spa-mask
acne,"Aqua, Propylene Glycol, Azelaic Acid 15.0%, Tetrahydroxypropyl Ethylenediamine, Potassium Azeloyl Diglycinate 5.0%, Polyacrylate Crosspolymer-6, Salicylic Acid 2.0%, Lactobionic Acid, Bisabolol, Gluconolactone",Flawless Neutralising Gel Dr. Sam Bunting Skincare,https://inkeedecoder.com/products/dr-sam-bunting-skincare-flawless-neutralising-gel
acne,"Propylene Glycol, PEG-75, PEG-8, Water, Salicylic Acid 9.0%, Glycerin, Avena Sativa (Oat) Kernel Extract, Butylene Glycol, Boerhavia Diffusa Root Extract, Sea Whip Extract",Neem & BHA Spot Clarifying Serum Dr. Sheth's,https://inkeedecoder.com/products/dr-sheths-neem-bha-spot-clarifying-serum
acne,"Salicylic Acid 6.0%, Resorcinol 2.0%, Phenol 1.0%, Methyl Salicylate 0.003%, Glycerin 0.003%, Alcohol, Water",Salicylic Acid 2% Serum Garden of Wisdom,https://inkeedecoder.com/products/garden-of-wisdom-salicylic-acid-serum
acne,"Aqua, Propylene Glycol, Azelaic Acid 15.0%, Tetrahydroxypropyl Ethylenediamine, Potassium Azeloyl Diglycinate 5.0%, Polyacrylate Crosspolymer-6, Salicylic Acid 2.0%, Lactobionic Acid, Bisabolol, Gluconolactone",Rapid Relief Acne Spot Treatment Murad,https://inkeedecoder.com/products/murad-rapid-relief-acne-spot-treatment
acne,"Water, Poloxamer 407, Laureth-40, PEG-8, Glycerin, Salicylic Acid 2.0%, Bisabolol, Dipotassium Glycyrrhizate",Clear Pore Oil-Eliminating Astringent Neutrogena,https://inkeedecoder.com/products/neutrogena-clear-pore-oil-eliminating-astringent
acne,"Aqua (Water), Propylene Glycol, Ammonium Polyacryloyldimethyl Taurate, Azelaic Acid 5.0%, Squalane 5.0%, Salicylic Acid 2.0%, Glyceryl Stearate, Disodium EDTA, PEG-100 Stearate, Sodium Hydroxide",Clear Regular Strength Anti-Redness Exfoliating Solution With 2% Salicylic Acid Paula's Choice,https://inkeedecoder.com/products/paulas-choice-clear-regular-strength-anti-redness-exfoliating-solution-with-2-salicylic-acid
acne,"Salicylic Acid 2.0%, Neem Oil (Anti-Bacterial), Tea Tree Oil (Anti-Acne), Niacinamide (Brightening, Anti-Redness), Green Tea Extract (Conditioning, Calming), (Wheat And Oat) Sugar (Hydration - Gluten Free), Allantoin (Healing), Lavender Oil (Calming)",Resist Daily Pore-Refining Treatment 2% Bha Paula's Choice,https://inkeedecoder.com/products/paulas-choice-resist-daily-pore-refining-treatment-2-bha
acne,"Propanediol, Spring Water, Salicylic Acid 2.0%, Dehydroxanthan Gum",Acne-Clear Oil-Free Matte Moisturizer Peter Thomas Roth,https://inkeedecoder.com/products/peter-thomas-roth-acne-clear-oil-free-matte-moisturizer
acne,"Salicylic Acid 2.0%, Water (Aqua), Alcohol, Hamamelis Virginiana (Witch Hazel) Water, Propanediol, Pentylene Glycol, Glycerin, Silica, Butylene Glycol, Polyacrylate Crosspolymer-6",Much Brighter Skin Go-To Skincare,https://inkeedecoder.com/products/go-to-skincare-much-brighter-skin
acne,"Salicylic Acid 2.0%, Water, Alcohol Denat, Hamamelis Virginiana (Witch Hazel) Water, Butylene Glycol, Glycereth-7, Methyl Gluceth-20, Alcohol, Fragrance, Propylene Glycol",Superba C Skintegra,https://inkeedecoder.com/products/skintegra-superba-c
acne,"Water (Aqua), Dipropylene Glycol, Pentylene Glycol, Salicylic Acid 2.0%, Polysorbate 20, Butylene Glycol, Glycerin, Sodium Hyaluronate, Dipotassium Glycyrrhizate, Allantoin",C-50 Blemish Night Treatment The Inkey List,https://inkeedecoder.com/products/the-inkey-list-c-50-blemish-night-treatment
acne,"Water (Aqua), Dipropylene Glycol, Salicylic Acid 2.0%, Pentylene Glycol, Butylene Glycol, Polysorbate 20, Palmitoyl Tripeptide-1, Palmitoyl Tetrapeptide-7, Dipotassium Glycyrrhizate, Nordihydroguaiaretic Acid",Acne Expert Skincare Calming Acne Mask,https://inkeedecoder.com/products/acne-expert-skincare-calming-acne-mask
acne,"Salicylic Acid 2.0%, Water/​Aqua/​Eau, Dimethicone, Propanediol, Caprylic/​Capric Triglyceride, Glycerin, Jojoba Esters, Isodecyl Neopentanoate, Cetearyl Alcohol, Panthenol",AcneFree Acne Clearing Sulfur Mask 3.5% Sulfur Acne Treatment,https://inkeedecoder.com/products/acnefree-acne-clearing-sulfur-mask-3-5-sulfur-acne-treatment
acne,salicylic-acid,AcneFree Therapeutic Sulfur Mask,https://inkeedecoder.com/products/acnefree-therapeutic-sulfur-mask
acne,"Water, Sodium Ascorbyl Phosphate 10.0%, Coco-Caprylate, Glycerin, Niacinamide, Cetearyl Olivate, Citric Acid, Sorbitan Olivate, Glyceryl Caprylate, Xanthan Gum",Banu 10% Sulfur Pimple And Acne Treatment,https://inkeedecoder.com/products/banu-10-sulfur-pimple-and-acne-treatment
acne,"Aqua, Sodium Ascorbyl Phosphate 10.0%, Methylpropanediol, Ferulic Acid, Sodium Hyaluronate, Tocopheryl Acetate, Xanthan Gum, Acacia Senegal Gum, Caprylyl Glycol, Disodium EDTA",Bioelements Spot Defy,https://inkeedecoder.com/products/bioelements-spot-defy
acne,"Aqua (Water/​Eau), Propanediol, Sodium Ascorbyl Phosphate 5.0%, Salicylic Acid 2.0%, Ammonium Acryloyldimethyltaurate/​VP Copolymer, Phenoxyethanol, Caprylyl/​Capryl Glucoside, Xanthan Gum, Glycerin, Sodium Hydroxide",CLEARSTEM Skincare Sulfur Spot&mask,https://inkeedecoder.com/products/clearstem-skincare-sulfur-spot-mask
acne,"Sulfur (10%), Purified Water, Kaolin, Bentonite, Propylene Glycol, Magnesium Silicate, Zinc Oxide, Polysorbate 20, Titanium Dioxide, Caprylyl Glycol",Control Corrective Sulfur Calming Mask,https://inkeedecoder.com/products/control-corrective-sulfur-calming-mask
acne,"Sulfur (3.5%), Acacia Senegal Gum, Bentonite, Butylene Glycol, Cellulose, Copper Gluconate, Ethylhexylglycerin, Hydroxypropyl Methylcellulose, Kaolin, Magnesium Aluminum Silicate",CuticareMD 10% Sulfur Bar Soap,https://inkeedecoder.com/products/cuticaremd-10-sulfur-bar-soap
acne,"Sulfur (3.5 % - Acne Treatment), Acacia Senegal Gum, Bentonite, Butylene Glycol, Cellulose, Copper Gluconate, Ethylhexylglycerin, Hydroxypropyl Methylcellulose, Kaolin, Magnesium Aluminum Silicate",CuticareMD 6% Sulfur Ointment,https://inkeedecoder.com/products/cuticaremd-6-sulfur-ointment
acne,"Sulfur (10%), Aqua/​Water/​Eau, Glycerin, Kaolin, Bentonite, Propylene Glycol, Niacinamide, Sorbitol, Titanium Dioxide (Ci 77891), Phenoxyethanol",De La Cruz Sulfur Ointment,https://inkeedecoder.com/products/de-la-cruz-sulfur-ointment
acne,"Sulfur (5%), Water (Aqua, Eau), Kaolin, Cetearyl Alcohol, Glyceryl Stearate SE, Glycerin, Butylene Glycol, Bentonite, Acacia Senegal Gum",Dermadoctor Ain'T Misbehavin' Intensive 10% Sulfur Acne Mask & Emergency Spot Treatment,https://inkeedecoder.com/products/dermadoctor-aint-misbehavin-intensive-10-sulfur-acne-mask-emergency-spot-treatment
acne,"Sulfur (5%), Water, Kaolin, Glycerin, Lactic Acid, Glycolic Acid, Caprylic/​Capric Triglyceride, Cetearyl Alcohol, Cetyl Alcohol, Niacinamide",Dermaharmony 5% Sulfur 2% Salicylic Acid Bar Soap,https://inkeedecoder.com/products/dermaharmony-5-sulfur-2-salicylic-acid-bar-soap
acne,"Sulfur (10%), Water, Aloe Barbadensis Leaf Juice, Kaolin, Bentonite, Glycerin, Propylene Glycol, Zinc Oxide, Titanium Dioxide, Magnesium Aluminum Silicate",Dr Dennis Gross Drx Blemish Solutions™ Clarifying Mask,https://inkeedecoder.com/products/dr-dennis-gross-drx-blemish-solutions-tm-clarifying-mask
acne,"(Ultrafine Precipitated) Sulfur (10%), Sodium Palmate, Sodium Cocoate (Palm And Coconut Extracts), Water, Glycerin, Antioxidant (<0.1%>), Pentasodium Pentetate",Dr s wong Sulfur Soap,https://inkeedecoder.com/products/dr-s-wong-sulfur-soap
acne,"(Precipitated) Sulfur (6%), Aloe Vera, Petroleum, Shea Butter, (Volcanic) Water",Dr. Sana Sulfur Ointment 10%,https://inkeedecoder.com/products/dr-sana-sulfur-ointment-10
acne,"Sulfur (10%), Polyethylene Glycol",Earth’s Care Acne Spot Treatment,https://inkeedecoder.com/products/earths-care-acne-spot-treatment
acne,"Sulfur (10%), Aqua (Water), Kaolin, Magnesium Aluminum Silicate, Glycerin, Bentonite, Boswellia Serrata Extract, Butylene Glycol, PEG-60 Almond Glycerides, Caprylyl Glycol","Earth’s Care Acne Treatment Mask, Sulfur 5%",https://inkeedecoder.com/products/earths-care-acne-treatment-mask-sulfur-5
acne,"Sulfur (5%), Salicylic Acid (2%), Saponified Oils, [Sodium Palmate, Sodium Cocoate, Sodium Palm Kernelate], Water, Sulfur, Glycerin, Sodium Chloride (Table Salt)",Face Reality Sulfur Spot Treatment,https://inkeedecoder.com/products/face-reality-sulfur-spot-treatment
acne,"Sulfur, Water/​Aqua/​Eau, Kaolin, Cetearyl Alcohol, Glycerin, Polysorbate 20, Butylene Glycol, Acacia Senegal Gum, Zinc Oxide, Bentonite",GLAM UP Spotless Sulfur Treatment (acne-prone Skin) 10% Sulfur Treatment 15 ml,https://inkeedecoder.com/products/glam-up-spotless-sulfur-treatment-acne-prone-skin-10-sulfur-treatment-15-ml
acne,"Sulfur, Aloe Ferox (Cape Aloe) Extract",Glymed Plus Mattifying Sulfur Masque,https://inkeedecoder.com/products/glymed-plus-mattifying-sulfur-masque
acne,"Sulfur Praecipitatum (10%), Petrolatum",Glytone Acne Tinted Spot Treatment,https://inkeedecoder.com/products/glytone-acne-tinted-spot-treatment
acne,"Sulfur (10%), Avena Sativa (Oat) Kernel Colloidal Oatmeal, Bentonite, Butyrospermum Parkii (Shea) Butter, Cetearyl Glucoside, Citric Acid, Glycerin, Glyceryl Stearate, Helianthus Annuus (Sunflower) Seed Oil, Hydrogenated Castor Oil",Glytone Acne Treatment Mask,https://inkeedecoder.com/products/glytone-acne-treatment-mask
acne,"Sulfur (5%), Avena Sativa (Oat) Kernel Colloidal Oatmeal, Bentonite, Butyrospermum Parkii (Shea) Butter, Cetearyl Glucoside, Citric Acid, Glycerin, Glyceryl Stearate, Helianthus Annuus (Sunflower) Seed Oil, Hydrogenated Castor Oil",Granado Sabonete Barra Granado Facial Enxofre Antiacne,https://inkeedecoder.com/products/granado-sabonete-barra-granado-facial-enxofre-antiacne
acne,"Sulfur (6%), Aqua (Water), Butylene Glycol, Acacia Senegal Gum, Carbomer, Palmitoyl Tripeptide-8, Bisabolol (L-Alpha), Allantoin, Glycerin, Ethylhexylglycerin",Grisi Sulfur Soap,https://inkeedecoder.com/products/grisi-sulfur-soap
acne,"Sulfur (10%), Water(Aqua), Zea Mays (Com) Starch, Stearyl Alcohol, Glycerin, Cetearyl Alcohol, Glyceryl Stearate, Magnesium Aluminum Silicate, Hydroxyethyl Acrylate/​Sodium Acryloyldimethyl Taurate Copolymer, Ceteareth-20",Honest Beauty Get Clarity Foaming Acne Cleanser,https://inkeedecoder.com/products/honest-beauty-get-clarity-foaming-acne-cleanser
acne,"Sulfur (10.0%), Aqua (Water), Bentonite, Caprylyl Glycol, Chlorphenesin, Citrus Paradisi (Grapefruit) Peel Oil, Glycerin, Imidazolidinyl Urea, Kaolin, Phenoxyethanol",Isispharma Sulfur Grisi,https://inkeedecoder.com/products/isispharma-sulfur-grisi
acne,"Sulfur (8.0%), Resorcinol (2.0%), Acetone, Chloroxylenol, Fragrance (Parfum), Iron Oxides, Isopropyl Alcohol, Magnesium Aluminum Silicate, Octoxynol-9, Propylene Glycol",Jackodan Jackodan Gel,https://inkeedecoder.com/products/jackodan-jackodan-gel
acne,"Sulfur (6.4%), Bentonite, Isopropyl Alcohol, Kaolin, Zinc Oxide, Water, Glycerin, Calcium Oxide, Sodium Lauryl Sulfate, Cocamide MIPA",Jason Dandruff Relief Treatment Shampoo,https://inkeedecoder.com/products/jason-dandruff-relief-treatment-shampoo
acne,"Sulfur, Salicylic Acid, Elaeis Guineensis Kernel Oil, Stearic Acid, Zea Mays Starch, Calcium Carbonate, Talc, BHT, Disodium Distyrylbiphenyl Disulfonate, Ci 74160",Kate Somerville Eradicate Daily Sulfur Cleanser + Acne Treatment,https://inkeedecoder.com/products/kate-somerville-eradicate-daily-sulfur-cleanser-acne-treatment
acne,"Sulfur (10%), Corn Starch, Fragrance, Lanolin, Polysorbate 80, Sodium Cocoate, Sodium Lauryl Sulfate, Sodium Tallowate, Tetrasodium EDTA",Kate Somerville Eradikate,https://inkeedecoder.com/products/kate-somerville-eradikate
acne,"Sulfur (3.3%), Water (Aqua/​Eau), Cocamidopropyl Hydroxysultaine, Bentonite, Sodium Laurylglucosides Hydroxypropylsulfonate, Glycerin, Disodium Cocoyl Glutamate, Sodium Chloride, Sodium Cocoyl Isethionate, Acacia Senegal Gum",Kate Somerville Eradikate 3% Sulfur Daily Foaming Cleanser,https://inkeedecoder.com/products/kate-somerville-eradikate-3-sulfur-daily-foaming-cleanser
acne,"Sulfur, Acrylates Copolymer, Aminomethyl Propanol, Caprylyl Glycol, Cocamide MEA, Cocamidopropyl Betaine, Coco-Betaine, Decylene Glycol, Disodium EDTA, Fragrance",Kiehl’s Breakout Control Targeted Blemish Spot Treatment,https://inkeedecoder.com/products/kiehls-breakout-control-targeted-blemish-spot-treatment
acne,"Sulphur, Tea Tree Extract, Glycolic Acid, Rosemary Extract, Vitamin C, Salicylic Acid, Vitamin E, Retinol, Panthenol, Lavender Oil",LANCER Clarifying Detox Mask with Green Tea + 3% Sulfur,https://inkeedecoder.com/products/lancer-clarifying-detox-mask-with-green-tea
acne,"Sulphur (2.0%), Salicylic Acid (2.0%), Aqua (Water), Sodium Cocoyl Isethionate, Disodium Cocoamphodiacetate, Stearic Acid, Potassium Cocoyl Glutamate, Glycerin, Sodium Lauroyl Sarcosinate, Cetyl Alcohol",M.A.D Skincare Acne Drying Lotion 10%,https://inkeedecoder.com/products/m-a-d-skincare-acne-drying-lotion-10
acne,"Sulfur (3.0%), Aqua/​Water/​Eau, Sodium Cocoyl Isethionate, Coco-Glucoside, Acrylates Copolymer, Coconut Alcohol, Glycereth-18 Ethylhexanoate, Glycereth-8, Stearyl Alcohol, Mel/​Honey Extract/​Extrait De Miel",MALIN + GOETZ 10 % Sulfur Paste Acne Treatment,https://inkeedecoder.com/products/malin-goetz-acne-treatment
acne,"Sulfur (3.0%), Water/​Aqua/​Eau, Sodium Cocoyl Isethionate, Coco-Glucoside, Acrylates Copolymer, Cetearyl Alcohol, Glycereth-18 Ethylhexanoate, Glycereth-18, Stearyl Alcohol, Honey Extract/​Mel/​Extrait De Miel",Murad Clarifying Mask,https://inkeedecoder.com/products/murad-clarifying-mask
acne,"Sulfur (3.0%), Water/​Aqua/​Eau, Sodium Cocoyl Isethionate, Coco-Glucoside, Acrylates Copolymer, Cetearyl Alcohol, Glycereth-18 Ethylhexanoate, Glycereth-18, Stearyl Alcohol, Honey Extract/​Mel/​Extrait De Miel",Naturasil Tinea Versicolor Relief Soap,https://inkeedecoder.com/products/naturasil-tinea-versicolor-relief-soap
acne,"Sulfur, Water, Niacinamide, Zea Mays (Corn) Starch, Glycolic Acid, Stearyl Alcohol, Glycerin, Octyldodecyl Myristate, Cetearyl Alcohol, Glyceryl Stearate",Neutrogena Stubborn Acne Spot Drying Lotion,https://inkeedecoder.com/products/neutrogena-stubborn-acne-spot-drying-lotion
acne,"Sulfur (3%), Water, Illite, Glycerin, Propanediol, Magnesium Aluminum Silicate, Kaolin, Ethyl Linoleate, Glyceryl Stearate, Cetearyl Alcohol",PROSACEA Medicated Rosacea Gel,https://inkeedecoder.com/products/prosacea-prosacea-medicated-rosacea-gel
acne,"Sulfur (10%), Isopropyl Alcohol, Water (Aqua), Zinc Oxide, Salicylic Acid, Camphor, Magnesium Aluminum Silicate, Iron Oxide(Ci 77491)",PROSACEA Rosacea Gel,https://inkeedecoder.com/products/prosacea-rosacea-gel
acne,"Sulfur (10%), Isopropyl Alcohol, Aqua|Water|Eau, Zinc Oxide, Camphor, Salicylic Acid, Magnesium Aluminum Silicate","Palmer's Skin Success Anti-Acne Medicated Complexion Bar,",https://inkeedecoder.com/products/palmers-skin-success-anti-acne-medicated-complexion-bar
acne,"Sulfur (4.0%), Water (Aqua), Kaolin, Bentonite, Butylene Glycol, Glycerin, Glyceryl Stearate SE, Zinc Oxide, Talc, Titanium Dioxide",Peter Thomas Roth Sulfur Mask,https://inkeedecoder.com/products/peter-thomas-roth-sulfur-mask
acne,"Sulfur (1X Hpus), Aqua, Citric Acid, Cocamidopropyl Betaine, Cocos Nucifera (Coconut Oil), Glycerin, Glyceryl Laurate, Lavender Oil, Pentasodium Pentetate, Propylene Glycol",Peter Thomas Roth Therapeutic Sulfur Mask,https://inkeedecoder.com/products/peter-thomas-roth-therapeutic-sulfur-mask
acne,"Sulfur (10%), Isopropyl Alcohol, Water, Calamine, Niacinamide, Zinc Oxide, Zea Mays (Corn) Starch, Magnesium Aluminum Silicate, Salicylic Acid, Titanium Dioxide",Proactiv Skin Purifying Mask,https://inkeedecoder.com/products/proactiv-skin-purifying-mask
acne,"Sulphur (10%), Acrylates, Aloe Barbadensis Leaf Juice, Diazolidinyl Urea, Lactose, Methylparaben, Propylene Glycol, Propylparaben, Tetrasodium EDTA, Triethanolamine",Proactiv Skin Purifying Mask,https://inkeedecoder.com/products/proactiv-skin-purifying-mask-3
acne,"Sulphur, Chrysarobinum, Acrylates/​C10-30 Alkyl Acrylate Crosspolymer, Diazolidinyl Urea, Lactose, Methylparaben, Propylene Glycol, Propylparaben, Tetrasodium EDTA, Triethanolamine",Rodan + Fields Unblemish Clarifying Mask,https://inkeedecoder.com/products/rodan-fields-unblemish-clarifying-mask
acne,"Sulphur (3%), Sodium Palmate, Sodium Cocoate (Or), Sodium Palm Kernelate, Water (Aqua), Glycerin, Tocopherol, Sodium Chloride, Titanium Dioxide/​ Ci 77891 (Cl 77891), Tetrasodium Etidronate",Rosette Cleansing Pasta (dry Skin),https://inkeedecoder.com/products/rosette-cleansing-pasta-dry-skin
acne,"Sulfur (10%), Water/​Aqua/​Eau, Propylene Glycol, Glycerin, Bentonite, Kaolin, Aloe Barbadensis Leaf Juice, Titanium Dioxide, Zinc Oxide, Phenoxyethanol",SINSURU Watery Sulfur 82 Soothing Serum,https://inkeedecoder.com/products/sinsuru-watery-sulfur-82-soothing-serum
acne,"Sulfur (10%), Water/​Aqua/​Eau, Bentonite, Kaolin, Propylene Glycol, Talc, Glycerin, Aloe Barbadensis Leaf Juice, Zinc Oxide (Ci 77947), Polysorbate 20",Siegfried Kinatopic Sulfur Barra,https://inkeedecoder.com/products/siegfried-kinatopic-sulfur-barra
acne,"Sulfur (6%), Water, Kaolin, Glycereth-26, Linoleic Acid, Cetearyl Alcohol, Magnesium Aluminum Silicate, Synthetic Wax, Ceteareth-20, Sodium Lauroyl Sarcosinate",Soft Services Clearing Clay Multi-use Breakout Treatment,https://inkeedecoder.com/products/soft-services-clearing-clay-multi-use-breakout-treatment
acne,"Sulfur (6%), Butylene Glycol, Ceteareth-20, Cetearyl Alcohol, Chromium Hydroxide Green, Cymbopogon Schoenanthus Extract, Ethoxydiglycol, Fragrance, Geranium Maculatum Extract, Glycereth-26",Hema Multi Purpose Cream,https://inkeedecoder.com/products/hema-multi-purpose-cream-2
acne,"(10%)Sulfur, Water, Kaolin, Glycerin, Pentylene Glycol, Titanium Dioxide (Ci 77891), Magnesium Aluminum Silicate, Microcrystalline Cellulose, Butylene Glycol, Avena Sativa (Oat) Bran Extract",Glowderma Sebonac Gel,https://inkeedecoder.com/products/glowderma-sebonac-gel
acne,"Sulfur, Quaternium-73, Stearyl Glycyrrhetinate, Stearic Acid, Glycerin, Potassium Hydroxide, Propylene Glycol, Sucrose, Sodium, Methylal",Goodal Heartleaf Calming Mineral Filter Sun Cream,https://inkeedecoder.com/products/goodal-heartleaf-calming-mineral-filter-sun-cream-2
acne,"(82%) Sulfur, Hot Spring Water, Dimethyl Sulfone (Msm), Ceramide NP, Panthenol, Hyaluronic Acid Complex",Kerastase Fondant Chromatique Conditioner,https://inkeedecoder.com/products/kerastase-fondant-chromatique-conditioner
acne,"Sulfur, Polysorbate 80, Salicylic Acid, Aloe Barbadensis Leaf Juice, Glyceryl Polymethacrylate, Propylene Glycol, Soap Base, PEG-350, Titanium Dioxide, Disodium EDTA",Levinia Serum Recuperador,https://inkeedecoder.com/products/levinia-serum-recuperador
acne,"Sulfur (10%), Water, Kaolin, Bentonite, Dipropylene Glycol, Zinc Pca, Glycerin, Aloe Barbadensis Leaf Juice, Arnica Montana Flower Extract, Salicylic Acid",Leylak Cleansing Gel,https://inkeedecoder.com/products/leylak-cleansing-gel
acne,sulfur,Maxiguard Oral Cleansing Wipes,https://inkeedecoder.com/products/maxiguard-oral-cleansing-wipes
acne,"Zinc Gluconate, Calendula Officinalis Flower Extract, Madecassoside, Panthenol, Copper Gluconate",Novexpert Trio-Zinc Mist,https://inkeedecoder.com/products/novexpert-trio-zinc-mist
acne,"Salicylic Acid (1%), Zinc Gluconate, Magnesium Aspartate, Copper Gluconate, Alpha Bisabolol Natural (Natural), Allantoin, Aloe Vera, Hydroxyethyl Acrylate/​Sodium Acryloyldimethyl Taurate Copolymer, Propylene Glycol, Dccb-3031 Fluid",See lit Advance Serum Niacinamide,https://inkeedecoder.com/products/see-lit-advance-serum-niacinamide
acne,"Zinc Oxide, Zinc Gluconate, Zinc Lactate, Water, Houttuynia Cordata Extract, Butylene Glycol, Glycerin, C13-16 Isoparaffin, Betaine, C12-14 Isoparaffin",Seven Rinzu UV Spray,https://inkeedecoder.com/products/seven-rinzu-uv-spray
acne,"Aqua/​Water, Zinc Gluconate, Hydroxypropyl Starch Phosphate, Quaternium-87, Stearyl Alcohol, Amodimethicone, Behentrimonium Chloride, Propylene Glycol, Phenoxyethanol, Caprylyl Glycol",1STLY Skincare Electrolyte Energetic Serum,https://inkeedecoder.com/products/1stly-skincare-electrolyte-energetic-serum
acne,"Magnesium Aspartate, Zinc Gluconate, Copper Gluconate, Sodium Hyaluronate, Panthenol, Saccharomyces Lysate, Methylsilanol Mannuronate, Glycoproteins, Aqua (Water), Propylene Glycol",Clear Skin Collective Peptide Restore Calming Cream,https://inkeedecoder.com/products/clear-skin-collective-peptide-restore-calming-cream
acne,"Sage Extract, Zinc Gluconate, Aloe Barbadensis Leaf Extract, Tea Tree Oil, Niacinamide, Vitamin E, Panthenol, Glycerin, Salicylic Acid, Allantoin",Eximia Aqua Mat Micelar,https://inkeedecoder.com/products/eximia-aqua-mat-micelar
acne,"Deionized Water, Zinc Gluconate, Taurine, Methylparaben, Propylparaben",Kerastase Reflection Masque Chromatique Fine Hair,https://inkeedecoder.com/products/kerastase-reflection-masque-chromatique-fine-hair
acne,"Aqua, Zinc Gluconate, Zinc Pca, Zinc Lactate, Nitrogen",Lilac + Flint Nourish Replenishing Daily Moisturizer,https://inkeedecoder.com/products/lilac-flint-nourish-replenishing-daily-moisturizer
acne,"Niacinamide, Zinc Gluconate, Salicylic Acid, Phytic Acid, Melaleuca Alternifolia Leaf Oil, Thymus Vulgaris Extract, Glycyrrhiza Glabra Leaf Extract, Glycerin, Butylene Glycol, Melia Azadirachta Leaf Extract",Modum SOS-gel,https://inkeedecoder.com/products/modum-sos-gel
acne,"Water (Aqua), Zinc Gluconate, Magnesium Aspartate, Echinacea Angustifolia (Organic Cone Flower) Extract, Copper Gluconate, Chamomilla Recutita Flower (Organic Chamomile) Essential Oil, Althaea Officinalis Root (Marsh Mallow) Extract, Alcohol (Organic), Trimethylsiloxyamodimethicone, Polysorbate 20",SEPHORA COLLECTION Anti-imperfections Tonic - Purifying,https://inkeedecoder.com/products/sephora-collection-anti-imperfections-tonic-purifying
acne,"Aqua (Water), Magnesium Aspartate, Zinc Gluconate, Copper Gluconate, Calcium Gluconate, Allantoin, Pentylene Glycol, Sodium Hyaluronate, Hydrolyzed Collagen, Glycerin",SEPHORA COLLECTION Clarifying Toner With Niacinamide And Zinc,https://inkeedecoder.com/products/sephora-collection-clarifying-toner-with-niacinamide-and-zinc
acne,"Water, Magnesium Aspartate, Zinc Gluconate, Copper Gluconate, Carthamus Tinctorius (Safflower) Seed Oil, Caprylic/​Capric Triglycerides, Glycerin, Tetrapeptide-17, Butylene Glycol, Sodium Hyaluronate",Typology Sensitive Skin Serum 5 Mineral Complex,https://inkeedecoder.com/products/typology-sensitive-skin-serum-5-mineral-complex
acne,"Water, Sodium Chloride, Zinc Gluconate, Mannitol, Xylitol, Propylene Glycol, Tetrasodium EDTA, Lactic Acid, Propanediol, Aqua",hair and skin science Hair Regrow Serum,https://inkeedecoder.com/products/hair-and-skin-science-hair-regrow-serum
acne,"Aqua/​Water, Hydroxypropyl Starch Phosphate, Zinc Gluconate, Quaternium-87, Stearyl Alcohol, Behentrimonium Chloride, Amodimethicone, Propylene Glycol, Caprylyl Glycol, Phenoxyethanol",APIS Oxy O2 Terapis Oxygenating Gel Mask,https://inkeedecoder.com/products/apis-oxy-o2-terapis-oxygenating-gel-mask
acne,"Water, Magnesium Aspartate, Zinc Gluconate, Copper Gluconate, Carthamus Tinctorius (Safflower) Seed Oil, Caprylic/​Capric Triglycerides, Glycerin, Tetrapeptide-17, Butylene Glycol, Sodium Hyaluronate",Acneed Acne Control Lotion,https://inkeedecoder.com/products/acneed-acne-control-lotion
acne,"Aqua, Salicylic Acid, Zinc Gluconate, Camellia Sinensis Leaf Extract, Saccharomyces Ferment Filtrate, Panthenol, Glycerin, Allantoin, Xanthan Gum, Ammonium Acryloyldimethyltaurate/​Carboxyethyl Acrylate Crosspolymer",BIO VÉGANE Bio Acai Refine Clay Mask,https://inkeedecoder.com/products/bio-vegane-bio-acai-refine-clay-mask
acne,"Aqua (Water), Niacinamide, Zinc Gluconate, Hydroxyacetophenone, 1, 2-Hexanediol, Caprylyl Glycol, Sodium Benzoate, Sodium Citrate, Xanthan Gum",Bioderma Sebium Micellar Water,https://inkeedecoder.com/products/bioderma-sebium-micellar-water
acne,"Aqua (Water), Niacinamide, Zinc Gluconate, Hydroxyacetophenone, 1, 2-Hexanediol, Caprylyl Glycol, Sodium Benzoate, Sodium Citrate, Ceratonia Siliqua (Carob) Gum",Derma-ceutix Hydrating Vitamin Mist,https://inkeedecoder.com/products/derma-ceutix-hydrating-vitamin-mist
acne,"Aqua (Water), Diglycerin, Zinc Gluconate, 1, 2-Hexanediol, Calcium Pca, Magnesium Pca, Manganese Pca, Sodium PCA, Glucomannan",Eau Thermale Avène Cleanance MAT Mattifying Toner,https://inkeedecoder.com/products/eau-thermale-avene-cleanance-mat-mattifying-toner
acne,"Aqua, Copper Gluconate, Zinc Gluconate, Magnesium Aspartate, Lysine, Histidine, Arginine, Aspartic Acid, Threonine, Serine",Emina Ms. Pimple Exfoliating Toner,https://inkeedecoder.com/products/emina-ms-pimple-exfoliating-toner
acne,"Aqua, Glycerin, Magnesium Aspartate, Zinc Gluconate, Copper Gluconate, Sodium Hyaluronate, Ubiquinone, Lecithin, Silk Amino Acids, Sorbitol",Erha Acne Act Acne Blemish Toner Witch Hazel & Chamomile,https://inkeedecoder.com/products/erha-acne-act-acne-blemish-toner-witch-hazel-chamomile
acne,"Aqua, Propylene Glycol, Niacinamide, Zinc Gluconate, Monolaurin, Behenyl Olivate, Sodium Lactate, Sodium Gluconate, Glyceryl Stearate, PEG-100 Stearate",Erha Acne Act Witch Hazel And Chamomile Acne Blemish Toner,https://inkeedecoder.com/products/erha-acne-act-witch-hazel-and-chamomile-acne-blemish-toner
acne,"Aqua (Water), Kaolin, Pentylene Glycol, Zinc Gluconate, Charcoal Powder, Distarch Phosphate, Euterpe Oleracea Fruit Extract, Tocopherol, Coco-Caprylate, Glycerin",Erhair Scalperfect Allantoin & Silk Protein Scalp Soothing Serum,https://inkeedecoder.com/products/erhair-scalperfect-allantoin-silk-protein-scalp-soothing-serum
acne,"Water, PEG-6 Caprylic/​Capric Glycerides, Sodium Citrate, Zinc Gluconate, Copper Sulfate, Ginkgo Biloba Leaf Extract, Mannitol, Xylitol, Rhamnose, Fructooligosaccharides",Fundamentals Skincare Rejuvinating Masque,https://inkeedecoder.com/products/fundamentals-skincare-rejuvinating-masque
acne,"Water, Magnesium, Aspartame, Zinc Gluconate, Copper Gluconate, Alcohol Denat, Glycolic Acid, Dimethyl MEA, Ellagic Acid, Tetrahexyldecyl Ascorbate",Ion Skin Support,https://inkeedecoder.com/products/ion-skin-support
acne,"Avène Thermal Spring Water, Dipropylene Glycol, Sd Alcohol 39-C, Zinc Gluconate, Fragrance, Glyceryl Laurate, PEG-40 Hydrogenated Castor Oil, PPG-26-Buteth-26, Salicylic Acid, Silica",Keve Niacinamide 10% Serum,https://inkeedecoder.com/products/keve-niacinamide-10-serum
acne,"Aqua, Glyserin, Biosaccharide Gum-1, Zinc Gluconate, Butylene Glycol, Phenoxyethanol, Salicylic Acid, Amylopectin, Dextrin, Xanthan Gum",LaSaponaria Niacinamide + Zinco,https://inkeedecoder.com/products/lasaponaria-niacinamide-zinco
acne,"Aqua, Glycerin, PEG-40 Hydrogenated Castor Oil, Zinc Gluconate, Allantoin, Methyl Gluceth-20, Panthenol, Propylene Glycol, Salicylic Acid, Xanthan Gum",Lumene Tyyni Kuorintaneste,https://inkeedecoder.com/products/lumene-tyyni-kuorintaneste
acne,"Aqua, Glycerin, PEG-40 Hydrogenated Castor Oil, Zinc Gluconate, Allantoin, Methyl Gluceth-20, Panthenol, Propylene Glycol, Salicylic Acid, Xanthan Gum","MATH scientific Active Serum ""Anti-acne SOS""",https://inkeedecoder.com/products/math-scientific-active-serum-anti-acne-sos
acne,"Allantoin, Hydrolyzed Silk Protein, Piroctone Olamine, Zinc Gluconate, Niacinamide, Salicylic Acid (BHA), Menthol",MATH scientific Deep Cleansing Gel Wash To Fight Acne And Blemishes,https://inkeedecoder.com/products/math-scientific-deep-cleansing-gel-wash-to-fight-acne-and-blemishes
acne,"Aqua, Bentonite Clay, Copper Gluconate, Zinc Gluconate, Magnesium Aspartate, PEG-12, Glycerin, Titanium Dioxide, Kaolin Clay, Emulsifying Wax NF",ME+ Niacinamide & Zinc Booster,https://inkeedecoder.com/products/me-niacinamide-zinc-booster
acne,"Filtered Water, Silicon, Zinc Gluconate, Copper Gluconate, Magnesium Citrate",Macrolibrarsi Attivi Puri Niacinamide + Zinco,https://inkeedecoder.com/products/macrolibrarsi-attivi-puri-niacinamide-zinco
acne,"Aqua, Vitamin B3 (Niacinamide), Propylene Glycol, Zinc Gluconate, Disodium EDTA, Glycerin, Xanthan Gum, Phenoxyethanol, Ethylhexylglycerin",Medihealth Edapil Shampoo,https://inkeedecoder.com/products/medihealth-edapil-shampoo
acne,"Water, Niacinamide, Propanediol, Zinc Gluconate, Glycerin, Glyceryl Caprylate, Polyglyceryl-4 Caprate, Glyceryl Undecylenate, Pentylene Glycol, Xanthan Gum",Milk Makeup Balmade Electrolyte Lip Balm,https://inkeedecoder.com/products/milk-makeup-balmade-electrolyte-lip-balm
acne,"Aqua (Water), Butylene Glycol, Betaine, Zinc Gluconate, Glycerin, Polyglycerin-6, Azelaic Acid, Sodium Hyaluronate, Rhodiola Rosea (Roseroot) Root Extract, Spiraea Ulmaria (Meadowsweet) Extract",Milk Makeup Balmade Hydrating Tinted Lip Balm With Electrolytes,https://inkeedecoder.com/products/milk-makeup-balmade-hydrating-tinted-lip-balm-with-electrolytes
acne,"Aqua, Glycerin, Glycolic Acid, Zinc Gluconate, Sodium Hydroxide, Salicylic Acid, Gluconolactone, Lactic Acid, Xanthan Gum, Maltol",Oxynergy Power Infuse Toning Mist,https://inkeedecoder.com/products/oxynergy-power-infuse-toning-mist
acne,"Aqua, Glycerin, Glycolic Acid, Zinc Gluconate, Salicylic Acid, Sodium Hydroxide, Disodium Cocoamphodiacetate, Gluconolactone, Xanthan Gum, Maltol",Salthouse Natural Minerals Anti Pickel Akut Ice Gel,https://inkeedecoder.com/products/salthouse-natural-minerals-anti-pickel-akut-ice-gel
acne,"Aqua, Niacinamide, Butylene Glycol, Zinc Gluconate, Ethoxydiglycol, Phenoxyethanol, Caprylyl Glycol, Hydroxyethylcellulose, Citric Acid, Sodium Hydroxide",Skindinavia The Post-Makeup Recovery Spray,https://inkeedecoder.com/products/skindinavia-the-post-makeup-recovery-spray
acne,"Aqua, Niacinamide, Propanediol, Zinc Gluconate, Lonicera Japonica Flower Extract, Magnesium Aspartate, Copper Gluconate, Lonicera Caprifolium Flower Extract, Lactic Acid, Xanthan Gum",Violette_FR Sérum Superlatif Blemish Rescue (breakout Calming Serum),https://inkeedecoder.com/products/violette-fr-serum-superlatif-blemish-rescue-breakout-calming-serum
acne,"Panax Ginseng, Arginine, Calcium Pantothenate, Zinc Gluconate, Niacinamide, Biotin, Aesculus Hippocastanum Seed Extract, Rosmarinus Officinalis Extract, Urtica Dioica Extract, Apigenin",Wardah Acnederm Pore Refining Toner,https://inkeedecoder.com/products/wardah-acnederm-pore-refining-toner-2
acne,"Polybutene, Silica Dimethyl Silylate, Magnesium Aspartate, Zinc Gluconate, Copper Gluconate, Musa Paradisiaca (Banana) Fruit Juice, Aloe Barbadensis Leaf Extract, Cocos Nucifera Seed Oil (Sunflower), Tocopherol, Glycerin",bioearth Zinc + Niacinamide 11%,https://inkeedecoder.com/products/bioearth-zinc-niacinamide-11
acne,"Polybutene, Silica Dimethyl Silylate, Magnesium Aspartate, Zinc Gluconate, Copper Gluconate, Musa Paradisiaca (Banana) Fruit Juice, Aloe Barbadensis Leaf Extract, Cocos Nucifera (Coconut) Fruit Extract, Helianthus Annuus (Sunflower) Seed Oil, Tocopherol",tersus Glycolic Acid 10% + Lactic Acid 5% Serum,https://inkeedecoder.com/products/tersus-glycolic-acid-10-lactic-acid-5-serum
acne,"Aqua (Water), Butylene Glycol, Alcohol Denat, Zinc Gluconate, Magnesium Aspartate, Copper Gluconate, Calcium Gluconate, Hydrolyzed Soy Protein, Glycerin, Sodium Chloride",APIS Hyaluronic Water Oxygenating Mist,https://inkeedecoder.com/products/apis-hyaluronic-water-oxygenating-mist
acne,"Aqua, Pentylene Glycol, Glycerin, Zinc Gluconate, Niacinamide, Salicylic Acid, Maris Sal (Dead Sea Salt), Glycyrrhiza Glabra (Licorice) Root Extract, Menthol, Menthyl Lactate",Niacinamide 10 Serum Cos De BAHA,https://inkeedecoder.com/products/cos-de-baha-niacinamide-10-serum
acne,"Water (Aqua), Hamamelis Virginiana (Witch Hazel) Water, PEG-12 Dimethicone, Zinc Gluconate, Copper Gluconate, Magnesium Aspartate, Linoleamidopropyl Pg-Dimonium Chloride Phosphate Dimethicone, Sodium Lactate, Glycereth-5 Lactate, Glycerin",Niacinamide 10% + Zinc 1% The Ordinary,https://inkeedecoder.com/products/the-ordinary-niacinamide-10-zinc-1-serum1
comedo,"Aqua (Water), Propanediol, Niacinamide, Zinc Gluconate, Panthenol, Glycerin, Sodium Chloride, Caesalpinia Spinosa Gum, Sodium Benzoate, Albatrellus Confluens (Mushroom) Extract",The Face Shop Real Nature Aloe Vera Sheet Mask,https://inkeedecoder.com/products/the-face-shop-real-nature-aloe-vera-sheet-mask
comedo,"Aqua, Propylene Glycol, Glycerin, Zinc Gluconate, Phenoxyethanol, Butylene Glycol, PEG-40 Hydrogenated Castor Oil, Trideceth-9, Aloe Vera (Leaf) Extract, Disodium EDTA",masking Charcoal Facial Sheet Mask,https://inkeedecoder.com/products/masking-charcoal-facial-sheet-mask
comedo,"Aqua (Water), Niacinamide, Cellulose Gum, Zinc Gluconate, Aloe Barbadensis Leaf Juice, Sodium Hyaluronate, Phenethyl Alcohol, Caprylyl Glycol",7th Heaven Charcoal Tonic Mask,https://inkeedecoder.com/products/7th-heaven-charcoal-tonic-mask
comedo,"Aqua, Glycolic Acid (10%), Lactic Acid (5%), Zinc Gluconate, Glycerine, Propylene Glycol, Hyaluronic Acid, Xanthan Gum, Potassium Sorbate, EDTA",Mirabelle Charcoal Sheet Mask,https://inkeedecoder.com/products/mirabelle-charcoal-sheet-mask
comedo,"Aqua, Sodium Hyaluronate, Glycerin, Magnesium Aspartate, Zinc Gluconate, Copper Gluconate, Propylene Glycol, Aloe Extract, Phenoxyethanol, Caprylyl Glycol",Stay Well Classic Mask Purifying Charcoal,https://inkeedecoder.com/products/stay-well-classic-mask-purifying-charcoal
comedo,zinc-gluconate,b.fresh Get It Squeaky Clean Deep Cleansing Shampoo,https://inkeedecoder.com/products/b-fresh-get-it-squeaky-clean-deep-cleansing-shampoo
comedo,"Organic Aloe Barbadensis Leaf Extract (Aloe), Niacinamide 10.0%, Propanediol, Glycerin, 1, 2-Hexanediol, Zinc Pca 1.0%, Sodium Hyaluronate, Allantoin, Dipotassium Glycyrrhizate",Dearboo Lily & Charcoal Everyday Mask,https://inkeedecoder.com/products/dearboo-lily-charcoal-everyday-mask
comedo,"Aqua (Water), Niacinamide 10.0%, Pentylene Glycol, Zinc Pca 1.0%, Dimethyl Isosorbide, Tamarindus Indica Seed Gum, Xanthan Gum, Isoceteth-20, Ethoxydiglycol, Phenoxyethanol",The Saem Care Plus Body Peeling Spray,https://inkeedecoder.com/products/the-saem-care-plus-body-peeling-spray
comedo,"Tomato Extract, Ginseng Extract, Charcoal Extract, Aloe Vera Extract, Glycyrrhiza Glabra Root Extract, Hamamelis Virginiana Extract, Dimethicone, Biosaccharide Gum-1, Scutellaria Baicalensis Root Extract, Paeonia Suffruticosa Root Extract",Avon planet spa Korean Charcoal Cleanse & Refine Peel Off Face Mask,https://inkeedecoder.com/products/avon-planet-spa-korean-charcoal-cleanse-refine-peel-off-face-mask
comedo,"Water, Moringa Extract, Mint Extract, Charcoal Extract, Aqua, Chondrus Crispus Extract, Aloe Vera Extract, Glycyrrhiza Glabra Root Extract, Hamamelis Virginiana Extract, Acrylate/​C10-30 Alkyl Acrylate Crosspolymer",Stay Well Classic Mask Firming Pearl & Collagen,https://inkeedecoder.com/products/stay-well-classic-mask-firming-pearl-collagen
comedo,"Aqua (Purified Water), Glycerin (Plant Origin), Dipropylene Glycol, Butylene Glycol, Charcoal Extract, Phenoxyethanol, Ethylhexylglycerin, PEG-60 Hydrogenated Castor Oil, Panthenol (Pro-Vitamin B5), Niacinamide (Vitamin B3)",eyeNlip Charcoal Moisture Essence Mask,https://inkeedecoder.com/products/eyenlip-charcoal-moisture-essence-mask
comedo,"Water, Glycerin, Dipropylene Glycol, PEG/​PPG-17/​6 Copolymer, Niacinamide, Charcoal Extract (0.97%), PEG-60 Hydrogenated Castor Oil, Trehalose, Erythritol, Cellulose Gum",Dear Me Beauty Acne Care Meltaway Balm,https://inkeedecoder.com/products/dear-me-beauty-acne-care-meltaway-balm
comedo,"Aqua (Water), Glycerin, Butylene Glycol, Propylene Glycol, Diospyros Kaki Leaf Extract, Charcoal Extract, Chamomilla Recutita (Matricaria) Extract, Castanea Crenata (Chestnut) Shell Extract, Centella Asiatica Extract, Portulaca Oleracea Extract",Dr. HeAler Sodium D.n.a Activator Ampoule P.d.r.n,https://inkeedecoder.com/products/dr-healer-sodium-d-n-a-activator-ampoule-p-d-r-n
comedo,"Water (Aqua, Eau), Sodium C14-16 Olefin Sulfonate, Cocamidopropyl Hydroxysultaine, Cocamide MIPA, Cocamidopropyl Betaine, Panthenol (Vitamin B5), Charcoal Extract, Camellia Sinensis (Green Tea) Leaf Extract, Kaolin",ESW Beauty Raw Juice Korean Beauty Sheet Mask,https://inkeedecoder.com/products/esw-beauty-raw-juice-korean-beauty-sheet-mask
comedo,"Water, Butylene Glycol, Glycerin, Alcohol, Betaine, Allantoin, Lilium Tigrinum Extract, Charcoal Extract, Carbomer, Xanthan Gum",Ever organics Charcoal Purifying Serum Soothing Gel,https://inkeedecoder.com/products/ever-organics-charcoal-purifying-serum-soothing-gel
comedo,"Water, Alcohol Denat, Glycerin, Propanediol, Carbomer, Quaternium-60, Propylene Glycol, Charcoal Extract, Mentha Viridis (Spearmint) Extract, Mentha Rotundifolia Leaf Extract",Koji White Kojic Acid & Charcoal Black Soap,https://inkeedecoder.com/products/koji-white-kojic-acid-charcoal-black-soap
comedo,"Aqua, Polyvinyl Alcohol, Alcohol Denat, Poloxamer 185, Xanthan Gum, Parfum/​Fragrance, Glycerin, BHT, Charcoal Extract, Vaccinium Vitis-Idaea Fruit Extract",Pixi Clarity Lotion,https://inkeedecoder.com/products/pixi-clarity-lotion-2
comedo,"Aqua (Water), Glycerin, Butylene Glycol, Propylene Glycol, Oat Amino Acids, Vegetable Amino Acids, Diospyros Kaki Leaf Extract, Charcoal Extract, Chamomilla Recutita (Matricaria) Extract, Castanea Crenata (Chestnut) Shell Extract",Ekel Charcoal Foam Cleanser,https://inkeedecoder.com/products/ekel-charcoal-foam-cleanser
comedo,"Water, Glycerin, Carbomer, Triethanolamine, Disodium EDTA, Hydroxyethylcellulose, Betaine, Sodium Hyaluronate, Polysorbate 20, Charcoal Extract (25Mg)",Esfolio Charcoal Cleansing Foam,https://inkeedecoder.com/products/esfolio-charcoal-cleansing-foam
comedo,"Ethylhexyl Palmitate, Caprylic/​Capric Triglyceride, PEG-20 Glyceryl Triisostearate, Cetyl Ethylhexanoate, PEG-12 Diisostearate, Polyethylene, Phenoxyethanol, Aqua, Caprylyl Glycol, Glucosylrutin",Barle Charcoal Melting Cleansing Balm,https://inkeedecoder.com/products/barle-charcoal-melting-cleansing-balm
comedo,"Tea Tree Leaf Water, Centella Asiatica Extract, Sodium Dna (30, 000 Ppm), Glycerin, Butylene Glycol, 1, 2-Hexanediol, Niacinamide, Sodium Hyaluronate",Skin + Purifying Foam Cleanser,https://inkeedecoder.com/products/skin-purifying-foam-cleanser
comedo,"Water, Propanediol, Dipropylene Glycol, Glycerin, 1, 2-Hexanediol, Hydroxyacetophenone, Portulaca Oleracea Extract, Trehalose, Xanthan Gum",The Creme Shop Cica Mend Cica Balm,https://inkeedecoder.com/products/the-creme-shop-cica-mend-cica-balm
comedo,"Water, Glycerin, PEG-60 Hydrogenated Castor Oil, Phenoxyethanol, Carbomer, Potassium Hydroxide, Fragrance, Cyclohexane, Sodium Hyaluronate, Butylene Glycol",111SKIN Celestial Black Diamond Lifting And Firming Face Mask - Upper Mask,https://inkeedecoder.com/products/111skin-celestial-black-diamond-lifting-and-firming-face-mask-upper-mask
comedo,"Water (Aqua), Propylene Glycol, Glycerin, Sorbitol, Sodium Stearate, Sodium Cocoyl Isethionate, Sodium Myristate, Sodium Palmitate, Sodium Laurate, Fragrance",Sunnicorn Microbiome Enzyme Powder Cleanser,https://inkeedecoder.com/products/sunnicorn-microbiome-enzyme-powder-cleanser
comedo,"Aqua/​Water/​Eau, Glycerin, Aloe Barbadensis Leaf Water, Propanediol, Salix Alba (Willow) Bark Extract, Niacinamide, Arginine, Centaurea Cyanus Flower Extract, Hyacinthus Orientalis (Hyacinth) Extract, Viola Tricolor Extract",Avon Planet Spa Korean Charcoal Cleanse & Refine Deep Cleansing Face Wash,https://inkeedecoder.com/products/avon-planet-spa-korean-charcoal-cleanse-refine-deep-cleansing-face-wash
comedo,"Water/​Aqua/​Eau, Stearic Acid, Myristic Acid, Glycerin, Lauric Acid, Potassium Hydroxide, Cocamidopropyl Betaine, Propylene Glycol, Sorbitan Olivate, Glyceryl Stearate",Clearskin Sabonete Purificante Com Carvão Clearskin,https://inkeedecoder.com/products/avon-sabonete-purificante-com-carvao-clearskin
comedo,"Purified Water, Palmitic Acid, Stearic Acid, Glycerin, Myristic Acid, Lauric Acid, Potassium Hydroxide, Cocamidopropyl Betaine, Sorbitan Olivate, Cocamide MIPA",Derma E Blue Light Shield Concentrated Serum,https://inkeedecoder.com/products/derma-e-blue-light-shield-concentrated-serum
comedo,"Ethylhexyl Palmitate, PEG-20 Glyceryl Triisostearate, Cetyl Ethylhexanoate, Synthetic Wax, Synthetic Beeswax, Cetyl PEG/​PPG-10/​1 Dimethicone, Silica Dimethyl Silylate, 1, 2-Hexanediol, Water",Meta Foret Black Lemon Cleansing Oil,https://inkeedecoder.com/products/meta-foret-black-lemon-cleansing-oil
comedo,"Water (Aqua/​Eau), Myristic Acid, Lauryl Hydroxysultaine, Sorbitol, Potassium Hydroxide, Lauric Acid, Sodium Chloride, Acrylates/​C10-30 Alkyl Acrylate Crosspolymer, Charcoal Powder, Chlorphenesin",Avon Anew Purifying Jelly Cleanser,https://inkeedecoder.com/products/avon-anew-purifying-jelly-cleanser
comedo,"Water, Cyclopentasiloxane, Dipropylene Glycol, Glycerin, Niacinamide, Cetyl PEG/​PPG-10/​1 Dimethicone, Centella Asiatica Extract, Alcohol Denat, Titanium Dioxide, Sodium Chloride",rovectin Pore Care No-sebum Pad,https://inkeedecoder.com/products/rovectin-pore-care-no-sebum-pad
comedo,"Aqua/​Water/​Eau, Glycerin, Dipropylene Glycol, Benzyl Glycol, Chondrus Crispus (Carrageenan) Powder, Ceratonia Siliqua Gum, Xanthan Gum, PEG-60 Hydrogenated Castor Oil, Allantoin, Titanium/​Titanium Dioxide",Avon Planet Spa The Harmony Ritual Face Mask,https://inkeedecoder.com/products/avon-planet-spa-the-harmony-ritual-face-mask
comedo,"Zea Mays (Corn) Starch, Sodium Cocoyl Isethionate, Microcrystalline Cellulose, Sodium Methyl Cocoyl Taurate, Potassium Laurate, Sodium Lauroyl Glutamate, Charcoal Powder, Citric Acid, Oryza Sativa (Rice) Powder, Maltodextrin",Avon Arctic Lingonberry Antioxidant Overnight Face Treatment,https://inkeedecoder.com/products/avon-arctic-lingonberry-antioxidant-overnight-facr-face-treatment
comedo,"Aqua, Dicaprylyl Maleate, Hydrogenated Polydecene, Glycerin, PEG-20 Methyl Glucose Sesquistearate, Cetyl Alcohol, Methyl Glucose Sesquistearate, Benzyl Alcohol, Carbomer, Lauramidopropyl Betaine",Tidalove Calming Facial Beans,https://inkeedecoder.com/products/tidalove-calming-facial-beans
comedo,"Sodium Tallowate, Sodium Palm Kernelate, Aqua, Parfum, Glycerin, Prunus Amygdalus Dulcis Seed Meal, Sodium Chloride, Salicylic Acid, Triethanolamine, Ci 77499",clearskin by avon Mascarilla Purificante,https://inkeedecoder.com/products/clearskin-by-avon-mascarilla-purificante
comedo,"Purified Water, Cetyl Alcohol (Vegetable Derived), Glycerin (Vegetable Derived), Glyceryl Stearate Citrate (Vegetable Derived), Glyceryl Stearate (Vegetable Derived), Polysorbate 60, Dimethicone, Cetearyl Glucoside, Sodium Hydroxide, Xanthan Gum",AVON Clearskin Máscara Facial Negra Com Carvão Clearskin,https://inkeedecoder.com/products/avon-clearskin-mascara-facial-negra-com-carvao-clearskin
comedo,"Cetyl Ethylhexanoate, Sorbeth-30 Tetraoleate, Sorbitan Sesquioleate, Curcuma Longa (Turmeric)Root Extract, Citrus Aurantium Bergamia (Bergamot) Fruit Oil, Melia Azadirachta Flower Extract, Melia Azadirachta Leaf Extract, Citrus Limon (Lemon) Seed Oil, Corallina Officinalis Extract, Melia Azadirachta Bark Extract",Meta Foret Black Lemon Peeling Toner Pads,https://inkeedecoder.com/products/meta-foret-black-lemon-peeling-toner-pads
comedo,"Aqua, Glycerin, Sorbitol, Cocamidopropyl Betaine, Sodium Laureth Sulfate, Sodium Chloride, Sodium Methyl Cocoyl Taurate, PEG-120 Methyl Glucose Dioleate, Phenoxyethanol, Caprylyl Glycol",BOSCIA Charcoal Pore-Minimizing Bio-Cellulose Mask,https://inkeedecoder.com/products/boscia-charcoal-pore-minimizing-bio-cellulose-mask
comedo,"Water, Butylene Glycol, Glycereth-26, 1, 2-Hexanediol, Grape Fruit Extract, Papaya Fruit Extract, Apple Extract, Plum Extract, Birch Sap",Elixir Balancing Mizu Cream,https://inkeedecoder.com/products/elixir-balancing-mizu-cream
comedo,"Aqua, Glycerin, Carbomer, Polysorbate 20, 1, 2-Hexanediol, Methyl Gluceth-20, Caprylyl Glycol, PEG-40 Hydrogenated Castor Oil, PPG-26-Buteth-26",Asaya D-Tan Sheet Mask,https://inkeedecoder.com/products/asaya-d-tan-sheet-mask
comedo,"Aqua, Glycerin, Butylene Glycol, PEG-8, Carbomer, Methyl Gluceth-20, Butyrospermum Parkii (Shea) Butter, 1, 2-Hexanediol, Caprylyl Glycol",Pantene Pro-v Detox And Cleanser Micellar Shampoo,https://inkeedecoder.com/products/pantene-pro-v-detox-and-cleanser-micellar-shampoo
comedo,"Water, Corn Starch, Diatomaceous Earth, Lauryl Glucoside, Glucose, Algin, Calcium Sulfate, 1, 2-Hexanediol, Tetrasodium Pyrophosphate",Some By Mi AHA - BHA - PHA 30 Days Miracle Acne Clear Body Cleanser,https://inkeedecoder.com/products/some-by-mi-aha-bha-pha-30-days-miracle-acne-clear-body-cleanser-4
comedo,"Aqua, Hydrated Silica, Ethylhexyl Palmitate, Propylene Glycol, Bentonite, PEG-8, Isoceteth-20, Polysorbate 20, Xanthan Gum, Sodium Methyl Cocoyl Taurate",TonyMoly Shiny Foot Peeling Liquid,https://inkeedecoder.com/products/tony-moly-shiny-foot-peeling-liquid
comedo,"Aqua, Hydrated Silica, Ethylhexyl Palmitate, Propylene Glycol, Glycerin, Bentonite, PEG-8, Isoceteth-20, Polysorbate 20, Xanthan Gum",MBeauty Tannin Complex 2-step Mask,https://inkeedecoder.com/products/mbeauty-tannin-complex-2-step-mask
comedo,"Water, Butylene Glycol, Alcohol, 1, 2-Hexanediol, Polyglyceryl-10 Laurate, Dipropylene Glycol, Polyglyceryl-4 Laurate, Gluconolactone, Hydroxyethylcellulose",Billie Razor,https://inkeedecoder.com/products/billie-razor
comedo,"Water, Dipropylene Glycol, Glycerin, Isopentyldiol, Betaine, 1, 2-Hexanediol, Hydroxyacetophenone, Polyglyceryl-10 Laurate, Hydroxyethyl Urea",Blu42 Bright Eye,https://inkeedecoder.com/products/blu42-bright-eye
comedo,"Tranexamic Acid, Dipotassium Glycyrrhizate, Water, Butylene Glycol, Ethanolamine, Glycerin, Dipropylene Glycol, Polyacrylic Acid, Polyoxyethylene Lauryl Ether, Sodium Citrate",Bo Bana Bobana Charcoal Scrub,https://inkeedecoder.com/products/bo-bana-bobana-charcoal-scrub
comedo,"Water, Glycerin, Butylene Glycol, Oyster Shell Extract, Niacinamide, 1, 2-Hexanediol, Betaine, Caffeine, Allantoin",Caolion Blackhead O2 Sparkling Soap,https://inkeedecoder.com/products/caolion-blackhead-o2-sparkling-soap
comedo,"Water (Nước), Sodium Laureth Sulfate, Sodium Lauryl Sulfate, Cocamidopropyl Betaine, Citric Acid, Sodium Citrate, Sodium Xylenesulfonate, Fragrance (Hương Liệu), Sodium Chloride, Cocamide MEA",Khadi essentials Charcoal Face Wash,https://inkeedecoder.com/products/khadi-essentials-charcoal-face-wash
comedo,"Water, Myristic Acid, Glycerin, Potassium Hydroxide, Lauric Acid, Palmitic Acid, Stearic Acid, PEG-8, Cocamidopropyl Betaine, Cetearyl Alcohol",Man arden Activated Charcoal Cream Conditioner With Argan Oil,https://inkeedecoder.com/products/man-arden-activated-charcoal-cream-conditioner-with-argan-oil
comedo,"Sd Alcohol 40-B, Water, Lactic Acid, Glycolic Acid, Glycerin, Butylene Glycol, Betaine, Urea, PEG-60 Hydrogenated Castor Oil, Salicylic Acid",Shills Acne Purifying Peel Off Black Mask,https://inkeedecoder.com/products/shills-acne-purifying-peel-off-black-mask
comedo,"Aloe Barbadensis Leaf Water, Butylene Glycol, 1, 2-Hexanediol, Propanediol, Panthenol, Polyglyceryl-10 Laurate, Citric Acid, Gluconolactone, Melaleuca Alternifolia (Tea Tree) Leaf Oil",Sunatoria Black Mask Charcoal Peel Off Mask,https://inkeedecoder.com/products/sunatoria-black-mask-charcoal-peel-off-mask
comedo,"Charcoal Powder, Aloe Vera Leaf Juice, Shea Butter, Cyclodextrin, Polyethylene Glycol, Maltodextrin, Tocopherol (Vitamin E)",Yesul Bubble. Cleansing Charcoal Mask,https://inkeedecoder.com/products/yesul-bubble-cleansing-charcoal-mask
comedo,"Activated Bamboo Charcoal (Carbon), Bamboo Extract, Plant-Based Hydrolyzed Collagen, Glycerin, Hyaluronic Acid, Arbutin, Algae Extract, Licorice Extract, Aqua",yes to tomatoes Clear Skin Charcoal Powder-To-Clay Mask,https://inkeedecoder.com/products/yes-to-tomatoes-clear-skin-charcoal-powder-to-clay-mask
comedo,"Charcoal, Stearic Acid, Dimethicone, Glycerin",AA Emoji Charcoal Mask,https://inkeedecoder.com/products/aa-emoji-charcoal-mask
comedo,"Charcoal Powder, Lavandula Angustifolia (Lavender)Oil, Lavandula Angustifolia (Lavender) Leaf Powder, Cocos Nucifera (Coconut)Oil, Elaeis Guineensis (Palm)Oil, Leptospermum Petersonii Oil, Tocopherol, Theobroma Cacao(Cocoa) Seed Powder, Glycerin, Hyaluronic Acid",Apotheke Detoxifying Face Mask,https://inkeedecoder.com/products/apotheke-detoxifying-face-mask
comedo,"Activated Charcoal, Acerola Extract, Basil Water Extract, Ashwagandha Extract, Methi Extract, Cocamidopropyl Betaine, Lauryl Glucoside, Glycerin, Xylitylglucoside, Anhydroxylitol",Banish Activated Charcoal Clay Masque,https://inkeedecoder.com/products/banish-activated-charcoal-clay-masque
comedo,"Activated Charcoal, Shea Butter, Organic Moroccan Argan Cold Pressed Oil, Avocado Cold Pressed Oil, Golden Virgin Jojoba (Simmondsia Chinensis) Cold Pressed Oil, Sweet Almond Cold Pressed Oil, Organic Virgin Coconut Cold Pressed Oil, Vitamin E, Menthol Crystals, Purified Water",BeautyPro Warming Eye Mask,https://inkeedecoder.com/products/beautypro-warming-eye-mask
comedo,"Charcoal Powder, Lecithin, Avena Sativa (Oat) Kernel Extract, Calendula Officinalis Flower Extract, Citrus Grandis (Grapefruit) Fruit Extract, Rosmarinus Officinalis (Rosemary) Leaf Extract",Buttah Charcoal Detox Mask,https://inkeedecoder.com/products/buttah-charcoal-detox-mask
comedo,"Activated Charcoal, Grape Seed, Oat Extract, Rosmarinus, Calendula, Citrus Nobilis Fruit",COSHI BEAUTI Niacinamide Soap,https://inkeedecoder.com/products/coshi-beauti-niacinamide-soap
comedo,"Charcoal, Salicylic Acid, Water, Glycerin, Cocamidopropyl Betaine, Dipropylene Glycol, Sodium Cocoyl Apple Amino Acids, Methyl Perfluorobutyl Ether, Methyl Perfluoroisobutyl Ether, Sodium Lauroyl Glutamate",Cosmibeauti Niacinamide Soap For Men,https://inkeedecoder.com/products/cosmibeauti-niacinamide-soap-for-men
comedo,"Charcoal Powder, Kaolin, Magnesium Aluminum Silicate, Water (Aqua), Glycerin, Solanum Lycopersicum (Tomato) Fruit Extract, Fragrance (Parfum), Lactobacillus Ferment",De-artistic Charcoal Treatment,https://inkeedecoder.com/products/de-artistic-charcoal-treatment
comedo,"Aqua, Charcoal Powder, Kaolin, Zinc Oxide, Caprylic/​Capric Triglyceride, Pentylene Glycol, Octyldodecanol, Dicaprylyl Ether, Magnesium Aluminum Silicate, Arachidyl Alcohol",Drunk Elephant Bamboo Booster,https://inkeedecoder.com/products/drunk-elephant-bamboo-booster
comedo,"Pure Calcium Bentonite Clay, Activated Carbon",Ella Baché Charcoal Foaming Mask,https://inkeedecoder.com/products/ella-bache-charcoal-foaming-mask
comedo,"Montmorillonite (Italian Green Clay), Activated Charcoal, Allantoin, Zinc Oxide, Ascorbyl Palmitate (Vitamin C Ester), Aphanizomenon Flos-Aquae (Organic Blue Green Algae) Powder, 2- Dimethylaminoethanol (Dmae)","Ethique Unscented Charcoal, Kaolin, & Oatmeal Soap Bar",https://inkeedecoder.com/products/ethique-unscented-charcoal-kaolin-oatmeal-soap-bar
comedo,"Chamomile, Activated Carbon Powder, Iron Powder, Sodium Chloride, Vermiculite, Deionized Water",Georganics Mineral Toothpaste Powder - Activated Charcoal,https://inkeedecoder.com/products/georganics-mineral-toothpaste-powder-activated-charcoal
comedo,"Water, Charcoal Powder, Glycerin, Bentonite, Kaolin, Propanediol 1, 3, Hamamelis Virginiana (Witch Hazel) Extract, Persea Gratissima (Avocado) Oil, Argania Spinosa (Argan) Kernel Oil",HAUS LABS Clear Cut Liquid Eyeliner,https://inkeedecoder.com/products/haus-labs-clear-cut-liquid-eyeliner
comedo,"Coconut Oil, Charcoal, Tea Tree Oil, Vit E, Shea Butter, Glycerine, Propylene Glycol, Niacinamide, Vitamin B3, Aloe Vera",Ilia Clean Lime Liquid Eyeliner,https://inkeedecoder.com/products/ilia-clean-lime-liquid-eyeliner
comedo,"Coconut Oil, Charcoal, Tea Tree Oil, Vit E, Shea Butter, Glycerine, Propylene Glycol, Niacinamide, Vitamin B3, Aloe Vera",Kayman Beauty Coal Face Soap,https://inkeedecoder.com/products/kayman-beauty-coalface-soap
comedo,"Water, Charcoal, Lactic Acid, Cetostearyl Alcohol, Ammonium Chloride, Methylparaben, Fragrance",Luna Nectar Obsidian Volumizing & Anti-Pollution Hair Jelly,https://inkeedecoder.com/products/luna-nectar-obsidian-volumizing-anti-pollution-hair-jelly
comedo,"Bambusa Arundinacea Stem Extract, Charcoal Powder, Microcrystalline Cellulose, Mannitol, Zea Mays (Corn) Starch, Potassium Sorbate",Pacifica Liquid Lines Pen Tip Eye Liner,https://inkeedecoder.com/products/pacifica-liquid-lines-pen-tip-eye-liner
comedo,"Cellulose, Charcoal Powder, Water, Citrus Aurantium Amara (Bitter Orange) Flower Water, Glycerin, Methyl Perfluorobutyl Ether, Isododecane, Butylene Glycol, Ammonium Lauryl Sulfate, Cocamidopropyl Betaine",Prevense Charcoal Face Wash,https://inkeedecoder.com/products/prevense-charcoal-face-wash
comedo,"Avena Sativa (Oatmeal) Kernel Flour, Charcoal Powder, Glycerin, Kaolin, Sodium Chloride, Sodium Cocoate, Sodium Olivate, Sodium Stearate, Tetrasodium Glutamate Diacetate",Skin techniques Activated Charcoal,https://inkeedecoder.com/products/skin-techniques-activated-charcoal
comedo,"Sodium Bicarbonate, Charcoal Powder, Calcium Powder, Diatomaceous Earth, Magnesium Carbonate, Dicalcium Phosphate^, Tartaric Acid^, Peppermint Oil*^, Vitamin E^, Limonene*^",Underated Active Charcol Face Wash,https://inkeedecoder.com/products/underated-active-charcol-face-wash
comedo,"Aqua (Water, Eau), Charcoal Powder, Ammonium Styrene/​Acrylates Copolymer, Butylene Glycol, 1, 2-Hexanediol, Glycerin, Campsis Grandiflora Flower Extract, Eclipta Prostrata Extract",Wyn Beauty Glideline Waterproof Liquid Eyeliner,https://inkeedecoder.com/products/wyn-beauty-glideline-waterproof-liquid-eyeliner
comedo,"Aqua/​Water/​Eau, Charcoal Powder, Styrene/​Acrylates Copolymer, Butylene Glycol, 1, 2-Hexanediol, Diglycerin, Polyglyceryl-10 Isostearate, Polyglyceryl-10 Laurate, Pentylene Glycol",Ausceuticals Dark Star Powder To Foam Cleanser,https://inkeedecoder.com/products/ausceuticals-dark-star-powder-to-foam-cleanser
comedo,"Aqua, Activated Charcoal, Pure Honey, Glycerin, Cocamidopropyl Betaine, Sodium Hydroxide, Gold, Mica",BareSoul Wow Dry Shampoo,https://inkeedecoder.com/products/baresoul-wow-dry-shampoo
comedo,"Aloe Barbadensis (Aloe Vera) Leaf Juice, Activated Charcoal, Sodium Cocoyl Hydrolyzed Rice Protein, Glycerin, Lactobacillus, Bambusa Vulgaris (Bamboo) Extract, Equisetum Arvense (Horsetail) Extract, Xanthan Gum, Acacia Gum, Panthenol (Vitamin B5)",Beauty Counter Counter+ Charcoal Facial Mask,https://inkeedecoder.com/products/beauty-counter-counter-charcoal-facial-mask
comedo,"Aqua (Eau), Charcoal Powder, Pentylene Glycol, Polyacrylate-21, Polyglyceryl-10 Stearate, Polyglyceryl-10 Myristate, Polyglyceryl-10, Glycerin, Sodium Levulinate, Butylene Glycol",Blaq Hyaluronic Acid Eye Mask,https://inkeedecoder.com/products/blaq-hyaluronic-acid-eye-mask
comedo,"Coconut, Charcoal, Aqua (Di Water), Acrylates/​C10-30 Alkyl Acrylate Crosspolymer, Disodium EDTA, Glycerine, Decyl Glucoside, Propylene Glycol, Diazolidinyl Urea, Methylparaben",Bybi Detox Dust Purifying Powder Mask,https://inkeedecoder.com/products/bybi-detox-dust-purifying-powder-mask
comedo,"Polysorbate 20, Charcoal Powder, Glycerin, Sodium Benzoate, Aloe Barbadensis Extract, Dehydroacetic Acid, Perfume, Phenoxyethanol, Tocopheryl Acetate, Citric Acid",C'est Moi Purifying Charcoal Clay Facial Mask,https://inkeedecoder.com/products/cest-moi-purifying-charcoal-clay-facial-mask
comedo,"Niacinamide, Bamboo Charcoal Powder, Aloe Vera Extract, Vitamin E Acetate, Aqua, Cocamidopropyl Betaine, Acrylates Copolymer, Sodium Lauroyl Sarcosinate, Sodium Cocoamphoacetate, Disodium Cocoamphodiacetate",Caolion Pore Cleansing Blackhead Steam,https://inkeedecoder.com/products/caolion-pore-cleansing-blackhead-steam
comedo,"Water, Charcoal Powder, Butylene Glycol, Acrylates/​Ethylhexyl Acrylate Copolymer, Alcohol, Pentylene Glycol, AMP-Acrylates Copolymer, Ammonium Acrylates Copolymer, Sodium Dehydroacetate, Caprylyl Glycol",Dermafix Dermapolish+ Activated Charchoal,https://inkeedecoder.com/products/dermafix-dermapolish-activated-charchoal
comedo,"Colloidal Oatmeal (Avena Sativa Kernel Flour)*, Oryza Sativa (Brown Rice) Powder*, Activated Charcoal, Theobroma Cacao (Raw Cacao) Powder*, Cocoa Pod Ash, Plantain Peel Ash, Palm Kernel Oil, Camwood Bark, Aloe Barbadensis Leaf Extract, Butyrospermum Parkii (Shea Butter)",Dot & Key Underarm Detox Charcoal Mask,https://inkeedecoder.com/products/dot-key-underarm-detox-charcoal-mask
comedo,"Zea Mays (Corn) Starch, Sodium Bicarbonate, Charcoal Powder, Ocimum Tenuiflorum (Holy Basil) Oil, Lavandula Angustifolia (Lavender) Oil, Rosmarinus Officinalis (Rosemary) Leaf Oil, Citrus Paradisi (Grapefruit) Peel Oil, Aroma (Flavour)",Dot & Key Underarm Detox Charcoal Mask,https://inkeedecoder.com/products/dot-key-underarm-detox-charcoal-mask-2
comedo,"Aqua/​Water/​Eau, Kaolin, Charcoal Powder, Magnesium Aluminum Silicate, Illite, Glycerin, Pyrus Malus (Apple) Fruit Extract, Tetrahexyldecyl Ascorbate, Xanthan Gum, Camellia Sinensis (Green Tea) Leaf",Fighting Girl Foot Pads,https://inkeedecoder.com/products/fighting-girl-foot-pads
comedo,"Aqua (Water), Glycerin, Charcoal Powder, Xanthan Gum, Hydroxyacetophenone, Chondrus Crispus (Carrageenan) Powder, Chlorphenesin, Glucomannan, Algin, Sodium Hyaluronate",Fitglow Detox Cleanser,https://inkeedecoder.com/products/fitglow-detox-cleanser
comedo,"Avena Sativa (Oat) Kernel Flour, Kaolin, Charcoal Powder, Cocos Nucifera (Coconut) Shell Powder, Eleutherococcus Senticosus (Siberian Ginseng) Root Extract, Nelumbo Nucifera (Lotus) Seed Powder, Papain (Papaya Enzyme), Cymbopogon Martini (Palmarosa) Oil, Ribes Nigrum (Black Currant) Fruit Extract",Generation Skin Revitalizing Hyaluronic Acid Eye Patches,https://inkeedecoder.com/products/generation-skin-revitalizing-hyaluronic-acid-eye-patches
comedo,"Aqua/​Water/​Eau, Kaolin, Charcoal Powder, Magnesium Aluminum Silicate, Bentonite, Glycerin*, Cetearyl Alcohol, Coco-Glucoside, Camellia Sinensis Leaf, Olea Europaea (Olive) Seed Powder",HUGS WELLNESS CBD Chamomile Clay Mask,https://inkeedecoder.com/products/hugs-wellness-cbd-chamomile-clay-mask
comedo,"(Sparkling) Water (Natural), Oat Flour, Charcoal Powder, Volcanic Ash, Sunflower Oil, Olive Oil, Green Tea Leaf Extract",IOSSI Charcoal. Purifying Facial Cleansing Paste,https://inkeedecoder.com/products/iossi-charcoal-purifying-facial-cleansing-paste
comedo,"Microcrystalline Cellulose, Sodium Cocoyl Isethionate, Bamboo Charcoal Powder, Magnesium Silicate, Tourmaline Crystal, Colloidal Oatmeal, Rice Starch (Oryza Sativa), Yogurt Powder, Menthyl Pca, Salicylic Acid",Lumin Charcoal Cleansing Pore Strip,https://inkeedecoder.com/products/lumin-charcoal-cleansing-pore-strip
comedo,"Purified Water, Kaolin, Activated Charcoal, Titanium Dioxide, Emulsifying Wax, Glycerin, Cetyl Alcohol, Niacinamide, Calcium Pantothenate, Sodium Ascorbyl Phosphate",Matte Purifying Face Wash,https://inkeedecoder.com/products/matte-purifying-face-wash
comedo,"Aqua, Kaolin, Activated Charcoal, Emulsifying Wax, Cetyl Alcohol, Glycerine, Titanium Dioxide, Niacinamide, Calcium Pantothenate, Sodium Ascorbyl Phosphate",Michael Todd Beauty Charcoal Detox,https://inkeedecoder.com/products/michael-todd-beauty-charcoal-detox
comedo,"Bamboo Vinegar, Tourmaline Powder, Charcoal Powder",Midnight Paloma Charcoal + Rose Detox Mask,https://inkeedecoder.com/products/midnight-paloma-charcoal-rose-detox-mask
comedo,"Organic Lavandula Augustifolia (Lavender Distillate), Organic Aloe Barbadensis (Leaf), Activated Bamboo Charcoal (Bamboo Charcoal Powder), Organic Salix Alba (Willow Bark), Kosher Vegetable Glycerin, Guar Gum, Methylsulfonylmethane (Msm), Saponified Oils Of Cocos Nucifera (Coconut Oil), Organic Helianthus Annuus (Sunflower), Organic Castor Seed",Effaclar Adapalene Gel 0.1% Acne Treatment La Roche-Posay,https://inkeedecoder.com/products/la-roche-posay-effaclar-adapalene-gel-0-1-acne-treatment
comedo,"Aqua (Water), Glycerin, Charcoal Powder, Xanthan Gum, Hydroxyacetophenone, Chondrus Crispus (Carrageenan) Powder, Chlorphenesin, Glucomannan, Algin, Sodium Hyaluronate",Azelaic Acid Derma Forte,https://inkeedecoder.com/products/derma-forte-azelaic-acid
comedo,"Water (Aqua), Canadian Glacial Clay, Charcoal, Glycerin, Aloe Barbadensis (Vera) Leaf Juice, Matricaria Recutita (Chamomile) Flower Extract, Camellia Sinensis (Green Tea) Leaf Extract, Olea Europaea (Olive) Leaf Extract, Acrylates Copolymer, Citrus Aurantium Dulcis (Orange) Oil",Azelaic Acid Control Facial Acne Gel Aisuanis,https://inkeedecoder.com/products/aisuanis-empowerment-azelaic-acid-control-facial-acne-gel
comedo,"Glycerin, Avena Sativa (Oat) Kernel Powder, Charcoal Powder, Babassu Oil Polyglyceryl-4-Esters, Oryza Sativa Powder, Kaolin, Coco-Glucoside, Leuconostoc/​Radish Root Ferment Filtrate, Hydrogenated Farnesene, Cocos Nucifera Fruit Extract",Empowerment Azelaic Acid Sebamed Clear Face Facial Cream Aisuanis,https://inkeedecoder.com/products/aisuanis-empowerment-azelaic-acid-sebamed-clear-face-facial-cream
comedo,"PVP, Water, Charcoal Powder, Acacia Senegal Gum, Glycerin, Polyglyceryl-10 Laurate, Polyglyceryl-10 Myristate, Kaolin, Propylene Glycol, Titanium Dioxide",Professional 10% Azelaic Acid Face Serum Bielenda,https://inkeedecoder.com/products/bielenda-professional-10-azaleic-acid-face-serum
comedo,"Water, Salicylic Acid, Activated Charcoal, Organic Coconut Oil, Potassium Hydroxide, Organic Palm Kernel Oil, Organic Olive Oil, Mentha Arvensis, Organic Hemp Oil, Organic Jojoba Oil",Azelaic Acid 10% Serum Cos De BAHA,https://inkeedecoder.com/products/cos-de-baha-azelaic-acid-10-serum
comedo,"Organic Aloe Barbadensis Leaf (Organic
Aloe Vera) Juice, Coco-Glucoside, Activated Charcoal, Decyl Glucoside, Glycerin, Disodium Cocoamphodiacetate, Sodium Cocoyl Glutamate, Inulin, Phospholipids, Hydrolyzed Wheat Protein",Flawless Brightly Serum Dr Sam Bunting,https://inkeedecoder.com/products/dr-sam-bunting-flawless-brightly-serum
comedo,"Kaolinite (White Clay), Avena Sativa (Rolled Oats), Charcoal, Rosa Centifolia (Rose Petals), Essential Oil Blend",Azelaic Acid Suspension 10% The Ordinary,https://inkeedecoder.com/products/the-ordinary-azelaic-acid-suspension-10
comedo,charcoal-powder,Flawless Neutralising Gel Dr. Sam Bunting Skincare,https://inkeedecoder.com/products/dr-sam-bunting-skincare-flawless-neutralising-gel
comedo,"Adapalene 0.1%, Carbomer Homopolymer, Edetate Disodium, Methylparaben, Poloxamer 182, Propylene Glycol, Purified Water, Sodium Hydroxide",Flawless Nightly Serum Dr. Sam Bunting Skincare,https://inkeedecoder.com/products/dr-sam-bunting-skincare-flawless-nightly-serum
comedo,"Water, Azelaic Acid 20.0%, Ascorbic Acid, Tocopherol, Collagen, Ubiquinone, Carbomer, Squalane, Centella Asiatica Extract, Curcuma Longa Root Extract",ANCIENT HEALING CLAY Deep Facial Cleanser,https://inkeedecoder.com/products/ancient-healing-clay-deep-facial-cleanser
comedo,"Aqua, Propylene Glycol, Azelaic Acid 15.0%, Tetrahydroxypropyl Ethylenediamine, Potassium Azeloyl Diglycinate 5.0%, Polyacrylate Crosspolymer-6, Salicylic Acid 2.0%, Lactobionic Acid, Bisabolol, Gluconolactone",Australian Wholesale Oils Bentonite Clay,https://inkeedecoder.com/products/australian-wholesale-oils-bentonite-clay
comedo,"Aqua, Dipropylene Glycol, Cyclopentasiloxane, Azelaic Acid 10.0%, Lauryl PEG-9 Polydimethylsiloxyethyl Dimethicone, Dimethicone, Phenyl Trimethicone, Polyglyceryl-4 Isostearate, Sodium Hydroxide, Squalane",Aztec Secret Indian Healing Clay,https://inkeedecoder.com/products/aztec-secret-indian-healing-clay
comedo,"Aqua (Water), Propylene Glycol, Azelaic Acid 10.0%, Caprylic/​Capric Triglyceride, Stearyl Alcohol, Betaine, Glycerin, Ceteareth-20, Allantoin, Polyacrylate Crosspolymer-6",Dr. Duval Máscara De Fango,https://inkeedecoder.com/products/dr-duval-mascara-de-fango
comedo,"Aloe Barbadensis Leaf Extract, Propylene Glycol, Azelaic Acid 10.0%, Polysorbate 20, 1, 2-Hexanediol, Propanediol, Panthenol, Niacinamide, Sodium Hyaluronate 0.2%","Freeman Instant, Deep Cleansing Facial + Body Powder To Clay Mask",https://inkeedecoder.com/products/freeman-instant-deep-cleansing-facial-body-powder-to-clay-mask
comedo,"Aqua (Water), Azelaic Acid 10.0%, Caprylic/​Capric Triglyceride, Niacinamide 5.0%, Dicaprylyl Carbonate, Ascorbyl Glucoside 2.0%, Cetearyl Alcohol, Glycerin, Glyceryl Stearate SE, Cetearyl Olivate",Holifrog Sunapee Sacred C Powder Wash,https://inkeedecoder.com/products/holifrog-sunapee-sacred-c-powder-wash
comedo,"Aqua (Water), Isodecyl Neopentanoate, Dimethicone, Azelaic Acid 10.0%, Dimethicone/​Bis-Isobutyl PPG-20 Crosspolymer, Dimethyl Isosorbide, Hydroxyethyl Acrylate/​Sodium Acryloyldimethyl Taurate Copolymer, Polysilicone-11, Isohexadecane, Tocopherol",Holifrog Sunapee Sacred-C Brightening Powder Wash,https://inkeedecoder.com/products/sunapee-sacred-c-brightening-powder-wash
comedo,"Aqua (Water), Propylene Glycol, Ammonium Polyacryloyldimethyl Taurate, Azelaic Acid 5.0%, Squalane 5.0%, Salicylic Acid 2.0%, Glyceryl Stearate, Disodium EDTA, PEG-100 Stearate, Sodium Hydroxide",Honey Belle Diy Detox Mask Matcha Mint,https://inkeedecoder.com/products/honey-belle-diy-detox-mask-matcha-mint
comedo,"Aqua (Water/​Eau), Butylene Glycol, Niacinamide 10.0%, Azelaic Acid 5.0%, Dicaprylyl Carbonate, Glycerin, Ethoxydiglycol, Cetearyl Alcohol, Dimethyl Isosorbide, Bakuchiol 1.0%",Illuminate Skin Therapies Mend Restoration Mask,https://inkeedecoder.com/products/illuminate-skin-therapies-mend-restoration-mask
comedo,Calcium Bentonite Clay,K'Pure Naturals Goal Digger,https://inkeedecoder.com/products/kpure-naturals-goal-digger
comedo,Bentonite (Sodium Bentonite),Light Up Beauty Beam Glacial Glow Mud,https://inkeedecoder.com/products/light-up-beauty-beam-glacial-glow-mud
comedo,Calcium Bentonite (Green) Clay,Luxe Organix Bentonite Indian Healing Clay,https://inkeedecoder.com/products/luxe-organix-bentonite-indian-healing-clay
comedo,"Bentonite, Zinc Oxide, Kaolin, Menthol, Camphor, Witch Hazel Extract, Chamomile",Malinca Clay Face Mask,https://inkeedecoder.com/products/malinca-clay-face-mask
comedo,"Bentonite, Kaolin",Manna Szépítő Arcpakolás,https://inkeedecoder.com/products/manna-mattito-taplalo-pakolas-zsiros-borre-kek-agyaggal
comedo,"Bentonite, Sodium Cocoyl Isethionate, Kaolin, Oryza Sativa (Rice) Bran Powder, Hibiscus Sabdariffa Flower Powder, Maltodextrin, Bambusa Arundinacea Stem Extract, Zea Mays (Corn) Starch, 3-O-Ethyl Ascorbic Acid, Papain",Medik8 Age Defying Platinum Mask,https://inkeedecoder.com/products/medik8-age-defying-platinum-mask
comedo,"Bentonite, Sodium Cocoyl Isethionate, Kaolin, Oryza Sativa (Rice) Bran Powder, Bambusa Arundinacea (Bamboo) Stem Powder, Zea Mays (Corn) Starch, L Ascorbic Acid (Vitamin C), Papain, Kojic Acid, Bromelain",Nacomi Black Clay,https://inkeedecoder.com/products/nacomi-black-clay
comedo,"Bentonite Clay, Organic Matcha Powder, Organic Peppermint Leaf",Open Formula Bentonite Clay Mask (100% Bentonite Clay) + 13% AHA Solution,https://inkeedecoder.com/products/open-formula-bentonite-clay-mask-100-bentonite-clay-13-aha-solution
comedo,"Organic Pink Clay, Organic Diatomaceous Earth Clay, Organic Ashwagandha Leaf Botanical Powder, Organic Aloe Vera Leaf Botanical Powder, Organic Sea Buckthorn Botanical Powder, Organic Pink Rose Petal Flower Botanical Powder, Organic Rosehip Botanical Powder, Organic Chamomile Botanical Powder, Organic Calendula Botanical Powder, Methyl Sulfonyl Methane (Msm)",Prana Spaceuticals Resurfacing Micro-Therapy Powder,https://inkeedecoder.com/products/prana-spaceuticals-resurfacing-micro-therapy-powder
comedo,"Bentonite Clay, Purified Water, Rosa Damascena (Rose) Flower Water, Avena Sativa (Oat) Seed Oil, Brassica Oleracea Italica (Broccoli) Seed Oil, Hippophae Rhamnoides (Sea Buckthorn) Oil, Benzyl Alcohol, Salicylic Acid, Glycerin, Sorbic Acid (At .6% Of Formulation For Natural Preservation.)",Pure Body Naturals Bentonite Clay,https://inkeedecoder.com/products/pure-body-naturals-bentonite-clay
comedo,"Bentonite (New Zealand Glacial Clay), Rum Complex, [Oryza Sativa Seed Extract - Rice, Vigna Mungo Seed Extract - Urad, Lens Culinaris Seed Extract - Masoor], Purified Water, Rosa Damascena Water (Rose), Erythritol, C12-15 Alkyl Benzoate, Chamomilla Recutita Extract (Chamomile)",Rosen Skincare Tingling Mud Mask,https://inkeedecoder.com/products/rosen-skincare-tingling-mud-mask
comedo,(100% Pure And Premium Calcium) Bentonite Clay,Sea-el Diy Superfood Mask,https://inkeedecoder.com/products/sea-el-diy-superfood-mask
comedo,Bentonite Clay,Skin Creamery Deep Cleansing Powder,https://inkeedecoder.com/products/skin-creamery-deep-cleansing-powder
comedo,"Bentonite, Spirulina Platensis Powder, Melaleuca Alternifolia Leaf Oil, Limonene",Skinnies The Green Collective Sg Skinnies Kids SPF 50,https://inkeedecoder.com/products/skinnies-kids-spf50
comedo,"Bentonite, Calcium Sulfate, Algin, Diatomaceous Earth, Mica, Silica, Charcoal Powder, Polymethylsilsesquioxane, Trisodium Phosphate, Carnosine",Sky Organics 100% Pure Bentonite Clay,https://inkeedecoder.com/products/sky-organics-100-pure-bentonite-clay
comedo,Bentonite (100%),"Sky Organics Indian Healing Clay, 100% Pure And Natural Grade A",https://inkeedecoder.com/products/sky-organics-indian-healing-clay-100-pure-and-natural-grade-a
comedo,"(Calcium Bentonite Clay Ingredients:) (Calcium Montmorillonite (Green) Clay) Bentonite, Water, Lactic Acid, Potassium Lactate, Hamamelis Virginiana (Witch Hazel) Leaf Water, Phenoxyethanol, Ethylhexylglycerin",The Vitamin Shoppe 100% Natural Bentonite Clay,https://inkeedecoder.com/products/the-vitamin-shoppe-100-natural-bentonite-clay
comedo,"Bentonite Clay, Rhassoul Clay, Rice Bran, Rice Starch, Adzuki Bean Powder, Chickpea Powder, Corn Starch, Coconut Milk, Starch, Buttermilk Starch","TreeActiv Cystic Acne Spot Treatment, Bentonite Clay & Tea Tree Essential Oil",https://inkeedecoder.com/products/treeactiv-cystic-acne-spot-treatment-bentonite-clay-tea-tree-essential-oil
comedo,(100% Pure) Sodium Bentonite Clay,VO BEAUTY 5 Minute Facial,https://inkeedecoder.com/products/vo-beauty-5-minute-facial
comedo,"Bentonite Clay, Water (Aqua), Denatured Alcohol, Zinc Oxide, Castor Oil (Ricinus Communis Seed), Tea Tree (Melaleuca Alternifolia Leaf) Oil",Wildleaf 100% Natural Healing Clay Mask,https://inkeedecoder.com/products/wildleaf-100-natural-healing-clay-mask
comedo,"Bentonite Clay, Organic Moringa, Organic Kelp Powder",Pure Yerba Mate Mist SPF 30,https://inkeedecoder.com/products/100-pure-yerba-mate-mist-spf-30
comedo,"Bentonite, Adansonia Digitata (Baobab) Fruit Powder*, Macadamia Integrifolia (Macadamia Shell) Powder**, Agathosma Betulina (Buchu) Leaf Extract*, Ascorbyl Palmitate, Pelargonium Graveolens (Rose Geranium) Oil*, Pogostemon Cablin (Patchouli) Oil*, Cananga Odorata (Ylang Ylang) Flower Oil*, Citrus Aurantium Amara (Petitgrain) Leaf/​Twig Oil*, Linalool**",24K Donna Bella Dmae Instant Lifting Mask,https://inkeedecoder.com/products/24k-donna-bella-dmae-instant-lifting-mask
comedo,"Bentonite, Butyloctyl Salicylate, Coco-Caprylate, Dicaprylyl Carbonate, Diisopropyl Adipate, Isopropyl Palmitate, Propylene Carbonate, Stearalkonium Hectorite, Titanium Oxide, Tocopherol",A BONNÉ Spa Milk Salt,https://inkeedecoder.com/products/a-bonne-spa-milk-salt
comedo,Pure Bentonite Clay,Africology Clay Masque,https://inkeedecoder.com/products/africology-clay-masque
comedo,Pure Bentonite Clay,Allies of Skin Rhassoul & BHA Antioxidants Purifying Mask,https://inkeedecoder.com/products/allies-of-skin-rhassoul-bha-antioxidants-purifying-mask
comedo,Bentonite Clay,Avinichi Camuglow Transforming Mask,https://inkeedecoder.com/products/avinichi-camuglow-transforming-mask
comedo,"Bentonite Clay, Tea Tree Water, Witch Hazel, Peppermint Water, Spearmint Water, Spearmint Essential Oil, Pink Grapefruit Essential Oil, Lemon Essential Oil, Tea Tree Essential Oil, Aloe Vera","Babo Botanicals Baby Skin Mineral Sunscreen Pump Spray, Spf 30",https://inkeedecoder.com/products/babo-botanicals-baby-skin-mineral-sunscreen-pump-spray-spf-30
comedo,"Calcium Bentonite Clay, Japanese Pearl Powder, Zinc Oxide, French Green Clay, Arrowroot, Kaolin Clay, Turmeric Powder, Calendula Crushed Flowers, Moringa Powder",BajaZen C-Boost Raw Mask Vitamin C,https://inkeedecoder.com/products/bajazen-e-boost
comedo,Natural Calcium Bentonite,Bandi Professional Astringent Cream Mask,https://inkeedecoder.com/products/bandi-professional-astringent-cream-mask
comedo,"Zinc Oxide (12 %), Bentonite, Butyloctyl Salicylate, Caprylhydroxamic Acid, Caprylyl Glycol, Carthamus Tinctorius (Safflower) Seed Oil, Cetearyl Alcohol, Coco-Glucoside, Vegetable Glycerin, Heptyl Undecylenate",Bare Republic Citrus Cooler SPF 30,https://inkeedecoder.com/products/bare-republic-citrus-cooler
comedo,"Aqua (Water), Bentonite, Aloe Barbadensis Leaf Juice, Dimethicone, Phenoxyethanol, Algae Extract, Mugwort (Artemisia Vulgaris) Extract, Green Tea, Calcium, L-Ascorbic",Beauty Glazed Full Coverage Concealer,https://inkeedecoder.com/products/beauty-glazed-full-coverage-concealer
comedo,"Sodium Chloride, Bentonite, Dermawhite, Aqua, Tartaric Acid, Disodium EDTA, Sodium Sulfite, Sodium Metabisulfite, Glycerin, Butylene Glycol",Beauty Society Let's Face It,https://inkeedecoder.com/products/beauty-society-lets-face-it
comedo,"Aqua, Bentonite, Kaolin, Glycerin, (Vegetable) Aspalathus Linearis, (Rooibos) Hypoxis Hemerocallidea, (African Potato) Xanthan Gum, Hectorite, Aloe Barbadensis Leaf Extract, Magnesium",Beekman 1802 Triple Milk Primer Spf 35,https://inkeedecoder.com/products/beekman-1802-triple-milk-primer-spf-35
comedo,"Aqua (Water), Bentonite, Pentylene Glycol, Kaolin, Moroccan Lava Clay, Propanediol, Glyceryl Ricinoleate, Glycerin, Caprylic/​Capric Triglyceride, Glyceryl Stearate SE",Biologique Recherche Biomagic Mask,https://inkeedecoder.com/products/biologique-recherche-biomagic-mask
comedo,"Aqua, Bentonite, Kaolin, Glycerin, Cetyl Alcohol, Carthamus Tinctorius (Safflower) Seed Oil, Stearyl Alcohol, Steareth-21, Iron Oxide Ci 77492, Titanium Dioxide",Bliss Pore Patrol Cleanser,https://inkeedecoder.com/products/bliss-pore-patrol-cleanser
comedo,"Zinc Oxide (14.5%), Bentonite, Bisabolol, Butyloctyl Salicylate, Calendula Officinalis Flower Extract, Caprylhydroxamic Acid, Caprylic/​Capric Triglyceride, Caprylyl Glycol, Carthamus Tinctorius (Safflower) Seed Oil, Cellulose Gum",Bloomtown Blue Clay Mask Soothing Bentonite & Indigo Leaf,https://inkeedecoder.com/products/bloomtown-blue-clay-mask-soothing-bentonite-indigo-leaf
comedo,"Montmorillonite (French Red Clay), Bentonite, Rosa Canina (Rosehip) Extract, Ananas Sativus (Pineapple) Fruit Extract, Citrus Aurantium Dulcis (Orange) Fruit Extract, Carica Papaya (Papaya) Fruit Extract",Borghese Advanced Fango Active Purifying Mud Mask,https://inkeedecoder.com/products/borghese-advanced-fango-active-purifying-mud-mask
comedo,"Aqua/​Water, Bentonite, Kaolin, Propylene Glycol, Magnesium Aluminium Silicate, Titanium Dioxide, Ethylhexyl Stearate, Cetearyl Alcohol, Paraffinum Liquidum, Panthenol",Bubu skincare #stripitoff Exfoliating Mask,https://inkeedecoder.com/products/bubu-skincare-stripitoff-exfoliating-mask
comedo,"Non-Nano Zinc Oxide 14.0 %, Bentonite, Butyloctyl Salicylate, C12-20 Alkyl Glucoside, C14-22 Alcohols, Caprylhydroxamic Acid, Caprylyl Glycol, Cellulose Gum, Cetearyl Alcohol, Citrus Aurantium Dulcis (Orange) Peel Oil",Bumble & Bumble BB. Sunday Purifying Clay Wash,https://inkeedecoder.com/products/bumble-bumble-bb-sunday-purifying-clay-wash
comedo,"Cetyl PEG/​PPG-10/​1 Dimethicone, Bentonite, Stearic Acid, Simmondsia Chinensis(Jojoba) Butter, Cyclopentasiloxane, Diisostearyl Malate, Tocopherol, Water, Sodium Hyaluronate, Propylene Glycol",CVS Dead Sea Minerals Anti-stress Clay Facial Mask,https://inkeedecoder.com/products/cvs-dead-sea-minerals-anti-stress-clay-facial-mask
comedo,"Water, Bentonite, Titanium Dioxide, Zinc Oxide, Hamamelis Virginiana (Witch Hazel) Extract, Butylene Glycol, Xanthan Gum, Polysorbate 80, Sulphur, Phenoxyethanol",Clear Extra Strength Daily Skin Clearing Treatment With 5% Benzoyl Peroxide Paula's Choice,https://inkeedecoder.com/products/paulas-choice-clear-extra-strength-daily-skin-clearing-treatment-with-5-benzoyl-peroxide
comedo,"Zinc Oxide, Bentonite, Butyloctyl Salicylate, Caprae Lac, Caprylhydroxamic Acid, Capryloyl Glycerin/​Sebacic Acid Copolymer, Caprylyl Glycol, Carthamus Tinctorius (Safflower) Oleosomes, Cetearyl Alcohol, Citric Acid",Acne Foaming Cleanser CeraVe,https://inkeedecoder.com/products/cerave-acne-foaming-cleanser
comedo,"Water (Aqua), Bentonite, Kaolin, Propylene Glycol, Triticum Vulgare (Wheat) Germ Oil, Zea Mays (Corn) Oil, Sodium PCA, Pentylene Glycol, Xanthan Gum, Allantoin",Rapid Clear Stubborn Acne Cleanser Neutrogena,https://inkeedecoder.com/products/neutrogena-rapid-clear-stubborn-acne-cleanser
comedo,"Water (Aqua) (Eau), Bentonite, Glycerin, Sodium Lauroyl Sarcosinate, Magnesium Aluminum Silicate, Kaolin, Lauryl Glucoside, Cocamidopropyl Hydroxysultaine, Salix Nigra (Willow) Bark Extract, Camellia Sinensis Leaf Extract",Treatment (2.5% Benzoyl Peroxide) Acne.org,https://inkeedecoder.com/products/acne-org-treatment-2-5-benzoyl-peroxide
comedo,"(Plant-Derived) Glycerine, (Natural Blue Clay) Bentonite, Aqua, (Leuconostoc)Radish Root Ferment Filtrate, Lactobacillus, Urtica Dioica (Nettle) Root Powder, Indigofera Tinctoria Leaf Powder, Cocos Nucifera (Coconut) Fruit Extract",Clear Regular Strength Daily Skin Clearing Treatment With 2.5% Benzoyl Peroxide Paula's Choice,https://inkeedecoder.com/products/paulas-choice-clear-regular-strength-daily-skin-clearing-treatment-with-2-5-benzoyl-peroxide
comedo,"Water/​Eau (Aqua), Bentonite (Ci 77004), Propylene Glycol, Iron Oxides (Ci 77491, Ci 77492, Ci 77499), Prunus Amygdalus Dulcis (Sweet Almond) Oil, Persea Gratissima (Avocado) Oil, Rhodiola Rosea (Arctic) Root Extract, Eleutherococcus Senticosus (Siberian Ginseng) Root Extract",Compound Six Acid Nourishing Conditioning Biofilm Aisuanis,https://inkeedecoder.com/products/aisuanis-compound-six-acid-nourishing-conditioning-biofilm
comedo,"Aqua, Bentonite, Kaolin, Cetearyl Alcohol, Pentaerythrityl Tetraethylhexanoate, Propanediol, 1, 2-Hexanediol, Polyglyceryl-3 Methylglucose Distearate, Glycerin",Baby Steps Acid Treatment Chemist Confessions,https://inkeedecoder.com/products/chemist-confessions-baby-steps-acid-treatment
comedo,"Water\Aqua\Eau [], Bentonite [], Glycerin [], Sodium Cocoyl Isethionate [], Kaolin [], Propanediol [], Sodium Methyl Cocoyl Taurate [], Magnesium Aluminum Silicate [], Lactic Acid [], Maltooligosyl Glucoside []",Bio-Hydrating Cream Neostrata,https://inkeedecoder.com/products/neostrata-bio-hydrating-cream
comedo,"Water, Bentonite, Kaolin, Propylene Glycol, Glycerin, Glyceryl Stearate SE, Titanium Dioxide (Ci 77891), Magnesium Aluminum Silicate, Polysorbate 20, Sea Salt",Sebiaclear Serum SVR,https://inkeedecoder.com/products/svr-sebiaclear-serum
comedo,bentonite,Bionic Face Cream Neostrata,https://inkeedecoder.com/products/neostrata-bionic-face-cream
comedo,"Benzoyl Peroxide 5.0%, Water (Aqua), Propylene Glycol (Hydration/​Penetration Enhancer), Bisabolol, Allantoin (Skin-Soothing), Acrylates/​ C10- 30 Alkyl Acrylate Crosspolymer (Texture-Enhancing), Hydroxyethylcellulose (Texture-Enhancing), Sodium Citrate (Stabilizer), Laureth-4 (Stabilizer), Caprylyl Glycol",Press And Glow Toner Medik8,https://inkeedecoder.com/products/medik8-press-and-glow-toner
comedo,"Benzoyl Peroxide 4.0%, Water, Glycerin, Propylene Glycol, Cocamidopropyl Hydroxysultaine, Sodium C14-16 Olefin Sulfonate, Xanthan Gum, Potassium Hydroxide, Ceramide NP, Ceramide AP",Compound Six Acid Nourishing Conditioning Biofilm Aisuanis,https://inkeedecoder.com/products/aisuanis-compound-six-acid-nourishing-conditioning-biofilm
comedo,"Benzoyl Peroxide 3.5%, Bentonite, Benzyl Alcohol, Citric Acid, Disodium EDTA, Glycerin, Kaolin, Menthol, Parfum, Sodium Citrate",Aha Resurfacing Lotion 20 Intensive Exfoliating Treatment DCL,https://inkeedecoder.com/products/dcl-aha-resurfacing-lotion-20-50ml-intensive-exfoliating-treatment
comedo,"Benzoyl Peroxide 2.5%, Water, Butylene Glycol, Carbomer, Potassium Sorbate, Phenoxyethanol, Diazolidinyl Urea, Sodium Hydroxide",Glycolix Elite Facial Cream 20% Topix,https://inkeedecoder.com/products/topix-glycolix-elite-facial-cream-20
comedo,"Benzoyl Peroxide 2.5%, Water (Aqua), Propylene Glycol, Bisabolol, Allantoin, Acrylates/​C10-30 Alkyl Acrylate Crosspolymer, Hydroxyethylcellulose, Sodium Citrate, Laureth-4, Caprylyl Glycol",Clarify Gel Plus Neostrata,https://inkeedecoder.com/products/neostrata-gel-plus
comedo,"Water, Salicylic Acid, Amylopectin, Glycolic Acid 1.8%, Lactobionic Acid 1.6%, Gluconolactone 1.5%, Capryloyl Salicylic Acid 0.9%, Mandelic Acid 0.7%, Glycerin, Cyclodextrin",MelaBlok Dermasence,https://inkeedecoder.com/products/dermasence-melablok
comedo,"Water, Gluconolactone 30.0%, Lactic Acid 15.0%, Glycerin, Sodium Hydroxide, Propanediol, Polyacrylate Crosspolymer-6, Dipropylene Glycol, Boswellia Serrata Gum, Beta-Glucan",Revitalift Derm Intensives 10% Pure Glycolic Acid Serum L'Oreal Paris,https://inkeedecoder.com/products/loreal-paris-10-pure-glycolic-acid-serum
comedo,"Water (Aqua), Gluconolactone 15.0%, C12-15 Alkyl Benzoate, Propylene Glycol, Isododecane, Peg-40 Stearate, Sorbitan Stearate, Isocetyl Alcohol, Stearyl Alcohol, Polyglyceryl-2 Diisostearate",Resist Weekly Resurfacing Treatment 10% Aha Paula's Choice,https://inkeedecoder.com/products/paulas-choice-resist-weekly-resurfacing-treatment-10-aha
comedo,"Aqua (Purified Water), Gluconolactone 14.0%, Dicaprylyl Carbonate, Niacinamide 4.0%, Propanediol, Dimethicone, Glycerin, Sodium Hydroxide, Pseudoalteromonas Ferment Extract, Biosaccharide Gum-4",Energy Complex Ahas Exfoliating Toner Aisuanis,https://inkeedecoder.com/products/aisuanis-energy-complex-ahas-exfoliating-toner
comedo,"Aqua (Water), Cyclopentasiloxane, Gluconolactone 8.0%, Lactobionic Acid 4.0%, Propylene Glycol, Ethylhexyl Hydroxystearate, Glycerin, Triethanolamine, Arginine, C12-15 Alkyl Ethylhexanoate",Compound Six Acid Nourishing Conditioning Biofilm Aisuanis,https://inkeedecoder.com/products/aisuanis-compound-six-acid-nourishing-conditioning-biofilm
comedo,"Aqua (Water), Gluconolactone 5.5%, Glycerin, Hydrolyzed Opuntia Ficus-Indica Flower Extract, Euterpe Oleracea Fruit Extract, Aloe Barbadensis Leaf Juice, Sodium Hydroxide, Sodium Citrate, Hydroxyacetophenone, Phenoxyethanol",ART&FACT. Enzyme Powder,https://inkeedecoder.com/products/art-fact-enzyme-powder
comedo,"Water, Salicylic Acid, Amylopectin, Glycolic Acid 1.8%, Lactobionic Acid 1.6%, Gluconolactone 1.5%, Capryloyl Salicylic Acid 0.9%, Mandelic Acid 0.7%, Glycerin, Cyclodextrin",ART&FACT. Enzyme Powder (Regeneration & Cleansing),https://inkeedecoder.com/products/art-fact-enzyme-powder-regeneration-cleansing
comedo,"Water (Aqua), Glycolic Acid 20.0%, Pentylene Glycol, Isopropyl Palmitate, Caprylic/​Capric Triglyceride, Ammonium Hydroxide, Cetyl Alcohol, Glyceryl Stearate, PEG-100 Stearate, Potassium Cetyl Phosphate",Afrodita professional Clean Up Enzimski Piling Za Lice I Ruke,https://inkeedecoder.com/products/afrodita-professional-clean-up-enzimski-piling-za-lice-i-ruke
comedo,"Purified Water, Glycolic Acid 20.0%, C12-15 Alkyl Benzoate, Cyclopentasiloxane, Ammonium Hydroxide, Stearyl Alcohol, Glyceryl Stearate, Cetearyl Alcohol, Polyacrylamide, C13-14 Isoparaffin",Ahava Time To Clear Purifying Mud Mask,https://inkeedecoder.com/products/ahava-time-to-clear-purifying-mud-mask
comedo,"Aqua/​Water/​Eau, Alcohol Denat, Glycolic Acid 15.0%, Propylene Glycol, Ammonium Hydroxide, Polyquaternium-10, Tetrasodium EDTA",Allies of Skin Fresh Slate Purifying Cleanser + Masque,https://inkeedecoder.com/products/allies-of-skin-fresh-slate-purifying-cleanser-masque
comedo,"Aqua, PEG-40 Hydrogenated Castor Oil, Glycolic Acid 10.0%, Gluconolactone, Propanediol, Boerhavia Diffusa Root Extract, Hexylresorcinol, Simmondsia Chinensis Seed Oil, Phenoxyethanol, Sucrose Palmitate",Anjo Professional Black #4,https://inkeedecoder.com/products/anjo-professional-black-4
comedo,"Aqua/​Water/​Eau, Glycolic Acid 10.0%, Glycerin, Alcohol Denat, Sodium Hydroxide, Aloe Barbadensis Leaf Juice, Sodium Hyaluronate, Hydroxyethylcellulose, Ascorbyl Glucoside, Citric Acid",Annemarie Börlind Liquid Lipstick Matt Nude,https://inkeedecoder.com/products/annemarie-borlind-liquid-lipstick-matt-nude
comedo,"Water (Aqua), Methylpropanediol, Glycolic Acid 10.0%, Butylene Glycol, Sodium Hydroxide, Camellia Sinensis (Green Tea) Leaf Extract, Aloe Barbadensis Leaf Juice, Sodium Ascorbyl Phosphate, Dipotassium Glycyrrhizate, Glycyrrhiza Glabra Licorice) Root Extract",Annemarie Börlind Liquid Lipstick Matt Rosewood,https://inkeedecoder.com/products/annemarie-borlind-liquid-lipstick-matt-rosewood
comedo,"Aqua, Glycolic Acid 6.0%, Sodium Hydroxide, Isopentyldiol, Methyl Gluceth-20, Potassium Azeloyl Diglycinate, Zinc Pca, Saccharum Officinarum (Sugarcane) Extract**, Vaccinium Myrtillus Extract**, Citrus Aurantium Dulcis Fruit Extract**",Anointment Exfoliating Clay Cleanser,https://inkeedecoder.com/products/anointment-natural-skin-care-exfoliating-clay-cleanser
comedo,"Water, Salicylic Acid, Amylopectin, Glycolic Acid 1.8%, Lactobionic Acid 1.6%, Gluconolactone 1.5%, Capryloyl Salicylic Acid 0.9%, Mandelic Acid 0.7%, Glycerin, Cyclodextrin",Atopalm Derma Soothing Powder,https://inkeedecoder.com/products/atopalm-derma-soothing-powder
comedo,"Kaolin, Avena Sativa (Oat) Kernel Flour, Corn Starch, Sodium Cocoyl Isethionate, Maltodextrine, Azelaic Acid, Camellia Sinensis Leaf Extract, Allantoin, Papain, Bromelain",Australian Wholesale Oils White Kaolin French Clay,https://inkeedecoder.com/products/australian-wholesale-oils-white-kaolin-french-clay
comedo,"Kaolin, Avena Sativa (Oat) Kernel Flour, Corn Starch, Maltodextrine, Sodium Cocoyl Isethionate, Azelaic Acid, Camellia Sinensis Leaf Extract, Allantoin",BCL Tsururi Ghassoul Mineral Clay Pack,https://inkeedecoder.com/products/bcl-tsururi-ghassoul-mineral-clay-pack
comedo,"Kaolin, Maltodextrin, Sodium Cetearyl Sulfate, Sodium Ascorbyl Phosphate, Acrylates/​C10-C30 Alkyl Acrylate Crosspolymer, Papain, Centella Asiatica Extract, Silica, Sodium Bicarbonate, Parfum",BIOSPA Pure Mud & Charcoal Mask,https://inkeedecoder.com/products/biospa-pure-mud-charcoal-mask
comedo,"Kaolin, Silt (Dead Sea Mud), Aqua (Mineral Spring Water), Cocamide MEA, Dmdm Hydantoin, Sodium Lauroamphoacetate, Sodium Trideceth Sulfate, Propanediol (Corn Derived Glycol), Glyceryl Stearate, Ethylhexyl Palmitate",BOGNA SKIN Nutritional Mask&Scrub “Lila Mask”,https://inkeedecoder.com/products/bogna-skin-nutritional-mask-scrub-lila-mask
comedo,"Kaolin, Glycerin, Aqua (Water), Sorbitan Isostearate, Sodium Cocoyl Isethionate, Polysorbate 60, Polyglyceryl-6 Polyricinoleate, Butylene Glycol, Theobroma Cacao (Cocoa) Fruit Powder, C12-15 Alkyl Benzoate",Beesline 4In1Whitening Cleanser,https://inkeedecoder.com/products/beesline-4in1whitening-cleanser
comedo,"Kaolin, Polyglyceryl-2 Triisostearate, C12-15 Alkyl Ethylhexanoate, Cyclopentasiloxane, Ceresin, Paraffin, Trimethylsiloxysilicate, Ethylhexyl Methoxycinnamate, Hydrogenated Vegetable Oil, Synthetic Wax",Bolero Clay Mask,https://inkeedecoder.com/products/bolero-clay-mask
comedo,"Kaolin, Dodecane, Coconut Alkanes, Sclerocarya Birrea Seed Oil, Hydrogenated Vegetable Oil, Helianthus Annuus Seed Cera, Coco-Caprylate/​Caprate, Jojoba Esters, Glyceryl Caprylate, Rhus Verniciflua Peel Cera",Bombay Beauty Co. No. 04 Detoxify,https://inkeedecoder.com/products/bombay-beauty-co-no-04-detoxify
comedo,"Kaolin, Ricinus Communis Seed Oil, Dodecane, Coconut Alkanes, Sclerocarya Birrea Seed Oil, Hydrogenated Vegetable Oil, Helianthus Annuus Seed Cera, Coco-Caprylate/​Caprate, Jojoba Esters, Glyceryl Caprylate",Bondi Sands Glow Dust Exfoliating Powder,https://inkeedecoder.com/products/bondi-sands-glow-dust-exfoliating-powder
comedo,"Kaolin, Avena Sativa Kernel Meal*, Lavandula Angustifolia Flower, Linum Usitatissimum (Linseed) Seed Oil, Citrus Aurantium Dulcis Peel Oil, Lavendula Officinalis Oil, Citrus Aurantium Dulcis Oil, Tocopherol",Buck Naked Beauty Mud Pie,https://inkeedecoder.com/products/buck-naked-beauty-mud-pie
comedo,"Kaolin, Mica, Magnesium Stearate, Dimethylimidazolidinone Rice Starch, Zea Mays (Corn) Starch, Zinc Oxide, Phytosqualane, Silica, Diisostearyl Malate, Calcium Carbonate",Burt's Bees Eye Shadow Primer,https://inkeedecoder.com/products/burts-bees-eye-shadow-primer
comedo,Kaolin,Butt Naked Body Rose Clay Face Mask,https://inkeedecoder.com/products/butt-naked-body-rose-clay-face-mask
comedo,"Kaolin, Water (Aqua), Dipropylene Glycol, Pentaerythrityl Tetraethylhexanoate, Magnesium Aluminum Silicate, Sodium Methyl Cocoyl Taurate, Allantoin, Argania Spinosa Kernel Oil, Glycosyl Trehalose, Sesamum Indicum (Sesame) Seed Oil (Sesamum Indicum)",Butt Naked Cleanse Dust Enzyme Powder Cleanser,https://inkeedecoder.com/products/butt-naked-cleanse-dust-enzyme-powder-cleanser
comedo,"Kaolin, Aqua, Silt, Propylene Glycol, Disodium Cocoamphodiacetate, Glycerin, Glyceryl Stearate SE, Wooded Charcoal, Cetearyl Alcohol, Ceteareth-30",By Nature Brightening Clay Mask With Pink Clay + Witch Hazel + Kawakawa Extract,https://inkeedecoder.com/products/by-nature-brightening-clay-mask-with-pink-clay-witch-hazel-kawakawa-extract
comedo,"Kaolin, Crambe Abyssinica Seed Oil, Carthamus Tinctorius Seed Oil, Ricinus Communis Seed Oil, Caryodendron Orinocense Seed Oil, Simmondsia Chinensis Seed Oil, Aqua, Hydrogenated Vegetable Oil, Cetearyl Olivate, Sorbitan Olivate","Cattier Clay Mask (Pink Clay, Aloe Vera)",https://inkeedecoder.com/products/cattier-clay-mask-pink-clay-aloe-vera
comedo,"Kaolin Clay, Corn Flour, Honey, Lactic Acid, Vegetable Glycerin, Sodium Lactate, Walnut Shell Powder, Lemon Peel, Olive Leaf, Vitamin B3",ClariSea Sea Salt Solutions Deep Pore Detox,https://inkeedecoder.com/products/clarisea-sea-salt-solutions-deep-pore-detox
comedo,"Kaolin, Cetearyl Alcohol, Glycerin, Hydrogenated Starch Hydrolysate, Isopropyl Palmitate, Glyceryl Stearate, PEG-100 Stearate, Paraffinum Liquidum (Mineral Oil), Dimethicone, Hydroxyacetophenone",Clay and glow Pink Clay Mask,https://inkeedecoder.com/products/clay-and-glow-pink-clay-mask
comedo,"White Kaolin Clay, Oats/​Avoine, Rose Petals/​Pétales De Rose, Bombay Damask Blend Of Pure Essential Oils/​Huile Essentielles",Coast Sydney Botanicals Hero BHA Dream Face Powder Exfoliator,https://inkeedecoder.com/products/coast-sydney-botanicals-hero-bha-dream-face-powder-exfoliator
comedo,"Kaolin, Tapioca Starch, Disodium Lauryl Sulfosuccinate, Bambusa Arundinacea Stem Powder, Oryza Sativa (Rice) Powder, Xanthan Gum, Ananas Sativus (Pineapple) Fruit Extract, Salicylic Acid, Papain (Papaya Enzymes), Sodium Metabisulfite",Colo Beauty Face Mask,https://inkeedecoder.com/products/colo-beauty-face-mask
comedo,"Kaolin Clay, Moroccan Lava Clay, Zinc Oxide, Hamamelis Virginiana (Witch Hazel) Distillate, Aroma, Anthemis Nobilis (Chamomile) Flower Water, Butyrospermum Parkii (Shea Butter), Charcoal (Activated), Simmondsia Chinensis (Jojoba) Seed Oil, Lactobacillus/​Punica Granatum Fruit Ferment Extract",Conserving Beauty Sea Your Glow Mask,https://inkeedecoder.com/products/conserving-beauty-sea-your-glow-mask
comedo,"Kaolin, Coconut Alkanes, Undecane, Helianthus Annuus (Sunflower) Seed Wax, Mica, Tridecane, Ricinus Communis (Castor) Seed Oil, Rhus Verniciflua Peel Wax, Shorea Robusta Resin, Trihydroxystearin",DEMES Mask On-Demand Hydrate Dry Skin,https://inkeedecoder.com/products/demes-mask-on-demand-hydrate-dry-skin
comedo,"Kaolin (French Pink Clay), Rosa Canina (Rosehip Powder), Chamomile Extract (Chamomile Powder), Lavandula Angustifolia (Lavender Powder)",Danielle Laroche Facial Mud Mask,https://inkeedecoder.com/products/danielle-laroche-facial-mud-mask
comedo,"Kaolin, Quartz, Sodium Cocoyl Isethionate (Coconut), Organic Cocos Nucifera Fruit Powder, Oryza Sativa, Ananas Sativus, Avena Sativa, Banana, Tasmannia Lanceolata, Lentinus Edodes",Daughter Earth Hemp + Vitamin E Purifying Mask,https://inkeedecoder.com/products/daughter-earth-hemp-vitamin-e-purifying-mask
comedo,"Kaolin, Aqua (Water), Hamamelis Virginiana (Witch Hazel) Water, Aloe Barbadensis Leaf Juice, Bentonite, Glycerin, Glyceryl Caprylate, PEG-60 Almond Glycerides, Polysorbate 20 (Coconut Derived), Sodium Citrate","Dayes Europe BV. Facial Mask Green Clay, French Clay & Betonite",https://inkeedecoder.com/products/dayes-europe-bv-facial-mask-green-clay-french-clay-betonite
comedo,"Kaolin, Aqua, Mentha Piperita Extract*, Butyrospermum Parkii Butter*, Aloe Barbadensis Leaf Extract*, Benzyl Alcohol, Cetearyl Alcohol, Cetearyl Glucoside, Jojoba Alcohol, Parfum",De Tuinen Gele Klei Curcuma Masker,https://inkeedecoder.com/products/de-tuinen-gele-klei-curcuma-masker
comedo,"Kaolin, Sodium Chloride (Sea Salt), Sodium Chloride (Mineral Salt), Calendula Officinalis Flower Extract, Activated Bamboo Charcoal Powder",De Tuinen Groene Klei Masker,https://inkeedecoder.com/products/de-tuinen-groene-klei-masker-3
comedo,"Kaolin (Clay), Aqua (Water), Polyglyceryl-4 Laurate, Aloe Barbadensis (Aloe Vera) Leaf Juice, Euterpe Oleracea (Açaí Berry) Fruit Extract, Chenopodium Quinoa Seed Extract (Black Quinoa), Hematite Extract, Aluminium Hydroxide, Argilla, Quartz",De Tuinen Witte Klei Masker,https://inkeedecoder.com/products/de-tuinen-witte-klei-masker
comedo,"Kaolin (Pink Clay), Oryza Sativa Powder (Rice Powder), Curcuma Longa Rhizome Extract(Turmeric), Carica Papaya Fruit Extract, Santalum Acuminatum Fruit Extract (Quandong), Aloe Barbadensis Leaf Juice Powder (Aloe Vera), Cocos Nucifera Fruit (Coconut Water Powder), Rubus Idaeus Fruit Extract, Cyamopsis Tetragonoloba Gum",Dermaglin Anti-Acne Mask,https://inkeedecoder.com/products/dermaglin-anti-acne-mask
comedo,"Kaolin, Hydrolyzed Oat Protein, Emblica Officinalis Fruit Powder, Magnesium Ascorbyl Phosphate, Caffeine, Ferulic Acid",Dermaglin Refreshing Peeling Mask,https://inkeedecoder.com/products/dermaglin-refreshing-peeling-mask
comedo,"Kaolin, Helianthus Annuus (Sunflower) Seed Oil, Simmondsia Chinensis (Jojoba) Seed Oil, Ricinus Communis (Castor) Seed Oil, Diethylhexyl Sodium Sulfosuccinate, Silica, Linum Usitatissimum (Linseed) Oil, Sclerocarya Birrea Seed Oil, Spirulina Platensis Powder, Theobroma Cacao (Cocoa) Seed Butter",Dermaviduals Enzyme Skin Renewal,https://inkeedecoder.com/products/dermaviduals-enzyme-skin-renewal
comedo,"Kaolin (White Clay), Moroccan Lava (Rhassoul) Clay, Oat (Avena Sativa) Flour, Aloe Barbadensis Leaf Extract, Musa Sapientum (Banana) Fruit Extract, Mangifera Indica (Mango) Fruit Powder",Dr Kadir Bio Sulfur Mask,https://inkeedecoder.com/products/dr-kadir-bio-sulfur-mask
comedo,"Kaolin, Aqua (Water), Dead Sea Mud, Sodium Cocoamphoacetate, Glycerin, Lauryl Glucoside, Sodium Cocoyl Glutamate, Sodium Lauryl Glucose Carboxylate, Propylene Glycol, Glyceryl Stearate SE",Dr. Jetske Ultee Clay Powder,https://inkeedecoder.com/products/dr-jetske-ultee-clay-powder
comedo,"Kaolin, Aqua, Bentonite (Volcanic Earth), Aloe Barbadensis (Aloe Vera) Leaf Juice, Cannabis Sativa (Hemp) Seed Oil, Diatomaceous (Algal Diatomite) Earth, Fuller’S Earth, Camellia Sinensis (Green Tea) Leaf Extract, Ocimum Sanctum (Tulsi) Leaf Extract, Cucumis Sativus (Cucumber) Fruit Extract",Eight Saints No Plans Clay Mask,https://inkeedecoder.com/products/eight-saints-no-plans-clay-mask
comedo,"Kaolin, Aqua, Glycerin, Illite, Bentonite, Phenoxyethanol, Montmorillonite, Melaleuca Alternifolia Leaf Oil, Calcite, Citric Acid",Elyn’s Lab Acne Care Face Mask Base,https://inkeedecoder.com/products/elyns-lab-acne-care-face-mask-base
comedo,"Kaolin, Aqua, Glyceryl Stearate, Sodium Cetearyl Sulfate, Phenoxyethanol, Ethylhexylglycerin, Cananga Odorata Leaf Oil, Glycerin, Cinnamomum Cassia Oil, Cymbopogon Flexuosus Oil",Emina Whip Face Wash,https://inkeedecoder.com/products/emina-whip-face-wash
comedo,"Kaolin, Aqua, Illite, Glyceryl Stearate, Sodium Cetearyl Sulfate, Phenoxyethanol, Melaleuca Alternifolia Leaf Oil, Montmorillonite, Lavandula Hybrida Oil, Linalool",Eterea Maschera Viso Purificante,https://inkeedecoder.com/products/eterea-maschera-viso-purificante
comedo,"Kaolin, Aqua, Glyceryl Stearate, Glycerol, Sodium Cetearyl Sulfate, Phenoxyethanol, Ethylhexylglycerin, Sodium Hydroxide",Farryn Amber Mint Facial Mask,https://inkeedecoder.com/products/farryn-amber-mint-facial-mask
comedo,"Kaolin, Aqua, Aloe Vera Extract, Avena Sativa Extract, Dehydroacetic Acid",Farryn Amber Rose Facial Mask,https://inkeedecoder.com/products/farryn-amber-rose-facial-mask
comedo,"Kaolin, Aqua, Cucumis Sativus, Simmondsia Chinensis (Jojoba) Seed Oil, Propylene Glycol, Diazolidinyl Urea, Methylparaben, Propylparaben",Galénic Purete Sublime Exfoliating Powder,https://inkeedecoder.com/products/galenic-purete-sublime-exfoliating-powder
comedo,"Kaolin, Solum Diatomeae, Bentonite, Titanium Dioxide, Carica Papaya Extract, Ananas Sativus Extract",Garden of Wisdom (GOW) Pore Cleaning Powder,https://inkeedecoder.com/products/garden-of-wisdom-gow-pore-cleansing-powder
comedo,"Kaolin, Ethylhexyl Isononanoate, Titanium Dioxide, Aloe Barbadensis Leaf Juice, Cetearyl Alcohol, Glyceryl Stearate, Pentylene Glycol, Magnesium Aluminium Silicate, Sorbitan Tristearate, Sulfur",Gh Peeling Enzimático,https://inkeedecoder.com/products/gh-peeling-enzimatico
comedo,"Kaolin, Illite, Hibiscus Sabdariffa Flower Powder, Niacinamide, Inulin, Camellia Oleifera Seed Extract, Solum Fullonum, Ethyl Ferulate, Epigallocatechin Gallate, Fructose",Baby Steps Acid Treatment Chemist Confessions,https://inkeedecoder.com/products/chemist-confessions-baby-steps-acid-treatment
comedo,"Kaolin Clay, Aqua Deionized Water, Caprylic/​Capric Triglyceride, Cetearyl Alcohol, Cetyl Alcohol, Coco-Caprylate/​Caprate, Glycerin, Glyceryl Stearate, Aloe*, Witch Hazel",Squalane + 10% Lactic Acid Resurfacing Night Serum BIOSSANCE,https://inkeedecoder.com/products/biossance-squalane-10-lactic-acid-resurfacing-night-serum
comedo,"Kaolin, Potassium Azeloyl Diglycinate, Zinc Oxide",Lactic Acid Serum The Inkey List,https://inkeedecoder.com/products/the-inkey-list-lactic-acid-serum
comedo,Kaolin,Lactic Acid 5% + Ha The Ordinary,https://inkeedecoder.com/products/the-ordinary-lactic-acid-5-ha-2
comedo,"Kaolin, Solum Fullonum, Illite, Theobroma Cacao Fruit Powder, Spirulina Maxima Powder, Chlorella Vulgaris Powder, Adansonia Digitata Fruit (Pulp) Powder, Melaleuca Alternifolia Oil*, Pelargonium Graveolens Oil*, Citronellol",Bionic Face Serum Neostrata,https://inkeedecoder.com/products/neostrata-bionic-face-serum-10-bionic
comedo,"Kaolin Clay, Bentonite Clay, Peppermint Leaf, Green Tea Leaf Extract, Kelp, Peppermint Leaf Oil",Bionic Face Cream Neostrata,https://inkeedecoder.com/products/neostrata-bionic-face-cream
comedo,"Kaolin Clay, Bentonite Clay, Green Tea Leaf Extract, Kelp, Activated Charcoal (From Coconut Husk), Rose Petal, Rose Geranium Flower Oil",Compound Six Acid Nourishing Conditioning Biofilm Aisuanis,https://inkeedecoder.com/products/aisuanis-compound-six-acid-nourishing-conditioning-biofilm
comedo,"Kaolin, Cellulose Acetate, Talc, Sodium Cocoyl Isethionate, Mica, Fragrance (Parfum), Water (Aqua), Silica, Titanium Dioxide/​ Ci 77891 (Ci77891)",Makari Iykyk By Makari Probiotics Booster For Skin Barrier Support,https://inkeedecoder.com/products/makari-iykyk-by-makari-probiotics-booster-for-skin-barrier-support
comedo,"Pink Kaolin Clay, Calcium Carbonate, Zinc Oxide, Zea Mays Starch, Populus Tremuloides Bark Extract (Aspen Bark)",Alterra Anti-Cellulite Hautöl Bio-Birke,https://inkeedecoder.com/products/alterra-anti-cellulite-hautol-bio-birke
comedo,"Kaolin, Bentonite, Mannitol, Papain, Bromelain, Sodium Carbonate",Linarose Cosmetics Bitter Almond Oil,https://inkeedecoder.com/products/linarose-cosmetic-bitter-almond-oil
comedo,kaolin,Medix 5.5 Booster Serum 20% Vitamin F,https://inkeedecoder.com/products/medix-5-5-booster-serum-20-vitamin-f
comedo,"Water, Gluconolactone 30.0%, Lactic Acid 15.0%, Glycerin, Sodium Hydroxide, Propanediol, Polyacrylate Crosspolymer-6, Dipropylene Glycol, Boswellia Serrata Gum, Beta-Glucan",Rhonda Allison Drop Of Essence,https://inkeedecoder.com/products/rhonda-allison-drop-of-essence
comedo,"Water/​Aqua/​Eau, Caprylic/​Capric Triglyceride, Lactic Acid 10.0%, Squalane, Glycerin, Sodium Hydroxide, Cetearyl Olivate, Propanediol, Sorbitan Olivate, Cetearyl Alcohol",o3+ Professional Damage Remedy Hair Serum,https://inkeedecoder.com/products/o3-professional-damage-remedy-hair-serum
comedo,"Aqua (Water), Lactic Acid 10.0%, Propanediol, Glycerin, Sodium Hydroxide, PPG-26-Buteth-26, Sodium Hyaluronate, Phenoxyethanol, PEG-40 Hydrogenated Castor Oil, Ethylhexylglycerin",Balea Beauty Expert Calming Serum,https://inkeedecoder.com/products/balea-beauty-expert-calming-serum
comedo,"Aqua (Water), Lactic Acid 5.0%, Glycerin, Pentylene Glycol, Propanediol, Sodium Hyaluronate Crosspolymer, Tasmannia Lanceolata Fruit/​Leaf Extract, Acacia Senegal Gum, Xanthan Gum, Isoceteth-20",Circadia Rose-Ease Relief Cream,https://inkeedecoder.com/products/circadia-rose-ease-relief-cream
comedo,"Aqua (Water), Butylene Glycol, Lactobionic Acid 10.0%, Glycerin, Polysorbate 80, Arginine, Retinyl (Vitamin A) Palmitate, Tocopheryl (Vitamin E) Acetate, Tetrahexyldecyl (Vitamin C) Ascorbate, Polyquaternium-10",Cover fx Custom Infusion Drops F + Neroli,https://inkeedecoder.com/products/cover-fx-custom-infusion-drops-f-neroli
comedo,"Aqua (Water), Cyclopentasiloxane, Gluconolactone 8.0%, Lactobionic Acid 4.0%, Propylene Glycol, Ethylhexyl Hydroxystearate, Glycerin, Triethanolamine, Arginine, C12-15 Alkyl Ethylhexanoate",Helia-D RE Genero Nourishing Serum For Split Ends,https://inkeedecoder.com/products/helia-d-re-genero-nourishing-serum-for-split-ends
comedo,"Water, Salicylic Acid, Amylopectin, Glycolic Acid 1.8%, Lactobionic Acid 1.6%, Gluconolactone 1.5%, Capryloyl Salicylic Acid 0.9%, Mandelic Acid 0.7%, Glycerin, Cyclodextrin",Mother Dirt Moisturizer,https://inkeedecoder.com/products/mother-dirt-moisturizer
comedo,"Vitamin F, Omega 3 & 6, Squalane, Kahai Oil, Caprylic/​Capric Triglyceride, Linoleic Acid, Linolenic Acid, C13-15 Alkane, Caryodendron Orinocense Seed Oil, Oryza Sativa (Rice) Bran Extract",New Directions Australia Vitamin F Booster,https://inkeedecoder.com/products/new-directions-australia-vitamin-f-booster
comedo,"Glycine Soja Oil, Linoleic Acid, Isoamyl Laurate, Olea Europaea Fruit Oil, Caprylic/​Capric Triglyceride, Tocopheryl Acetate, Betula Alba Leaf Extract, Citrus Grandis Peel Oil, Citrus Aurantium Dulcis Peel Oil Expressed, Citrus Aurantifolia Oil",Niche Beauty Lab Theramid Lino-8,https://inkeedecoder.com/products/niche-beauty-lab-theramid-lino-8
comedo,"Prunus Amygdalus Amara (Bitter Almond) Kernel Oil, Linoleic Acid, Oleic Acid, Palmitic Acid, Tocopheryl Acetate, Parfum (Fragrance)",Paula's Choice Omega+ Complex Serum,https://inkeedecoder.com/products/paulas-choice-omega-complex-serum-6
comedo,"Caprylic/​Capric Triglyceride, Linoleic Acid, Linolenic Acid, Squalane, C13-15 Alkane, Caryodendron Orinocense Seed Oil, Oryza Sativa (Rice) Bran Extract, Rosmarinus Officinalis (Rosemary) Leaf Extract, Helianthus Annuus (Sunflower) Extract, Tocopherol",Pure and Simple Hydration Serum,https://inkeedecoder.com/products/pure-and-simple-hydration-serum
comedo,"Linoleic Acid, Oleic Acid, Tocopherol (D-Alpha), Geranium Essential Oil, Lavender Essential Oil",Quintal Fluido Hidratante Finalizador Antiacne,https://inkeedecoder.com/products/quintal-fluido-hidratante-finalizador-antiacne
comedo,"Tocopheryl Acetate, Linoleic Acid, Linolenic Acid, Cocos Nucifera (Coconut) Oil, Olea Europaea (Olive) Fruit Oil, Ethylhexyl Methoxycinnamate, Lavandula Angustifolia (Lavender) Flower Oil, Cyclopentasiloxane, Simmondsia Chinensis (Jojoba) Seed Oil, Perfume",Suu Balm Cooling Itch Relief Facial Moisturizer,https://inkeedecoder.com/products/suu-balm-cooling-itch-relief-facial-moisturizer
comedo,"Aqua, Dicaprylyl Carbonate, Linoleic Acid, Glycerin, Polyglyceryl-6 Stearate, Prunus Amygdalus Dulcis Oil, Inulin, Phenoxyethanol, Sclerotium Gum, Alpha-Glucan Oligosaccharide","TODOMODA Beauty Óleo Acondicionador Corporal & Cabello ""natural Glow Signature Collection""",https://inkeedecoder.com/products/todomoda-beauty-oleo-acondicionador-corporal-cabello-natural-glow-signature-collection
comedo,"Water (Aqua), Hepes, Linoleic Acid, Oenothera Biennis (Evening Primrose) Oil, Rosmarinus Chinensis (Rosemary) Oil, Gaultheria Procumbens (Wintergreen) Leaf Oil, Phenethyl Propionate, Cinnamomum Zeylanicum (Cinnamon) Leaf Oil, Thymus Zygis(Thyme) Oil, Carbomer",Typology Lipid-replenishing Shower Oil 2.5% Vitamin E + F + Bitter Almond Extract,https://inkeedecoder.com/products/typology-lipid-replenishing-shower-oil-2-5-vitamin-e-f-bitter-almond-extract
comedo,"Squalene, Caprylyl Methicone, Linoleic Acid, Isoamyl Laurate, Persea Gratissima (Avocado) Oil, Carthamus Tinctorius (Safflower) Seed Oil, Silica Dimethyl Silylate, Rosa Canina Flower Extract, Pelargonium Graveolens Flower Oil, Sodium Hyaluronate",Boost Lab Jojoba+ Bio-nourishing Face Oil,https://inkeedecoder.com/products/boost-lab-jojoba-bio-nourishing-face-oil
comedo,"Cyclopentasiloxane, Dimethiconol, Linoleic Acid, Cannabis Sativa (Hemp) Seed Oil, Argania Spinosa (Argan) Kernel Oil, Helianthus Annuus (Sunflower) Seed Oil, Parfum (Fragrance), Oleic Acid, Palmitic Acid, Stearic Acid",Botavicos Rosehip Oil,https://inkeedecoder.com/products/botavicos-rosehip-oil
comedo,"Squalane (From Olives), Caprylic/​Capric Triglyceride (From Coconut), Linoleic Acid, Phytosterols, Phospholipids (Vegetable- Derived), Tocopherol",Dr. Different Vitaacnal TX Capsule Serum,https://inkeedecoder.com/products/dr-different-vitaacnal-tx-capsule-serum
comedo,"Purified Water, Glycerine, Linoleic Acid, Prickly Pear Oil, Sandalwood Nut Oil, Oleic Acid, Evening Primrose Oil, Vitamin E Natural, Sodium Acrylates Copolymer, Palmitic Acid",Hema Hello Mirror Guess My Age Facial Oil,https://inkeedecoder.com/products/hema-hello-mirror-guess-my-age-facial-oil
comedo,"Aqua (Water), Panthenol, Linoleic Acid, Coco-Caprylate, Glycerin, C15-19 Alkane, Persea Gratissima (Avocado) Oil, Polyglyceryl-6 Distearate, Saccharomyces Ferment, Dimethicone",Peach & Lily Rescue Party Barrier Comfort Cream,https://inkeedecoder.com/products/peach-lily-rescue-party-barrier-comfort-cream
comedo,"Glycerin⁠, Linseed Seed Oil⁠, Linoleic Acid⁠, Passiflora Edulis Seed Oil⁠, Salvia Hispanica (Chia) Seed Oil⁠, Ceramide Eop⁠, Ceramide Eos⁠, Ceramide Np⁠, Ceramide Ns⁠, Caprooyl Sphingosine⁠",Peach & Lily Rescue Party Barrier Comfort Cream,https://inkeedecoder.com/products/peach-lily-rescue-party-barrier-comfort-cream-2
comedo,"Water, Glycerin, Linolenic/​Linoleic Acid, Phragmites Communis Extract, Poria Cocos Extract, Bellis Perennis (Daisy) Flower Extract, Hydrolyzed Corn Starch, Beta Vulgaris (Beet) Root Extract, Sodium Benzoate, Potassium Sorbate",Quintal Máscara De Argila Verde,https://inkeedecoder.com/products/quintal-mascara-de-argila-verde
comedo,"Aqua, Melaleuca Alternifolia Leaf Oil, Linoleic Acid, Oleic Acid, BHT, Polysorbate 80, Hydrogenated Olive Oil Unsaponifiables, Hydrogenated Ethylhexyl Olivate, Dibutyl Adipate, Glycereth - 26",Regimen Lab Barrier Pro Drop,https://inkeedecoder.com/products/regimen-lab-barrier-pro-drop
comedo,"Water, Glycerin, Linoleic Acid, Linolenic Acid, Propanediol, Albatrellus Ovinus Extract, Citric Acid, Stearic Acid, Cetyl Alcohol, Menthyl Lactate",doa kozmetik Argireline Oil Serum,https://inkeedecoder.com/products/doa-kozmetik-argireline-oil-serum
comedo,"Caprylic/​Capric Triglyceride, Helianthus Annuus (Sunflower) Seed Oil, Linoleic Acid, Citrus Paradisi (Grapefruit) Peel Oil, Argania Spinosa (Argan) Kernel Oil, Prunus Amygdalus Dulcis (Sweet Almond) Oil, Simmondsia Chinensis Jojoba) Seed Oil, Daucus Carota (Carrot) Fruit Oil, Tocopheryl Acetate, Zingiber Officinale (Ginger) Root Oil",Alterra Carrot Cake Nail Care Serum,https://inkeedecoder.com/products/alterra-carrot-cake-nail-care-serum
comedo,"Helianthus Annuus (Sunflower) Seed Oil, Sodium Lauroyl Lactylate, Linoleic Acid, Squalane, Tocopherol, Prunus Armeniaca (Apricot) Kernel Oil, Glycine Soja (Soybean) Oil, Linolenic Acid",Amala Hydro Comfort Omega-rich Moisturizer,https://inkeedecoder.com/products/amala-hydro-comfort-omega-rich-moisturizer
comedo,"Simmondsia Chinensis Seed (Jojoba) Oil, Caryodendron Orinocense (Cacay) Nut Oil, Jojoba Oil/​Macadamia Seed Oil Esters, Linoleic Acid, Squalene, Tocopherol, Phytosteryl Macadamiate, Phytosterols, Linolenic Acid, Chamomilla Recutita (Matricaria) Flower Oil",Cremadex Gentle Foaming Facial Cleanser,https://inkeedecoder.com/products/cremadex-gentle-foaming-facial-cleanser
comedo,"Rosa Canina Fruit Oil, Rosmarinus Officinalis Extract, Tocopheryl Acetate, Linoleic Acid, Ascorbyl Palmitate",Dermaquest Stem Cell Rebuilding Complex,https://inkeedecoder.com/products/dermaquest-stem-cell-rebuilding-complex
comedo,"Water, Niacinamide, Propanediol, Linoleic Acid, Butylene Glycol, Glycerin, Pentylene Glycol, 1, 2-Hexanediol, Carthamus Tinctorius (Safflower) Seed Oil",DrCeutics Dual Urea 15% Moisture Replenishing Cream,https://inkeedecoder.com/products/drceutics-dual-urea-15-moisture-replenishing-cream
comedo,"Octyldodecanol, Dicaprylyl Ether, Tocopheryl Acetate, Linoleic Acid, Argania Spinosa Kernel Oil, Olea Europaea Fruit Oil, Macadamia Ternifolia Seed Oil, Prunus Amygdalus-Dulcis Oil, Olus Oil, Calendula Officinalis Flower Extract",Drunk Elephant Ceramighty™ AF Eye Balm,https://inkeedecoder.com/products/drunk-elephant-ceramighty-tm-af-eye-balm
comedo,"Water, Butylene Glycol, Glycerin, Linoleic Acid, 1, 2-Hexanediol, Cetearyl Olivate, Cetearyl Alcohol, Cetyl Ethylhexanoate, Propanediol",Elfa Pharm Rebuilding Burdock Hair Balm-mask,https://inkeedecoder.com/products/elfa-pharm-rebuilding-burdock-hair-balm-mask
comedo,"Water, Butylene Glycol, Glycerin, Linoleic Acid, 1, 2-Hexanediol, Cetearyl Olivate, Cetearyl Alcohol, Cetyl Ethylhexanoate, Propanediol",Embryolisse Anti-age Comfort Mask,https://inkeedecoder.com/products/embryolisse-anti-age-comfort-mask
comedo,"Aqua (Water), Kaolin, Melaleuca Alternifolia Leaf Oil, Linoleic Acid, Oleic Acid, Polysorbate 80, Glycereth-26, Hydroxypropyl Starch Phosphate, PEG-40 Hydrogenated Castor Oil, Xanthan Gum",Essential Beauty Ultra Hydrating Cleansing Gel,https://inkeedecoder.com/products/essential-beauty-ultra-hydrating-cleansing-gel
comedo,"Squalane, Xymenynic Acid, Kaempferol, Conjugated Linoleic Acid, Oleamide Serinol",Helenvita Acnormal Hydra Boost,https://inkeedecoder.com/products/helenvita-acnormal-hydra-boost
comedo,"Squalane, Ascorbyl Tetraisopalmitate, Bakuchiol, Linoleic Acid, Linolenic Acid, Tocopherol, Cetyl Ethylhexanoate, Polyglyceryl-3 Laurate, Methyl Glucose Sesquistearate, Acetyl Hexapeptide-8",Image Vital C Hydrating Anti-Aging Serum,https://inkeedecoder.com/products/image-vital-c-hydrating-anti-aging-serum
comedo,"Aqua, Alcohol, Glycerin, Dehydroxanthan Gum, Linoleic Acid, Polyglyceryl-10 Laurate, Levulinic Acid, Sodium Levulinate, Sodium Lactate, Simmondsia Chinensis Seed Oil",Mebo Scar Ointment,https://inkeedecoder.com/products/mebo-scar-ointment
comedo,"Water (Aqua), Prunus Amygdalus Dulcis (Sweet Almond) Oil*, Squalane, Pentylene Glycol, Linoleic Acid, Butyrospermum Parkii (Shea) Butter*, Hydrogenated Rapeseed Oil, Lactobacillus/​Eriodictyon Californicum Ferment Extract, Glyceryl Stearate Citrate, Polyglyceryl-2 Stearate",Medihealth Nutrem,https://inkeedecoder.com/products/medihealth-nutrem
comedo,"Water (Aqua), Sodium Lauroyl Sarcosinate, Ceramide NP, Glycine Soja (Soybean) Seed Extract, Linoleic Acid, Linolenic Acid, Aloe Barbadensis Leaf Juice, Beta Vulgaris (Beet) Root Extract, Fructooligosaccharides, Pyrus Malus (Apple) Fruit Extract",Morizo Warming Massage Oil,https://inkeedecoder.com/products/morizo-warming-massage-oil
comedo,"Water (Aqua), Lecithin, Dipalmitoyl Hydroxyproline, Tall Oil Sterol, Linoleic Acid, Tocopherol, Sodium Ascorbate, Mannitol, Butylene Glycol, Centella Asiatica Extract",Mother Dirt Probiotic Moisturizing Serum,https://inkeedecoder.com/products/mother-dirt-probiotic-moisturizing-serum
comedo,"Aqua, Hydroxyethyl Urea, Urea, Decamethylcyclopentasiloxane, Linoleic Acid, Linolenic Acid, Ethyl Linoleate, Ethyl Linolenate, Ethyl Oleate, C14-22 Alcohols",POM POM Botanikuskert Problémamegoldó Krém,https://inkeedecoder.com/products/pom-pom-botanikuskert-problemamegoldo-krem
comedo,"Water/​Aqua/​Eau, Octyldodecanol, Glycerin, Sclerocarya Birrea Seed Butter, Linoleic Acid, Glyceryl Stearate, Palmitic Acid, Pentylene Glycol, Cetearyl Alcohol, Stearic Acid",PanOxyl Balancing Repair Moisturizer,https://inkeedecoder.com/products/panoxyl-balancing-repair-moisturizer
comedo,"Paraffinum Liquidum, Arctium Lappa Root Extract, Trilaureth-4 Phosphate, Ethylhexyl Cocoate, Linoleic Acid, Retinyl Palmitate, Helianthus Annuus Seed Oil, Beta-Carotene, Thymus Vulgaris Oil, Vetiveria Zizanoides Root Oil",PanOxyl PM Balancing Repair Moisturizer with Niacinamide,https://inkeedecoder.com/products/panoxyl-pm-balancing-repair-moisturizer-with-niacinamide
comedo,"Aqua (Water), Caprylic/​Capric Triglyceride, Glycerin, Jojoba Esters, Linoleic Acid, Cetyl Alcohol, Glyceryl Stearate, Butyrospermum Parkii (Shea) Butter, Camellia Oleifera Seed Oil, C10-18 Triglycerides",Pipette Baby Oil (2021),https://inkeedecoder.com/products/pipette-baby-oil-2021
comedo,"Purified Water (Aqua), Cocamidopropyl Betaine, Sodium C14-16 Olefin Sulfonate, Sodium Chloride, Linoleic Acid (Omega-6), Ceramide 3, Ceramide NP, Palmitoyl Oligopeptide, Palmitoyl Tetrapeptide-7, Aloe Barbadensis (Aloe Vera) Leaf Juice",Portia M Marula Skin Oil,https://inkeedecoder.com/products/portia-m-marula-skin-oil
comedo,"Aqua, Glycerin, Propanediol, Triheptanoin, Linoleic Acid, Panthenol, Dicaprylyl Carbonate, Squalane, Sodium Polyacrylate, Cetyl Phosphate",Proactiv Skin Purifying Mask,https://inkeedecoder.com/products/proactiv-skin-purifying-mask
comedo,"Aqua, Sodium Hyaluronate, Magnesium Ascorbyl Phosphate, Imperata Cylindrica (Root) Extract, Linoleic Acid, Phospholipids, Caprylic/​Capric Triglyceride, Glycine Soja (Soybean) Sterols, Glyceryl Stearate, Pal­Mitoyl Pentapeptide-4",Rainpharma Fabulous Day & Night Moist,https://inkeedecoder.com/products/rainpharma-fabulous-day-night-moist
comedo,"Cactus Extract, Beeswax, Sesame Oil, Oleic Acid, Linoleic Acid",Clinical Niacinamide 20% Treatment Paula's Choice,https://inkeedecoder.com/products/paulas-choice-clinical-niacinamide-20-treatment
comedo,"Water, Sodium Ascorbyl Phosphate, Tocopheryl Acetate, Panthenol, Linoleic Acid, Linolenic Acid, Cetearyl Alcohol, Ceteareth-20, Propylene Glycol, Glyceryl Stearate",Rejuvenating Brightening Essence BRODA® PRO,https://inkeedecoder.com/products/broda-r-pro-rejuvenating-brightening-essence
comedo,"Glycine Soja Oil, Vanillyl Butyl Ether, Rosmarinus Officinalis Extract, Parfum, Linolenic/​Linoleic Acid, Tocoferol, Retinyl Palmitate, Citrus Limon Oil",Niacinamide 10 Serum Cos De BAHA,https://inkeedecoder.com/products/cos-de-baha-niacinamide-10-serum
comedo,"Squalane, Caprylic/​Capric Triglyceride, Aspergillus Ferment, Saccharomyces Ferment, Linoleic Acid, Phytosterols, Phospholipids, Tocopherol",Flawless Nightly Serum Dr. Sam Bunting Skincare,https://inkeedecoder.com/products/dr-sam-bunting-skincare-flawless-nightly-serum
comedo,"Butyrospermum Parkii Butter, Simmondsia Chinensis (Jojoba) Seed Oil, Macadamia Ternifolia Seed Oil, Zinc Oxide, Linoleic Acid, Linolenic Acid, Tocopherol, Rosa Canina (Rosehip) Seed Oil, Calendula Officinalis Extract, Borago Officinalis (Borage) Seed Oil",Niacinamide The Inkey List,https://inkeedecoder.com/products/the-inkey-list-niacinamide
comedo,"Aqua, Glycerin, Niacinamide, Hydroxyethyl Acrylate/​Sodium Acryloyldimethyl Taurate Copolymer, Linoleic Acid, Phospholipids, Sphingolipids (Ceramides), Tocopherol (Vitamin E), Sodium Hyaluronate, Centella Asiatica (Cica) Leaf Extract",Niacinamide 10% + Zinc 1% The Ordinary,https://inkeedecoder.com/products/the-ordinary-niacinamide-10-zinc-1-serum1
comedo,"Water, Glycerin, Niacinamide, Hydroxyethyl Acrylate/​Sodium Acryloyldimethyl Taurate Copolymer, Linoleic Acid, Phospholipids, Sphingolipids (Ceramides), Tocopherol (Vitamin E), Sodium Hyaluronate, Centella Asiatica (Cica) Leaf Extract",Pore Refining & Spot Correcting Concentrate dermistry⁺,https://inkeedecoder.com/products/dermistry-pore-refining-spot-correcting-concentrate
comedo,"Squalane, Caprylic/​Capric Triglyceride, Euterpe Oleracea Sterols, Ceramide NP, Linoleic Acid, Oleic Acid, Linolenic Acid, Lecithin, Tocopherol",Star Light Spot Corrector Acaderma,https://inkeedecoder.com/products/acaderma-star-light-spot-corrector
comedo,"Marula Seed Oil, Vitamin A, Vitamin E, Oleic Acid, Linoleic Acid, Stearic Acid, Paraffinum Liquidum, Isopropyl Myristate, Tocopherol, Parfum",Flawless Brightly Serum Dr Sam Bunting,https://inkeedecoder.com/products/dr-sam-bunting-flawless-brightly-serum
comedo,"Sulfur (6%), Water, Kaolin, Glycereth-26, Linoleic Acid, Cetearyl Alcohol, Magnesium Aluminum Silicate, Synthetic Wax, Ceteareth-20, Sodium Lauroyl Sarcosinate",Flawless Moisturiser Dr. Sam Bunting Skincare,https://inkeedecoder.com/products/dr-sam-bunting-skincare-flawless-moisturiser
comedo,"Citrus Aurantifolia Peel Water, Aqua, Triticum Aestivum Germ Extract, Cetearyl Alcohol, Linoleic Acid, Oenothera Biennis Oil, Polyglyceryl-3 Stearate, Glycine Soja Oil, Hydrolyzed Corn Starch, Beta Vulgaris Root Extract",Lab. Restoring Brightening Serum Purid,https://inkeedecoder.com/products/purid-lab-restoring-brightening-serum
comedo,linoleic-acid,Abc Repair & Restore Antioxidant Serum Rx2 RejuAus,https://inkeedecoder.com/products/rejuaus-abc-repair-restore-antioxidant-serum-rx2
comedo,"Water (Aqua), Niacinamide 20.0%, Pentylene Glycol (Solvent/​Texture Enhancer), Butylene Glycol (Slip Agent/​Hydration), Glycerin (Skin-Replenishing), Acetyl Glucosamine (Skin-Replenishing), Ascorbyl Glucoside (Vitamin C/​Antioxidant), Glycyrrhiza Glabra (Licorice) Root Extract (Skinsoothing/​Antioxidant), Spiraea Ulmaria (Meadowsweet) Extract (Antioxidant), Portulaca Oleracea (Purslane) Extract (Antioxidant)",A-Passioni Retinol Cream Drunk Elephant,https://inkeedecoder.com/products/drunk-elephant-a-passioni-retinol-cream
comedo,"Water, Niacinamide 10.0%, Butylene Glycol, PEG-8, Propylene Glycol, Poloxamer 407, Tranexamic Acid 3.0%, Laureth-4, Salicylic Acid 1.0%, Carbomer",Night Switch Retinol 1% Lixir,https://inkeedecoder.com/products/lixir-night-switch-retinol-1
comedo,"Organic Aloe Barbadensis Leaf Extract (Aloe), Niacinamide 10.0%, Propanediol, Glycerin, 1, 2-Hexanediol, Zinc Pca 1.0%, Sodium Hyaluronate, Allantoin, Dipotassium Glycyrrhizate",Retinol 1.0 Maximum Strength Refining Night Cream SkinCeuticals,https://inkeedecoder.com/products/skinceuticals-retinol-1-0-maximum-strength-refining-night-cream
comedo,"Aqua (Water/​Eau), Butylene Glycol, Niacinamide 10.0%, Azelaic Acid 5.0%, Dicaprylyl Carbonate, Glycerin, Ethoxydiglycol, Cetearyl Alcohol, Dimethyl Isosorbide, Bakuchiol 1.0%",Retinol 1% In Squalane The Ordinary,https://inkeedecoder.com/products/the-ordinary-retinol-1-in-squalane
comedo,"Water (Aqua/​Eau), Niacinamide 10.0%, Glycerin, Propanediol, Butylene Glycol, Squalane, Leuconostoc/​Radish Root Ferment Filtrate, Hyaluronic Acid, Phenoxyethanol, Hydroxyethyl Acrylate/​Sodium Acryloyldimethyl Taurate Copolymer",Retinol 6TR Serum Medik8,https://inkeedecoder.com/products/medik8-retinol-6tr-serum
comedo,"Aqua (Water), Niacinamide 10.0%, Pentylene Glycol, Zinc Pca 1.0%, Dimethyl Isosorbide, Tamarindus Indica Seed Gum, Xanthan Gum, Isoceteth-20, Ethoxydiglycol, Phenoxyethanol",Retinol 0.5 Refining Night Cream SkinCeuticals,https://inkeedecoder.com/products/skinceuticals-retinol-0-5-refining-night-cream
comedo,"Aqua, Niacinamide 10.0%, Methylpropanediol, Pentylene Glycol, Salicylic Acid 1.0%, 3-O-Ethyl Ascorbic Acid, Carnosine, Opuntia Streptacantha Stem Extract, Glycine Max (Soybean) Seed Extract, Rhamnose",Retinol 0.5% In Squalane The Ordinary,https://inkeedecoder.com/products/the-ordinary-retinol-0-5-in-squalane
comedo,"Aqua (Water), Niacinamide 5.0%, Tranexamic Acid 3.0%, PEG-11 Methyl Ether Dimethicone, Caprylyl Methicone, Caprylic/​Capric Triglyceride, 1-Methylhydantoin-2-Imide, 1, 2-Hexanediol, PEG-12 Dimethicone",Retinol 3 Tr Serum Medik8,https://inkeedecoder.com/products/medik8-retinol-3-tr-serum
comedo,"Aqua (Water), Azelaic Acid 10.0%, Caprylic/​Capric Triglyceride, Niacinamide 5.0%, Dicaprylyl Carbonate, Ascorbyl Glucoside 2.0%, Cetearyl Alcohol, Glycerin, Glyceryl Stearate SE, Cetearyl Olivate",Retinol 0.3 SkinCeuticals,https://inkeedecoder.com/products/skinceuticals-retinol-0-3
comedo,"Aqua (Water/​Eau), Butyrospermum Parkii (Shea) Butter, Cyclopentasiloxane, Niacinamide 5.0%, Propanediol, Dimethicone, Glycerin, Cetyl Alcohol, Caprylic/​Capric Triglyceride, Glyceryl Stearate Se",Visionnaire Skin Solutions Retinol Serum Lancôme,https://inkeedecoder.com/products/lancome-visionnaire-skin-solutions-retinol-serum
comedo,"Water, Niacinamide 5.0%, Arbutin 2.0%, Acetyl Glucosamine 2.0%, Bis-Ethoxydiglycol Cyclohexane 1, 4-Dicarboxylate 1.0%, Pentylene Glycol, Butylene Glycol, Sophora Flavescens Root Extract**, Glycyrrhiza Inflata Root Extract**",Lab. Restoring Radiance Serum Purid,https://inkeedecoder.com/products/purid-lab-restoring-serum
comedo,"Water, Aloe Vera Juice Extract, Niacinamide 5.0%, Cyclodextrin, Caprylic/​Capric Triglyceride, Gluconolactone, Terminalia Ferdinandiana (Kakadu Plum) Fruit Extract 5.0%, Carnitine (L), Vegetable Glycerin, Polysorbate 20",Fine Fairness Brightening Serum Neutrogena,https://inkeedecoder.com/products/neutrogena-fine-fairness-brightening-serum
comedo,niacinamide,Resist Bha 9 Paula's Choice,https://inkeedecoder.com/products/paulas-choice-resist-bha-9
comedo,"Water/​Aqua/​Eau, Glycerin, Coco-Caprylate, Stearic Acid, Coconut Alkanes, Glyceryl Stearate, Niacinamide, Caprylic/​Capric Triglyceride, Cetearyl Alcohol, Pentylene Glycol",Compound Salicylic Acid Liniment Sanyi,https://inkeedecoder.com/products/sanyi-compound-salicylic-acid-liniment
comedo,"Aqua (Water), Phospholipids, Leuconostoc/​Radish Root Ferment Filtrate, Retinol 1.0%, Phenoxyethanol, Benzoic Acid, Glyceryl Laurate, EDTA, Dehydroacetic Acid, Ethylhexylglycerin",Azelaic Acid Control Facial Acne Gel Aisuanis,https://inkeedecoder.com/products/aisuanis-empowerment-azelaic-acid-control-facial-acne-gel
comedo,"Aqua (Water), Cyclomethicone, Allyl Methacrylates Crosspolymer, Polysorbate 20, Retinol 1.0%, BHT, Cyclopentasiloxane, Dimethicone Crosspolymer, Dimethicone, Dimethiconol",Nuorishing Spa Mask BRODA® PRO,https://inkeedecoder.com/products/broda-r-pro-nuorishing-spa-mask
comedo,"Squalane, Caprylic/​Capric Triglyceride, Simmondsia Chinensis (Jojoba) Seed Oil, Retinol 1.0%, Solanum Lycopersicum (Tomato) Fruit Extract, Rosmarinus Officinalis (Rosemary) Leaf Extract, Hydroxymethoxyphenyl Decanone, BHT",Flawless Neutralising Gel Dr. Sam Bunting Skincare,https://inkeedecoder.com/products/dr-sam-bunting-skincare-flawless-neutralising-gel
comedo,"Carthamus Tinctorius (Safflower) Seed Oil, Caprylic/​Capric Triglyceride, Cyclopentasiloxane, PPG-12/​Smdi Copolymer, Cyclohexasiloxane, Retinol 0.6%, Tocopheryl Acetate, Lecithin, BHT",Neem & BHA Spot Clarifying Serum Dr. Sheth's,https://inkeedecoder.com/products/dr-sheths-neem-bha-spot-clarifying-serum
comedo,"Aqua/​Water/​Eau, Cyclopentasiloxane, Cyclohexasiloxane, Dimethiconol, Alcohol Denat, Pentylene Glycol, Allyl Methacrylates Crosspolymer, Dimethicone PEG-7 Isostearate, Sodium Polyacrylate, Dimethicone Crosspolymer",Salicylic Acid 2% Serum Garden of Wisdom,https://inkeedecoder.com/products/garden-of-wisdom-salicylic-acid-serum
comedo,"Squalane, Caprylic/​Capric Triglyceride, Simmondsia Chinensis (Jojoba) Seed Oil, Retinol 0.5%, Solanum Lycopersicum (Tomato) Fruit Extract, Rosmarinus Officinalis (Rosemary) Leaf Extract, Hydroxymethoxyphenyl Decanone, BHT",Rapid Relief Acne Spot Treatment Murad,https://inkeedecoder.com/products/murad-rapid-relief-acne-spot-treatment
comedo,"Simmondsia Chinensis (Jojoba) Seed Oil, Cyclopentasiloxane, PPG-12/​Smdi Copolymer, Cyclohexasiloxane, Caprylic/​Capric Triglyceride, Tocopheryl Acetate, Retinol 0.3%, Lecithin, BHT",Clear Pore Oil-Eliminating Astringent Neutrogena,https://inkeedecoder.com/products/neutrogena-clear-pore-oil-eliminating-astringent
comedo,"Aqua/​Water, Isostearyl Neopentanoate, Glycerin, Glycine Soja Oil/​Soybean Oil, Propylene Glycol, Acrylamide/​Sodium Acryloyldimethyltaurate Copolymer, Cetearyl Alcohol, Phenoxyethanol, Isohexadecane, Retinol 0.3%",Clear Regular Strength Anti-Redness Exfoliating Solution With 2% Salicylic Acid Paula's Choice,https://inkeedecoder.com/products/paulas-choice-clear-regular-strength-anti-redness-exfoliating-solution-with-2-salicylic-acid
comedo,"Aqua/​Water, Glycerin, Dicaprylyl Ether, Isopropyl Isostearate, Octyldodecanol, Sodium Tetrahydrojasmonate, Cetyl Alcohol, Glycine Soja Oil /​ Soybean Oil, Behenyl Alcohol, Dipropylene Glycol",Resist Daily Pore-Refining Treatment 2% Bha Paula's Choice,https://inkeedecoder.com/products/paulas-choice-resist-daily-pore-refining-treatment-2-bha
comedo,"Water, Pentylene Glycol, Dimethicone, Bis-Ethoxydiglycol Cyclohexane 1, 4-Dicarboxylate 1.0%, Sodium Polyacrylate, C18-21 Alkane, Trideceth-6, 1, 2-Hexanediol",Acne-Clear Oil-Free Matte Moisturizer Peter Thomas Roth,https://inkeedecoder.com/products/peter-thomas-roth-acne-clear-oil-free-matte-moisturizer
comedo,"Water, Cyclopentasiloxane, Dimethicone Crosspolymer, Ascorbyl Glucoside 2.0%, Ammonium Acryloyldimethyltaurate, Niacinamide, C12-15 Alkyl Benzoate, Dimethicone, Nylon-12, Phenoxyethanol",Acne Expert Skincare Calming Acne Mask,https://inkeedecoder.com/products/acne-expert-skincare-calming-acne-mask
comedo,retinol,AcneFree Acne Clearing Sulfur Mask 3.5% Sulfur Acne Treatment,https://inkeedecoder.com/products/acnefree-acne-clearing-sulfur-mask-3-5-sulfur-acne-treatment
comedo,"Propylene Glycol, PEG-75, PEG-8, Water, Salicylic Acid 9.0%, Glycerin, Avena Sativa (Oat) Kernel Extract, Butylene Glycol, Boerhavia Diffusa Root Extract, Sea Whip Extract",AcneFree Therapeutic Sulfur Mask,https://inkeedecoder.com/products/acnefree-therapeutic-sulfur-mask
comedo,"Salicylic Acid 6.0%, Resorcinol 2.0%, Phenol 1.0%, Methyl Salicylate 0.003%, Glycerin 0.003%, Alcohol, Water",Banu 10% Sulfur Pimple And Acne Treatment,https://inkeedecoder.com/products/banu-10-sulfur-pimple-and-acne-treatment
comedo,"Aqua, Propylene Glycol, Azelaic Acid 15.0%, Tetrahydroxypropyl Ethylenediamine, Potassium Azeloyl Diglycinate 5.0%, Polyacrylate Crosspolymer-6, Salicylic Acid 2.0%, Lactobionic Acid, Bisabolol, Gluconolactone",Bioelements Spot Defy,https://inkeedecoder.com/products/bioelements-spot-defy
comedo,"Water, Poloxamer 407, Laureth-40, PEG-8, Glycerin, Salicylic Acid 2.0%, Bisabolol, Dipotassium Glycyrrhizate",CLEARSTEM Skincare Sulfur Spot&mask,https://inkeedecoder.com/products/clearstem-skincare-sulfur-spot-mask
comedo,"Aqua (Water), Propylene Glycol, Ammonium Polyacryloyldimethyl Taurate, Azelaic Acid 5.0%, Squalane 5.0%, Salicylic Acid 2.0%, Glyceryl Stearate, Disodium EDTA, PEG-100 Stearate, Sodium Hydroxide",Control Corrective Sulfur Calming Mask,https://inkeedecoder.com/products/control-corrective-sulfur-calming-mask
comedo,"Salicylic Acid 2.0%, Neem Oil (Anti-Bacterial), Tea Tree Oil (Anti-Acne), Niacinamide (Brightening, Anti-Redness), Green Tea Extract (Conditioning, Calming), (Wheat And Oat) Sugar (Hydration - Gluten Free), Allantoin (Healing), Lavender Oil (Calming)",CuticareMD 10% Sulfur Bar Soap,https://inkeedecoder.com/products/cuticaremd-10-sulfur-bar-soap
comedo,"Propanediol, Spring Water, Salicylic Acid 2.0%, Dehydroxanthan Gum",CuticareMD 6% Sulfur Ointment,https://inkeedecoder.com/products/cuticaremd-6-sulfur-ointment
comedo,"Salicylic Acid 2.0%, Water (Aqua), Alcohol, Hamamelis Virginiana (Witch Hazel) Water, Propanediol, Pentylene Glycol, Glycerin, Silica, Butylene Glycol, Polyacrylate Crosspolymer-6",De La Cruz Sulfur Ointment,https://inkeedecoder.com/products/de-la-cruz-sulfur-ointment
comedo,"Salicylic Acid 2.0%, Water, Alcohol Denat, Hamamelis Virginiana (Witch Hazel) Water, Butylene Glycol, Glycereth-7, Methyl Gluceth-20, Alcohol, Fragrance, Propylene Glycol",Dermadoctor Ain'T Misbehavin' Intensive 10% Sulfur Acne Mask & Emergency Spot Treatment,https://inkeedecoder.com/products/dermadoctor-aint-misbehavin-intensive-10-sulfur-acne-mask-emergency-spot-treatment
comedo,"Water (Aqua), Dipropylene Glycol, Pentylene Glycol, Salicylic Acid 2.0%, Polysorbate 20, Butylene Glycol, Glycerin, Sodium Hyaluronate, Dipotassium Glycyrrhizate, Allantoin",Dermaharmony 5% Sulfur 2% Salicylic Acid Bar Soap,https://inkeedecoder.com/products/dermaharmony-5-sulfur-2-salicylic-acid-bar-soap
comedo,"Water (Aqua), Dipropylene Glycol, Salicylic Acid 2.0%, Pentylene Glycol, Butylene Glycol, Polysorbate 20, Palmitoyl Tripeptide-1, Palmitoyl Tetrapeptide-7, Dipotassium Glycyrrhizate, Nordihydroguaiaretic Acid",Dr Dennis Gross Drx Blemish Solutions™ Clarifying Mask,https://inkeedecoder.com/products/dr-dennis-gross-drx-blemish-solutions-tm-clarifying-mask
comedo,"Salicylic Acid 2.0%, Water/​Aqua/​Eau, Dimethicone, Propanediol, Caprylic/​Capric Triglyceride, Glycerin, Jojoba Esters, Isodecyl Neopentanoate, Cetearyl Alcohol, Panthenol",Dr s wong Sulfur Soap,https://inkeedecoder.com/products/dr-s-wong-sulfur-soap
comedo,salicylic-acid,Dr. Sana Sulfur Ointment 10%,https://inkeedecoder.com/products/dr-sana-sulfur-ointment-10
comedo,"Sulfur (10%), Purified Water, Kaolin, Bentonite, Propylene Glycol, Magnesium Silicate, Zinc Oxide, Polysorbate 20, Titanium Dioxide, Caprylyl Glycol",Earth’s Care Acne Spot Treatment,https://inkeedecoder.com/products/earths-care-acne-spot-treatment
comedo,"Sulfur (3.5%), Acacia Senegal Gum, Bentonite, Butylene Glycol, Cellulose, Copper Gluconate, Ethylhexylglycerin, Hydroxypropyl Methylcellulose, Kaolin, Magnesium Aluminum Silicate","Earth’s Care Acne Treatment Mask, Sulfur 5%",https://inkeedecoder.com/products/earths-care-acne-treatment-mask-sulfur-5
comedo,"Sulfur (3.5 % - Acne Treatment), Acacia Senegal Gum, Bentonite, Butylene Glycol, Cellulose, Copper Gluconate, Ethylhexylglycerin, Hydroxypropyl Methylcellulose, Kaolin, Magnesium Aluminum Silicate",Face Reality Sulfur Spot Treatment,https://inkeedecoder.com/products/face-reality-sulfur-spot-treatment
comedo,"Sulfur (10%), Aqua/​Water/​Eau, Glycerin, Kaolin, Bentonite, Propylene Glycol, Niacinamide, Sorbitol, Titanium Dioxide (Ci 77891), Phenoxyethanol",GLAM UP Spotless Sulfur Treatment (acne-prone Skin) 10% Sulfur Treatment 15 ml,https://inkeedecoder.com/products/glam-up-spotless-sulfur-treatment-acne-prone-skin-10-sulfur-treatment-15-ml
comedo,"Sulfur (5%), Water (Aqua, Eau), Kaolin, Cetearyl Alcohol, Glyceryl Stearate SE, Glycerin, Butylene Glycol, Bentonite, Acacia Senegal Gum",Glymed Plus Mattifying Sulfur Masque,https://inkeedecoder.com/products/glymed-plus-mattifying-sulfur-masque
comedo,"Sulfur (5%), Water, Kaolin, Glycerin, Lactic Acid, Glycolic Acid, Caprylic/​Capric Triglyceride, Cetearyl Alcohol, Cetyl Alcohol, Niacinamide",Glytone Acne Tinted Spot Treatment,https://inkeedecoder.com/products/glytone-acne-tinted-spot-treatment
comedo,"Sulfur (10%), Water, Aloe Barbadensis Leaf Juice, Kaolin, Bentonite, Glycerin, Propylene Glycol, Zinc Oxide, Titanium Dioxide, Magnesium Aluminum Silicate",Glytone Acne Treatment Mask,https://inkeedecoder.com/products/glytone-acne-treatment-mask
comedo,"(Ultrafine Precipitated) Sulfur (10%), Sodium Palmate, Sodium Cocoate (Palm And Coconut Extracts), Water, Glycerin, Antioxidant (<0.1%>), Pentasodium Pentetate",Granado Sabonete Barra Granado Facial Enxofre Antiacne,https://inkeedecoder.com/products/granado-sabonete-barra-granado-facial-enxofre-antiacne
comedo,"(Precipitated) Sulfur (6%), Aloe Vera, Petroleum, Shea Butter, (Volcanic) Water",Grisi Sulfur Soap,https://inkeedecoder.com/products/grisi-sulfur-soap
comedo,"Sulfur (10%), Polyethylene Glycol",Honest Beauty Get Clarity Foaming Acne Cleanser,https://inkeedecoder.com/products/honest-beauty-get-clarity-foaming-acne-cleanser
comedo,"Sulfur (10%), Aqua (Water), Kaolin, Magnesium Aluminum Silicate, Glycerin, Bentonite, Boswellia Serrata Extract, Butylene Glycol, PEG-60 Almond Glycerides, Caprylyl Glycol",Isispharma Sulfur Grisi,https://inkeedecoder.com/products/isispharma-sulfur-grisi
comedo,"Sulfur (5%), Salicylic Acid (2%), Saponified Oils, [Sodium Palmate, Sodium Cocoate, Sodium Palm Kernelate], Water, Sulfur, Glycerin, Sodium Chloride (Table Salt)",Jackodan Jackodan Gel,https://inkeedecoder.com/products/jackodan-jackodan-gel
comedo,"Sulfur, Water/​Aqua/​Eau, Kaolin, Cetearyl Alcohol, Glycerin, Polysorbate 20, Butylene Glycol, Acacia Senegal Gum, Zinc Oxide, Bentonite",Jason Dandruff Relief Treatment Shampoo,https://inkeedecoder.com/products/jason-dandruff-relief-treatment-shampoo
comedo,"Sulfur, Aloe Ferox (Cape Aloe) Extract",Kate Somerville Eradicate Daily Sulfur Cleanser + Acne Treatment,https://inkeedecoder.com/products/kate-somerville-eradicate-daily-sulfur-cleanser-acne-treatment
comedo,"Sulfur Praecipitatum (10%), Petrolatum",Kate Somerville Eradikate,https://inkeedecoder.com/products/kate-somerville-eradikate
comedo,"Sulfur (10%), Avena Sativa (Oat) Kernel Colloidal Oatmeal, Bentonite, Butyrospermum Parkii (Shea) Butter, Cetearyl Glucoside, Citric Acid, Glycerin, Glyceryl Stearate, Helianthus Annuus (Sunflower) Seed Oil, Hydrogenated Castor Oil",Kate Somerville Eradikate 3% Sulfur Daily Foaming Cleanser,https://inkeedecoder.com/products/kate-somerville-eradikate-3-sulfur-daily-foaming-cleanser
comedo,"Sulfur (5%), Avena Sativa (Oat) Kernel Colloidal Oatmeal, Bentonite, Butyrospermum Parkii (Shea) Butter, Cetearyl Glucoside, Citric Acid, Glycerin, Glyceryl Stearate, Helianthus Annuus (Sunflower) Seed Oil, Hydrogenated Castor Oil",Kiehl’s Breakout Control Targeted Blemish Spot Treatment,https://inkeedecoder.com/products/kiehls-breakout-control-targeted-blemish-spot-treatment
comedo,"Sulfur (6%), Aqua (Water), Butylene Glycol, Acacia Senegal Gum, Carbomer, Palmitoyl Tripeptide-8, Bisabolol (L-Alpha), Allantoin, Glycerin, Ethylhexylglycerin",LANCER Clarifying Detox Mask with Green Tea + 3% Sulfur,https://inkeedecoder.com/products/lancer-clarifying-detox-mask-with-green-tea
comedo,"Sulfur (10%), Water(Aqua), Zea Mays (Com) Starch, Stearyl Alcohol, Glycerin, Cetearyl Alcohol, Glyceryl Stearate, Magnesium Aluminum Silicate, Hydroxyethyl Acrylate/​Sodium Acryloyldimethyl Taurate Copolymer, Ceteareth-20",M.A.D Skincare Acne Drying Lotion 10%,https://inkeedecoder.com/products/m-a-d-skincare-acne-drying-lotion-10
comedo,"Sulfur (10.0%), Aqua (Water), Bentonite, Caprylyl Glycol, Chlorphenesin, Citrus Paradisi (Grapefruit) Peel Oil, Glycerin, Imidazolidinyl Urea, Kaolin, Phenoxyethanol",MALIN + GOETZ 10 % Sulfur Paste Acne Treatment,https://inkeedecoder.com/products/malin-goetz-acne-treatment
comedo,"Sulfur (8.0%), Resorcinol (2.0%), Acetone, Chloroxylenol, Fragrance (Parfum), Iron Oxides, Isopropyl Alcohol, Magnesium Aluminum Silicate, Octoxynol-9, Propylene Glycol",Murad Clarifying Mask,https://inkeedecoder.com/products/murad-clarifying-mask
comedo,"Sulfur (6.4%), Bentonite, Isopropyl Alcohol, Kaolin, Zinc Oxide, Water, Glycerin, Calcium Oxide, Sodium Lauryl Sulfate, Cocamide MIPA",Naturasil Tinea Versicolor Relief Soap,https://inkeedecoder.com/products/naturasil-tinea-versicolor-relief-soap
comedo,"Sulfur, Salicylic Acid, Elaeis Guineensis Kernel Oil, Stearic Acid, Zea Mays Starch, Calcium Carbonate, Talc, BHT, Disodium Distyrylbiphenyl Disulfonate, Ci 74160",Neutrogena Stubborn Acne Spot Drying Lotion,https://inkeedecoder.com/products/neutrogena-stubborn-acne-spot-drying-lotion
comedo,"Sulfur (10%), Corn Starch, Fragrance, Lanolin, Polysorbate 80, Sodium Cocoate, Sodium Lauryl Sulfate, Sodium Tallowate, Tetrasodium EDTA",PROSACEA Medicated Rosacea Gel,https://inkeedecoder.com/products/prosacea-prosacea-medicated-rosacea-gel
comedo,"Sulfur (3.3%), Water (Aqua/​Eau), Cocamidopropyl Hydroxysultaine, Bentonite, Sodium Laurylglucosides Hydroxypropylsulfonate, Glycerin, Disodium Cocoyl Glutamate, Sodium Chloride, Sodium Cocoyl Isethionate, Acacia Senegal Gum",PROSACEA Rosacea Gel,https://inkeedecoder.com/products/prosacea-rosacea-gel
comedo,"Sulfur, Acrylates Copolymer, Aminomethyl Propanol, Caprylyl Glycol, Cocamide MEA, Cocamidopropyl Betaine, Coco-Betaine, Decylene Glycol, Disodium EDTA, Fragrance","Palmer's Skin Success Anti-Acne Medicated Complexion Bar,",https://inkeedecoder.com/products/palmers-skin-success-anti-acne-medicated-complexion-bar
comedo,"Sulphur, Tea Tree Extract, Glycolic Acid, Rosemary Extract, Vitamin C, Salicylic Acid, Vitamin E, Retinol, Panthenol, Lavender Oil",Peter Thomas Roth Sulfur Mask,https://inkeedecoder.com/products/peter-thomas-roth-sulfur-mask
comedo,"Sulphur (2.0%), Salicylic Acid (2.0%), Aqua (Water), Sodium Cocoyl Isethionate, Disodium Cocoamphodiacetate, Stearic Acid, Potassium Cocoyl Glutamate, Glycerin, Sodium Lauroyl Sarcosinate, Cetyl Alcohol",Peter Thomas Roth Therapeutic Sulfur Mask,https://inkeedecoder.com/products/peter-thomas-roth-therapeutic-sulfur-mask
comedo,"Sulfur (3.0%), Aqua/​Water/​Eau, Sodium Cocoyl Isethionate, Coco-Glucoside, Acrylates Copolymer, Coconut Alcohol, Glycereth-18 Ethylhexanoate, Glycereth-8, Stearyl Alcohol, Mel/​Honey Extract/​Extrait De Miel",Proactiv Skin Purifying Mask,https://inkeedecoder.com/products/proactiv-skin-purifying-mask-3
comedo,"Sulfur (3.0%), Water/​Aqua/​Eau, Sodium Cocoyl Isethionate, Coco-Glucoside, Acrylates Copolymer, Cetearyl Alcohol, Glycereth-18 Ethylhexanoate, Glycereth-18, Stearyl Alcohol, Honey Extract/​Mel/​Extrait De Miel",Rodan + Fields Unblemish Clarifying Mask,https://inkeedecoder.com/products/rodan-fields-unblemish-clarifying-mask
comedo,"Sulfur (3.0%), Water/​Aqua/​Eau, Sodium Cocoyl Isethionate, Coco-Glucoside, Acrylates Copolymer, Cetearyl Alcohol, Glycereth-18 Ethylhexanoate, Glycereth-18, Stearyl Alcohol, Honey Extract/​Mel/​Extrait De Miel",Rosette Cleansing Pasta (dry Skin),https://inkeedecoder.com/products/rosette-cleansing-pasta-dry-skin
comedo,"Sulfur, Water, Niacinamide, Zea Mays (Corn) Starch, Glycolic Acid, Stearyl Alcohol, Glycerin, Octyldodecyl Myristate, Cetearyl Alcohol, Glyceryl Stearate",SINSURU Watery Sulfur 82 Soothing Serum,https://inkeedecoder.com/products/sinsuru-watery-sulfur-82-soothing-serum
comedo,"Sulfur (3%), Water, Illite, Glycerin, Propanediol, Magnesium Aluminum Silicate, Kaolin, Ethyl Linoleate, Glyceryl Stearate, Cetearyl Alcohol",Siegfried Kinatopic Sulfur Barra,https://inkeedecoder.com/products/siegfried-kinatopic-sulfur-barra
comedo,"Sulfur (10%), Isopropyl Alcohol, Water (Aqua), Zinc Oxide, Salicylic Acid, Camphor, Magnesium Aluminum Silicate, Iron Oxide(Ci 77491)",Soft Services Clearing Clay Multi-use Breakout Treatment,https://inkeedecoder.com/products/soft-services-clearing-clay-multi-use-breakout-treatment
comedo,"Sulfur (10%), Isopropyl Alcohol, Aqua|Water|Eau, Zinc Oxide, Camphor, Salicylic Acid, Magnesium Aluminum Silicate",3M Nexcare Blemish Clear Cover Relief Acne Patch,https://inkeedecoder.com/products/3m-nexcare-blemish-clear-cover-relief-acne-patch
comedo,"Sulfur (4.0%), Water (Aqua), Kaolin, Bentonite, Butylene Glycol, Glycerin, Glyceryl Stearate SE, Zinc Oxide, Talc, Titanium Dioxide",AhoAloe Óleo Essencial De Tea Tree Orgânico,https://inkeedecoder.com/products/ahoaloe-oleo-essencial-de-tea-tree-organico
comedo,"Sulfur (1X Hpus), Aqua, Citric Acid, Cocamidopropyl Betaine, Cocos Nucifera (Coconut Oil), Glycerin, Glyceryl Laurate, Lavender Oil, Pentasodium Pentetate, Propylene Glycol",Aiken Tea Tree Oil 100% Pure Tea Tree Oil,https://inkeedecoder.com/products/aiken-tea-tree-oil-100-pure-tea-tree-oil
comedo,"Sulfur (10%), Isopropyl Alcohol, Water, Calamine, Niacinamide, Zinc Oxide, Zea Mays (Corn) Starch, Magnesium Aluminum Silicate, Salicylic Acid, Titanium Dioxide",Alkmene My Tea Tree Oil Tea Tree Oil,https://inkeedecoder.com/products/alkmene-my-tea-tree-oil-tea-tree-oil
comedo,"Sulphur (10%), Acrylates, Aloe Barbadensis Leaf Juice, Diazolidinyl Urea, Lactose, Methylparaben, Propylene Glycol, Propylparaben, Tetrasodium EDTA, Triethanolamine",Altapharma Teebaumöl,https://inkeedecoder.com/products/altapharma-teebaumol
comedo,"Sulphur, Chrysarobinum, Acrylates/​C10-30 Alkyl Acrylate Crosspolymer, Diazolidinyl Urea, Lactose, Methylparaben, Propylene Glycol, Propylparaben, Tetrasodium EDTA, Triethanolamine",Apotheke Spot Treatment,https://inkeedecoder.com/products/apotheke-spot-treatment
comedo,"Sulphur (3%), Sodium Palmate, Sodium Cocoate (Or), Sodium Palm Kernelate, Water (Aqua), Glycerin, Tocopherol, Sodium Chloride, Titanium Dioxide/​ Ci 77891 (Cl 77891), Tetrasodium Etidronate",Australian bodycare Nail Repair,https://inkeedecoder.com/products/australian-bodycare-nail-repair
comedo,"Sulfur (10%), Water/​Aqua/​Eau, Propylene Glycol, Glycerin, Bentonite, Kaolin, Aloe Barbadensis Leaf Juice, Titanium Dioxide, Zinc Oxide, Phenoxyethanol",Bosistos Tea Tree Spray,https://inkeedecoder.com/products/bosistos-tea-tree-spray
comedo,"Sulfur (10%), Water/​Aqua/​Eau, Bentonite, Kaolin, Propylene Glycol, Talc, Glycerin, Aloe Barbadensis Leaf Juice, Zinc Oxide (Ci 77947), Polysorbate 20",Briogeo B. Well Organic + Australian 100% Tea Tree Skin & Scalp Oil,https://inkeedecoder.com/products/briogeo-b-well-organic-australian-100-tea-tree-skin-scalp-oil
comedo,"Sulfur (6%), Butylene Glycol, Ceteareth-20, Cetearyl Alcohol, Chromium Hydroxide Green, Cymbopogon Schoenanthus Extract, Ethoxydiglycol, Fragrance, Geranium Maculatum Extract, Glycereth-26",Dot & Key Skin Clarifying Face Serum,https://inkeedecoder.com/products/dot-key-skin-clarifying-face-serum
comedo,"(10%)Sulfur, Water, Kaolin, Glycerin, Pentylene Glycol, Titanium Dioxide (Ci 77891), Magnesium Aluminum Silicate, Microcrystalline Cellulose, Butylene Glycol, Avena Sativa (Oat) Bran Extract",Garden Lab Tea Tree 100% Natural Ready To Use Blend,https://inkeedecoder.com/products/garden-lab-tea-tree-100-natural-ready-to-use-blend
comedo,"Sulfur, Quaternium-73, Stearyl Glycyrrhetinate, Stearic Acid, Glycerin, Potassium Hydroxide, Propylene Glycol, Sucrose, Sodium, Methylal",HitWorker Pimple Patch Hydrocolloid,https://inkeedecoder.com/products/hitworker-pimple-patch-hydrocolloid
comedo,"(82%) Sulfur, Hot Spring Water, Dimethyl Sulfone (Msm), Ceramide NP, Panthenol, Hyaluronic Acid Complex",Indus Valley Brightening Depigmentation Gel,https://inkeedecoder.com/products/indus-valley-bright-gel
comedo,"Sulfur, Polysorbate 80, Salicylic Acid, Aloe Barbadensis Leaf Juice, Glyceryl Polymethacrylate, Propylene Glycol, Soap Base, PEG-350, Titanium Dioxide, Disodium EDTA",Indus Valley Brightening Depigmentation Gel For Lightening And Glowing Skin,https://inkeedecoder.com/products/indus-valley-brightening-depigmentation-gel-for-lightening-and-glowing-skin
comedo,"Sulfur (10%), Water, Kaolin, Bentonite, Dipropylene Glycol, Zinc Pca, Glycerin, Aloe Barbadensis Leaf Juice, Arnica Montana Flower Extract, Salicylic Acid",Ishizawa-Lab Acne Barrier,https://inkeedecoder.com/products/ishizawa-lab-acne-barrier
comedo,sulfur,Jason Tea Tree Skin Oil,https://inkeedecoder.com/products/jason-tea-tree-skin-oil
comedo,"Melaleuca Alternifolia (Tea Tree) Leaf Oil, Salicylic Acid, Epilobium Angustifolium Flower/​Leaf/​Stem Extract, Jeju Volcanic Cluster, Vitis Vinifera (Grape) Seed Extract, Acrylates Copolymer, Vinyl Caprolactam/​Vp/​Dimethylaminoethyl Methacrylate Copolymer, PVP, Butylene Glycol, Sodium Metabisulfite",KHAZIX Micro Needles Pimple Patch,https://inkeedecoder.com/products/khazix-micro-needles-pimple-patch
comedo,Melaleuca Alternifolia Oil,Kalonea Skincare Acne Spot Treatment Serum,https://inkeedecoder.com/products/kalonea-skincare-acne-spot-treatment-serum
comedo,Melaleuca Alternifolia (Tea Tree) Leaf Oil,Levinia Locion Reguladora,https://inkeedecoder.com/products/levinia-locion-reguladora
comedo,"Melaleuca Alternifolia (Tea Tree) Leaf Oil, Limonene, Tocopherol, Linalool",Nature Queen Tea Tree Essential Oil,https://inkeedecoder.com/products/nature-queen-tea-tree-essential-oil
comedo,"Melaleuca Alternifolia, D-Limonene, Linalool",Neal's Yard Remedies Organic Essential Oil Tea Tree,https://inkeedecoder.com/products/neals-yard-remedies-organic-essential-oil-tea-tree
comedo,"Melaleuca Alternifolia, Camellia Sinensis, Lavandula Angustifolia, Azadirachta Indica, Vitis Vinifera",Nikura 100% Pure Tea Tree Oil,https://inkeedecoder.com/products/nikura-100-pure-tea-tree-oil
comedo,"Melaleuca Alternifolia Leaf Oil, 4-Terpineol, Tocopherol, Limonene, Linalool, Geraniol",PLANTHÉ Tea Tree Oil,https://inkeedecoder.com/products/planthe-tea-tree-oil
comedo,Melaleuca Oil 50Mg/​G,Rey natural tea tree essential oil,https://inkeedecoder.com/products/rey-natural-tea-tree-essential-oil-
comedo,Organic Melaleuca Alternifolia (Tea Tree) Leaf Oil,Rozino Tea Tree Oil Foot Cream,https://inkeedecoder.com/products/rozino-tea-tree-oil-foot-cream
comedo,"Melaleuca Alternifolia (Tea Tree) Leaf Oil, Salvia Sclarea (Clary Sage) Oil, Lactobacillus/​Pear Juice Ferment Filtrate, Salix Alba (Willow) Bark Extract, Phellodendron Amurense Bark Extract, Rehmannia Chinensis Root Extract, Melia Azadirachta (Neem) Leaf Extract, Scutellaria Baicalensis Root Extract, Houttuynia Cordata Extract, Glycine Soja (Soybean) Seed Extract",Shea Moisture African Black Soap Deep Cleansing Shampoo,https://inkeedecoder.com/products/shea-moisture-african-black-soap-deep-cleansing-shampoo
comedo,"Melaleuca Alternifolia, Fractionated Coconut Oil",Sofam Cleansing Gel For Oily Skin,https://inkeedecoder.com/products/sofam-cleansing-gel-for-oily-skin
comedo,"Melaleuca Alternifolia (Tea Tree) Leaf Oil, Hamamelis Virginiana(Witch Hazel) Water, Sodium Hyaluronate, Allantoin, Hydrolyzed, Centella Asiatica Extract",St. D'Vence Moisturizer Winter Edition,https://inkeedecoder.com/products/st-dvence-moisturizer-winter-edition
comedo,"Tea Tree Oil, (Cow) Yogurt, Grapefruit Seed Extract, Wheat Germ Oil, Honey, Cellulose Gum, Guar Gum, Benzyl Alcohol, Phenoxyethanol, Potassium Sorbate",St. D'Vence Tea Tree Body Wash,https://inkeedecoder.com/products/st-dvence-tea-tree-body-wash
comedo,"Tea Tree Oil, (Cow) Yogurt, Grapefruit Seed Extract, Wheat Germ Oil, Honey, Cellulose Gum, Guar Gum, Benzyl Alcohol, Phenoxyethanol, Potassium Sorbate",Trader Joe's Tea Tree Tingle Body Wash,https://inkeedecoder.com/products/trader-joes-tea-tree-tingle-body-wash
comedo,"Tea Tree Oil, Hops Extract, Sage Extract, Lavender Oil, Rosemary Oil, Eucalyptus Oil, Comfrey Extract, Copper Chlorophyll, Na, BG",Votre Advanced Pore Minimising Toner,https://inkeedecoder.com/products/votre-advanced-pore-minimising-toner
comedo,Melaleuca Alternifolia (Tea Tree) Leaf Oil,juman dead sea Acne Cream,https://inkeedecoder.com/products/juman-acne-cream
comedo,"Melaleuca Alternifolia (Tea Tree) Leaf Oil, Hamamelis Virginiana (Witch Hazel) Water, Sodium Hyaluronate, Allantoin, Hydrolyzed, Centella Asiatica Extract",tea tree oil Tea Tree Essential Oil,https://inkeedecoder.com/products/tea-tree-oil-tea-tree-essential-oil
comedo,"Melaleuca Alternifolia Leaf Oil, Leptospermum Petersonii Oil, Tocopheryl Acetate, PEG-40 Hydrogenated Castor Oil, Hamamelis Virginiana Leaf Extract, Polysorbate 21, Tea Tree (Melaleuca Alternifolia) Oil",tea tree oil Thursday Plantation,https://inkeedecoder.com/products/tea-tree-oil-thursday-plantation
comedo,"Melaleuca Alternifolia (Tea Tree) Leaf Oil, Calcium Pantothenate, Althaea Officinalis (Marshmallow) Extract, Triticum Vulgare (Wheat) Germ Extract, Hamamelis Virginiana (Witch Hazel) Extract, Inositol, Retinol, Equisetum Arvense (Horsetail) Extract, Tussilago Fárfara (Coltsfoot) Flower Extract, Viscum Album (Mistletoe) Fruit Extract",ACROPASS Trouble Cure Patch,https://inkeedecoder.com/products/acropass-trouble-cure-patch
comedo,Melaleuca Alternifolia Oil,AOA Skin Invisible Acne Patches,https://inkeedecoder.com/products/aoa-skin-invisible-acne-patches
comedo,Melaleuca Alternifolia (Tea Tree) Leaf Oil,ARGANICARE Tea Tree Oil,https://inkeedecoder.com/products/arganicare-tea-tree-oil
comedo,Melaleuca Alternifolia,Advanced Clinicals Tea Tree Oil,https://inkeedecoder.com/products/advanced-clinicals-tea-tree-oil
comedo,"Melaleuca Alternifolia Leaf Oil, Limonene, Rosmarinus Officinalis Leaf Extract",Aizen Acnefique Cream V2.0,https://inkeedecoder.com/products/aizen-acnefique-cream-v2-0
comedo,Tea Tree Oil (Melaleuca Oil),Akren Liquid Cleanser For Combined And Oily Skin,https://inkeedecoder.com/products/akren-liquid-cleanser-for-combined-and-oily-skin
comedo,"Tea Tree Oil, Vitamin E, Aloe Vera, Peppermint, Honey, Rosemary Oil, Sweet Almond Oil, Sunflower Seed Oil, Phenoxyethanol",Alba Botanica Acne Dote Pimple Patches,https://inkeedecoder.com/products/alba-botanica-acne-dote-pimple-patches
comedo,"Tea Tree Oil, Willow Bark Extract, Water, Sodium Lauroyl Methyl Isethionate, Cocamidopropyl Betaine, Glycerin (Vegetable), Glycol Distearate, Glyceryl Caprylate, Vinegar, Olea Europaea (Olive) Fruit Oil",Alejon Perin Facial Toner,https://inkeedecoder.com/products/alejon-perin-facial-toner
comedo,"Tea Tree Oil, Aloe Vera Extract, Licorice Extract, Rosemary Extract, Calendula Extract, Salicylic Acid, Glycolic Acid, Mandelic Acid, Maleic Acid, Azelaic Acid",Aloe Pura Aloe Vera Gel With Antiseptic Tea Tree Oil,https://inkeedecoder.com/products/aloe-pura-aloe-vera-gel-with-antiseptic-tea-tree-oil
comedo,"Tea Tree Oil, Shea Butter, Aloe Vera, Almond Oil, Vitamin E, Jojoba Oil, Olive Oil, Fresh Milk, Egms, Cetyl Alcohol",Aloe Vera Australia Aloe Vera Massage Treatment,https://inkeedecoder.com/products/aloe-vera-australia-aloe-vera-massage-treatment
comedo,"Tea Tree Oil, Eucalyptus Oil, Peppermint Oil, Vitamin E, Aloe Vera (Usda Organic), Triethanolamine, Allantoin, Disodium Laureth Sulfosuccinate, Sodium Lauroyl Sarcosinate, Acrylates Copolymer",Apotheke Skin Doctor For Women,https://inkeedecoder.com/products/apotheke-skin-doctor-for-women
comedo,"Certified Organic *Tea Tree (Melaleucs Alternifolia) Oil, *Peppermint (Mentha Piperita) Oil, *Eucalyptus (Eucalyptus Officinalis) Oil, *Rosemary (Rosmarinus Officinalis) Oil, (*Nettle) Urtica Dioica Oil, *Thyme (Thymus Vulgaris) Oil, *Chamomile (Anthemis Nobilis Flower), (Soybean Protein) Glycine Soja Extract (Aqueous), Menthol, Sodium Cocoyl Glutamate",Avarelle Cosmetics Acne Cover Patch Original 40,https://inkeedecoder.com/products/avarelle-cosmetics-acne-cover-patch-original-40
comedo,"Melaleuca Alternifolia (Tea Tree Oil), Allantoin, Vitis Vinifera (Grape Seed), Aloe Barbadensis (Aloe Vera), Rosa (Rose Extract), Fragaria Ananassa (Strawberry) Extract, Citrullus Vulgaris (Watermelon Fruit Extract), Base Q.S",Breylee Acne Scar Removal Gel,https://inkeedecoder.com/products/breylee-acne-scar-removal-gel
comedo,"Melaleuca Alternifolia (Tea Tree) Leaf Oil, Rosmarinus Officinalis (Rosemary) Leaf Extract, Chamomilla Recutita (Chamomile) Flower Extract, Aloe Barbadensis (Aloe Vera) Leaf Juice, Tocopherol (Vitamin E), Maris Sal (Dead Sea Salt), Salicylic Acid, Zinc Oxide",Care Science Natural Wound Gel With Tea Tree,https://inkeedecoder.com/products/care-science-natural-wound-gel-with-tea-tree
comedo,"Melaleuca Alternifolia (Tea Tree) Leaf Oil, Gamma-Terpinene, Myrcene, Cineole, Terpinolene, Alpha-Pinenes, Alpha-Terpineol, Beta-Caryophyllene",Cota Skin Cbd Cream,https://inkeedecoder.com/products/cota-skin-cbd-cream
comedo,Melaleuca Alternifolia (Tea Tree) Leaf Oil,DAX Supergro For Men,https://inkeedecoder.com/products/dax-supergro-for-men
comedo,"Ethanol, Melaleuca Alternifolia (Tea Tree) Leaf Oil, Salicylic Acid, Tocopheryl Acetate, Hydrolyzed Hyaluronic Acid, Niacinamide, Oligopeptide-76, Sodium Hydroxide",A-Ret Tretinoin 0.1%,https://inkeedecoder.com/products/a-ret-tretinoin-0-1
comedo,"Hydrocolloid, Melaleuca Alternifolia (Tea Tree) Leaf Oil, Melaleuca Alternifolia (Tea Tree) Extract, Centella Asiatica Extract",A-Ret Tretinoin Gel 0.05%,https://inkeedecoder.com/products/a-ret-tretinoin-gel-0-05
comedo,"Simmondsia Chinensis (Jojoba) Seed Oil, Melaleuca Alternifolia (Tea Tree) Leaf Oil",ASSOS Tre® %0.05 Krem,https://inkeedecoder.com/products/assos-tre-r-0-05-krem
comedo,"Caprylic/​Capric Triglyceride, Melaleuca Alternifolia (Tea Tree) Leaf Oil, Tocopherol, Avena Sativa (Oat) Kernel Oil, Oryza Sativa (Rice) Bran Extract, Helianthus Annuus (Sunflower) Extract, Rosmarinus Officinalis (Rosemary) Leaf Extract, Limonene, Linalool",Abdiibrahim Acnelyse,https://inkeedecoder.com/products/abdiibrahim-acnelyse
comedo,"Water, Melaleuca Alternifolia (Tea Tree) Leaf Oil, Niacinamide, PEG/​PPG-14/​7 Dimethyl Ether, Bacopa Monniera Extract, Potassium Azeloyl Diglycinate, Alcohol, Sodium Hyaluronate, Polyglutamic Acid, Quaternium-73",Acnelyse Tretinoin %0.025,https://inkeedecoder.com/products/acnelyse-tretinoin-0-025
comedo,"Dead Sea Salts, Tea Tree Oil, Vitamin E, Glycerin, Vitamin C, Citric Acid, Thyme Extract, Licorice Extract, Salicylic Acid, Panthenol",Acnelyse Tretinoin %0.05,https://inkeedecoder.com/products/acnelyse-tretinoin-0-05
comedo,"Hydrocolloid Dressing With, Melaleuca Alternifolia (Tea Tree) Leaf Oil, Hamamelis Virginiana (Witch Hazel) Water, Lens Esculenta (Lentil) Fruit Extract, Petroselinum Sativum (Parsley) Extract",Acretin 0.05% Tretinoin Cream,https://inkeedecoder.com/products/acretin-0-05-tretinoin-cream
comedo,"Aqua, Tea Tree Oil, Aloe Vera Oil, Provitamin B5, Chamomile Oil, Rose Water, Panthenol, Vit E, Vit C, Niacinamide",Acretin Tretinoin 0.025% Cream,https://inkeedecoder.com/products/acretin-tretinoin-0-025-cream
comedo,"Aloe Barbadensis (Aloe Vera) Leaf Juice, Melaleuca Alternifolia (Tea Tree) Leaf Oil, Polysorbate 20, Acrylates/​C10-30 Alkyl Acrylate Crosspolymer, Sodium Phytate, Sodium Hydroxide, Phenoxyethanol, Potassium Sorbate, Benzoic Acid, Limonene","Actavis Pharma, Inc. Actavis Tretinoin Cream, USP 0.025%",https://inkeedecoder.com/products/actavis-pharma-inc-actavis-tretinoin-cream-usp-0-025
comedo,"Aloe Vera Gel, Australian Tea Tree Oil, Eucalyptus Oil, Peppermint Oil, Methyl Salicylate, Allantoin",Airol cream 0.5 Airol Cream,https://inkeedecoder.com/products/airol-cream-0-5-airol-cream
comedo,"Cymbopogon Flexuosus Oil, Melaleuca Alternifolia, Pelargonium Graveolens, Boswellia Carterii, Cymbopogon Nardus, Cananga Odorata, Chamaemelum Nobile, Lavandula Angustifolia, Camellia Sinensis, Rosa Virginiana",Airol cream 0.5 Tretinoina,https://inkeedecoder.com/products/airol-cream-0-5-tretinoina
comedo,"Hydrocolloid (Hydrogenated Styrene/​Butadiene Copolymer, Cellulose Gum, Sodium Carboxymethyl Starch), Melaleuca Alternifolia (Tea Tree) Leaf Oil, Calendula Officinalis Flower Oil, Madecassic Acid","Andrómaco Hidrosam T 0,010%",https://inkeedecoder.com/products/andromaco-hidrosam-t-0-010
comedo,"Aqua, Tea Tree Oil, Salicylic Acid, Glycerin, Ethylhexylglycerin, Arbutin, Nicotinamide, Glycyrrhiza Inflata Root Extract, Sophora Angustifolia Root Extract, Centella Asiatica Extract","Andrómaco Hidrosam T 0,025%",https://inkeedecoder.com/products/andromaco-hidrosam-t-0-025
comedo,"Water, Melaleuca Alternifolia (Tea Tree) Leaf Oil, Glycerin, Propylene Glycol, Diazolidinyl Urea, Methylparaben, Propylparaben, Triethanolamine, Carbomer, Acrylates/​C10-30 Alkyl Acrylate Crosspolymer","Andrómaco Hidrosam T 0,050%",https://inkeedecoder.com/products/andromaco-hidrosam-t-0-050
comedo,"Aqua, Tea Tree Oil, Retinol, Rose Extract, Shea Butter, Collagen, Rosehip Seed Oil, Olive Oil, Burdock, Milk Thistle","Andrómaco Hidrosam T 0,100%",https://inkeedecoder.com/products/andromaco-hidrosam-t-0-100
comedo,"Petrolatum, Melaleuca Alternifolia (Tea Tree) Oil, Prunus Amygdalus (Sweet Almond) Dulcis Oil, Persea Gratissima (Avocado) Oil, Helianthus Annuus (Sunflower) Seed Oil, Simmondsia Chinensis (Jojoba) Seed Oil, Sesamum Indicum (Sesame) Seed Oil, Triticum Vulgare (Wheat) Germ Oil, Carthamus Tinctorius (Safflower) Seed Oil, Gossypium Herbaceum (Cotton) Seed Oil",Apostrophe Tretinoin,https://inkeedecoder.com/products/apostrophe-tretinoin
comedo,melaleuca-alternifolia-leaf-oil,Apoteka Dona Hidrofilni Krem Sa Tretinoinom 0.05%,https://inkeedecoder.com/products/apoteka-dona-hidrofilni-krem-sa-tretinoinom-0-05
comedo,"Tretinoin, Propylene Glycol, Isopropanol, Carbomer, Triethanolamine, Butylated Hydroxytoluene, Methyl Hydroxybenzoate, Propyl Hydroxybenzoate",Avalon Pharma Avotin-a,https://inkeedecoder.com/products/avalon-pharma-avotin-a
comedo,"Tretinoin, PEG-4 Olivate, Olive Oil PEG-7 Esters, Methyl Hydroxybenzoate, Propyl Hydroxybenzoate, Propylene Glycol, Silicon Oil, Caprylic/​Capric Triglyceride, Carbomer, Triethanolamine","Bailleul Laboratories Tretin® %0,05 Krem",https://inkeedecoder.com/products/bailleul-laboratories-tretin-r-0-05-krem
comedo,"Retinoic Acid Tretinoin (0.5), Isopropyl Myristate, Carbopol 974 Polymer, Polysorbate 80, Glycerol, Triglyceride, Light Liquid Vaseline, Butylated Hydroxytoluene, Butylated Hydroxy Anisole, Methylparaben",Bausch Health Retin-A Micro (0.04%),https://inkeedecoder.com/products/bausch-health-retin-a-micro-0-04
comedo,"Tretinoin, Cetyl Alcohol, Stearyl Alcohol, Tween 60, Sorbitan Monostearate, Methylparaben, Propylparaben, BHT, Propylene Glycol, Deionized-Water",Bausch Health Retin-a Cream 0.05%,https://inkeedecoder.com/products/bausch-health-retin-a-cream-0-05
comedo,"Tretinoin (0.025), Butylhydroxytoluene (E321), Cetyl Alcohol, Methyl Parahydroxybenzoate (E218), Propyl Parahydroxybenzoate (E216), Propylene Glycol, Stearyl Alcohol",Bausch Health Retin-a Micro (tretinoin) Gel Microsphere 0.1%,https://inkeedecoder.com/products/bausch-health-retin-a-micro-tretinoin-gel-microsphere-0-1
comedo,"Tretinoin (0, 05%), Butylhydroxytoluene (E321), Paraffin (Vaseline Flant), Polysorbate 60, Cetyl Alcohol, Methyl Parahydroxybenzoate (E218), Propyl Parahydroxybenzoate (E216), Propylene Glycol, Sorbitan Stearate (Span 60)",Bausch Health Vitamin A Acid Gel (0.05%),https://inkeedecoder.com/products/bausch-health-vitamin-a-acid-gel-0-05
comedo,"Tretinoin (0.05%), Polyoxyl 40 Stearate, Stearyl Alcohol, Isopropyl Myristate, Stearic Acid, BHT, Sorbic Acid, Xanthan Gum, Purified Water",CCSD Rx Reverse Tretinoin 0.05%,https://inkeedecoder.com/products/ccsd-rx-reverse-tretinoin-0-05
comedo,"Tretinoin (0.025%), Stearyl Alcohol, Isopropyl Myristate, Propylene Glycol, Polysorbate 60, Sorbitan Monostearate, Glycerin, Carbomer, Edetate Disodium, Methylparaben",CTS CHEMICAL INDUSTRIES Ret-Avit Cream 0.05%,https://inkeedecoder.com/products/cts-chemical-industries-ret-avit-cream-0-05
comedo,"Tretinoin (0.025%), Stearic Acid, Polyolprepolymer-2, Isopropyl Myristate, Polyoxyl 40 Stearate, Propylene Glycol, Stearyl Alcohol, Xanthan Gum, Sorbic Acid, Butylated Hydroxytoluene",CTS CHEMICAL INDUSTRIES Ret-Avit Gel 0.05%,https://inkeedecoder.com/products/cts-chemical-industries-ret-avit-gel-0-05
comedo,"Tretinoin (0.5 Mg), Butylhydroxyanisole (E320) (X)",Cantabria Labs Neocare 4mg/g cream,https://inkeedecoder.com/products/industrial-farmaceutica-cantabria-neocare
comedo,"Tretinoin, Glycerol Stearate, Ceteareth-20, Sorbitol Solution (70%), Cetyl Esters Wax, Phytosqualene, Butylhydroxyanisole (E320), Disodium Edetate, Magnesium Sulfate Heptahydrate, Benzoic Acid (E210)",Cantabria Labs Retincare,https://inkeedecoder.com/products/cantabria-labs-retincare
comedo,"Tretinoin (0.01%), Soluble Collagen, Elastin, Glyceryl Monostearate, Cetyl Alcohol, Stearyl Alcohol, Octyldodecanol, Methyl Paraben, Propyl Paraben, Carbopol","Cassará Neotretin M Tretinoína 0,025%",https://inkeedecoder.com/products/cassara-neotretin-m-tretinoina-0-025
comedo,"Tretinoin (0.025%), Soluble Collagen, Elastin, Glyceryl Monostearate, Cetyl Alcohol, Stearyl Alcohol, Octyldodecanol, Methyl Paraben, Propyl Paraben, Carbopol",Cordes Vas,https://inkeedecoder.com/products/cordes-vas
comedo,"Tretinoin (0, 05%), Soluble Collagen, Elastin, Glyceryl Monostearate, Cetyl Alcohol, Stearyl Alcohol, Octyldodecanol, Methyl Paraben, Propyl Paraben",Cordes Vas Creme (0.05 Tretinoin),https://inkeedecoder.com/products/cordes-vas-creme-0-05-tretinoin
comedo,"Tretinoin (0, 1%), Soluble Collagen, Elastin, Glyceryl Monostearate, Cetyl Alcohol, Stearyl Alcohol, Octyldodecanol, Methyl Paraben, Propyl Paraben",Dar Al Dawa Smooderm,https://inkeedecoder.com/products/dar-al-dawa-smooderm
comedo,"Tretinoin (0.025% - 0.1%), Niacinamide (4%), Butylated Hydroxytoluene, C12-15 Alkyl Benzoate, Caprylic/​Capric Triglycerides, Cetyl Alcohol, Ethylhexylglycerin, Glycerin Usp, Glyceryl Stearate, Hydroxyethyl Acrylate/​Sodium Acryloyldimethyl Taurate Copolymer",DermaXP Reticor (tretinoin) cream,https://inkeedecoder.com/products/dermaxp-reticor-tretinoin-cream
comedo,"Tretinoin (0.05%), Aqua, Petrolatum, Propylene Glycol, Caprylic/​Capric Triglyceride, Ceteareth-20, Cetyl Alcohol, Glyceryl Stearate SE, Paraffinum Liquidum, Butylhydroxytoluene",DermaXP Reticor (tretinoin) gel,https://inkeedecoder.com/products/dermaxp-reticor-tretinoin-gel
comedo,"Tretinoin, Ceteareth-6, Stearyl Alcohol, Ceteareth-25, Glyceryl Mono Sterate, Cetyl Alcohol, Vaseline, Yellow 1, Beeswax, Cetearyl Octanoate",Dermatica 0.1% Tretinoin Cream,https://inkeedecoder.com/products/dermatica-0-1-tretinoin-cream
comedo,"Retinoic Acid (Tretinoin), Isopropyl Myristate, Carbopol Polymer, Polysorbate 80, Miglyol, Glycerol, Paraffinum Liquidum, Butylated Hydroxytoluene, Butylated Hydroxy Anisole, Methylparaben",Dermatica Tretinoin 0.025% + Niacinamide 4%,https://inkeedecoder.com/products/dermatica-tretinoin-0-025
comedo,"Tretinoin (0.04%), Purified Water, Carbomer, Glycerin, Disodium EDTA, Propylene Glycol, Propylene Glycol Dicaprylate/​Dicaprate, Sorbic Acid, PPG-20 Methyl Glucose Ether Distearate, Cyclomethicone",Dermatica Tretinoin 0.05% - Azelaic Acid 15% - Tranexamic Acid 5%,https://inkeedecoder.com/products/dermatica-tretinoin-0-05-azelaic-acid-15-tranexamic-acid-5
comedo,"Tretinoin, Butylhydroxytoluene, Isopropyl Myristate, Polyoxyl 40 Stearate, Stearic Acid, Stearyl Alcohol, Sorbic Acid, Xanthan Gum, Purified Water",Dermatica Tretinoin 0.05% And Niacinamide 4%,https://inkeedecoder.com/products/dermatica-tretinoin-0-05-and-niacinamide-4
comedo,"Tretinoin (0.1%), Water, Carbomer (0.1%), Glycerin, Disodium EDTA, Propylene Glycol, Sorbic Acid, PPG-20 Methyl Glucose Ether Distearate, Dimethicone/​Methicone Copolymer, Benzyl Alcohol",Dermatica Tretinoin 0.1%,https://inkeedecoder.com/products/dermatica-tretinoin-0-1
comedo,"Tretinoin (0.05%), Alcohol (95%), Carboxyvinyl Polymer, Carbopol 980, Carbomer, Isopropyl Alcohol, Propylene Glycol, Purified Water, Trolamine","Dermatica Tretinoin, Niacinamide 4%, Azelaic Acid 4%",https://inkeedecoder.com/products/dermatica-tretinoin-niacinamide-4-azelaic-acid-4
comedo,"Retinoic Acid (0.05%), Water, Caprylic/​Capric Triglycerides, Stearyl Alcohol, Stearic Acid, Glyceryl Stearate, PEG-100 Stearate, Diisopropyl Dimer Dilinoleate, Aluminum, Magnesium Silicate",Farmacia cu Traditie Tretinoin 0.025% Cream And Moisture Complex,https://inkeedecoder.com/products/farmacia-cu-traditie-tretinoin-0-025-cream-and-moisture-complex
comedo,"Tretinoin (0.05%), Butylated Hydroxytoluene, Cetomacrogol 1000, Lanolin Anhydrous, Glyceryl Monostearate Se, Cetostearyl Alcohol, Oleic Acid Decylester, Dimethicone 350, Sorbitol Solution (70%), Sorbic Acid",Felix Retinoid +,https://inkeedecoder.com/products/felix-retinoid
comedo,"Tretinoin (0.05%), Cremophor Rh 40, Softigen 767, Carbomer 940, Butylated Hydroxytoluene, Methyl Dihydroxybenzoate, Sodium Propyl Hydroxybenzoate, Sodium Hydroxide, Hydrochloric Acid, Isopropyl Alcohol",GSK Stieva-A Cream,https://inkeedecoder.com/products/gsk-stieva-a
comedo,"Tretinoin, C12-20 Acid PEG-8 Ester, Cetyl Alcohol, Glycerin, Propylene Glycol, BHT, Ascorbyl Palmitate, Glyceryl Stearate, Citric Acid, Methyl Parahydroxybenzoate (E-219)",Galderma Twyneo 0.1%/3% cream,https://inkeedecoder.com/products/galderma-twyneo-0-1-3-cream
comedo,"Ácido Retinoico, Ácido Glicólico, Propylene Glycol, PEG-7 Glyceryl Cocoate, Aminomethyl Propanol, Hydroxyethylcellulose, Polyvinyl Alcohol, Imidazolidinyl Urea, Disodium EDTA, BHT",Hedge & Hedge Pharmaceutical LLP Tretinoin Cream USP,https://inkeedecoder.com/products/hedge-hedge-pharmaceutical-llp-tretinoin-cream-usp
comedo,"Tretinoin (0.025%), Gluconolactone (4%), Ethylhexyl Methoxycinnamate, Polydimethylsiloxane, Cetyl Alcohol, Ceramide, Cholesterol, Disodium EDTA, Perfume, Sodium Hydroxide",ITF-Labomed Dermodan Tretinoina 0.025%,https://inkeedecoder.com/products/itf-labomed-dermodan-tretinoina-0-025
comedo,"Tretinoin, Butylated Hydroxytoluene, Beryl Perfume Oil, Cetyl Stearyl Alcohol, Trispolyoxyethylenephosphate, Citric Acid Monohydrate, Glyceryl Monostearate, Isopropyl Myristate, Palmitoyl Ascorbic Acid, Macrogol-7-Glycerol Cocoate",Jamjoom Pharma Acretin 0.05% Cream,https://inkeedecoder.com/products/jamjoom-pharma-acretin-0-05-cream
comedo,"Tretinoin, Butylated Hydroxytoluene, Cetyl Stearyl Alcohol, Citric Acid, Glycerin Monostearate, Isopropyl Myristate, Ascorbyl Palmitate, PEG-7 Glyceryl Cocoate, Propylene Glycol, Sorbitan Stearate",Janssen Retin A Micro Gel 0.04%,https://inkeedecoder.com/products/janssen-retin-a-micro-gel-0-04
comedo,"Tretinoin (0.05%), Isopropanol, Propylene Glycol, Cetyl Alcohol, Sorbitan Monostearate, Polysorbate 20, Butylated Hydroxy Anisole, Triethanolamine, Carbomer, Benzyl Alcohol",Janssen Retin-a Tretinoina Crema 0.05%,https://inkeedecoder.com/products/janssen-retin-a-tretinoina-crema-0-05
comedo,"Tretinoin (0.025%, 0, 05%, 1%), Cetostearyl Alcohol, Stearyl Alcohol, Isopropyl Myristate, Polysorbate 60, Sorbitan Stearate, Butylated Hydroxytoluene",Janssen Pharmaceuticals Retino-A Tretinoin Cream U.S.P. 0.05%,https://inkeedecoder.com/products/janssen-retino-a-tretinoin-cream-u-s-p-0-05
comedo,"Tretinoin (0.05%, 0.1%), Purified Water, Diisopropyl Adipate, Propylene Glycol, Acrylates/​C10-30 Alkyl Acrylate Crosspolymer, BHT, Methylparaben, Sodium Hydroxide",MUAC 18% Tca At Home Peel,https://inkeedecoder.com/products/muac-18-tca-at-home-peel
comedo,"Tretinoin (0.1%), Purified Water, Carthamus Tinctorius Oleosomes, Polyacrylate-13, Polyisobutene, Sodium Carbomer, Polysorbate 20, Tocopheryl Acetate, Benzoic Acid (0.1%), Sorbic Acid (0.1%)",Matte Trichloroacetic Acid (TCA) 100%,https://inkeedecoder.com/products/matte-trichloroacetic-acid-tca-100
comedo,"Tretinoin (0.025%), Niacinamide (4%), Aqua, Propylene Glycol, Glycerin, Cetyl Alcohol, Glyceryl Stearate, PEG-75 Stearate, Isohexadecane, Isododecane",Med Biorepeel,https://inkeedecoder.com/products/med-biorepeel
comedo,"Tretinoin, Azelaic Acid, Tranexamic Acid, Purified Water, Propylene Glycol, Glycerin, Panthenol, Cetyl Alcohol, Glyceryl Stearate, Isohexadecane",Promoitalia Pqage Evolution - Gel,https://inkeedecoder.com/products/promoitalia-pqage-evolution-gel
comedo,"Tretinoin, Niacinamide, Purified Water, Propylene Glycol, Glycerin, Panthenol, Cetyl Alcohol, Glyceryl Stearate, Isohexadecane, Isododecane",Skin Peel Shop Trichloroacetic Acid (TCA) Peel,https://inkeedecoder.com/products/skin-peel-shop-trichloroacetic-acid-tca-peel
comedo,"Tretinoin, Niacinamide, Purified Water, Propylene Glycol, Glycerin, Panthenol, Cetyl Alcohol, Glyceryl Stearate, Isohexadecane, Isododecane",dermalure Trichloroacetic Acid (TCA) 25%,https://inkeedecoder.com/products/dermalure-trichloroacetic-acid-tca-25
comedo,"Tretinoin, Niacinamide, Azelaic Acid, Purified Water, Carthamus Tinctorius Oleosomes, Propylene Glycol, Glycerin, Panthenol, Polyacrylate-13, Polyisobutene",dermalure Trichloroacetic Acid (TCA) 10%,https://inkeedecoder.com/products/dermalure-trichloroacetic-acid-tca-10
comedo,"Tretinoin, Aqua, Glycerin, Coco-Caprylate, Cetearyl Olivate, Sorbitan Olivate, Glyceryl Stearate, Stearic Acid, Caprylic/​Capric Triglycerides, Sodium PCA",dermalure Trichloroacetic Acid (TCA) 15%,https://inkeedecoder.com/products/dermalure-trichloroacetic-acid-tca-15
comedo,"Tretinoin (0.025%), Clindamycin (1%), Niacinamide (4%), Dimethicone, Caprylyl Methicone, PEG-12 Dimethicone/​PPG-20 Crosspolymer, Butyrospermum Parkii (Shea) Butter, Polysilicone-11, Tocopheryl Acetate",dermalure Trichloroacetic Acid (TCA) 20%,https://inkeedecoder.com/products/dermalure-trichloroacetic-acid-tca-20
comedo,"Tretinoin, Butylated Hydroxy Anisole, Butylated Hydroxytoluene, Ethylenediaminetetraacetic Acid Disodium Salt, Isopropyl Palmitate, Methyl Paraben, Polyoxyl 40 Stearate, Propyl Paraben, Propylene Glycol, Purified Water",dermalure Trichloroacetic Acid (TCA) 30%,https://inkeedecoder.com/products/dermalure-trichloroacetic-acid-tca-30
comedo,"Tretinoin (0.1%), Benzoyl Peroxide (3%), Anhydrous Citric Acid, Butylated Hydroxytoluene, Carbomer Homopolymer Type C, Cetrimonium Chloride, Cetyl Alcohol, Cyclomethicone, Edetate Disodium, Glycerin",dermalure Trichloroacetic Acid (TCA) 35%,https://inkeedecoder.com/products/dermalure-trichloroacetic-acid-tca-35
comedo,"Tretinoin (0.025%), Sorbic Acid (0.2%), Butylated Hydroxytoluene (0.1%)",dermalure Trichloroacetic Acid (TCA) 40%,https://inkeedecoder.com/products/dermalure-trichloroacetic-acid-tca-40
comedo,"Tretinoin, Disodium Edetate, Methylparaben, Propylparaben, Glycerol, Carbomer 934, Stearic Acid, Stearyl Alcohol, Cetyl Alcohol, Glyceryl Monostearate",dermalure Trichloroacetic Acid (TCA) 45%,https://inkeedecoder.com/products/dermalure-trichloroacetic-acid-tca-45
comedo,"Tretinoin (0.05%), Polyoxyl 40 Stearate, Stearyl Alcohol, Isopropyl Myristate, Stearic Acid, Butylated Hydroxytoluene, Sorbic Acid, Xanthan Gum, Purified Water",dermalure Trichloroacetic Acid (TCA) 5%,https://inkeedecoder.com/products/dermalure-trichloroacetic-acid-tca-5
comedo,"Tretinoin (0.04%), Aqua, Carbomer, Glycerin, Disodium EDTA, Propylene Glycol, Sorbic Acid, PPG-20 Methyl Glucose Ether Distearate, Cyclomethicone, Dimethicone Copolyol",dermalure Trichloroacetic Acid (TCA) 50%,https://inkeedecoder.com/products/dermalure-trichloroacetic-acid-tca-50
comedo,"Tretinoin, Polyoxyl 40 Stearate, Stearyl Alcohol, Stearic Alcohol, Isopropyl Myristate, Butylated Hydroxytoluene, Sorbic Acid, Xanthan Gum, Purified Water",skin obsession Trichloroacetic Acid (TCA) 25%,https://inkeedecoder.com/products/skin-obsession-trichloroacetic-acid-tca-25
comedo,"Tretinoin, PEG-40 Stearate, Stearyl Alcohol, Isopropyl Myristate, BHT, Stearic Acid, Sorbic Acid, Xanthan Gum, Purified Water",Hyaestic TCA 40% Cross Technique & Depth Peel,https://inkeedecoder.com/products/hyaestic-tca-40-cross-technique-depth-peel
comedo,tretinoin,Matte Gentle Peel,https://inkeedecoder.com/products/matte-gentle-peel
comedo,"Trichloroacetic Acid, Glycolic Acid (5%), Lactic Acid (5%), Purified Water, Isopropyl Alcohol, Propylene Glycol, Glycerin Usp, Menthol Crystals, Sodium Chloride, Neolone Pe",Perfect Image 15% TCA Skin Peel,https://inkeedecoder.com/products/perfect-image-15-tca-skin-peel
comedo,"Trichloroacetic Acid, Purified Water",SkinCeuticals Smart Trichloroacetic Acid (TCA) Peel,https://inkeedecoder.com/products/skinceuticals-smart-trichloroacetic-acid-tca-peel
comedo,"Trichloroacetic Acid, Lactobionic Acid, Salicylic Acid, Tartaric Acid, Citric Acid, Vitamin C, Glycine, Proline, Hydroxyproline, Arginine",Wiqo med Prx T33,https://inkeedecoder.com/products/wiqo-med-prx-t33
comedo,"Trichloroacetic Acid, Urea Peroxide, Coenzyme Q10, Kojic Acid",dermalure Red Carpet Peel - Medium,https://inkeedecoder.com/products/dermalure-red-carpet-peel-medium
comedo,"Trichloroacetic Acid, Distilled Water, Vitamin C, Peach Fruit Extract, Cucumis Melo (Muskmelon) Seed Oil, Aloe Vera Leaf Extract, Angelica Keiskei Leaf/​Stem Extract (Ashitaba), Zeaxanthin",dermalure Red Carpet Peel - Mild,https://inkeedecoder.com/products/dermalure-red-carpet-peel-mild
comedo,"Trichloroacetic Acid, Purified Water",dermalure Red Carpet Peel - Potent,https://inkeedecoder.com/products/dermalure-red-carpet-peel-potent
comedo,"Trichloroacetic Acid, Purified Water",dermalure Red Carpet Peel - Potent Plus,https://inkeedecoder.com/products/dermalure-red-carpet-peel-potent-plus
comedo,"Trichloroacetic Acid, Purified Water",Hyaestic TCA 15% Medium Depth Solution Peel,https://inkeedecoder.com/products/hyaestic-tca-15-medium-depth-solution-peel
comedo,"Trichloroacetic Acid, Purified Water",Matte Firming Peel,https://inkeedecoder.com/products/matte-firming-peel
comedo,"Trichloroacetic Acid, Purified Water",Matte Jessner Solution (Modified) 14%,https://inkeedecoder.com/products/matte-jessner-solution-modified-14
comedo,"Trichloroacetic Acid (Tca), Purified Water",Matte Pigment Control - Sepiwhite 2%,https://inkeedecoder.com/products/matte-pigment-control-sepiwhite-2
comedo,"Trichloroacetic Acid (Tca), Purified Water",Matte Beauty Vitamin C 20% & TCA 3%,https://inkeedecoder.com/products/matte-beauty-vitamin-c-20-tca-3
comedo,"Trichloroacetic Acid (Tca), Purified Water",Perfect Image RevitaBoost Peel Pads 35%,https://inkeedecoder.com/products/perfect-image-revitaboost-peel-pads-35
comedo,"Trichloroacetic Acid, Purified Water",Perfect Image Revitaboost Peel Pads,https://inkeedecoder.com/products/perfect-image-revitaboost-peel-pads
comedo,"Trichloroacetic Acid (Tca), Purified Water",Platinum Skin Care Tca Peel,https://inkeedecoder.com/products/platinum-skin-care-tca-peel
comedo,"Trichloroacetic Acid, Dd Water",Platinum Skincare Certified Trichloroacetic (TCA) Acid Peel,https://inkeedecoder.com/products/platinum-skincare-certified-trichloroacetic-tca-acid-peel
comedo,"Aqua (Water), Trichloroacetic Acid",ClearChoice TCA Moisture Peel,https://inkeedecoder.com/products/clearchoice-tca-moisture-peel
comedo,"Water, Trichloroacetic Acid (Tca), Kojic Acid, Lactic Acid, Hydrolyzed Oat Protein, Ethyl Ascorbic Acid, Alpha-Arbutin",Environ Cool Peel Acm 1,https://inkeedecoder.com/products/environ-cool-peel-acm-1
comedo,"Deionized Water, Trichloroacetic Acid, Sd Alcohol 1, Salicylic Acid, Hydroxyethylcellulose, Octoxynol-10, Cucumis Sativus (Cucumber) Fruit Extract, Camellia Sinensis Leaf (Green Tea) Leaf Extract, Matricaria Recutita (Chamomile) Flower Extract, Symphytum Officinale (Comfrey) Leaf Extract",HEDO Glow Peel Pads,https://inkeedecoder.com/products/hedo-glow-peel-pads
comedo,"Aqua/​Water, Trichloroacetic Acid, Glycolic Acid, Sodium Lauryl Sulfate, Citric Acid",Matte Hybrid Peel,https://inkeedecoder.com/products/matte-hybrid-peel
comedo,"Hydrogen Peroxide, Trichloroacetic Acid (Tca), Kojic Acid",Perfect Image Anti-Aging Resurfacing Cleanser,https://inkeedecoder.com/products/perfect-image-anti-aging-resurfacing-cleanser
comedo,"Retinaldehyde (Retinal), Trichloroacetic Acid (Tca), Beta Hydroxy Acids (BHA), Phenol",Stacked skincare TCA Lactic & Glycolic Face Peel,https://inkeedecoder.com/products/stacked-skincare-tca-lactic-glycolic-face-peel
comedo,"Retinaldehyde (Retinal), Trichloroacetic Acid (Tca), Beta Hydroxy Acids (BHA), Phenol",Marc medical Peppermint Peel,https://inkeedecoder.com/products/marc-medical-peppermint-peel
comedo,"Retinaldehyde (Retinal), Trichloroacetic Acid (Tca), Beta Hydroxy Acids (BHA), Phenol",Niacinamide 10 Serum Cos De BAHA,https://inkeedecoder.com/products/cos-de-baha-niacinamide-10-serum
comedo,"Retinaldehyde (Retinal), Trichloroacetic Acid (Tca), Beta Hydroxy Acids (BHA), Phenol, Kojic Acid, Glutathione, Tranexamic Acid, Azelaic Acid",Niacinamide 10% + Zinc 1% The Ordinary,https://inkeedecoder.com/products/the-ordinary-niacinamide-10-zinc-1-serum1
dark spots,"Aqua (Water), Sd Alcohol 40-B, Trichloroacetic Acid, Creatine, Arctostaphylos Uva-Ursi Leaf Extract, Camellia Sinensis Leaf Extract, Glycyrrhiza Glabra (Licorice) Root Extract, Yeast Extract, Magnesium Ascorbyl Phosphate, Phytic Acid",Enlighten Skin Brightener Spf35 Neostrata,https://inkeedecoder.com/products/neostrata-enlighten-skin-brightener-spf35
dark spots,"Lactic Acid, Alcohol Denat, Trichloroacetic Acid, Citric Acid, Xanthan Gum",Enlighten Skin Brightener Spf35 Neostrata,https://inkeedecoder.com/products/neostrata-enlighten-skin-brightener-spf35
dark spots,"Lactic Acid, Salicylic Acid, Trichloroacetic Acid, Alcohol",Lab. Restoring Brightening Serum Purid,https://inkeedecoder.com/products/purid-lab-restoring-brightening-serum
dark spots,"Purified Water, Undecylenoyl Phenylalanine, Trichloroacetic Acid, Ascorbyl Glucoside, Hyaluronic Acid, Vitamin B3 Niacinamide, Glycerin",Alpha Arbutin Brightening Serum The Inkey List,https://inkeedecoder.com/products/inkey-list-alpha-arbutin
dark spots,"Purified Water, Sodium Ascorbyl Phosphate (Sap), Trichloroacetic Acid (Tca), Vitamin B3, Niacinamide, Citric Acid, Ferulic Acid, Bilberry Extract, Sugar Cane Extract, Sugar Maple Extract",Ascorbic Acid 8% + Alpha Arbutin 2% The Ordinary,https://inkeedecoder.com/products/the-ordinary-ascorbic-acid-8-alpha-arbutin-2
dark spots,"Deionized Water, Glycolic Acid, Trichloroacetic Acid, Propylene Glycol, Mandelic Acid, Malic Acid, Citric Acid, Cananga Odorata Flower Oil (Ylang-Ylang), Aspalathus Linearis Leaf (Rooibos) Extract, Achillea Millefolium (Yarrow) Extract",Azelaic Acid Derma Forte,https://inkeedecoder.com/products/derma-forte-azelaic-acid
dark spots,"Deionized Water, Glycolic Acid, Trichloroacetic Acid, Propylene Glycol, Mandelic Acid, Malic Acid, Citric Acid, Cananga Odorata Flower Extract, Aspalathus Linearis Leaf (Rooibos) Extract, Achillea Millefolium (Yarrow) Extract",Azelaic Acid Control Facial Acne Gel Aisuanis,https://inkeedecoder.com/products/aisuanis-empowerment-azelaic-acid-control-facial-acne-gel
dark spots,"Purified Water, Sd Alcohol 40, Trichloroacetic Acid, Propylene Glycol, Citric Acid, Lactic Acid, Sodium Lactate, Glycine, Fructose, Urea",Empowerment Azelaic Acid Sebamed Clear Face Facial Cream Aisuanis,https://inkeedecoder.com/products/aisuanis-empowerment-azelaic-acid-sebamed-clear-face-facial-cream
dark spots,"Purified Water, Sd Alcohol 40, Trichloroacetic Acid, Propylene Glycol, Mandelic Acid, Lactic Acid, Sodium Lactate, Glycine, Fructose, Urea",Professional 10% Azelaic Acid Face Serum Bielenda,https://inkeedecoder.com/products/bielenda-professional-10-azaleic-acid-face-serum
dark spots,"Purified Water (Aqua), Certified Organic Aloe Vera Gel, Usp Glycerin, Trichloroacetic Acid, Vitamin B5, L-Carnosine, Vitamin E, Lecithin, Retinyl Palmitate (Vitamin A), Sodium Hyaluronate",Azelaic Acid 10% Serum Cos De BAHA,https://inkeedecoder.com/products/cos-de-baha-azelaic-acid-10-serum
dark spots,"Aqua, Glyceryl Stearate, Peg-100 Stearate, Trichloroacetic Acid, Propylene Glycol, Xantham Gum, Disodium Edta",Flawless Brightly Serum Dr Sam Bunting,https://inkeedecoder.com/products/dr-sam-bunting-flawless-brightly-serum
dark spots,"Purified Water (Aqua), Certified Organic Aloe, Green Tea (Japanese), Trichloroacetic Acid, Glycolic Acid, Lactic Acid, Salicylic Acid, Mandelic Acid, Methyl Cellulose, Phytic Acid",Azelaic Acid Suspension 10% The Ordinary,https://inkeedecoder.com/products/the-ordinary-azelaic-acid-suspension-10
dark spots,"Water, Kojic Acid, Lactic Acid, Hydrolyzed Oat Protein, Ethyl Ascorbic Acid, Trichloroacetic Acid",Flawless Neutralising Gel Dr. Sam Bunting Skincare,https://inkeedecoder.com/products/dr-sam-bunting-skincare-flawless-neutralising-gel
dark spots,"Deionized Water, Sodium C14-16 Alpha Olefin Sulfonate, Glycolic Acid, Cocamidopropyl Betaine, Acrylates Copolymer, Trichloroacetic Acid, Malic Acid, Citric Acid, Glycol Stearate Se, Glycol Distearate",Flawless Nightly Serum Dr. Sam Bunting Skincare,https://inkeedecoder.com/products/dr-sam-bunting-skincare-flawless-nightly-serum
dark spots,"Water (Aqua), Glycolic Acid, Lactic Acid, Sd Alcohol 40-B, Propanediol, Sodium Hydroxide, Glycerin, Trichloroacetic Acid, Salicylic Acid, Turmeric",Flawless Brightly Serum Dr Sam Bunting,https://inkeedecoder.com/products/dr-sam-bunting-flawless-brightly-serum
dark spots,"Palmitoyl Hexapeptide-19, Tetrasodium Glutamate Diacetate, Betaine, Panthenol, Sodium PCA, Polyquaternium-10, Salicylic Acid, Lactic Acid, Glycolic Acid, Malic Acid",Flawless Nightly Serum Dr. Sam Bunting Skincare,https://inkeedecoder.com/products/dr-sam-bunting-skincare-flawless-nightly-serum
dark spots,"Organic Aloe Barbadensis Leaf Extract (Aloe), Niacinamide 10.0%, Propanediol, Glycerin, 1, 2-Hexanediol, Zinc Pca 1.0%, Sodium Hyaluronate, Allantoin, Dipotassium Glycyrrhizate",1% Bakuchiol Serum Revolution Skincare,https://inkeedecoder.com/products/revolution-skincare-1-bakuchiol-serum
dark spots,"Aqua (Water), Niacinamide 10.0%, Pentylene Glycol, Zinc Pca 1.0%, Dimethyl Isosorbide, Tamarindus Indica Seed Gum, Xanthan Gum, Isoceteth-20, Ethoxydiglycol, Phenoxyethanol",Flawless Neutralising Gel Dr. Sam Bunting Skincare,https://inkeedecoder.com/products/dr-sam-bunting-skincare-flawless-neutralising-gel
dark spots,"Avobenzone 3.0%, Octinoxate 7.5%, Octisalate 5.0%, Aqua/​Water/​Eau, Acetyl Glucosamine 8.0%, Butyloctyl Salicylate, Dimethicone, C12-15 Alkyl Benzoate, Glycerin, Cyclopentasiloxane",SENTÉ Cysteamine Hsa Pigment & Tone Corrector,https://inkeedecoder.com/products/sente-cysteamine-hsa-pigment-tone-corrector
dark spots,"Avobenzone 3.0%, Octinoxate 7.5%, Octisalate 5.0%, Aqua/​Water/​Eau, Acetyl Glucosamine 8.0%, Butyloctyl Salicylate, Dimethicone, C12-15 Alkyl Benzoate, Glycerin, Cyclopentasiloxane",DermDoc Niacinamide And Sodium Hyaluronate Serum,https://inkeedecoder.com/products/dermdoc-niacinamide-and-sodium-hyaluronate-serum
dark spots,"Water, Niacinamide 5.0%, Arbutin 2.0%, Acetyl Glucosamine 2.0%, Bis-Ethoxydiglycol Cyclohexane 1, 4-Dicarboxylate 1.0%, Pentylene Glycol, Butylene Glycol, Sophora Flavescens Root Extract**, Glycyrrhiza Inflata Root Extract**",Cellex-C Skin Hydration Complex,https://inkeedecoder.com/products/cellex-c-skin-hydration-complex
dark spots,"Water, Butylene Glycol, Propanediol, Glycerin, Alpha-Arbutin 2.0%, Dicaprylyl Carbonate, Caprylic/​Capric Triglyceride, Leuconostoc/​Radish Root Ferment Filtrate, Hyaluronic Acid, Phenoxyethanol",Dermalosophy Pigmento New Skin,https://inkeedecoder.com/products/dermalosophy-pigmento-new-skin
dark spots,"Propanediol, Ascorbic Acid 8.0%, Alpha-Arbutin 2.0%",Transparent lab Gentle Rejuvenation Serum,https://inkeedecoder.com/products/transparent-lab-gentle-rejuvenation-serum
dark spots,"Water, Azelaic Acid 20.0%, Ascorbic Acid, Tocopherol, Collagen, Ubiquinone, Carbomer, Squalane, Centella Asiatica Extract, Curcuma Longa Root Extract",Transparent lab Super C Serum,https://inkeedecoder.com/products/transparent-lab-super-c-serum
dark spots,"Aqua, Propylene Glycol, Azelaic Acid 15.0%, Tetrahydroxypropyl Ethylenediamine, Potassium Azeloyl Diglycinate 5.0%, Polyacrylate Crosspolymer-6, Salicylic Acid 2.0%, Lactobionic Acid, Bisabolol, Gluconolactone",Transparent lab Super C Serum: Anti-aging Serum Mit Vitamin C,https://inkeedecoder.com/products/transparent-lab-super-c-serum-anti-aging-serum-mit-vitamin-c
dark spots,"Aqua, Dipropylene Glycol, Cyclopentasiloxane, Azelaic Acid 10.0%, Lauryl PEG-9 Polydimethylsiloxyethyl Dimethicone, Dimethicone, Phenyl Trimethicone, Polyglyceryl-4 Isostearate, Sodium Hydroxide, Squalane",Umoua Polar Lights Extreme Brightening Concentrate Serum,https://inkeedecoder.com/products/umoua-polar-lights-extreme-brightening-concentrate-serum
dark spots,"Aqua (Water), Propylene Glycol, Azelaic Acid 10.0%, Caprylic/​Capric Triglyceride, Stearyl Alcohol, Betaine, Glycerin, Ceteareth-20, Allantoin, Polyacrylate Crosspolymer-6",Conscious Chemist Acne Face Wash,https://inkeedecoder.com/products/concious-chemist-acne-face-wash
dark spots,"Aloe Barbadensis Leaf Extract, Propylene Glycol, Azelaic Acid 10.0%, Polysorbate 20, 1, 2-Hexanediol, Propanediol, Panthenol, Niacinamide, Sodium Hyaluronate 0.2%",Derma-ceutix Hydrating Vitamin Mist,https://inkeedecoder.com/products/derma-ceutix-hydrating-vitamin-mist
dark spots,"Aqua (Water), Azelaic Acid 10.0%, Caprylic/​Capric Triglyceride, Niacinamide 5.0%, Dicaprylyl Carbonate, Ascorbyl Glucoside 2.0%, Cetearyl Alcohol, Glycerin, Glyceryl Stearate SE, Cetearyl Olivate",PHARMACERIS T Azeloacne Azelaic Acid 20% Cream,https://inkeedecoder.com/products/pharmaceris-t-azeloacne-azelaic-acid-20-cream
dark spots,"Aqua (Water), Isodecyl Neopentanoate, Dimethicone, Azelaic Acid 10.0%, Dimethicone/​Bis-Isobutyl PPG-20 Crosspolymer, Dimethyl Isosorbide, Hydroxyethyl Acrylate/​Sodium Acryloyldimethyl Taurate Copolymer, Polysilicone-11, Isohexadecane, Tocopherol",Then I Met You The Giving Essence,https://inkeedecoder.com/products/then-i-met-you-the-giving-essence
dark spots,"Aqua (Water), Propylene Glycol, Ammonium Polyacryloyldimethyl Taurate, Azelaic Acid 5.0%, Squalane 5.0%, Salicylic Acid 2.0%, Glyceryl Stearate, Disodium EDTA, PEG-100 Stearate, Sodium Hydroxide",Then I Met You The Giving Essence,https://inkeedecoder.com/products/then-i-met-you-the-giving-essence-3
dark spots,"Aqua (Water/​Eau), Butylene Glycol, Niacinamide 10.0%, Azelaic Acid 5.0%, Dicaprylyl Carbonate, Glycerin, Ethoxydiglycol, Cetearyl Alcohol, Dimethyl Isosorbide, Bakuchiol 1.0%",Lancôme Bright Expert,https://inkeedecoder.com/products/lancome-bright-expert
dark spots,"Aqua (Water), Azelaic Acid 10.0%, Caprylic/​Capric Triglyceride, Niacinamide 5.0%, Dicaprylyl Carbonate, Ascorbyl Glucoside 2.0%, Cetearyl Alcohol, Glycerin, Glyceryl Stearate SE, Cetearyl Olivate",Tvakh All Bright Vitamin C Serum,https://inkeedecoder.com/products/tvakh-all-bright-vitamin-c-serum
dark spots,"Aqua (Water/​Eau), Butylene Glycol, Niacinamide 10.0%, Azelaic Acid 5.0%, Dicaprylyl Carbonate, Glycerin, Ethoxydiglycol, Cetearyl Alcohol, Dimethyl Isosorbide, Bakuchiol 1.0%",Vichy Ideal White Meta Whitening Essence,https://inkeedecoder.com/products/vichy-ideal-white-meta-whitening-essence
dark spots,"Aqua (Water, Eau), Propanediol, Isopropyl Myristate, Caprylic/​Capric Triglyceride, Vitis Vinifera Seed Oil, Bakuchiol 1.0%, Phenoxyethanol, Polyacrylamide, Xanthan Gum",Dermalosophy Tri- White Cream,https://inkeedecoder.com/products/dermalosophy-tri-white-cream
dark spots,"Aqua (Water), Propylene Glycol, Ammonium Polyacryloyldimethyl Taurate, Azelaic Acid 5.0%, Squalane 5.0%, Salicylic Acid 2.0%, Glyceryl Stearate, Disodium EDTA, PEG-100 Stearate, Sodium Hydroxide",Dr Dennis Gross Ferulic + Retinol Wrinkle Recovery Overnight Serum,https://inkeedecoder.com/products/dr-dennis-gross-ferulic-retinol-wrinkle-recovery-overnight-serum
dark spots,"Water/​Aqua/​Eau, Dimethicone, Caprylic/​Capric Triglyceride, Isononyl Isononanoate, Cysteamine, Hci, Niacinamide, C12-16 Alcohols, Lecithin, Tetrahexyldecyl Ascorbate",KEREN BARTOV New White Skin,https://inkeedecoder.com/products/keren-bartov-new-white-skin
dark spots,"Niacinamide, Sodium Hyaluronate Crosspolymer, Ellagic Acid, Aquaxyl, Xylitylglucoside, Anhydroxylitol, Xylitol, Aqua, Sodium Gluconate, Glycerin",L'Oreal Glycolic Bright Glowing Cream Night,https://inkeedecoder.com/products/loreal-glycolic-bright-glowing-cream-night
dark spots,"Water (Aqua), Hyaluronic Acid, Proline, Glycine, Ellagic Acid, Phenoxyethanol",SkinCeuticals Advanced Pigment Corrector,https://inkeedecoder.com/products/skinceuticals-advanced-pigment-corrector
dark spots,"Water, Sebacic Acid, Acetyl Glucosamine, Cinnamic Acid, Ellagic Acid, Ferulic Acid, Tranexamic Acid, Turmeric (Curcuma Longa) Extract, Acetic Acid, Histidine",Dr Dennis Gross Skincare Ferulic And Retinol Eye Cream,https://inkeedecoder.com/products/dr-dennis-gross-ferulic-retinol-eye-cream
dark spots,"Aqua (Water), Propanediol, Glycerin, Niacinamide, Ellagic Acid, Hydrogenated Phosphatidylcholine, Retinol, Ethylhexylglycerin, Sodium Phytate, Phosphatidylcholine",SKINMADE Infinitebright 15% Vitamin C + Bio Stemcell Super Brightening Serum,https://inkeedecoder.com/products/skinmade-infinitebright-15-vitamin-c-bio-stemcell-super-brightening-serum
dark spots,"Aqua (Water), Propanediol, Glycerin, Ascorbyl Glucoside, Ellagic Acid, Hyaluronic Acid, Phosphatidylcholine, Mannitol, Sodium Hyaluronate, Hydrogenated Phosphatidylcholine",Tenei Teinei Deep Hydrating Cream,https://inkeedecoder.com/products/tenei-teinei-deep-hydrating-cream
dark spots,"Aqua (Water), Propanediol, Glycerin, Ascorbyl Glucoside, Hyaluronic Acid, Ellagic Acid, Sodium Hyaluronate, Mannitol, Phosphatidylcholine, Cholesterol",Quantum Hydrox Collagenc Intensive Vitamin C Serum Complex,https://inkeedecoder.com/products/quantum-hydrox-collagenc-intensive-vitamin-c-serum-complex
dark spots,"Water, Chlorella Ferment, Tetrahexyldecyl Ascorbate, Aminopropyl Kojyl Phosphate, Tranexamic Acid, Potassium Methoxysalicylate, Ellagic Acid, Dimethicone/​Vinyl Dimethicone Crosspolymer, Citrus Medica Limonum Fruit Extract, Leontopodium Alpinum Extract",Yves Saint Laurent Blanc Pur Couture Brightening Cream,https://inkeedecoder.com/products/yves-saint-laurent-blanc-pur-couture-brightening-cream
dark spots,"Demineralized Water, Coco-Glucoside, Decyl Glucoside, CAPB, Glycerine, Salicylic Acid, Glycolic Acid, Ellagic Acid, Xanthan Gum, Punica Granatum Seed Oil (Pomegranate Oil)",Dr Dennis Gross Ferulic And Retinol Anti-Aging Moisturizer,https://inkeedecoder.com/products/dr-dennis-gross-ferulic-and-retinol-anti-aging-moisturizer
dark spots,"Water, Magnesium, Aspartame, Zinc Gluconate, Copper Gluconate, Alcohol Denat, Glycolic Acid, Dimethyl MEA, Ellagic Acid, Tetrahexyldecyl Ascorbate",Helena Rubinstein Re-Plasty Laserist,https://inkeedecoder.com/products/helena-rubinstein-re-plasty-laserist
dark spots,"Aqua (Water), Azelaic Acid, Propylene Glycol, Glyceryl Stearate, Cetearyl Ethylhexanoate, Glycerin, PEG-30 Stearate, Lecithin, Ellagic Acid, Glabridin",Lancôme Blanc Expert Melanolyser [AI]™ Intense Whitening Spot Eraser,https://inkeedecoder.com/products/lancome-blanc-expert-melanolyser-ai-tm-intense-whitening-spot-eraser
dark spots,"Galactomyces Ferment Filtrate, Aspergillus Ferment Extract Filtrate, Saccharomyces Ferment Filtrate, Propanediol, Niacinamide, Butylene Glycol, 1, 2-Hexanediol, Aloe Barbadensis Leaf Extract, Ellagic Acid",Louisse Choice Rose Caviar Golden Micro Essence Lotion,https://inkeedecoder.com/products/louisse-choice-rose-caviar-golden-micro-essence-lotion
dark spots,"Galactomyces Ferment Filtrate, Butylene Glycol, Saccharomyces Ferment Lysate Filtrate, Aspergillus Ferment, Propanediol, Niacinamide, 1, 2-Hexanediol, Aloe Barbadensis Leaf Extract, Ellagic Acid",Allies of Skin Founder's Essence 56 Ellagic & P.a.d. Light Reflecting Fluid,https://inkeedecoder.com/products/allies-of-skin-founders-essence-56-ellagic-p-a-d-light-reflecting-fluid
dark spots,"C13-14 Isoparaffin, Glycyrrhiza Glabra (Licorice) Leaf Extract, Glyceryl Stearate, Diisopropyl Sebacate, Methyl Gluceth-20, Rosa Centifolia Flower Extract, Cetyl Alcohol, Stearic Acid, Acrylates/​C10-30 Alkyl Acrylate Crosspolymer, Ellagic Acid",Lancôme Clarifique Intense Whitening Spot Eraser,https://inkeedecoder.com/products/lancome-clarifique-intense-whitening-spot-eraser
dark spots,"Dm Water, 3-O-Ethyl Ascorbic Acid (Vitamin C), Propanediol, Ascorbyl Tetraisopalmitate, Alpha-Arbutin, Sodium Hyaluronate, Lysolecithin, Sclerotium Gum, Pullulan, Ellagic Acid",Yves Saint Laurent Blanc Pur Couture Dark Spot Corrector,https://inkeedecoder.com/products/yves-saint-laurent-blanc-pur-couture-dark-spot-corrector
dark spots,"Aqua/​Water, Glycerin, Dimethicone, Alcohol Denat, Isopropyl Lauroyl Sarcosinate, Caprylic/​Capric Triglyceride, PEG-100 Stearate, C13-14 Isoparaffin, Ci 77891/​Titanium Dioxide, Stearic Acid",La Élume Beauté Radiance Hydro-infusion Cream,https://inkeedecoder.com/products/la-elume-beaute-radiance-hydro-infusion-cream
dark spots,"Water, Sebacic Acid, Stearic Acid, Stearyl Alcohol, Hydroxycinnamic Acid, Licorice (Glycyrrhiza Glabra) Extract, Glycerin, Gold, Ascorbyl Palmitate, Magnesium Ascorbyl Phosphate",Louisse Choice White Caviar Aura Essence Toner,https://inkeedecoder.com/products/louisse-choice-white-caviar-aura-essence-toner
dark spots,"Water, Dicaprylyl Carbonate, Niacinamide, Cetyl Alcohol, Propanediol, Isostearyl Alcohol, Jojoba Esters, Retinol, Ferulic Acid, Collagen Amino Acids",Dr Dennis Gross Clinical Concentrate Radiance Booster,https://inkeedecoder.com/products/dr-dennis-gross-clinical-concentrate-radiance-booster
dark spots,"Water, Sebacic Acid, Stearic Acid, Stearyl Alcohol, Hydroxycinnamic Acid, Glycyrrhiza Glabra (Licorice) Root Extract, Glycerin, Gold, Ascorbyl Palmitate, Magnesium Ascorbyl Phosphate",Dr Dennis Gross Ferulic And Retinol Anti-Aging Moisturiser (Old),https://inkeedecoder.com/products/dr-dennis-gross-ferulic-and-retinol-anti-aging-moisturiser-old
dark spots,"Aqua/​Water, Glycerin, Niacinamide, Alcohol, Dipropylene Glycol, Dimethicone, Butylene Glycol, PEG-8, PEG/​PPG/​Polybutylene Glycol-8/​5/​3 Glycerin, Zea Mays Starch /​ Corn Starch",Dr Dennis Gross Professional Grade Resurfacing Liquid Peel Step 1,https://inkeedecoder.com/products/dr-dennis-gross-professional-grade-resurfacing-liquid-peel
dark spots,"Aqua /​ Water /​ Eau, Cyclohexasiloxane, Dimethicone, Glycerin, Alcohol Denat, Butylene Glycol, Polysilicone-11, Pentaerythrityl Tetraethylhexanoate, Ptfe, Methylsilanol/​Silicate Crosspolymer",KB Pure Tirosinol Serum,https://inkeedecoder.com/products/kb-pure-tirosinol-serum
dark spots,"Water/​Aqua/​Eau, Isododecane, Cetearyl Alcohol, Dimethicone, Butylene Glycol, Adipic Acid/​Neopentyl Glycol Crosspolymer, Lauryl Dimethicone, Potassium Cetyl Phosphate, Polymethyl Methacrylate, Sodium Acrylate/​Sodium Acryloyldimethyl Taurate Copolymer",Dr Dennis Gross Clinical Grade Resurfacing Liquid Peel,https://inkeedecoder.com/products/dr-dennis-gross-clinical-grade-resurfacing-liquid-peel
dark spots,"Water, Glycyrrhiza Glabra Root Water, Glycerin, Tetrahexyldecyl Ascorbate, 3-O-Ethyl Ascorbic Acid, Potassium Azeloyl Diglycinate, Scutellaria Baicalensis Root Extract, Punica Granatum Seed Cell Culture Lysate, Polymethylsilsesquioxane, Niacinamide",La Élume Beauté Radiance Hydro-infusion Serum,https://inkeedecoder.com/products/la-elume-beaute-radiance-hydro-infusion-serum
dark spots,"Water, Glycerin, Butylene Glycol, Pentylene Glycol, Jojoba Oil/​Macadamia Seed Oil Esters, Sodium Aspartate, Sodium Acetylated Hyaluronate, Alanine, Allantoin, Arginine",Dr Dennis Gross Ferulic + Retinol Fortifying Neck Emulsion,https://inkeedecoder.com/products/dr-dennis-gross-ferulic-retinol-fortifying-neck-emulsion
dark spots,"Distilled Water (Aqua), Phospholipids, Magnesium Ascorbyl Phosphate, Butylene Glycol, Camellia Sinensis, Epigallocatechin Gallate (Egcg), Ecklonia Cava, Lentinus Edodes, Sodium PCA, L-Arginine",La Élume Beauté Radiance Hydro-infusion Toning Lotion,https://inkeedecoder.com/products/la-elume-beaute-radiance-hydro-infusion-toning-lotion
dark spots,"Aqua/​Water, Butylene Glycol, Glycerin, Isocetyl Stearate, Hydrogenated Polyisobutene, Dimethicone, Propylene Glycol, Alcohol Denat, Paeonia Suffruticosa Root Extract, Hydrolyzed Prunus Domestica",Allies of Skin Retinal & Peptides Repair Night Cream,https://inkeedecoder.com/products/allies-of-skin-retinal-peptides-repair-night-cream
dark spots,"Water/​Aqua/​Eau, Dimethicone, Caprylyl Caprylate/​Caprate, Isododecane, Stearyl Dimethicone, Butylene Glycol, Caprylic/​Capric Triglyceride, Cetearyl Alcohol, Potassium Cetyl Phosphate, Methyl Methacrylate Crosspolymer",Allies of Skin Retinal & Peptides Repair Night Cream,https://inkeedecoder.com/products/allies-of-skin-retinal-peptides-repair-night-cream-2
dark spots,"Aqua/​Water, Glycerin, Propylene Glycol, Diisopropyl Sebacate, Methyl Gluceth-20, Dimethicone, Octyldodecanol, Rhamnose, Tamarindus Indica Seed Polysaccharide, Myrothamnus Flabellifolia Leaf Extract",Quickfx Eyelift Cream,https://inkeedecoder.com/products/quickfx-eyelift-cream
dark spots,"Aqua/​Water, Propylene Glycol, Glycerin, Diisopropyl Sebacate, Methyl Gluceth-20, Dimethicone, Ascorbyl Glucoside, Octyldodecanol, Hydrolyzed Soy Flour, Mentha Piperita Extract/​Peppermint Extract",Allies of Skin 1A Overnight Mask,https://inkeedecoder.com/products/allies-of-skin-1a-overnight-mask
dark spots,"Bifida Ferment Filtrate, Aqua, 3-0-Ethyl Ascorbic Acid, Rosa Damascena Flower Water, Glycerin, Propylene Glycol, Inositol, 1, 2-Hexanediol, Hydroxyacetophenone",Allies of Skin 1A Retinol + Peptides Overnight Mask,https://inkeedecoder.com/products/allies-of-skin-1a-retinol-peptides-overnight-mask
dark spots,"Aqua (Water), Polysorbate 20, Glycerin, Potassium Azeloyl Diglycinate, Alpha-Glucan Oligosaccharide, Dimethyl Isosorbide, Lycium Barbarum Fruit Extract, Punica Granatum Extract, Centella Asiatica Leaf Extract, Glycyrrhiza Glabra Root Extract",Grace & Glow Black Opium Body Serum,https://inkeedecoder.com/products/grace-glow-black-opium-body-serum
dark spots,"Aqua/​Water, Propylene Glycol, Glycerin, Diisopropyl Sebacate, Methyl Gluceth-20, Dimethicone, Ascorbyl Glucoside, Octyldodecanol, Cetyl Alcohol, PEG-100 Stearate",Louisse Choice Rose Caviar Golden Micro Sleeping Mask,https://inkeedecoder.com/products/louisse-choice-rose-caviar-golden-micro-sleeping-mask
dark spots,"Aqua/​Water, Propylene Glycol, Glycerin, Diisopropyl Sebacate, PEG/​PPG/​Polybutylene Glycol-8/​5/​3 Glycerin, Methyl Gluceth-20, Dimethicone, Octyldodecanol, Paeonia Suffruticosa Root Extract, Hydrolyzed Prunus Domestica",RejuvAus Super Whitening & Brightening Pigment Serum Rx,https://inkeedecoder.com/products/rejuvaus-super-whitening-brightening-pigment-serum-rx
dark spots,"Water, Butylene Glycol, Caprylic/​Capric Triglyceride, Glycerin, Niacinamide, Ethylhexyl Palmitate, Elaeis Guineensis (Palm) Kernel Oil, Elaeis Guineensis (Palm) Oil, Dimethicone, Cetearyl Alcohol",Resveratrol 3% + Ferulic Acid 3% The Ordinary,https://inkeedecoder.com/products/the-ordinary-resveratrol-3-ferulic-acid-3
dark spots,"Bifida Ferment Filtrate, Glycerin, Propylene Glycol, Ascorbic Acid, Aqua, 1, 2-Hexanediol, Hydroxyacetophenone, Diphenyl Dimethicone, Trehalose",20% Vitamin C+E Ferulic Acid Serum Timeless,https://inkeedecoder.com/products/timeless-20-vitamin-c-e-ferulic-acid-serum
dark spots,"Yucca Glauca Root Extract, Glycerin, Caprylic/​Capric Triglyceride, Polyacrylamide, Hydrolyzed Collagen, Centella Asiatica Extract, Quercetin Caprylate, Pyruvic Acid, Tartaric Acid, Linoleic Acid",C E Ferulic SkinCeuticals,https://inkeedecoder.com/products/skinceuticals-c-e-ferulic
dark spots,"Water/​Aqua/​Eau, Dimethicone, Isododecane, Cyclopentasiloxane, Dimethiconol, Cyclohexasiloxane, Butylene Glycol, Stearyl Dimethicone, Caprylic/​Capric Triglyceride, Sodium Acrylate/​Sodium Acryloyldimethyl Taurate Copolymer",Serum 10 Aox+ SkinCeuticals,https://inkeedecoder.com/products/skinceuticals-serum-10-aox
dark spots,"Water/​Aqua/​Eau, Alcohol Denat, Glycolic Acid, Hamamelis Virginiana (Witch Hazel) Leaf Extract, Potassium Hydroxide, Lactic Acid, Citric Acid, Salicylic Acid, Bromelain, Mandelic Acid",Serum 20 AOX+ SkinCeuticals,https://inkeedecoder.com/products/skinceuticals-serum-20-aox
dark spots,"Water, Isopentyldiol, Caprylic/​Capric Triglyceride, Niacinamide, Ethoxydiglycol, PEG-4, 1-Methylhydantoin-2-Imide, 4-Butylresorcinol, Undecylenoyl Phenylalanine, C14-22 Alcohols",Aha Resurfacing Lotion 20 Intensive Exfoliating Treatment DCL,https://inkeedecoder.com/products/dcl-aha-resurfacing-lotion-20-50ml-intensive-exfoliating-treatment
dark spots,"Water/​Aqua/​Eau, Alcohol Denat, Glycolic Acid, Hamamelis Virginiana (Witch Hazel) Leaf Extract, Potassium Hydroxide, Lactic Acid, Citric Acid, Salicylic Acid, Bromelain, Mandelic Acid",Glycolix Elite Facial Cream 20% Topix,https://inkeedecoder.com/products/topix-glycolix-elite-facial-cream-20
dark spots,"Butylene Glycol, Niacinamide, Caprylic/​Capric Triglyceride, PEG/​PPG-17/​6 Copolymer, Betaine, Glycereth-26, Dimethyl Isosorbide, ""Butylene Glycol"", Water, Opunta Dillenii Extract",Clarify Gel Plus Neostrata,https://inkeedecoder.com/products/neostrata-gel-plus
dark spots,"Water/​Aqua/​Eau, C12-15 Alkyl Benzoate, Glycerin, Lactic Acid, Behenyl Alcohol, Isopropyl Palmitate, Octyldodecanol, Dimethyl Isosorbide, Methyl Methacrylate Crosspolymer, Helianthus Annuus (Sunflower) Seed Oil",MelaBlok Dermasence,https://inkeedecoder.com/products/dermasence-melablok
dark spots,"Water, Propylene Glycol, Butylene Glycol, Niacinamide, Glycereth-26, Glycerin, Trehalose, Alpha-Arbutin, 1, 2-Hexanediol",Revitalift Derm Intensives 10% Pure Glycolic Acid Serum L'Oreal Paris,https://inkeedecoder.com/products/loreal-paris-10-pure-glycolic-acid-serum
dark spots,"Aqua (Water), Glycerin, Caprylic/​Capric Triglyceride, Propanediol, Argania Spinosa Kernel Oil, Sodium Acrylates Copolymer, Hydrolyzed Candida Saitoana Extract, Sodium Stearoyl Glutamate, Albizia Julibrissin Bark Extract, Dimethyl Isosorbide",Resist Weekly Resurfacing Treatment 10% Aha Paula's Choice,https://inkeedecoder.com/products/paulas-choice-resist-weekly-resurfacing-treatment-10-aha
dark spots,"Aqua (Water), Glycerin, Caprylic/​Capric Triglyceride, Propanediol, Argania Spinosa Kernel Oil, Sodium Stearoyl Glutamate, Sodium Acrylates Copolymer, Albizia Julibrissin Bark Extract, Butylene Glycol, Hydrolyzed Candida Saitoana Extract",Energy Complex Ahas Exfoliating Toner Aisuanis,https://inkeedecoder.com/products/aisuanis-energy-complex-ahas-exfoliating-toner
dark spots,"Water, Glycerin, Cetyl Ethylhexanoate, Caprylic/​Capric Triglyceride, Mineral Oil, Stearic Acid, Glyceryl Stearate, Cetyl Alcohol, Polysorbate 60, Anogeissus Leiocarpus Bark Extract",Compound Six Acid Nourishing Conditioning Biofilm Aisuanis,https://inkeedecoder.com/products/aisuanis-compound-six-acid-nourishing-conditioning-biofilm
dark spots,"Aqua (Water), Glycerin, Caprylic/​Capric Triglyceride, Propanediol, Argania Spinosa Kernel Oil (Organic), Sodium Acrylates Copolymer, Hydrolyzed Candida Saitoana Extract, Sodium Stearoyl Glutamate, Albizia Julibrissin Bark Extract, Dimethyl Isosorbide",Hydro Bright Treatment MEDATURE,https://inkeedecoder.com/products/medature-hydro-bright-treatment
dark spots,"Aqua (Water), Glycerin, Caprylic/​Capric Triglyceride, Propanediol, Argania Spinosa Kernel Oil (Organic), Sodium Acrylates Copolymer, Hydrolyzed Candida Saitoana Extract, Sodium Stearoyl Glutamate, Albizia Julibrissin Bark Extract, Dimethyl Isosorbide",Abott Melalite Forte,https://inkeedecoder.com/products/abott-melalite-forte
dark spots,"Water, Glycerin, Caprylic/​Capric Triglyceride, Cyclopentasiloxane, Ci 77891, Niacinamide, Butylene Glycol, Panthenol, Phenoxyethanol, Carbomer",Admire my SKIN Ultra-Potent Brightening Serum,https://inkeedecoder.com/products/admire-my-skin-ultra-potent-brightening-serum
dark spots,"Bifida Ferment Filtrate, Aqua, Rosa Damascena Flower Water, Propylene Glycol, Glycerin, Triethylhexanoin, Sorbitol, Caprylic/​Capric Triglyceride, Glycereth-26, PEG/​PPG/​Polybutylene Glycol-8/​5/​3 Glycerin",Ajanta Pharma Ltd Mela Care,https://inkeedecoder.com/products/ajanta-pharma-ltd-mela-care
dark spots,"Water, Hamamelis Virginiana (Witch Hazel) Water, Glycerin, (5%) (Beta-White) Hydrogenated Lecithin, Sodium Oleate, Butylene Glycol, Oligopeptide-68, Disodium EDTA), (5%) Niacinamide (Vitamin B3), (5%) (Superox C) Terminalia Ferdinandiana (Kakadu Plum) Fruit Extract (Vitamin C)",Alpha Skin Care Dual Action Skin Lightener,https://inkeedecoder.com/products/alpha-skin-care-dual-action-skin-lightener
dark spots,ellagic-acid,AlumierMD Lightening Lotion,https://inkeedecoder.com/products/alumiermd-lightening-lotion
dark spots,"Propanediol, Resveratrol 3.0%, Ferulic Acid 3.0%",Ambi Skincare Fade Cream (Normal Skin),https://inkeedecoder.com/products/ambi-skincare-fade-cream-normal-skin-2
dark spots,"Water, Ethoxydiglycol, L Ascorbic Acid 20.0%, Propylene Glycol, Alpha Tocopherol 1.0%, Polysorbate 80, Panthenol, Ferulic Acid 1.0%, Sodium Hyaluronate, Benzyl Alcohol",AziMD Skincare Dermabright Pads,https://inkeedecoder.com/products/azimd-skincare-dermabright-pads
dark spots,"Water, Ethoxydiglycol, L Ascorbic Acid 15.0%, Propylene Glycol, Glycerin, Laureth 23, Alpha Tocopherol 1.0%, Phenoxyethanol, Triethanolamine, Ferulic Acid 0.5%",BLK/OPL Eventrue Tri-Complex Tonecorrect Fade Gel With Hydroquinone,https://inkeedecoder.com/products/blk-opl-eventrue-tri-complex-tonecorrect-fade-gel-with-hydroquinone
dark spots,"Aqua /​ Water /​ Eau, Ascorbic Acid 10.0%, Ethoxydiglycol, Propylene Glycol, Glycerin, Zinc Sulfate, Phenoxyethanol, Panthenol, Ferulic Acid 0.2%, Sodium Hyaluronate",CCSD Correct Rx Hydroquinone 4%,https://inkeedecoder.com/products/ccsd-correct-rx-hydroquinone-4
dark spots,"Aqua /​ Water /​ Eau, Ascorbic Acid 20.0%, Ethoxydiglycol, Propylene Glycol, Glycerin, Zinc Sulfate, Phenoxyethanol, Sodium Hydroxide, Panthenol, Ferulic Acid 0.2%",CCSD Rx Correct+,https://inkeedecoder.com/products/ccsd-rx-correct
dark spots,"Water (Aqua), Glycolic Acid 20.0%, Pentylene Glycol, Isopropyl Palmitate, Caprylic/​Capric Triglyceride, Ammonium Hydroxide, Cetyl Alcohol, Glyceryl Stearate, PEG-100 Stearate, Potassium Cetyl Phosphate",Cadila Healthcare Melamet,https://inkeedecoder.com/products/cadila-healthcare-melamet
dark spots,"Purified Water, Glycolic Acid 20.0%, C12-15 Alkyl Benzoate, Cyclopentasiloxane, Ammonium Hydroxide, Stearyl Alcohol, Glyceryl Stearate, Cetearyl Alcohol, Polyacrylamide, C13-14 Isoparaffin",Clear Essence Platinum Medicated Fade Creme with Sunscreen,https://inkeedecoder.com/products/clear-essence-platinum-medicated-fade-creme-with-sunscreen
dark spots,"Aqua/​Water/​Eau, Alcohol Denat, Glycolic Acid 15.0%, Propylene Glycol, Ammonium Hydroxide, Polyquaternium-10, Tetrasodium EDTA",Clear Essence Skin Beautifying Milk Maxi Tone,https://inkeedecoder.com/products/clear-essence-skin-beautifying-milk-maxi-tone
dark spots,"Aqua, PEG-40 Hydrogenated Castor Oil, Glycolic Acid 10.0%, Gluconolactone, Propanediol, Boerhavia Diffusa Root Extract, Hexylresorcinol, Simmondsia Chinensis Seed Oil, Phenoxyethanol, Sucrose Palmitate",ClearChoice Enlighten,https://inkeedecoder.com/products/clearchoice-enlighten
dark spots,"Aqua/​Water/​Eau, Glycolic Acid 10.0%, Glycerin, Alcohol Denat, Sodium Hydroxide, Aloe Barbadensis Leaf Juice, Sodium Hyaluronate, Hydroxyethylcellulose, Ascorbyl Glucoside, Citric Acid",DCL AHA Lightening Gel,https://inkeedecoder.com/products/dcl-aha-lightening-gel
dark spots,"Water (Aqua), Methylpropanediol, Glycolic Acid 10.0%, Butylene Glycol, Sodium Hydroxide, Camellia Sinensis (Green Tea) Leaf Extract, Aloe Barbadensis Leaf Juice, Sodium Ascorbyl Phosphate, Dipotassium Glycyrrhizate, Glycyrrhiza Glabra Licorice) Root Extract",DRMTLGY Advanced Dark Spot Corrector,https://inkeedecoder.com/products/drmtlgy-advanced-dark-spot-corrector
dark spots,"Aqua, Glycolic Acid 6.0%, Sodium Hydroxide, Isopentyldiol, Methyl Gluceth-20, Potassium Azeloyl Diglycinate, Zinc Pca, Saccharum Officinarum (Sugarcane) Extract**, Vaccinium Myrtillus Extract**, Citrus Aurantium Dulcis Fruit Extract**",Dermatica Tretinoin 0.025% / Hydroquinone 4% Cream,https://inkeedecoder.com/products/dermatica-tretinoin-0-025-hydroquinone-4-cream
dark spots,"Water, Salicylic Acid, Amylopectin, Glycolic Acid 1.8%, Lactobionic Acid 1.6%, Gluconolactone 1.5%, Capryloyl Salicylic Acid 0.9%, Mandelic Acid 0.7%, Glycerin, Cyclodextrin",Differin Dark Spot Correcting Treatment,https://inkeedecoder.com/products/differin-dark-spot-correcting-treatment
dark spots,"Water (Aqua), Carthamus Tinctorius (Safflower) Seed Oil, Propanediol, Niacinamide 2.0%, Hexylresorcinol 1.0%, Squalane, Sodium Hyaluronate, Xanthan Gum, Polysorbate 20, Polyacrylate-13",Divine Derriere 2% Hydroquinone Serum - Dark Spot Corrector,https://inkeedecoder.com/products/divine-derriere-2-hydroquinone-serum-dark-spot-corrector
dark spots,"Hydroquinone Usp, Preservatives, Methylparaben, Propylparaben",Dong-A Pharm Melanosa Cream (4% Hydroquinone),https://inkeedecoder.com/products/dong-a-pharm-melanosa-cream-4-hydroquinone
dark spots,"Hydroquinone, Propylene Glycol, Alcohol Denat, Azelaic Acid, Aqua (Water), Hamamelis Virginiana (Witch Hazel) Water, Lactic Acid (L), Kojic Acid, Salicylic Acid, Alcohol",Dong-A Pharm Melatoning Cream,https://inkeedecoder.com/products/dong-a-pharm-melatoning-cream
dark spots,"Hydroquinone Usp (2%), Tretinoin Usp (0.025%), Mometasone Furoate Ip (0.1%)",Dong-A Pharma Melatoning Cream,https://inkeedecoder.com/products/dong-a-pharma-melatoning-cream
dark spots,"Hydroquinone (2%), Water, Glycolic Acid (10%), Propylene Glycol, Isopropyl Palmitate, Mineral Oil, Glyceryl Stearate, Cetyl Alcohol, Ozokerite, Sodium Hydroxide",Dr Reddy's Laboratories Ltd ClearzMax Cream,https://inkeedecoder.com/products/dr-reddys-laboratories-ltd-clearzmax-cream
dark spots,"Hydroquinone (2.0%), Water/​Aqua/​Eau, Neopentyl Glycol Dicaprylate/​Dicaprate, Propanediol, Tridecyl Stearate, Glyceryl Stearate, Trimethylpentanediol/​Adipic Acid Copolymer, Dimethicone, Lentinus Edodes Mycelium Extract, Cetearyl Alcohol",Ebanel Hydroquinone Cream Skin,https://inkeedecoder.com/products/ebanel-hydroquinone-cream-skin
dark spots,"Hydroquinone (2%), Octinoxate (2%), Water, Glycerin, Isopropyl Myristate, Stearic Acid, Cyclopentasiloxane, Cetyl Alcohol, Betaine, Hydroxyethyl Urea",Ebanel Skincare Dr Brightening Ultra-Potent Facial Serum,https://inkeedecoder.com/products/ebanel-skincare-dr-brightening-ultra-potent-facial-serum
dark spots,"Hydroquinone (2%), Kojic Acid, Arbutin, Ethoxydiglycol, Water, Camellia Sinensis (Green Tea) Polyphenols, Silybum Marianum (Silymarin Fruit Extract), Phyllanthus Emblica Fruit Extract, Phosphoric Acid, Disodium EDTA",GT Cosmetics Bleaching Cream,https://inkeedecoder.com/products/gt-cosmetics-bleaching-cream
dark spots,"Hydroquinone (2.00%), Water (Aqua), Propylene Glycol, Carbomer, Sodium Palmitoyl Proline, Nymphaea Alba Flower Extract, Glycerin, Citrus Unshiu Peel Extract, Curcuma Longa (Turmeric) Root Extract, Glycyrrhiza Glabra (Licorice) Root Extract",Glytone Dark Spot Corrector,https://inkeedecoder.com/products/glytone-dark-spot-corrector
dark spots,"Hydroquinone (4%), Water, Caprylic/​Capric Triglycerides, Hydroquinone, Stearyl Alcohol, Stearic Acid, Glyceryl Stearate, PEG-100 Stearate, Diisopropyl Dimer Dilinoleate, Magnesium Aluminum Silicate",Intas Pharmaceuticals Ltd Glomella Cream,https://inkeedecoder.com/products/intas-pharmaceuticals-ltd-glomella-cream
dark spots,"Hydroquinone (4%), Retinoic Acid (0.025%), Fluocinolone (0.01%), Water, Caprylic/​Capric Triglycerides, Hydroquinone, Stearyl Alcohol, Stearic Acid, Glyceryl Stearate, PEG-100 Stearate",Jamjoom Pharma Hiquin 2% Cream,https://inkeedecoder.com/products/jamjoom-pharma-hiquin-2-cream
dark spots,"Hydroquinone (2%), Tretinoin (0.025%), Mometasone Furoate (0.1%)",Jamjoom Pharma Hiquin 4% Cream,https://inkeedecoder.com/products/jamjoom-pharma-hiquin-4-cream
dark spots,"Hydroquinone (2%), Octinoxate (2.5%), Purified Water, Petrolatum, Cetyl Alcohol, Isopropyl Palmitate, Stearic Acid, Ammonium Lauryl Sulfate, Dimethicone, Propylene Glycol",John Plunkett’s Superfade Cream,https://inkeedecoder.com/products/john-plunketts-superfade-cream
dark spots,"Hydroquinone (2%), Purified Water, Petrolatum, Propylene Glycol, Stearic Acid, Isopropyl Palmitate, Cetyl Alcohol, Ammonium Lauryl Sulfate, Hydroxyethylcellulose, Glyceryl Stearate",Legrand Gel Hidroquinona 40mg/g,https://inkeedecoder.com/products/legrand-gel-hidroquinona-40mg-g
dark spots,"Hydroquinone (3.9%), Kojic Acid (2%), Certified Organic Aloe Vera Gel, Camellia Sinensis (Japanese Green Tea) Leaf Extract, Lactic Acid, L Ascorbic Acid, Tocopheryl Acetate (Vitamin E), Olive Squalane, Grapeseed Extract, Bitter Orange Flower (Neroli) Oil",MD Complete Spot Corrector,https://inkeedecoder.com/products/md-complete-spot-correct
dark spots,"Hydroquinone (2%), Water, Alcohol Denatured, Glycolic Acid, Butylene Glycol, Kojic Acid, Sodium Bisulfite, Polyquaternium-10, BHT, Sodium Sulfite",Meda Eldoquin Forte,https://inkeedecoder.com/products/meda-eldoquin-forte
dark spots,"Hydroquinone (2%), Water, Glycolic Acid, Lactic Acid, Sodium Hydroxide, Isopropyl Myristate, Stearic Acid, Glyceryl Stearate, PEG-100 Stearate, PPG-2 Myristyl Ether Propionate",Murad Post-Acne Spot Lightening Gel,https://inkeedecoder.com/products/murad-post-acne-spot-lightening-gel
dark spots,"Hydroquinone (4%), Tretinoin (0.025%), Purified Water, Cetearyl Alcohol, Glyceryl Stearate, Isohexadecane, Isododecane, Stearyl Behenate, Cetyl Alcohol, Polyacrylate-13",Murad Rapid Age Spot And Pigment Lightening Serum,https://inkeedecoder.com/products/murad-rapid-age-spot-and-pigment-lightening-serum
dark spots,"Hydroquinone (2%), 1, 2-Hexanediol, Alcohol Denat, Caprylyl Glycol, Citric Acid, Disodium EDTA, Fragrance, Hippophae Rhamnoides Oil, Hydroxyethylcellulose",Nadinola Skin Discoloration Fade Cream Extra Strength Formula,https://inkeedecoder.com/products/nadinola-skin-discoloration-fade-cream-extra-strength-formula
dark spots,"Hydroquinone (2.0%), Aqua (Water), Salicylic Acid, Lactic Acid (L), Kojic Acid, Azelaic Acid, Ascorbic Acid (L), Hamamelis Virginiana (Witch Hazel), Propylene Glycol, Alcohol Denat",Obagi Blender,https://inkeedecoder.com/products/obagi-blender
dark spots,"Hydroquinone, Butylated Hydroxytoluene, Stearic Acid, Methylparaben, Stearyl Alcohol, Propylparaben, Cetyl Alcohol, Butylene Glycol, Polyethylene Glycol (4000), Methyl Gluceth-10",Obagi C Rx C-Clarifying Serum,https://inkeedecoder.com/products/obagi-c-rx-c-clarifying-serum
dark spots,"Hydroquinone, Concentrated Glycerin, Mono-Diglyceride, Butylene Glycol, Stearyl Alcohol, Sodium Pyrosulfite, Decamethylcyclopentasiloxane, Butylated Hydroxytoluene, Methyl Gluceth-10, Self-Emulsifying Glyceryl Monostearate",Obagi Clear,https://inkeedecoder.com/products/obagi-clear
dark spots,"Hydroquinone (2%), Concentrated Glycerin, Butylene Glycol, Stearyl Alcohol, Sodium Pyrosulfite, Decamethylcyclopentasiloxane, Butylated Hydroxytoluene, Methyl Gluceth-10, Self-Emulsifying Glyceryl Monostearate, Propylparaben",Olivia Quido Skincare Blemish Eraser,https://inkeedecoder.com/products/olivia-quido-skincare-blemish-eraser
dark spots,"Hydroquinone(20.0 Mg), Fluocinolone Acetonide(0.1 Mg), Tretinoin(0.25 Mg)",Orva Expigment 4%,https://inkeedecoder.com/products/orva-expigment-4
dark spots,"Hydroquinone (2%), Arbutin, Arginine, Azelaic Acid, Carrageenan, Ceteareth-20, Cetearyl Alcohol, Citric Acid, Cyclopentasiloxane, Dimethyl Isosorbide",Palmer's Anti-Dark Spot Fade Milk,https://inkeedecoder.com/products/palmers-anti-dark-spot-fade-milk
dark spots,"Hydroquinone, Acer Saccharum (Sugar Maple) Extract, Arbutin, Arginine, Ascorbic Acid, Azelaic Acid, Camellia Sinensis (Green Tea) Leaf Extract, Carrageenan, Citric Acid, Citrus Aurantium Dulcis (Orange) Fruit Extract",Paula's Choice Resist Triple-Action Dark Spot Eraser 7% Aha Lotion,https://inkeedecoder.com/products/paulas-choice-resist-triple-action-dark-spot-eraser-7-aha-lotion
dark spots,"Hydroquinone, Tretinoin, Water, Ethyl Alcohol, Cetyl Alcohol, Isopropyl Myristate, Stearyl Alcohol, Glyceryl Monostearate, Propylene Glycol, Ascorbic Acid",Paula's Choice Triple-Action Dark Spot Eraser 2% Bha Gel,https://inkeedecoder.com/products/paulas-choice-triple-action-dark-spot-eraser-2-bha-gel
dark spots,"Hydroquinone (2%), Water, Propylene Glycol, Isopropanol, Glycolic Acid, Aminomethyl Propanol, Sodium Metabisulfite, Kojic Acid, Sodium Bisulfite, Hydroxyethyl Ethylcellulose",RDL Baby Face,https://inkeedecoder.com/products/rdl-baby-face
dark spots,"Hydroquinone (2 %W/​W), Fluocinolone Acetonide (0.01 %W/​W), Tretinoin (0.025 %W/​W)",Rejuva Skincare Kligman's Formula,https://inkeedecoder.com/products/rejuva-skincare-kligmans-formula
dark spots,"Hydroquinone (2%), Liquid Paraffin, Methylparaben, Polyoxyl 40 Stearate, Propylene Glycol, Propylparaben, Sodium Lauryl Sulfate, Sodium Metabisulphite, Stearic Acid, Stearyl Alcohol",Rodan and fields Reverse Skin Lightening Treatment,https://inkeedecoder.com/products/rodan-and-fields-reverse-skin-lightening-treatment
dark spots,"Hydroquinone (4%), Liquid Paraffin, Methylparaben, Polyoxyl 40 Stearate, Propylene Glycol, Propylparaben, Sodium Lauryl Sulfate, Sodium Metabisulphite, Stearic Acid, Stearyl Alcohol",Specific Beauty Accelerated Dark Spot Corrector,https://inkeedecoder.com/products/specific-beauty-accelerated-dark-spot-corrector
dark spots,"Hydroquinone (2%), Salicylic Acid (1.5%), Padimate O (3%)",Specific Beauty Accelerated Dark Spot Corrector,https://inkeedecoder.com/products/specific-beauty-accelerated-dark-spot-corrector-2
dark spots,"Hydroquinone, Carbomer, Methylparaben, Sodium Metabisulfite, Edetate Disodium, Propylene Glycol, Trometamol, Purified Water",Bake 2% Kojic Acid Face Wash With Alpha Arbutin,https://inkeedecoder.com/products/bake-2-kojic-acid-face-wash-with-alpha-arbutin
dark spots,"Hydroquinone (2%), Water, Alcohol Denatured, Niacinamide, Pentylene Glycol, Dimethicone, Polymethylsilsesquioxane, Alpha-Arbutin, Hydroquinone, Hydroxyethyl Acrylate/​Sodium Acryloyldimethyl Taurate Copolymer",Demica Whitening Soap Face And Body,https://inkeedecoder.com/products/demica-whitening-soap-face-and-body
dark spots,"Hydroquinone, Purified Water, Glyceryl Monostearate, PEG-100 Stearate, Mineral Oil, Propylene Glycol, Sodium Metabisulfite, Cetyl Alcohol, Benzyl Alcohol, Disodium Edetate",Dermarex Lippy Cream,https://inkeedecoder.com/products/dermarex-lippy-cream
dark spots,"Hydroquinone (2.0%), Water (Aqua), Alcohol Denat, Glycolic Acid, Butylene Glycol, Glycerin, Methyl Gluceth-10, Aloe Barbadensis Leaf Juice, Salix Alba (Willow) Bark Extract, Lecithin",Dermatouch Kojic Acid 2% Serum,https://inkeedecoder.com/products/dermatouch-kojic-acid-2-serum
dark spots,"Hydroquinone (2.0%), Water (Aqua), Alcohol Denat, Glycolic Acid, Butylene Glycol, Glycerin, Methyl Gluceth-10, Dextran, Hexapeptide-2, Rice Amino Acids",Ethiglo Face Wash,https://inkeedecoder.com/products/ethiglo-face-wash
dark spots,"Hydroquinone (3%), Octisalate (3%), Water, Mineral Oil, Stearyl Alcohol, Decyl Oleate, Glyceryl Stearate, Oleth-20, Laureth-23, Propylene Glycol",Fixderma Brightening Lip Balm,https://inkeedecoder.com/products/fixderma-brightening-lip-balm
dark spots,"Hydroquinone Usp (4%), (40 Mg/​G) Ascorbic Acid, BHT, Cetyl Alcohol, Disodium EDTA, Glycerin, Lactic Acid, Methylparaben, Phenyl Trimethicone, PPG-2 Myristyl Ether Propionate",G21 Duo Soap,https://inkeedecoder.com/products/g21-duo-soap
dark spots,"Hydroquinone (4%), Aqua/​Water, Propylene Glycol, Sd Alcohol 39-C, Dipropylene Glycol, Ascorbic Acid, Arbutin, Propylene Carbonate, Sodium Lauryl Sulfate",HNC Ng Glow,https://inkeedecoder.com/products/hnc-ng-glow
dark spots,"Hydroquinone Usp (4%), (40 Mg/​G) Ascorbic Acid, BHT, Butylparaben, Cetyl Alcohol, Disodium EDTA, Glycerin, Lactic Acid, Methylparaben, Phenyl Trimethicone",Heal N Cure Ng Glow Cream,https://inkeedecoder.com/products/heal-n-cure-ng-glow-cream
dark spots,"Hydroquinone (2%), 4-Butylresorcinol, Aloe Barbadensis Leaf Juice, BHT, C13-14 Isoparaffin, Caprylic/​Capric Triglyceride, Carthamus Tinctorius (Safflower) Oleosomes, Ceramide NP, Cetyl Palmitate, Cetyl PEG/​PPG-10/​1 Dimethicone",Interpharma Spleet Whitening,https://inkeedecoder.com/products/interpharma-spleet-whitening
dark spots,"Hydroquinone, Butyl Methoxydibenzoylmethane, 3-4- Methylbenzylidene Camphor, Citric Acid Monohydrate, Sorbic Acid, White Soft Petrolatum, Cyclomethicone, Isopropyl Myristate, Cetostearyl Alcohol, Sodium Lauryl Sulfate",MedCutis Revetime Face Wash,https://inkeedecoder.com/products/revetime-face-wash
dark spots,"Hydroquinone (2.0%), Padimate O (3.0%), Water (Aqua), Glycerin, Cetearyl Alcohol, Mineral Oil (Paraffinum Liquidum), Isopropyl Myristate, Stearyl Alcohol, Dimethicone, Glyceryl Stearate",Mooyam Tumeric Kojic Acid Soap Bar,https://inkeedecoder.com/products/mooyam-tumeric-kojic-acid-soap-bar
dark spots,"Hydroquinone (2%), Water (Aqua), Glycolic Acid (Alpha-Hydroxy Acid/​Exfoliant), Dicaprylyl Maleate (Texture-Enhancing/​Emollient), Ethoxydiglycol (Texture-Enhancing), Glyceryl Stearate (Texture-Enhancing), Cetearyl Alcohol (Texture-Enhancing), Butylene Glycol (Hydration), Glycerin (Hydration/​Skin Replenishing), Lactic Acid (Alpha Hydroxyl Acid/​Exfoliant)",Ng glow,https://inkeedecoder.com/products/ng-glow-
dark spots,"Hydroquinone (2%), Water, Ethoxydiglycol (Hydration), Butylene Glycol (Hydration), Salicylic Acid (Beta Hydroxy Acid/​Exfoliant), Aloe Barbadensis Leaf Juice (Hydration/​Skin-Soothing), Epilobium Angustifolium Flower/​Leaf/​Stem Extract (Fireweed Extract/​Skin-Soothing), Dipotassium Glycyrrhizate (Skin-Soothing), Glycerin (Hydration/​Skin Replenishing), Superoxide Dismutase (Antioxidant)",ONE BY KOSÉ Melanoshot White D,https://inkeedecoder.com/products/one-by-kose-melanoshot-white-d
dark spots,"Hydroquinone, Tretinoin, Vitamin E",Olim Naturals Kojic Acid,https://inkeedecoder.com/products/olim-naturals-kojic-acid
dark spots,"Hydroquinone, Tretinoin, Mometasone Furoate (*), Purified Water, Propanediol, Simmondsia Chinensis (Jojoba) Seed Oil, Cetearyl Alcohol, Cetyl Alcohol, Glyceryl Stearate, Tocopheryl Acetate",Prevense Men's Brightening Moisturizer,https://inkeedecoder.com/products/prevense-mens-brightening-moisturizer
dark spots,"Hydroquinone (2%), Water/​Aqua/​Eau, Ethoxydiglycol, Cetearyl Alcohol, Ppg-12/​Smdi Copolymer, Diethylhexyl Sebacate, Polyacrylamide, Ceteareth-20, Glycerin, C13-14 Isoparaffin",Revetime Face Wash,https://inkeedecoder.com/products/revetime-face-wash-2
dark spots,"Hydroquinone (2.0%), Water, C12-15 Alkyl Benzoate, Butylene Glycol, Ethoxydiglycol, Stearyl Alcohol, Glyceryl Stearate, Cetyl Alcohol, Tocopheryl Acetate, Panthenol",SkinInspired Irevive Under Eye Serum,https://inkeedecoder.com/products/skininspired-irevive-under-eye-serum
dark spots,"Hydroquinone (2.0%), Water, C12-15 Alkyl Benzoate, Butylene Glycol, Ethoxydiglycol, Stearyl Alcohol, Glyceryl Stearate, Cetyl Alcohol, Steareth-21, Tocopheryl Acetate",Skinclinic Melanyc,https://inkeedecoder.com/products/skinclinic-melanyc
dark spots,hydroquinone,TNW De Tan Face Pack,https://inkeedecoder.com/products/tnw-de-tan-face-pack
dark spots,"Kojic Acid, Alpha-Arbutin, Blueberry Extract, Glycerine, Sodium Benzoate, Citric Acid, Aloe Vera Extract, Decyl Glucoside, Demineralized Water",The Blessing Tree Lip Lightening Balm,https://inkeedecoder.com/products/the-blessing-tree-lip-lightening-balm-for-dark-lips-with-green-tea-shea-butter-and-sunflower-oil
dark spots,"Kojic Acid, Aqua, Glycerin, Propylene Glycol, Capparis Spinosa Fruit Extract, Citrus Sinensis (Orange) Fruit Extract, Oryza Sativa (Rice) Extract, Olea Europaea (Olive) Leaf Extract, Melaleuca Alternifolia (Tea Tree) Oil, Niacinamide (Vitamin B3)",Treat by Petit Chocolate Soap,https://inkeedecoder.com/products/treat-by-petit-chocolate-soap
dark spots,"Kojic Acid, Niacinamide, Shea Butter, Lanolin, Dimethicone, Cyclopentasiloxane, Capric Triglyceride, Octyl Methoxycinnamate, Avobenzone, Butylated Hydroxytoluene",UBIK solutions Ethiglow Face Wash,https://inkeedecoder.com/products/ubik-solutions-ethiglow-face-wash
dark spots,"Kojic Acid, Niacinamide, Propylene Glycol, Hyaluronic Acid, Pentylene Glycol, Alpha-Arbutin, Curcuma Longa Extract, Sodium PCA, Witch Hazel Extract, D-Panthenol",Vacation Whitening Cream,https://inkeedecoder.com/products/vacation-whitening-cream
dark spots,"Kojic Acid, Vitamin C, Liquorice, Nicotinamide, Glycolic Acid, Lactic Acid, Salicylic Acid, Potassium Hydroxide, Gum Binder, EDTA",Vital blue Joaco Pure,https://inkeedecoder.com/products/vital-blue-joaco-pure
dark spots,"Kojic Acid, Alpha-Arbutin, Curcumin",Zeelab pharmacy Zeeglow Kojic Acid And Vitamin E,https://inkeedecoder.com/products/zeelab-pharmacy-zeeglow-kojic-acid-and-vitamin-e
dark spots,"Kojic Acid, Vitamin A, Papain Enzyme, Oatmeal, Honey",cute Misiano skin care Special Egyptian Cream,https://inkeedecoder.com/products/cute-misiano-skin-care-special-egyptian-cream
dark spots,"Kojic Acid, Niacinamide, Pine Bark Extract",dermacia Melcia Lite Cream,https://inkeedecoder.com/products/dermacia-melcia-lite-cream
dark spots,"Kojic Acid, Arbutin, Glycolic Acid, Vitamin E Acetate, Octyl Methoxycinnamate, Pine Bark Extract, Allantoin, Niacinamide, Carbomer, Cetyl Alcohol",kozicare Plus Skin Lightening Soap,https://inkeedecoder.com/products/kozicare-plus-skin-lightening-soap
dark spots,"Kojic Acid, Licorice Extract, Alpha-Arbutin, Vitamin C, Vitamin A, Vitamin E, Glycolic Acid, Zinc Oxide, Niacinamide, Glycerin",kozicare Skin Lightening Soap,https://inkeedecoder.com/products/kozicare-soap
dark spots,"Kojic Acid, Ascorbic Acid, Liquorice, Nicotinamide, Glycolic Acid, Lactic Acid, Salicylic Acid, Tocopheryl Acetate, D-Panthenol, (Dm) Water",kozicare Skin Whitening Plus Soap,https://inkeedecoder.com/products/kozicare-skin-whitening-plus-soap
dark spots,"Kojic Acid, Turmeric Powder, Turmeric Essential Oil, Shea Butter, Olive Oil, Grape Seed Oil, Coconut Oil",CCSD Rx Brightening Cream,https://inkeedecoder.com/products/ccsd-rx-brightening-cream
dark spots,"Kojic Acid, Arbutin, Glycolic Acid, Vitamin E Acetate, Octyl Methoxycinnamate, Pine Bark Extract, Allantoin, Niacinamide, Carbomer, Cetyl Alcohol",Canixa Tyrodin Cream,https://inkeedecoder.com/products/canixa-tyrodin-cream
dark spots,"Kojic Acid, Water, Dipropylene Glycol, Butylene Glycol, Alcohol, Glycerin, Trimethylolpropane Triisostearate, Acetyl Hydroxyproline, Tocopherol, Sodium Acetylated Hyaluronate",Cosmetic Skin Solutions Supreme Pytho + Gel,https://inkeedecoder.com/products/supreme-skin-solutions-supreme-pytho-gel
dark spots,"Kojic Acid, Distilled Water, Propylene Glycol, Glycerin, Sodium Hyaluronate, Niacinamide, Xanthan, Panthenol, Allantoin, Disodium EDTA",DR.Cute Advanced Glowing Serum,https://inkeedecoder.com/products/dr-cute-advanced-glowing-serum
dark spots,"Kojic Acid, Niacinamide, Licorice Root Extract, Shea Butter, Sea Minerals",Dermaceutical Skin Whitening & Anti Aging Serum,https://inkeedecoder.com/products/skin-whitening-serum-kojic-acid-arbutin-hylauronic-acid-reduces-fine-lines-and-wrinkles-dermaceutical-dermaceutical
dark spots,"Kojic Acid, Ascorbic Acid, Liquorice, Nicotinamide, Glycolic Acid, Lactic Acid, Salicylic Acid, Tocopheryl Acetate, D-Panthenol, Dm Water",Devine Derriere Radical Dark Spot Remover Cream,https://inkeedecoder.com/products/devine-derriere-radical-dark-spot-remover-cream
dark spots,"Kojic Acid (2%), Glycerin, Carbomer, Acrylates Copolymer, Allantoin, Phenoxyethanol, + Ethylhexylglycerin, Hyaluronic Acid, Ceramide Complex, Aqua",Esme skin Revita Glow Bar,https://inkeedecoder.com/products/esme-skin-revita-glow-bar
dark spots,"Kojic Acid, Phytic Acid, Glycolic Acid, Arbutin, Vitamin C, Nicotinamide, Licorice Extract, Chromabright®, Dimethylmethoxy Chromanyl Palmitate",Fixderma Tinted Lipbalm,https://inkeedecoder.com/products/fixderma-tinted-lipbalm
dark spots,"Kojic Acid, Sugar Cane Extract, Orange Extract, Lemon Extract, Sugar Maple Extract, Argan Oil, Fuller'S Earth, Sweet Almond Oil",Geneo Brighten,https://inkeedecoder.com/products/geneo-brighten
dark spots,"Kojic Acid, Niacinamide, Shea Butter, Lanolin, Dimethicone, Cyclopentasiloxane, Caprylic Triglyceride, Octyl Methoxycinnamate, Avobenzone, Butylated Hydroxytoluene","Get Nectar Happiness 6% Glycolic & 2% Kojic Acid Serum Cream Helps Reduce Pigmentation, Acne Scars, Dark, Age Spots, Blemishes & Uneven Skin Tone.",https://inkeedecoder.com/products/get-nectar-happiness-6-glycolic-2-kojic-acid-serum-cream-helps-reduce-pigmentation-acne-scars-dark-age-spots-blemishes-uneven-skin-tone
dark spots,"Kojic Acid, Niacinamide, Vitamin E, Allantoin, Phenoxyethanol, Vanilla Fo, Titanium Dioxide",HT26 Lightning Lotion,https://inkeedecoder.com/products/ht26-lightning-lotion
dark spots,"Kojic Acid, Vitamin C, Liquorice, Nicotinamide, Glycolic Acid, Lactic Acid, Salicylic Acid, Potassium Hydroxide, Gum Binder, EDTA",Ivana Skin Bleaching Cloud Cream,https://inkeedecoder.com/products/ivana-skin-bleaching-cloud-cream
dark spots,"Kojic Acid, A-Arbutin, Vitamin E, Resveratrol, Hydrolyzed Yeast Protein, Zinc Oxide, Glycerine, Liquid Paraffin, Licorice Extract, Curcumin",Klear Bloom Lemon Turmeric Kojic Acid Soap,https://inkeedecoder.com/products/klear-bloom-lemon-turmeric-kojic-acid-soap
dark spots,"Kojic Acid, Vitamina E, Retinyl Palmitate (Vit A), Arbutin, Tranexamic Acid",Kojifab Moisturizing Bar,https://inkeedecoder.com/products/kojifab-moisturizing-bar
dark spots,"Kojic Acid, Arbutin, Glycolic Acid, Niacinamide, Vitamin E, Mulberry, Cream",Lancôme Absolue Ultimate Bx Replenishing And Restructuring Serum,https://inkeedecoder.com/products/lancome-absolue-ultimate-bx-replenishing-and-restructuring-serum
dark spots,"Kojic Acid, Niacinamide, Jojoba, Lavender Oil, Rosemary Oil, Aloe Vera Gel, Alpha-Arbutin, Tea Tree Oil, Glutathione, Jasmine Oil",Lord’s - Secrets of Korean Glass Skin Rice Water Brightening Elixir Serum,https://inkeedecoder.com/products/lords-secrets-of-korean-glass-skin-rice-water-brightening-elixir-serum
dark spots,"Kojic Acid (2%), Niacinamide (4%), Pine Bark Extract (6%), Hydroquinone (2%), Ascorbic Acid (2%), Allantoin (0.4%), Tetrahydrocurcumin (0.25%), Tetrahydropiperine (0.05%), Cream Base",MCCM Melanoout Cream,https://inkeedecoder.com/products/mccm-melanoout-cream
dark spots,"Kojic Acid (2.50%), Glutathione (1%), Arbutin (1.50%), Vitamin C (2%), Vitamin E (0.10%), Vitamin A (0.10%), Licorice Extract (2%), Mulberry Extract (0.50%), Glycolic Acid (3%), Rosehip Seed Oil (0.5%)",C Scape High Potency Night Booster 30 DCL,https://inkeedecoder.com/products/dcl-c-scape-high-potency-night-booster-30
dark spots,"Kojic Acid, Glutathione, Vitamin C, Arbutin, Vitamin E, Talc, Perfume, Colour, Titanium Dioxide (Tio2)",Vitamin C Suspension 30% In Silicone The Ordinary,https://inkeedecoder.com/products/the-ordinary-vitamin-c-suspension-30-in-silicone
dark spots,"Kojic Acid, Glutathione, Alpha-Arbutin, Vitamin C, Vitamin E, C Vitamin, Licorice Extract, Mulberry Extract, Glycolic Acid, Rosehip Seed Oil",A.C.E. Vitamin C25 IOPE,https://inkeedecoder.com/products/iope-a-c-e-vitamin-c25
dark spots,"Potassium Azeloyl Diglycinate, Kojic Acid, Lactic Acid, Water, Dimethyl Isosorbide, Emulsifying Wax NF, Isopropyl Palmitate, Sorbitol, Glycerin, Benzyl Alcohol",C25 Neo Rohto Obagi,https://inkeedecoder.com/products/rohto-obagi-25-neo-vitamin-c-serum
dark spots,"Tranexamic Acid (10% W/​W), + Kojic Acid (2% W/​W), + Arbutin (1.5% W/​W), + Magnesium (1% W/​W), + Vitamin E (1% W/​W), + Mulberry Extract (1% W/​W)",The Vitamin C23 IOPE,https://inkeedecoder.com/products/iope-the-vitamin-c23
dark spots,"Deionized Water/​Aqua/​Eau, Kojic Acid, Alpha-Arbutin, Arctostaphylos Uva-Ursi Leaf Extract, Glycerin, Thyme Extract, Cucumber Extract, Algae Extract, Pullulan, EDTA",Vitamin C Suspension 23% + Ha Spheres 2% The Ordinary,https://inkeedecoder.com/products/the-ordinary-vitamin-c-suspension-23-ha-spheres-2
dark spots,"Vitamin C, Kojic Acid, Niacinamide, Salicylic Acid, Hyaluronic Acid, Probiotics",Vitamin C24 Indeed Labs,https://inkeedecoder.com/products/indeed-labs-vitamin-c24
dark spots,"Pure Hyaluronic Acid, Kojic Acid, Alpha-Arbutin, Vitamin B3 Niacinamide, Potassium Sorbate, Citric Acid, Distilled Water",Triple C Lightning Liquid COSRX,https://inkeedecoder.com/products/cosrx-triple-c-lightning-liquid
dark spots,"Alpha-Arbutin, Kojic Acid, Niacinamide, Ferulic Acid, Phytic Acid, Mandelic Acid, Squalane, Lactic Acid, B-White Peptide, [Water",VC Oxidation Resistance Serum Dr.magic,https://inkeedecoder.com/products/dr-magic-vc-oxidation-resistance-serum
dark spots,"Lactic Acid, Kojic Acid, Niacinamide, Salicylic Acid, Glutathione, Grapeseed Extract, Sunflower Oil",Vitamin Nectar Vitamin C Brightening Powder Fresh,https://inkeedecoder.com/products/fresh-vitamin-nectar-vitamin-c-brightening-powder
dark spots,"Petrolatum, Kojic Acid, Ethylhexyl Methoxycinnamate, Zinc Oxide, Octocrylene, Butyrospermum Parkii (Shea) Butter, Ceramide NP, Ceramide AP, Ceramide EOP, Phytosphingosine",Serum 20 AOX+ SkinCeuticals,https://inkeedecoder.com/products/skinceuticals-serum-20-aox
dark spots,"Vitamin C, Kojic Acid, Carrot Extract, Prickly Pear Extract",20% Vitamin C Essence Spring Letter,https://inkeedecoder.com/products/spring-letter-20-vitamin-c-essence
dark spots,"Glycolic Acid, Kojic Acid, Rice Water, Niacinamide",Avalon Pharma Alpha Plus Cream,https://inkeedecoder.com/products/avalon-pharma-alpha-plus-cream
dark spots,"Aqua, Kojic Acid, Paraffinum Liquidum, Hydrogenated Palm Glycerides, Triethanolamine, Prunus Dulcis, Daucus Carota, Salicylic Acid, Glycerin, Ceteareth-12",Starville Whitening Cleanser,https://inkeedecoder.com/products/starville-whitening-cleanser
dark spots,"Niacinamide, Kojic Acid, Hydrolyzed Collagen, Papaya Extract, Tomato Extract, Glutathione, Alpha-Arbutin, Licorice Root",AsraDerm Glow Max,https://inkeedecoder.com/products/asraderm-glow-max
dark spots,"Curcuma Longa (Turmeric) Root Extract, Kojic Acid, Alkyl Polyglucoside (Apg), Stearic Acid, Lemon, Glycerin, Shea Butter, Tocopherol, Sodium Hyaluronate, Retinol",Starville Whitening Gel,https://inkeedecoder.com/products/starville-whitening-gel-2
dark spots,"Soap Noodles, Kojic Acid, Glycerine, Shea Butter, Cocoa Butter, Perfume, Alpha-Arbutin, Licorice, Hyaluronic Acid, Oatmeal",Vacation Whitening Night Care Gel,https://inkeedecoder.com/products/vacation-whitening-night-care-gel
dark spots,"Dimethiconol, Kojic Acid, Cetearyl Ethylhexanoate, Adenosine, Ammonium Polyacryloyldimethyl Taurate, Dioscorea Villosa (Wild Yam) Root Extract, Isopropyl Myristate, Xanthan Gum, Water, Butylene Glycol",Functional Care Sérum Anti Acne E Anti Vermelhidão,https://inkeedecoder.com/products/functional-care-serum-anti-acne-e-anti-vermelhidao
dark spots,"Aqua, Kojic Acid, Squalene, Oryza Sativa (Rice) Extract, Azelaic Acid, Niacinamide, Sodium Methylparaben, Sodium Propylparaben, Panax Ginseng Root Extract, Hyaluronic Acid",Brillare Skin Lightening Power Drops For Reducing Pigmentation,https://inkeedecoder.com/products/brillare-skin-lightening-power-drops-for-reducing-pigmentation
dark spots,"Aqua (Water), Kojic Acid, Salicylic Acid, Arbutin, Glycyrrhetinic Acid, Citric Acid, Lactic Acid, Phytic Acid, Sodium Cetearyl Sulfate, Sodium Lauryl Sulfate",Emmié by Happy Skin Bio-Active Dermo Repair Serum,https://inkeedecoder.com/products/emmie-by-happy-skin-bio-active-dermo-repair-serum
dark spots,kojic-acid,Dermcare Melanex Cream,https://inkeedecoder.com/products/dermcare-melanex-cream
dark spots,"Isohexadecane, Ascorbic Acid 30.0%, Butylene/​Ethylene/​Styrene Copolymer, Ethylene/​Propylene/​Styrene Copolymer, Isononyl Isononanoate, Tetrahexyldecyl Ascorbate, Tocopheryl Acetate, Citrus Grandis (Grapefruit) Peel Oil, Citrus Aurantium Amara (Bitter Orange) Peel Oil, Squalane",Kindy Glow Juicy Daisy Toner With Ultra Fine Mist,https://inkeedecoder.com/products/kindy-glow-juicy-daisy-toner-with-ultra-fine-mist
dark spots,"Dimethicone, Ascorbic Acid 30.0%, Polysilicone-11, Peg-10 Dimethicone",Orchidia Clarimond Whitening Spray,https://inkeedecoder.com/products/orchidia-clarimond-whitening-spray
dark spots,"Water, Ascorbic Acid 25.0%, Propanediol, Tromethamine, Dimethicone, Panthenol, Ethyl Ascorbyl Ether, Squalane, Caffeine, Sodium Chloride",Miss Alice Tectonic / Toner With Liposomal Glabridin,https://inkeedecoder.com/products/miss-alice-tectonic-toner-with-liposomal-glabridin
dark spots,"Ethoxydiglycol, L Ascorbic Acid 25.0%, Aqua, PEG-8, Betaine, Harpagophytum Procumbens Root Extract, Hydrolyzed Brassica Alba Seed Extract, Centella Asiatica Extract, Cynara Scolymus Leaf Extract, Yeast Extract",Canixa Facemoist,https://inkeedecoder.com/products/canixa-facemoist
dark spots,"Water, Ascorbic Acid 23.0%, Propanediol, Dimethicone, Tromethamine, Panthenol, Ethyl Ascorbyl Ether, Squalane, Caffeine, Sodium Chloride",Facemoist Cream SPF15,https://inkeedecoder.com/products/facemoist-cream-spf15
dark spots,"Ascorbic Acid 23.0%, Squalane, Isodecyl Neopentanoate, Isononyl Isononanoate, Coconut Alkanes, Ethylene/​Propylene/​Styrene Copolymer, Ethylhexyl Palmitate, Silica Dimethyl Silylate, Sodium Hyaluronate, Glucomannan",Kindy Glow Powerful Daisy Brightening And Glow Serum,https://inkeedecoder.com/products/kindy-glow-powerful-daisy-brightening-and-glow-serum
dark spots,"Dimethicone, Ascorbic Acid 22.0%, Polysilicone-11, Ethylhexyl Palmitate, PEG-10 Dimethicone, Silica Silylate, Silica Dimethyl Silylate, Butylene Glycol, Sodium Hyaluronate",Skynfuture Symwhite 377 Skin Genesis Spot Whitening Cream,https://inkeedecoder.com/products/skynfuture-symwhite-377-skin-genesis-spot-whitening-cream
dark spots,"Aronia Melanocarpa Fruit Extract (Black Chokeberry), Ascorbic Acid (Vitamin C) 20.5%, Butylene Glycol, Sodium Lactate, Licorice Root Extract, 1, 2- Hexanediol, Pullulan, Sodium Hyaluronate, Cassia Obtusifolia Seed Extract",Kindy Glow Happy Daisy - 2in1 Day Cream Moisturizer & UV Protection (SPF),https://inkeedecoder.com/products/kindy-glow-happy-daisy-2in1-day-cream-moisturizer-uv-protection-spf
dark spots,"Aqua, Ascorbic Acid 20.0%, Butylene Glycol, Propanediol, Dipropylene Glycol, Glycerin, 1, 2-Hexanediol, Tromethamine, PEG-40 Hydrogenated Castor Oil",Pharmaform Skin Brightener Plus Serum,https://inkeedecoder.com/products/pharmaform-skin-brightener-plus-serum
dark spots,"Oryza Sativa (Rice) Starch*, Sodium Bicarbonate*, Citric Acid*, Disodium Lauryl Sulfosuccinate*, Cocamidopropyl Betaine*, Parfum (Fragrance)*, Hydrated Silica*, Maltodextrin*, Monosodium Citrate*, Limonene*",intelligent skin therapy Whitening,https://inkeedecoder.com/products/intelligent-skin-therapy-whitening
dark spots,"Aqua /​ Water /​ Eau, Ascorbic Acid 20.0%, Ethoxydiglycol, Propylene Glycol, Glycerin, Zinc Sulfate, Phenoxyethanol, Sodium Hydroxide, Panthenol, Ferulic Acid 0.2%",DR. MEINAIER Cleansing And Exfoliating Gel,https://inkeedecoder.com/products/dr-meinaier-cleansing-and-exfoliating-gel
dark spots,"Aqua, Ethoxydiglycol, Ascorbic Acid 20.0%, Propylene Glycol, Anogeissus Leiocarpus Bark Extract, Centella Asiatica Extract, Tocopheryl Acetate, Lactobionic Acid, Calcium Chloride, Glycerin","Monite Brightening Serum Glabridin 0,1% + Galactomyces + Ceramides",https://inkeedecoder.com/products/monite-brightening-serum-glabridin-0-1-galactomyces-ceramides
dark spots,ascorbic-acid,ONEDAY Tone Up 5% Niacinamide + Tranexamic Acid + Licorice Brightening Serum,https://inkeedecoder.com/products/oneday-tone-up-5-niacinamide-tranexamic-acid-licorice-brightening-serum
dark spots,"Alpha-Arbutin, Glabridin, Citric Acid, Propylene Glycol, Glyceryl Monostearate, Polyethylene, Mg Stearate+, Glycerin, Polysorbate, Titanium Dioxide",Skintale Brightening Niacinamide 5% + Alpha Arbutin 2% Serum,https://inkeedecoder.com/products/skintale-brightening-niacinamide-5-alpha-arbutin-2-serum
dark spots,"Alpha-Arbutin, Glabridin(Licorice Extract), Kojic Acid, Vitamin C(Ascorbic Acid), Lysine Azelate, Ascorbyl Glucoside, Niacinamide, Titanium Dioxide, Lactic Acid, Salicylic Acid",Sightfuture Symwhite 377 Skin Genesis Whitening Lotion,https://inkeedecoder.com/products/sightfuture-symwhite-377-skin-genesis-whitening-lotion
dark spots,"Sodium Ascorbyl Phosphate, Alpha-Arbutin, Glabridin, Phenylethyl Resorcinol, Vitamin A, Vitamin E, Vitamin B3, Vitamin B",Theramid C4 Hydrating Milky Toner,https://inkeedecoder.com/products/theramid-c4-hydrating-milky-toner
dark spots,"Alpha-Arbutin, Kojic Acid, Glabridin, Retinol, Etioline, Glycerin, Butylene Glycol, Arctostaphylos Uva-Ursi Leaf Extract, Mitracarpus Scaber Extract, Vitamin C",Melrae 10% Niacinamide + Probiome Booster Essence-serum,https://inkeedecoder.com/products/melrae-10-niacinamide-probiome-booster-essence-serum
dark spots,"Hyaluronic Acid, Hydrolyzed Caviar Extract, Glabridin, Kojic Acid, Alpha- Arbutin, Liquorice Extract, Vitamin E, Vitamin B3, Vitamin C, Hydrolyzed Yeast Protein",SYB Red Jelly Serum,https://inkeedecoder.com/products/syb-red-jelly-serum
dark spots,"Camellia Sinensis (Green Tea) Leaf Extract, Bakuchiol, Niacinamide, Glabridin, Lactobacillus Ferment Filtrate, Polylysine, Trifolium Pratense (Clover) Extract, Aloe Barbadensis (Aloe Vera) Leaf Juice, Bentonite, Calendula Officinalis Flower Extract",Transparent lab C4 Hydrating Milky Toner,https://inkeedecoder.com/products/transparent-lab-c4-hydrating-milky-toner
dark spots,"Rosa Canina (Rosehip) Fruit Oil, Olus (Vegetable) Oil, Aloe Barbadensis (Aloe Vera) Leaf Extract, Carotenoids (Plant Pigments), Rheum Rhaponticum (False Rhubarb) Root Extract, Glabridin (Liquorice Derived), Alpha Tocopherol (Natural Vitamin E), Helianthus Annuus (Sunflower) Seed Oil, Vaccinium Myrtillus (Blueberry) Fruit/​Leaf Extract, Saccharum Officinarum (Sugar Cane) Extract",Transparent lab C4 Hydrating Milky Toner,https://inkeedecoder.com/products/transparent-lab-c4-hydrating-milky-toner-2
dark spots,"Aqua, Panthenol, Glycerin, Propanediol, Annona Cherimola Fruit Extract, Glabridin, Dipotassium Glycyrrhizate, Hydrolyzed Royal Jelly Protein, Sodium Hyaluronate, Hydrolyzed Hyaluronic Acid",Bobai Sunscreen Extra Lightening Gel SPF 50,https://inkeedecoder.com/products/bobai-sunscreen-extra-lightening-gel-spf-50
dark spots,"Glutathione, Sodium Ascorbyl Phosphate, Alpha-Arbutin, Kojic Acid Dipalmitate, Licorice Extract, Ascorbyl Glucoside, Glabridin, Papaya Extract, Hyaluronic Acid",Ordera Hero Brightening & Glow Serum With Niacinamide Dan Tranexamic Acid,https://inkeedecoder.com/products/ordera-hero-brightening-glow-serum-with-niacinamide-dan-tranexamic-acid
dark spots,"Aqua, Propanediol, Propylene Glycol, Niacinamide, Glycerin, Glycyrrhiza Glabra Root Extract, Glabridin, Aloe Barbadensis Leaf Extract, Bellis Perennis Flower Extract, Benzoic Acid",PCA Skin Pigment Gel Pro,https://inkeedecoder.com/products/pca-skin-pigment-gel-pro
dark spots,"Water, Cetyl Alcohol, Stearic Acid, Glyceryl Stearate, Triethanolamine, Punica Granatum Fruit Extract, Glabridin, Dermawhitewf, Aqua, Tartaric Acid",biohyalux Ha Brightening Boosting Serum,https://inkeedecoder.com/products/biohyalux-ha-brightening-boosting-serum
dark spots,"Aqua, Propylene Glycol, Carica Papaya Fruit Extract, Lactic Acid, Sodium Lactate, Gluconolactone, Glycerin, Glabridin, Citrus Aurantium Dulcis Fruit Extract, Citrus Limon Fruit Extract",e.l.f. Plz Clarify Face Oil,https://inkeedecoder.com/products/e-l-f-plz-clarify-face-oil
dark spots,"Allantoin, Aloe Vera, PEG-100 Stearate, Avobenzone, CCTG (Caprylic/​Capric Triglycerides), Cetyl Alcohol, D-Panthenol, Dimethicone, Disodium Edetate, Glabridin (Licorice Extract)",Everwhite Niacinamide Brightening Serum,https://inkeedecoder.com/products/everwhite-niacinamide-brightening-serum-2
dark spots,"Allantoin, Aloe Vera, PEG-100 Stearate, Avobenzone, CCTG (Caprylic/​Capric Triglycerides), Cetyl Alcohol, D-Panthenol, Dimethicone, Disodium Edetate, Glabridin (Licorice Extract)",e.l.f. Plz Clarify Facial Oil,https://inkeedecoder.com/products/e-l-f-plz-clarify-facial-oil
dark spots,"Aqua, Niacinamide, Triethylhexanoin, Acrylates Copolymer, Squalane, Propylene Glycol, Bellis Perennis Flower Extract, Glycyrrhiza Glabra Root Extract, Dipotassium Glycyrrhizinate, Glabridin",e.l.f. Plz Clarify Facial Oil,https://inkeedecoder.com/products/e-l-f-plz-clarify-facial-oil-2
dark spots,"1, 2-Hexanediol, Sodium Chloride, Disteardimonium Hectorite, Ozokerite, Hydroxyacetophenone, Lauryl PEG-9 Polydimethylsiloxyethyl Dimethicone, Tocopherol Acetate, Polysilicone-11, Phenylethyl Resorcinol (Symwhite 377)",Cipher C-shield,https://inkeedecoder.com/products/cipher-c-shield-3
dark spots,"Aqua, Ethylhexyl Methoxycinnamate, Butylene Glycol, Glycerin, Niacinamide, Coco-Caprylate/​Caprate, Bellis Perennis Flower Extract, Diisostearyl Malate, Titanium Dioxide, Glycyrrhiza Glabra Root Extract",LANCER Fade Serum Intense,https://inkeedecoder.com/products/lancer-fade-serum-intense
dark spots,"Purified Water, Propylene Glycol, Niacinamide, Butylene Glycol, Tranexamic Acid, Ethoxydiglycol, 4-Butylresorcinol, PEG-40 Hydrogenated Castor Oil, Glycerin, Acetyl Glucosamine",Beautystat Universal C Eye Perfector,https://inkeedecoder.com/products/beautystat-universal-c-eye-perfector
dark spots,"Aqua, Propylene Glycol, Betaine Monohydrate, Plant Amino Acid Complex, Collagen, Hydrolyzed Silk Protein, Tranexamic Acid, Vitamin Complex, Phenoxyethanol, Microcrystalline Cellulose",Beautystat Universal C Eye Perfector,https://inkeedecoder.com/products/beautystat-universal-c-eye-perfector-2
dark spots,"Water, Carbomer, Laurtrimonium Chloride, Butylene Glycol, PEG-40 Hydrogenated Castor Oil, DMDM Hydantoin, Glutathione, Glycolic Acid, Niacinamide, Collagen",Bythebeau Babchi Skin Rejuvenating Serum,https://inkeedecoder.com/products/bythebeau-babchi-skin-rejuvenating-serum
dark spots,"Aqua, Cyclopentasiloxane, Galactomyces Ferment Filtrate, Methylpropanediol, Niacinamide, Butylene Glycol, Isononyl Isononanoate, Aluminum Starch Octenylsuccinate, Cystoseira TamariscIfolia Extract, Licorice (Glycyrrhiza Glabra) Extract",Implora Dark Spot Treatment,https://inkeedecoder.com/products/implora-dark-spot-treatment
dark spots,"Aqua, Niacinamide, Butylene Glycol, Glycerin, Propylene Glycol, Tranexamic Acid, Phenoxyethanol, Hydroxyethylcellulose, Aloe Barbadensis Leaf Extract, Glycyrrhiza Glabra Root Extract",ZIEPOTION Hydra Potion Gentle Cleanser,https://inkeedecoder.com/products/ziepotion-hydra-potion-gentle-cleanser
dark spots,"Aqua, Niacinamide, Butylene Glycol, Glycerin, Alpha-Arbutin, Propylene Glycol, Punica Granatum Fruit Extract, Curcuma Longa (Turmeric) Root Extract, Allantoin, Glycyrrhiza Glabra Root Extract",Beautystat Universal C Eye Protector,https://inkeedecoder.com/products/beautystat-cosmetics-universal-c-eye-protector
dark spots,"Water, Dipropylene Glycol, Pentylene Glycol, Nicotinamide, Glycerol, Cyklokapron, PEG/​PPG-14/​7 Dimethyl Ether, 1, 2-Hexanediol, Hydroxyacetophenone",Organic Skin Japan Age Defense Anti-aging Whitening Serum,https://inkeedecoder.com/products/organic-skin-japan-age-defense-anti-aging-whitening-serum
dark spots,"Glycerin, Sodium PCA, Panthenol, Behenyl/​Oleyl Behenate/​Oleate Esters, Butylene Glycol, Bifida Ferment Lysate, Urea, Ceramide NG, Ceramide AP, Ceramide NP",n'pure Npure Toner Cica Centella Asiatica,https://inkeedecoder.com/products/npure-npure-toner-cica-centella-asiatica
dark spots,"Aqua, Niacinamide, Propanediol, Pentylene Glycol, Propylene Glycol, Methylpropanediol, Lactobacillus/​Collagen/​Mesembryanthemum Crystallinum Leaf Extract Ferment Lysate, Glycerin, Glycyrrhiza Glabra Root Extract, Polyglutamic Acid",Cipher Night Shift (2023 Reformulation),https://inkeedecoder.com/products/cipher-night-shift-2023-reformulation
dark spots,"Aqua, Niacinamide, Panthenol, Glycerin, Methylpropanediol, Propylene Glycol, Phenoxyethanol, Aloe Barbadensis Leaf Extract, Licorice Extract, Carbomer",Clinical Niacinamide 20% Treatment Paula's Choice,https://inkeedecoder.com/products/paulas-choice-clinical-niacinamide-20-treatment
dark spots,"Aqua (Water), Glycerin, Sodium PCA, Panthenol, Behenyl/​Oleyl Behenate/​Oleate Esters, Butylene Glycol, Bifida Ferment Lysate, Urea, Ceramide NG, Ceramide AP",Rejuvenating Brightening Essence BRODA® PRO,https://inkeedecoder.com/products/broda-r-pro-rejuvenating-brightening-essence
dark spots,"Aqua (Water), Glycerin, Sodium PCA, Panthenol, Behenyl/​Oleyl Behenate/​Oleate Esters, Butylene Glycol, Bifida Ferment Lysate, Urea, Ceramide NG, Ceramide AP",Niacinamide 10 Serum Cos De BAHA,https://inkeedecoder.com/products/cos-de-baha-niacinamide-10-serum
dark spots,"Bis-Ethylhexyloxyphenol Methoxyphenyl Triazine, Dibutyl Adipate, Diethylamino Hydroxybenzoyl Hexyl Benzoate, Ethylhexyl Methoxycinnamate, Ethylhexyl Triazone, Laureth-7 Citrate, Lauryl Glucoside, Polyglyceryl-2 Dipolyhydroxystearate, Triethanolamine, Isobutylamido Thiazolyl Resorcinol",Flawless Nightly Serum Dr. Sam Bunting Skincare,https://inkeedecoder.com/products/dr-sam-bunting-skincare-flawless-nightly-serum
dark spots,"Aqua, Niacinamide, Butylene Glycol, Glycerin, Propylene Glycol, Tranexamic Acid, Hydroxyethylcellulose, Aloe Barbadensis Leaf Extract, Glycyrrhiza Glabra Root Extract, Glutathione",Niacinamide The Inkey List,https://inkeedecoder.com/products/the-inkey-list-niacinamide
dark spots,"Water, Alcohol, Hamamelis Virginiana (Witch Hazel) Water, Butylene Glycol, Niacinamide, Lactic Acid, Gluconolactone, Sodium Polyacryloyldimethyl Taurate, Tranexamic Acid, Bisabolol",Niacinamide 10% + Zinc 1% The Ordinary,https://inkeedecoder.com/products/the-ordinary-niacinamide-10-zinc-1-serum1
dark spots,"Water, Butylene Glycol, Betaine, Glycerin, Pentylene Glycol, Xylitol, PEG/​PPG/​Polybutylene Glycol-8/​5/​3 Glycerin, Bis-PEG-18 Methyl Ether Dimethyl Silane, Inositol, Selaginella Tamariscina Extract",Pore Refining & Spot Correcting Concentrate dermistry⁺,https://inkeedecoder.com/products/dermistry-pore-refining-spot-correcting-concentrate
dark spots,"Caprylic/​Capric Triglyceride, Helianthus Annuus (Sunflower) Seed Oil, Alcohol, Glycine Soja (Soybean) Oil, Octyldodecanol, 1, 2-Hexanediol, Tocopherol, Melaleuca Alternifolia (Tea Tree) Leaf Oil, Bisabolol",Star Light Spot Corrector Acaderma,https://inkeedecoder.com/products/acaderma-star-light-spot-corrector
dark spots,"Aqua, Niacinamide, Butylene Glycol, Propanediol, Glycerin, Licorice (Glycyrrhiza Glabra) Extract, Glycyrrhizic Acid, Dipotassium Glycyrrhizate, PEG-40 Hydrogenated Castor Oil, DMDM Hydantoin",Flawless Brightly Serum Dr Sam Bunting,https://inkeedecoder.com/products/dr-sam-bunting-flawless-brightly-serum
dark spots,"Salicylic Acid (2.0%), Caprylic/​Capric Triglyceride, Helianthus Annuus (Sunflower) Seed Oil, Alcohol, Glycine Soja (Soybean) Oil, Octyldodecanol, 1, 2-Hexanediol, Tocopherol, Melaleuca Alternifolia (Tea Tree) Leaf Oil",Flawless Moisturiser Dr. Sam Bunting Skincare,https://inkeedecoder.com/products/dr-sam-bunting-skincare-flawless-moisturiser
dark spots,"Salicylic Acid (2%), Caprylic/​Capric Triglyceride, Helianthus Annuus (Sunflower) Seed Oil, Alcohol, Glycine Soja (Soybean) Oil, Octyldodecanol, 1, 2-Hexanediol, Tocopherol, Melaleuca Alternifolia (Tea Tree) Leaf Oil",Lab. Restoring Brightening Serum Purid,https://inkeedecoder.com/products/purid-lab-restoring-brightening-serum
dark spots,"Aqua, Ascorbic Acid, Ascorbyl Tetraisopalmitate, Propanediol, Niacinamide, Glycereth-26, Diheptyl Succinate, Methyl Methacrylate/​Glycol Dimethacrylate Crosspolymer, Undecane, Glyceryl Oleate Citrate",Abc Repair & Restore Antioxidant Serum Rx2 RejuAus,https://inkeedecoder.com/products/rejuaus-abc-repair-restore-antioxidant-serum-rx2
dark spots,"Water (Aqua), Cyclopentasiloxane, Butylene Glycol, Dimethicone Crosspolymer, Hydroxyethyl Acrylate/​Sodium Acryloyldimethyl Taurate Copolymer, Squalane, Saccharum Officinarum (Sugar Cane) Extract, Tropaeolum Majus Extract, Palmaria Palmata Extract, Camellia Sinensis Leaf Extract",VC Oxidation Resistance Serum Dr.magic,https://inkeedecoder.com/products/dr-magic-vc-oxidation-resistance-serum
dark spots,"Cyclopentasiloxane, Dimethicone, Polysilicone-11, Ascorbic Acid (Pure Vitamin C), Mica, Butyrospermum Parkii (Shea) Butter, Silica, Titanium Dioxide (Cl 77891), Cannabis Sativa Seed Oil, Cannabis Sativa Flower/​Leaf/​Stem Extract",A-Ret Tretinoin 0.1%,https://inkeedecoder.com/products/a-ret-tretinoin-0-1
dark spots,"Cyclopentasiloxane, Dimethicone, Polysilicone-11, Ascorbic Acid (Pure Vitamin C), Mica, Butyrospermum Parkii (Shea) Butter, Silica, Titanium Dioxide (Ci 77891), Hemp Seed Oil, Hemp Flower/​Leaf/​Stem Extract",A-Ret Tretinoin Gel 0.05%,https://inkeedecoder.com/products/a-ret-tretinoin-gel-0-05
dark spots,"Aqua, PPG-13-Decyltetradeceth-24, Methylpropanediol, Butylene Glycol, Bakuchiol, Salicylic Acid, Centella Asiatica Extract, Lactobacillus/​Collagen/​Mesembryanthemum Crystallinum Leaf Extract Ferment Lysate, Amylopectin, Propylene Glycol",ASSOS Tre® %0.05 Krem,https://inkeedecoder.com/products/assos-tre-r-0-05-krem
dark spots,"Aqua, Propylene Glycol, Glycerin, Butylene Glycol, Niacinamide, Allantoin, Propanediol, Phenoxyethanol, Acrylates/​C10-30 Alkyl Acrylate Crosspolymer, Triethanolamine",Abdiibrahim Acnelyse,https://inkeedecoder.com/products/abdiibrahim-acnelyse
dark spots,"Aqua, Centella Asiatica Leaf Water, Glycerin, Dipropylene Glycol, Coco-Betaine, Propylene Glycol, Butylene Glycol, Artemisia Vulgaris Extract, Coco-Glucoside, Decyl Glucoside",Acnelyse Tretinoin %0.025,https://inkeedecoder.com/products/acnelyse-tretinoin-0-025
dark spots,"Cbd Extract, Cyclopentasiloxane, Dimethicone, Polysilicone-11, Ascorbic Acid (Pure Vitamin C), Mica, Butyrospermum Parkii (Shea) Butter, Silica, Titanium Dioxide (Ci 77891), Cannabis Sativa Seed Oil",Acnelyse Tretinoin %0.05,https://inkeedecoder.com/products/acnelyse-tretinoin-0-05
dark spots,"Aqua, Pentylene Glycol, Aloe Barbadensis (Aloe Vera) Leaf Extract, Solanum Lycopersicum (Tomato) Fruit Extract, Virgin Coconut Oil, Sunflower Oil, Beta-Glucan, Niacinamide (Vit B3), Sodium Hyaluronate, Squalane",Acretin 0.05% Tretinoin Cream,https://inkeedecoder.com/products/acretin-0-05-tretinoin-cream
dark spots,"Aqua, Propylene Glycol, Glycerin, Niacinamide, Tranexamic Acid, Centella Asiatica Leaf, Centella Asiatica Leaf Extract, Camellia Sinensis Leaf Extract, Salicylic Acid, Allantoin",Acretin Tretinoin 0.025% Cream,https://inkeedecoder.com/products/acretin-tretinoin-0-025-cream
dark spots,"Aqua, Niacinamide, Potassium Azeloyl Diglycinate, Propanediol, Alpha-Arbutin, Isodecyl Neopentanoate, Cannabis Sativa (Hemp) Seed Oil, Euterpe Oleracea (Acai) Fruit Oil, Glyceryl Stearate, Cetyl Alcohol","Actavis Pharma, Inc. Actavis Tretinoin Cream, USP 0.025%",https://inkeedecoder.com/products/actavis-pharma-inc-actavis-tretinoin-cream-usp-0-025
dark spots,glabridin,Airol cream 0.5 Airol Cream,https://inkeedecoder.com/products/airol-cream-0-5-airol-cream
dark spots,"Water (Aqua), Niacinamide 20.0%, Pentylene Glycol (Solvent/​Texture Enhancer), Butylene Glycol (Slip Agent/​Hydration), Glycerin (Skin-Replenishing), Acetyl Glucosamine (Skin-Replenishing), Ascorbyl Glucoside (Vitamin C/​Antioxidant), Glycyrrhiza Glabra (Licorice) Root Extract (Skinsoothing/​Antioxidant), Spiraea Ulmaria (Meadowsweet) Extract (Antioxidant), Portulaca Oleracea (Purslane) Extract (Antioxidant)",Airol cream 0.5 Tretinoina,https://inkeedecoder.com/products/airol-cream-0-5-tretinoina
dark spots,"Water, Niacinamide 10.0%, Butylene Glycol, PEG-8, Propylene Glycol, Poloxamer 407, Tranexamic Acid 3.0%, Laureth-4, Salicylic Acid 1.0%, Carbomer","Andrómaco Hidrosam T 0,010%",https://inkeedecoder.com/products/andromaco-hidrosam-t-0-010
dark spots,"Organic Aloe Barbadensis Leaf Extract (Aloe), Niacinamide 10.0%, Propanediol, Glycerin, 1, 2-Hexanediol, Zinc Pca 1.0%, Sodium Hyaluronate, Allantoin, Dipotassium Glycyrrhizate","Andrómaco Hidrosam T 0,025%",https://inkeedecoder.com/products/andromaco-hidrosam-t-0-025
dark spots,"Aqua (Water/​Eau), Butylene Glycol, Niacinamide 10.0%, Azelaic Acid 5.0%, Dicaprylyl Carbonate, Glycerin, Ethoxydiglycol, Cetearyl Alcohol, Dimethyl Isosorbide, Bakuchiol 1.0%","Andrómaco Hidrosam T 0,050%",https://inkeedecoder.com/products/andromaco-hidrosam-t-0-050
dark spots,"Water (Aqua/​Eau), Niacinamide 10.0%, Glycerin, Propanediol, Butylene Glycol, Squalane, Leuconostoc/​Radish Root Ferment Filtrate, Hyaluronic Acid, Phenoxyethanol, Hydroxyethyl Acrylate/​Sodium Acryloyldimethyl Taurate Copolymer","Andrómaco Hidrosam T 0,100%",https://inkeedecoder.com/products/andromaco-hidrosam-t-0-100
dark spots,"Aqua (Water), Niacinamide 10.0%, Pentylene Glycol, Zinc Pca 1.0%, Dimethyl Isosorbide, Tamarindus Indica Seed Gum, Xanthan Gum, Isoceteth-20, Ethoxydiglycol, Phenoxyethanol",Apostrophe Tretinoin,https://inkeedecoder.com/products/apostrophe-tretinoin
dark spots,"Aqua, Niacinamide 10.0%, Methylpropanediol, Pentylene Glycol, Salicylic Acid 1.0%, 3-O-Ethyl Ascorbic Acid, Carnosine, Opuntia Streptacantha Stem Extract, Glycine Max (Soybean) Seed Extract, Rhamnose",Apoteka Dona Hidrofilni Krem Sa Tretinoinom 0.05%,https://inkeedecoder.com/products/apoteka-dona-hidrofilni-krem-sa-tretinoinom-0-05
dark spots,"Aqua (Water), Niacinamide 5.0%, Tranexamic Acid 3.0%, PEG-11 Methyl Ether Dimethicone, Caprylyl Methicone, Caprylic/​Capric Triglyceride, 1-Methylhydantoin-2-Imide, 1, 2-Hexanediol, PEG-12 Dimethicone",Avalon Pharma Avotin-a,https://inkeedecoder.com/products/avalon-pharma-avotin-a
dark spots,"Aqua (Water), Azelaic Acid 10.0%, Caprylic/​Capric Triglyceride, Niacinamide 5.0%, Dicaprylyl Carbonate, Ascorbyl Glucoside 2.0%, Cetearyl Alcohol, Glycerin, Glyceryl Stearate SE, Cetearyl Olivate","Bailleul Laboratories Tretin® %0,05 Krem",https://inkeedecoder.com/products/bailleul-laboratories-tretin-r-0-05-krem
dark spots,"Aqua (Water/​Eau), Butyrospermum Parkii (Shea) Butter, Cyclopentasiloxane, Niacinamide 5.0%, Propanediol, Dimethicone, Glycerin, Cetyl Alcohol, Caprylic/​Capric Triglyceride, Glyceryl Stearate Se",Bausch Health Retin-A Micro (0.04%),https://inkeedecoder.com/products/bausch-health-retin-a-micro-0-04
dark spots,"Water, Niacinamide 5.0%, Arbutin 2.0%, Acetyl Glucosamine 2.0%, Bis-Ethoxydiglycol Cyclohexane 1, 4-Dicarboxylate 1.0%, Pentylene Glycol, Butylene Glycol, Sophora Flavescens Root Extract**, Glycyrrhiza Inflata Root Extract**",Bausch Health Retin-a Cream 0.05%,https://inkeedecoder.com/products/bausch-health-retin-a-cream-0-05
dark spots,"Water, Aloe Vera Juice Extract, Niacinamide 5.0%, Cyclodextrin, Caprylic/​Capric Triglyceride, Gluconolactone, Terminalia Ferdinandiana (Kakadu Plum) Fruit Extract 5.0%, Carnitine (L), Vegetable Glycerin, Polysorbate 20",Bausch Health Retin-a Micro (tretinoin) Gel Microsphere 0.1%,https://inkeedecoder.com/products/bausch-health-retin-a-micro-tretinoin-gel-microsphere-0-1
dark spots,niacinamide,Bausch Health Vitamin A Acid Gel (0.05%),https://inkeedecoder.com/products/bausch-health-vitamin-a-acid-gel-0-05
dark spots,"Aqua, Ascorbic Acid 20.0%, Butylene Glycol, Propanediol, Dipropylene Glycol, Glycerin, 1, 2-Hexanediol, Tromethamine, PEG-40 Hydrogenated Castor Oil",CCSD Rx Reverse Tretinoin 0.05%,https://inkeedecoder.com/products/ccsd-rx-reverse-tretinoin-0-05
dark spots,"Tretinoin, Propylene Glycol, Isopropanol, Carbomer, Triethanolamine, Butylated Hydroxytoluene, Methyl Hydroxybenzoate, Propyl Hydroxybenzoate",CTS CHEMICAL INDUSTRIES Ret-Avit Cream 0.05%,https://inkeedecoder.com/products/cts-chemical-industries-ret-avit-cream-0-05
dark spots,"Tretinoin, PEG-4 Olivate, Olive Oil PEG-7 Esters, Methyl Hydroxybenzoate, Propyl Hydroxybenzoate, Propylene Glycol, Silicon Oil, Caprylic/​Capric Triglyceride, Carbomer, Triethanolamine",CTS CHEMICAL INDUSTRIES Ret-Avit Gel 0.05%,https://inkeedecoder.com/products/cts-chemical-industries-ret-avit-gel-0-05
dark spots,"Retinoic Acid Tretinoin (0.5), Isopropyl Myristate, Carbopol 974 Polymer, Polysorbate 80, Glycerol, Triglyceride, Light Liquid Vaseline, Butylated Hydroxytoluene, Butylated Hydroxy Anisole, Methylparaben",Cantabria Labs Neocare 4mg/g cream,https://inkeedecoder.com/products/industrial-farmaceutica-cantabria-neocare
dark spots,"Tretinoin, Cetyl Alcohol, Stearyl Alcohol, Tween 60, Sorbitan Monostearate, Methylparaben, Propylparaben, BHT, Propylene Glycol, Deionized-Water",Cantabria Labs Retincare,https://inkeedecoder.com/products/cantabria-labs-retincare
dark spots,"Tretinoin (0.025), Butylhydroxytoluene (E321), Cetyl Alcohol, Methyl Parahydroxybenzoate (E218), Propyl Parahydroxybenzoate (E216), Propylene Glycol, Stearyl Alcohol","Cassará Neotretin M Tretinoína 0,025%",https://inkeedecoder.com/products/cassara-neotretin-m-tretinoina-0-025
dark spots,"Tretinoin (0, 05%), Butylhydroxytoluene (E321), Paraffin (Vaseline Flant), Polysorbate 60, Cetyl Alcohol, Methyl Parahydroxybenzoate (E218), Propyl Parahydroxybenzoate (E216), Propylene Glycol, Sorbitan Stearate (Span 60)",Cordes Vas,https://inkeedecoder.com/products/cordes-vas
dark spots,"Tretinoin (0.05%), Polyoxyl 40 Stearate, Stearyl Alcohol, Isopropyl Myristate, Stearic Acid, BHT, Sorbic Acid, Xanthan Gum, Purified Water",Cordes Vas Creme (0.05 Tretinoin),https://inkeedecoder.com/products/cordes-vas-creme-0-05-tretinoin
dark spots,"Tretinoin (0.025%), Stearyl Alcohol, Isopropyl Myristate, Propylene Glycol, Polysorbate 60, Sorbitan Monostearate, Glycerin, Carbomer, Edetate Disodium, Methylparaben",Dar Al Dawa Smooderm,https://inkeedecoder.com/products/dar-al-dawa-smooderm
dark spots,"Tretinoin (0.025%), Stearic Acid, Polyolprepolymer-2, Isopropyl Myristate, Polyoxyl 40 Stearate, Propylene Glycol, Stearyl Alcohol, Xanthan Gum, Sorbic Acid, Butylated Hydroxytoluene",DermaXP Reticor (tretinoin) cream,https://inkeedecoder.com/products/dermaxp-reticor-tretinoin-cream
dark spots,"Tretinoin (0.5 Mg), Butylhydroxyanisole (E320) (X)",DermaXP Reticor (tretinoin) gel,https://inkeedecoder.com/products/dermaxp-reticor-tretinoin-gel
dark spots,"Tretinoin, Glycerol Stearate, Ceteareth-20, Sorbitol Solution (70%), Cetyl Esters Wax, Phytosqualene, Butylhydroxyanisole (E320), Disodium Edetate, Magnesium Sulfate Heptahydrate, Benzoic Acid (E210)",Dermatica 0.1% Tretinoin Cream,https://inkeedecoder.com/products/dermatica-0-1-tretinoin-cream
dark spots,"Tretinoin (0.01%), Soluble Collagen, Elastin, Glyceryl Monostearate, Cetyl Alcohol, Stearyl Alcohol, Octyldodecanol, Methyl Paraben, Propyl Paraben, Carbopol",Dermatica Tretinoin 0.025% + Niacinamide 4%,https://inkeedecoder.com/products/dermatica-tretinoin-0-025
dark spots,"Tretinoin (0.025%), Soluble Collagen, Elastin, Glyceryl Monostearate, Cetyl Alcohol, Stearyl Alcohol, Octyldodecanol, Methyl Paraben, Propyl Paraben, Carbopol",Dermatica Tretinoin 0.05% - Azelaic Acid 15% - Tranexamic Acid 5%,https://inkeedecoder.com/products/dermatica-tretinoin-0-05-azelaic-acid-15-tranexamic-acid-5
dark spots,"Tretinoin (0, 05%), Soluble Collagen, Elastin, Glyceryl Monostearate, Cetyl Alcohol, Stearyl Alcohol, Octyldodecanol, Methyl Paraben, Propyl Paraben",Dermatica Tretinoin 0.05% And Niacinamide 4%,https://inkeedecoder.com/products/dermatica-tretinoin-0-05-and-niacinamide-4
dark spots,"Tretinoin (0, 1%), Soluble Collagen, Elastin, Glyceryl Monostearate, Cetyl Alcohol, Stearyl Alcohol, Octyldodecanol, Methyl Paraben, Propyl Paraben",Dermatica Tretinoin 0.1%,https://inkeedecoder.com/products/dermatica-tretinoin-0-1
dark spots,"Tretinoin (0.025% - 0.1%), Niacinamide (4%), Butylated Hydroxytoluene, C12-15 Alkyl Benzoate, Caprylic/​Capric Triglycerides, Cetyl Alcohol, Ethylhexylglycerin, Glycerin Usp, Glyceryl Stearate, Hydroxyethyl Acrylate/​Sodium Acryloyldimethyl Taurate Copolymer","Dermatica Tretinoin, Niacinamide 4%, Azelaic Acid 4%",https://inkeedecoder.com/products/dermatica-tretinoin-niacinamide-4-azelaic-acid-4
dark spots,"Tretinoin (0.05%), Aqua, Petrolatum, Propylene Glycol, Caprylic/​Capric Triglyceride, Ceteareth-20, Cetyl Alcohol, Glyceryl Stearate SE, Paraffinum Liquidum, Butylhydroxytoluene",Farmacia cu Traditie Tretinoin 0.025% Cream And Moisture Complex,https://inkeedecoder.com/products/farmacia-cu-traditie-tretinoin-0-025-cream-and-moisture-complex
dark spots,"Tretinoin, Ceteareth-6, Stearyl Alcohol, Ceteareth-25, Glyceryl Mono Sterate, Cetyl Alcohol, Vaseline, Yellow 1, Beeswax, Cetearyl Octanoate",Felix Retinoid +,https://inkeedecoder.com/products/felix-retinoid
dark spots,"Retinoic Acid (Tretinoin), Isopropyl Myristate, Carbopol Polymer, Polysorbate 80, Miglyol, Glycerol, Paraffinum Liquidum, Butylated Hydroxytoluene, Butylated Hydroxy Anisole, Methylparaben",GSK Stieva-A Cream,https://inkeedecoder.com/products/gsk-stieva-a
dark spots,"Tretinoin (0.04%), Purified Water, Carbomer, Glycerin, Disodium EDTA, Propylene Glycol, Propylene Glycol Dicaprylate/​Dicaprate, Sorbic Acid, PPG-20 Methyl Glucose Ether Distearate, Cyclomethicone",Galderma Twyneo 0.1%/3% cream,https://inkeedecoder.com/products/galderma-twyneo-0-1-3-cream
dark spots,"Tretinoin, Butylhydroxytoluene, Isopropyl Myristate, Polyoxyl 40 Stearate, Stearic Acid, Stearyl Alcohol, Sorbic Acid, Xanthan Gum, Purified Water",Hedge & Hedge Pharmaceutical LLP Tretinoin Cream USP,https://inkeedecoder.com/products/hedge-hedge-pharmaceutical-llp-tretinoin-cream-usp
dark spots,"Tretinoin (0.1%), Water, Carbomer (0.1%), Glycerin, Disodium EDTA, Propylene Glycol, Sorbic Acid, PPG-20 Methyl Glucose Ether Distearate, Dimethicone/​Methicone Copolymer, Benzyl Alcohol",ITF-Labomed Dermodan Tretinoina 0.025%,https://inkeedecoder.com/products/itf-labomed-dermodan-tretinoina-0-025
dark spots,"Tretinoin (0.05%), Alcohol (95%), Carboxyvinyl Polymer, Carbopol 980, Carbomer, Isopropyl Alcohol, Propylene Glycol, Purified Water, Trolamine",Jamjoom Pharma Acretin 0.05% Cream,https://inkeedecoder.com/products/jamjoom-pharma-acretin-0-05-cream
dark spots,"Retinoic Acid (0.05%), Water, Caprylic/​Capric Triglycerides, Stearyl Alcohol, Stearic Acid, Glyceryl Stearate, PEG-100 Stearate, Diisopropyl Dimer Dilinoleate, Aluminum, Magnesium Silicate",Janssen Retin A Micro Gel 0.04%,https://inkeedecoder.com/products/janssen-retin-a-micro-gel-0-04
dark spots,"Tretinoin (0.05%), Butylated Hydroxytoluene, Cetomacrogol 1000, Lanolin Anhydrous, Glyceryl Monostearate Se, Cetostearyl Alcohol, Oleic Acid Decylester, Dimethicone 350, Sorbitol Solution (70%), Sorbic Acid",Janssen Retin-a Tretinoina Crema 0.05%,https://inkeedecoder.com/products/janssen-retin-a-tretinoina-crema-0-05
dark spots,"Tretinoin (0.05%), Cremophor Rh 40, Softigen 767, Carbomer 940, Butylated Hydroxytoluene, Methyl Dihydroxybenzoate, Sodium Propyl Hydroxybenzoate, Sodium Hydroxide, Hydrochloric Acid, Isopropyl Alcohol",Janssen Pharmaceuticals Retino-A Tretinoin Cream U.S.P. 0.05%,https://inkeedecoder.com/products/janssen-retino-a-tretinoin-cream-u-s-p-0-05
dark spots,"Tretinoin, C12-20 Acid PEG-8 Ester, Cetyl Alcohol, Glycerin, Propylene Glycol, BHT, Ascorbyl Palmitate, Glyceryl Stearate, Citric Acid, Methyl Parahydroxybenzoate (E-219)",Ascorbyl Tetraisopalmitate Solution 20% In Vitamin F The Ordinary,https://inkeedecoder.com/products/the-ordinary-ascorbyl-tetraisopalmitate-solution-20-in-vitamin-f
dark spots,"Ácido Retinoico, Ácido Glicólico, Propylene Glycol, PEG-7 Glyceryl Cocoate, Aminomethyl Propanol, Hydroxyethylcellulose, Polyvinyl Alcohol, Imidazolidinyl Urea, Disodium EDTA, BHT",Vitamin C 35% Collagen Rebuilding Serum Allies of Skin,https://inkeedecoder.com/products/allies-of-skin-vitamin-c-35-collagen-rebuilding-serum
dark spots,"Tretinoin (0.025%), Gluconolactone (4%), Ethylhexyl Methoxycinnamate, Polydimethylsiloxane, Cetyl Alcohol, Ceramide, Cholesterol, Disodium EDTA, Perfume, Sodium Hydroxide",Ideal Resource Renewing Pro-Vitamin C And E Oil Concentrate Darphin,https://inkeedecoder.com/products/darphin-ideal-resource-renewing-pro-vitamin-c-and-e-oil-concentrate
dark spots,"Tretinoin, Butylated Hydroxytoluene, Beryl Perfume Oil, Cetyl Stearyl Alcohol, Trispolyoxyethylenephosphate, Citric Acid Monohydrate, Glyceryl Monostearate, Isopropyl Myristate, Palmitoyl Ascorbic Acid, Macrogol-7-Glycerol Cocoate",Refreshing Brightening Serum (2020) Purid,https://inkeedecoder.com/products/purid-refreshing-brightening-serum-2
dark spots,"Tretinoin, Butylated Hydroxytoluene, Cetyl Stearyl Alcohol, Citric Acid, Glycerin Monostearate, Isopropyl Myristate, Ascorbyl Palmitate, PEG-7 Glyceryl Cocoate, Propylene Glycol, Sorbitan Stearate",Clairial Serum SVR,https://inkeedecoder.com/products/svr-clairial-serum
dark spots,"Tretinoin (0.05%), Isopropanol, Propylene Glycol, Cetyl Alcohol, Sorbitan Monostearate, Polysorbate 20, Butylated Hydroxy Anisole, Triethanolamine, Carbomer, Benzyl Alcohol",Star Light Spot Corrector Acaderma,https://inkeedecoder.com/products/acaderma-star-light-spot-corrector
dark spots,"Tretinoin (0.025%, 0, 05%, 1%), Cetostearyl Alcohol, Stearyl Alcohol, Isopropyl Myristate, Polysorbate 60, Sorbitan Stearate, Butylated Hydroxytoluene",Rejuvenating Brightening Essence BRODA® PRO,https://inkeedecoder.com/products/broda-r-pro-rejuvenating-brightening-essence
dark spots,"Tretinoin (0.05%, 0.1%), Purified Water, Diisopropyl Adipate, Propylene Glycol, Acrylates/​C10-30 Alkyl Acrylate Crosspolymer, BHT, Methylparaben, Sodium Hydroxide",Lab. Restoring Oxygenation Serum Purid,https://inkeedecoder.com/products/purid-lab-restoring-oxygenation-serum
dark spots,"Tretinoin (0.1%), Purified Water, Carthamus Tinctorius Oleosomes, Polyacrylate-13, Polyisobutene, Sodium Carbomer, Polysorbate 20, Tocopheryl Acetate, Benzoic Acid (0.1%), Sorbic Acid (0.1%)",The Repair Lotion Sanshi,https://inkeedecoder.com/products/sanshi-the-repair-lotion
dark spots,"Tretinoin (0.025%), Niacinamide (4%), Aqua, Propylene Glycol, Glycerin, Cetyl Alcohol, Glyceryl Stearate, PEG-75 Stearate, Isohexadecane, Isododecane",Tranexamic Acid Essence Spring Letter,https://inkeedecoder.com/products/spring-letter-tranexamic-acid-essence
dark spots,"Tretinoin, Azelaic Acid, Tranexamic Acid, Purified Water, Propylene Glycol, Glycerin, Panthenol, Cetyl Alcohol, Glyceryl Stearate, Isohexadecane",Nourishing Repairing Essence BRODA® PRO,https://inkeedecoder.com/products/broda-r-pro-nourishing-repairing-essence
pores,"Tretinoin, Niacinamide, Purified Water, Propylene Glycol, Glycerin, Panthenol, Cetyl Alcohol, Glyceryl Stearate, Isohexadecane, Isododecane",Resist Bha 9 Paula's Choice,https://inkeedecoder.com/products/paulas-choice-resist-bha-9
pores,"Tretinoin, Niacinamide, Purified Water, Propylene Glycol, Glycerin, Panthenol, Cetyl Alcohol, Glyceryl Stearate, Isohexadecane, Isododecane",Compound Salicylic Acid Liniment Sanyi,https://inkeedecoder.com/products/sanyi-compound-salicylic-acid-liniment
pores,"Tretinoin, Niacinamide, Azelaic Acid, Purified Water, Carthamus Tinctorius Oleosomes, Propylene Glycol, Glycerin, Panthenol, Polyacrylate-13, Polyisobutene",Azelaic Acid Control Facial Acne Gel Aisuanis,https://inkeedecoder.com/products/aisuanis-empowerment-azelaic-acid-control-facial-acne-gel
pores,"Tretinoin, Aqua, Glycerin, Coco-Caprylate, Cetearyl Olivate, Sorbitan Olivate, Glyceryl Stearate, Stearic Acid, Caprylic/​Capric Triglycerides, Sodium PCA",Nuorishing Spa Mask BRODA® PRO,https://inkeedecoder.com/products/broda-r-pro-nuorishing-spa-mask
pores,"Tretinoin (0.025%), Clindamycin (1%), Niacinamide (4%), Dimethicone, Caprylyl Methicone, PEG-12 Dimethicone/​PPG-20 Crosspolymer, Butyrospermum Parkii (Shea) Butter, Polysilicone-11, Tocopheryl Acetate",Flawless Neutralising Gel Dr. Sam Bunting Skincare,https://inkeedecoder.com/products/dr-sam-bunting-skincare-flawless-neutralising-gel
pores,"Tretinoin, Butylated Hydroxy Anisole, Butylated Hydroxytoluene, Ethylenediaminetetraacetic Acid Disodium Salt, Isopropyl Palmitate, Methyl Paraben, Polyoxyl 40 Stearate, Propyl Paraben, Propylene Glycol, Purified Water",Neem & BHA Spot Clarifying Serum Dr. Sheth's,https://inkeedecoder.com/products/dr-sheths-neem-bha-spot-clarifying-serum
pores,"Tretinoin (0.1%), Benzoyl Peroxide (3%), Anhydrous Citric Acid, Butylated Hydroxytoluene, Carbomer Homopolymer Type C, Cetrimonium Chloride, Cetyl Alcohol, Cyclomethicone, Edetate Disodium, Glycerin",Salicylic Acid 2% Serum Garden of Wisdom,https://inkeedecoder.com/products/garden-of-wisdom-salicylic-acid-serum
pores,"Tretinoin (0.025%), Sorbic Acid (0.2%), Butylated Hydroxytoluene (0.1%)",Rapid Relief Acne Spot Treatment Murad,https://inkeedecoder.com/products/murad-rapid-relief-acne-spot-treatment
pores,"Tretinoin, Disodium Edetate, Methylparaben, Propylparaben, Glycerol, Carbomer 934, Stearic Acid, Stearyl Alcohol, Cetyl Alcohol, Glyceryl Monostearate",Clear Pore Oil-Eliminating Astringent Neutrogena,https://inkeedecoder.com/products/neutrogena-clear-pore-oil-eliminating-astringent
pores,"Tretinoin (0.05%), Polyoxyl 40 Stearate, Stearyl Alcohol, Isopropyl Myristate, Stearic Acid, Butylated Hydroxytoluene, Sorbic Acid, Xanthan Gum, Purified Water",Clear Regular Strength Anti-Redness Exfoliating Solution With 2% Salicylic Acid Paula's Choice,https://inkeedecoder.com/products/paulas-choice-clear-regular-strength-anti-redness-exfoliating-solution-with-2-salicylic-acid
pores,"Tretinoin (0.04%), Aqua, Carbomer, Glycerin, Disodium EDTA, Propylene Glycol, Sorbic Acid, PPG-20 Methyl Glucose Ether Distearate, Cyclomethicone, Dimethicone Copolyol",Resist Daily Pore-Refining Treatment 2% Bha Paula's Choice,https://inkeedecoder.com/products/paulas-choice-resist-daily-pore-refining-treatment-2-bha
pores,"Tretinoin, Polyoxyl 40 Stearate, Stearyl Alcohol, Stearic Alcohol, Isopropyl Myristate, Butylated Hydroxytoluene, Sorbic Acid, Xanthan Gum, Purified Water",Acne-Clear Oil-Free Matte Moisturizer Peter Thomas Roth,https://inkeedecoder.com/products/peter-thomas-roth-acne-clear-oil-free-matte-moisturizer
pores,"Tretinoin, PEG-40 Stearate, Stearyl Alcohol, Isopropyl Myristate, BHT, Stearic Acid, Sorbic Acid, Xanthan Gum, Purified Water",Clinical Niacinamide 20% Treatment Paula's Choice,https://inkeedecoder.com/products/paulas-choice-clinical-niacinamide-20-treatment
pores,tretinoin,Rejuvenating Brightening Essence BRODA® PRO,https://inkeedecoder.com/products/broda-r-pro-rejuvenating-brightening-essence
pores,"Coconut Alkanes, Tetrahexyldecyl Ascorbate 20.0%, Ethyl Linoleate, Coco-Caprylate/​Caprate, Simmondsia Chinensis (Jojoba) Seed Oil, Solanum Lycopersicum (Tomato) Fruit Extract, Squalane",Niacinamide 10 Serum Cos De BAHA,https://inkeedecoder.com/products/cos-de-baha-niacinamide-10-serum
pores,"Ethoxydiglycol, 3-O-Ethyl Ascorbic Acid 25.0%, Tetrahexyldecyl Ascorbate 10.0%, Dimethyl Isosorbide, Isodecyl Neopentanoate, Glutathione (L), Superoxide Dismutase, Ethylhexylglycerin, Caprylyl Glycol, Phenoxyethanol",Flawless Nightly Serum Dr. Sam Bunting Skincare,https://inkeedecoder.com/products/dr-sam-bunting-skincare-flawless-nightly-serum
pores,"Coco-Caprylate/​Caprate, Caprylic/​Capric Triglyceride, Tetrahexyldecyl Ascorbate 10.0%, Heptyl Undecylenate, Tocopheryl Acetate 5.0%, Linoleic Acid, Rosa Moschata Seed Oil, Argania Spinosa Kernel Oil, Oxycoccus Palustris (Cranberry) Seed Oil, Hibiscus Abelmoschus Extract",Niacinamide The Inkey List,https://inkeedecoder.com/products/the-inkey-list-niacinamide
pores,"Aqua, Pentylene Glycol, Ascorbyl Tetraisopalmitate 3.0%, Curcuma Longa (Turmeric) Root Extract, C9-12 Alkane, Butylene Glycol, Bis-Ethoxydiglycol Cyclohexane 1, 4-Dicarboxylate 1.0%, Dimethicone, Cyclopentasiloxane",Niacinamide 10% + Zinc 1% The Ordinary,https://inkeedecoder.com/products/the-ordinary-niacinamide-10-zinc-1-serum1
pores,"Aqua (Purified Water), Caprylic/​Capric Triglyceride, Dimethicone, Ascorbyl Tetraisopalmitate 2.0%, Silica, Dicaprylyl Carbonate, Butylene Glycol, Boron Nitride, Cetearyl Alcohol, Propanediol",Pore Refining & Spot Correcting Concentrate dermistry⁺,https://inkeedecoder.com/products/dermistry-pore-refining-spot-correcting-concentrate
pores,"Aqua (Water), Niacinamide 5.0%, Tranexamic Acid 3.0%, PEG-11 Methyl Ether Dimethicone, Caprylyl Methicone, Caprylic/​Capric Triglyceride, 1-Methylhydantoin-2-Imide, 1, 2-Hexanediol, PEG-12 Dimethicone",Star Light Spot Corrector Acaderma,https://inkeedecoder.com/products/acaderma-star-light-spot-corrector
pores,"Water, Niacinamide 10.0%, Butylene Glycol, PEG-8, Propylene Glycol, Poloxamer 407, Tranexamic Acid 3.0%, Laureth-4, Salicylic Acid 1.0%, Carbomer",Flawless Brightly Serum Dr Sam Bunting,https://inkeedecoder.com/products/dr-sam-bunting-flawless-brightly-serum
pores,"Water, Tranexamic Acid 3.0%, Olea Europaea (Olive) Leaf Extract 2.0%, Pentylene Glycol, Bis-Ethoxydiglycol Cyclohexane 1, 4-Dicarboxylate 1.0%, Dimethicone, Sodium Polyacrylate, C18-21 Alkane, Trideceth-6",Flawless Moisturiser Dr. Sam Bunting Skincare,https://inkeedecoder.com/products/dr-sam-bunting-skincare-flawless-moisturiser
pores,"Aqua, Dipropylene Glycol, Butylene Glycol, Tranexamic Acid 3.0%, Ectoin 2.0%, Sodium Hyaluronate, Yeast Ferment Extract, Paeonia Albiflora Root Extract, Glycyrrhiza Uralensis (Licorice) Root Extract, Lophatherum Gracile Extract",Lab. Restoring Brightening Serum Purid,https://inkeedecoder.com/products/purid-lab-restoring-brightening-serum
pores,"Aqua, Butylene Glycol, Tranexamic Acid 3.0%, 3-O-Ethyl Ascorbic Acid, Diglucosyl Gallic Acid 0.5%, Ectoin 0.5%, Glycerin, Epigallocatechin Gallatyl Glucoside 0.5%, Sea Whip Extract 0.5%, Phytosphingosine 0.2%",Abc Repair & Restore Antioxidant Serum Rx2 RejuAus,https://inkeedecoder.com/products/rejuaus-abc-repair-restore-antioxidant-serum-rx2
pores,"Water, Poloxamer 407, PEG-8, Glycerin, Laureth-4, Salicylic Acid 1.0%, Panax Notoginsenosides, Tranexamic Acid 1.0%, Dipotassium Glycyrrhizate, Bisabolol",A-Passioni Retinol Cream Drunk Elephant,https://inkeedecoder.com/products/drunk-elephant-a-passioni-retinol-cream
pores,"Propylene Glycol, PEG-75, PEG-8, Water, Salicylic Acid 9.0%, Glycerin, Avena Sativa (Oat) Kernel Extract, Butylene Glycol, Boerhavia Diffusa Root Extract, Sea Whip Extract",Night Switch Retinol 1% Lixir,https://inkeedecoder.com/products/lixir-night-switch-retinol-1
pores,"Salicylic Acid 6.0%, Resorcinol 2.0%, Phenol 1.0%, Methyl Salicylate 0.003%, Glycerin 0.003%, Alcohol, Water",Retinol 1.0 Maximum Strength Refining Night Cream SkinCeuticals,https://inkeedecoder.com/products/skinceuticals-retinol-1-0-maximum-strength-refining-night-cream
pores,"Aqua, Propylene Glycol, Azelaic Acid 15.0%, Tetrahydroxypropyl Ethylenediamine, Potassium Azeloyl Diglycinate 5.0%, Polyacrylate Crosspolymer-6, Salicylic Acid 2.0%, Lactobionic Acid, Bisabolol, Gluconolactone",Retinol 1% In Squalane The Ordinary,https://inkeedecoder.com/products/the-ordinary-retinol-1-in-squalane
pores,"Water, Poloxamer 407, Laureth-40, PEG-8, Glycerin, Salicylic Acid 2.0%, Bisabolol, Dipotassium Glycyrrhizate",Retinol 6TR Serum Medik8,https://inkeedecoder.com/products/medik8-retinol-6tr-serum
pores,"Aqua (Water), Propylene Glycol, Ammonium Polyacryloyldimethyl Taurate, Azelaic Acid 5.0%, Squalane 5.0%, Salicylic Acid 2.0%, Glyceryl Stearate, Disodium EDTA, PEG-100 Stearate, Sodium Hydroxide",Retinol 0.5 Refining Night Cream SkinCeuticals,https://inkeedecoder.com/products/skinceuticals-retinol-0-5-refining-night-cream
pores,"Salicylic Acid 2.0%, Neem Oil (Anti-Bacterial), Tea Tree Oil (Anti-Acne), Niacinamide (Brightening, Anti-Redness), Green Tea Extract (Conditioning, Calming), (Wheat And Oat) Sugar (Hydration - Gluten Free), Allantoin (Healing), Lavender Oil (Calming)",Retinol 0.5% In Squalane The Ordinary,https://inkeedecoder.com/products/the-ordinary-retinol-0-5-in-squalane
pores,"Propanediol, Spring Water, Salicylic Acid 2.0%, Dehydroxanthan Gum",Retinol 3 Tr Serum Medik8,https://inkeedecoder.com/products/medik8-retinol-3-tr-serum
pores,"Salicylic Acid 2.0%, Water (Aqua), Alcohol, Hamamelis Virginiana (Witch Hazel) Water, Propanediol, Pentylene Glycol, Glycerin, Silica, Butylene Glycol, Polyacrylate Crosspolymer-6",Retinol 0.3 SkinCeuticals,https://inkeedecoder.com/products/skinceuticals-retinol-0-3
pores,"Salicylic Acid 2.0%, Water, Alcohol Denat, Hamamelis Virginiana (Witch Hazel) Water, Butylene Glycol, Glycereth-7, Methyl Gluceth-20, Alcohol, Fragrance, Propylene Glycol",Visionnaire Skin Solutions Retinol Serum Lancôme,https://inkeedecoder.com/products/lancome-visionnaire-skin-solutions-retinol-serum
pores,"Water (Aqua), Dipropylene Glycol, Pentylene Glycol, Salicylic Acid 2.0%, Polysorbate 20, Butylene Glycol, Glycerin, Sodium Hyaluronate, Dipotassium Glycyrrhizate, Allantoin",Lab. Restoring Radiance Serum Purid,https://inkeedecoder.com/products/purid-lab-restoring-serum
pores,"Water (Aqua), Dipropylene Glycol, Salicylic Acid 2.0%, Pentylene Glycol, Butylene Glycol, Polysorbate 20, Palmitoyl Tripeptide-1, Palmitoyl Tetrapeptide-7, Dipotassium Glycyrrhizate, Nordihydroguaiaretic Acid",Fine Fairness Brightening Serum Neutrogena,https://inkeedecoder.com/products/neutrogena-fine-fairness-brightening-serum
pores,"Salicylic Acid 2.0%, Water/​Aqua/​Eau, Dimethicone, Propanediol, Caprylic/​Capric Triglyceride, Glycerin, Jojoba Esters, Isodecyl Neopentanoate, Cetearyl Alcohol, Panthenol",Aha Resurfacing Lotion 20 Intensive Exfoliating Treatment DCL,https://inkeedecoder.com/products/dcl-aha-resurfacing-lotion-20-50ml-intensive-exfoliating-treatment
pores,salicylic-acid,Glycolix Elite Facial Cream 20% Topix,https://inkeedecoder.com/products/topix-glycolix-elite-facial-cream-20
pores,"Water (Aqua), Niacinamide 20.0%, Pentylene Glycol (Solvent/​Texture Enhancer), Butylene Glycol (Slip Agent/​Hydration), Glycerin (Skin-Replenishing), Acetyl Glucosamine (Skin-Replenishing), Ascorbyl Glucoside (Vitamin C/​Antioxidant), Glycyrrhiza Glabra (Licorice) Root Extract (Skinsoothing/​Antioxidant), Spiraea Ulmaria (Meadowsweet) Extract (Antioxidant), Portulaca Oleracea (Purslane) Extract (Antioxidant)",Clarify Gel Plus Neostrata,https://inkeedecoder.com/products/neostrata-gel-plus
pores,"Water, Niacinamide 10.0%, Butylene Glycol, PEG-8, Propylene Glycol, Poloxamer 407, Tranexamic Acid 3.0%, Laureth-4, Salicylic Acid 1.0%, Carbomer",MelaBlok Dermasence,https://inkeedecoder.com/products/dermasence-melablok
pores,"Organic Aloe Barbadensis Leaf Extract (Aloe), Niacinamide 10.0%, Propanediol, Glycerin, 1, 2-Hexanediol, Zinc Pca 1.0%, Sodium Hyaluronate, Allantoin, Dipotassium Glycyrrhizate",Revitalift Derm Intensives 10% Pure Glycolic Acid Serum L'Oreal Paris,https://inkeedecoder.com/products/loreal-paris-10-pure-glycolic-acid-serum
pores,"Aqua (Water/​Eau), Butylene Glycol, Niacinamide 10.0%, Azelaic Acid 5.0%, Dicaprylyl Carbonate, Glycerin, Ethoxydiglycol, Cetearyl Alcohol, Dimethyl Isosorbide, Bakuchiol 1.0%",Resist Weekly Resurfacing Treatment 10% Aha Paula's Choice,https://inkeedecoder.com/products/paulas-choice-resist-weekly-resurfacing-treatment-10-aha
pores,"Water (Aqua/​Eau), Niacinamide 10.0%, Glycerin, Propanediol, Butylene Glycol, Squalane, Leuconostoc/​Radish Root Ferment Filtrate, Hyaluronic Acid, Phenoxyethanol, Hydroxyethyl Acrylate/​Sodium Acryloyldimethyl Taurate Copolymer",Energy Complex Ahas Exfoliating Toner Aisuanis,https://inkeedecoder.com/products/aisuanis-energy-complex-ahas-exfoliating-toner
pores,"Aqua (Water), Niacinamide 10.0%, Pentylene Glycol, Zinc Pca 1.0%, Dimethyl Isosorbide, Tamarindus Indica Seed Gum, Xanthan Gum, Isoceteth-20, Ethoxydiglycol, Phenoxyethanol",Compound Six Acid Nourishing Conditioning Biofilm Aisuanis,https://inkeedecoder.com/products/aisuanis-compound-six-acid-nourishing-conditioning-biofilm
pores,"Aqua, Niacinamide 10.0%, Methylpropanediol, Pentylene Glycol, Salicylic Acid 1.0%, 3-O-Ethyl Ascorbic Acid, Carnosine, Opuntia Streptacantha Stem Extract, Glycine Max (Soybean) Seed Extract, Rhamnose",Azelaic Acid Derma Forte,https://inkeedecoder.com/products/derma-forte-azelaic-acid
pores,"Aqua (Water), Niacinamide 5.0%, Tranexamic Acid 3.0%, PEG-11 Methyl Ether Dimethicone, Caprylyl Methicone, Caprylic/​Capric Triglyceride, 1-Methylhydantoin-2-Imide, 1, 2-Hexanediol, PEG-12 Dimethicone",Azelaic Acid Control Facial Acne Gel Aisuanis,https://inkeedecoder.com/products/aisuanis-empowerment-azelaic-acid-control-facial-acne-gel
pores,"Aqua (Water), Azelaic Acid 10.0%, Caprylic/​Capric Triglyceride, Niacinamide 5.0%, Dicaprylyl Carbonate, Ascorbyl Glucoside 2.0%, Cetearyl Alcohol, Glycerin, Glyceryl Stearate SE, Cetearyl Olivate",Empowerment Azelaic Acid Sebamed Clear Face Facial Cream Aisuanis,https://inkeedecoder.com/products/aisuanis-empowerment-azelaic-acid-sebamed-clear-face-facial-cream
pores,"Aqua (Water/​Eau), Butyrospermum Parkii (Shea) Butter, Cyclopentasiloxane, Niacinamide 5.0%, Propanediol, Dimethicone, Glycerin, Cetyl Alcohol, Caprylic/​Capric Triglyceride, Glyceryl Stearate Se",Professional 10% Azelaic Acid Face Serum Bielenda,https://inkeedecoder.com/products/bielenda-professional-10-azaleic-acid-face-serum
pores,"Water, Niacinamide 5.0%, Arbutin 2.0%, Acetyl Glucosamine 2.0%, Bis-Ethoxydiglycol Cyclohexane 1, 4-Dicarboxylate 1.0%, Pentylene Glycol, Butylene Glycol, Sophora Flavescens Root Extract**, Glycyrrhiza Inflata Root Extract**",Azelaic Acid 10% Serum Cos De BAHA,https://inkeedecoder.com/products/cos-de-baha-azelaic-acid-10-serum
pores,"Water, Aloe Vera Juice Extract, Niacinamide 5.0%, Cyclodextrin, Caprylic/​Capric Triglyceride, Gluconolactone, Terminalia Ferdinandiana (Kakadu Plum) Fruit Extract 5.0%, Carnitine (L), Vegetable Glycerin, Polysorbate 20",Flawless Brightly Serum Dr Sam Bunting,https://inkeedecoder.com/products/dr-sam-bunting-flawless-brightly-serum
pores,niacinamide,Azelaic Acid Suspension 10% The Ordinary,https://inkeedecoder.com/products/the-ordinary-azelaic-acid-suspension-10
pores,"Water/​Aqua/​Eau, Glycerin, Coco-Caprylate, Stearic Acid, Coconut Alkanes, Glyceryl Stearate, Niacinamide, Caprylic/​Capric Triglyceride, Cetearyl Alcohol, Pentylene Glycol",Flawless Neutralising Gel Dr. Sam Bunting Skincare,https://inkeedecoder.com/products/dr-sam-bunting-skincare-flawless-neutralising-gel
pores,"Aqua (Water), Phospholipids, Leuconostoc/​Radish Root Ferment Filtrate, Retinol 1.0%, Phenoxyethanol, Benzoic Acid, Glyceryl Laurate, EDTA, Dehydroacetic Acid, Ethylhexylglycerin",Flawless Nightly Serum Dr. Sam Bunting Skincare,https://inkeedecoder.com/products/dr-sam-bunting-skincare-flawless-nightly-serum
pores,"Aqua (Water), Cyclomethicone, Allyl Methacrylates Crosspolymer, Polysorbate 20, Retinol 1.0%, BHT, Cyclopentasiloxane, Dimethicone Crosspolymer, Dimethicone, Dimethiconol",Niacinamide 10 Serum Cos De BAHA,https://inkeedecoder.com/products/cos-de-baha-niacinamide-10-serum
pores,"Squalane, Caprylic/​Capric Triglyceride, Simmondsia Chinensis (Jojoba) Seed Oil, Retinol 1.0%, Solanum Lycopersicum (Tomato) Fruit Extract, Rosmarinus Officinalis (Rosemary) Leaf Extract, Hydroxymethoxyphenyl Decanone, BHT",Niacinamide 10% + Zinc 1% The Ordinary,https://inkeedecoder.com/products/the-ordinary-niacinamide-10-zinc-1-serum1
pores,"Carthamus Tinctorius (Safflower) Seed Oil, Caprylic/​Capric Triglyceride, Cyclopentasiloxane, PPG-12/​Smdi Copolymer, Cyclohexasiloxane, Retinol 0.6%, Tocopheryl Acetate, Lecithin, BHT",Compound Six Acid Nourishing Conditioning Biofilm Aisuanis,https://inkeedecoder.com/products/aisuanis-compound-six-acid-nourishing-conditioning-biofilm
pores,"Aqua/​Water/​Eau, Cyclopentasiloxane, Cyclohexasiloxane, Dimethiconol, Alcohol Denat, Pentylene Glycol, Allyl Methacrylates Crosspolymer, Dimethicone PEG-7 Isostearate, Sodium Polyacrylate, Dimethicone Crosspolymer",Compound Six Acid Nourishing Conditioning Biofilm Aisuanis,https://inkeedecoder.com/products/aisuanis-compound-six-acid-nourishing-conditioning-biofilm
pores,"Squalane, Caprylic/​Capric Triglyceride, Simmondsia Chinensis (Jojoba) Seed Oil, Retinol 0.5%, Solanum Lycopersicum (Tomato) Fruit Extract, Rosmarinus Officinalis (Rosemary) Leaf Extract, Hydroxymethoxyphenyl Decanone, BHT",C Scape High Potency Night Booster 30 DCL,https://inkeedecoder.com/products/dcl-c-scape-high-potency-night-booster-30
pores,"Simmondsia Chinensis (Jojoba) Seed Oil, Cyclopentasiloxane, PPG-12/​Smdi Copolymer, Cyclohexasiloxane, Caprylic/​Capric Triglyceride, Tocopheryl Acetate, Retinol 0.3%, Lecithin, BHT",Vitamin C Suspension 30% In Silicone The Ordinary,https://inkeedecoder.com/products/the-ordinary-vitamin-c-suspension-30-in-silicone
pores,"Aqua/​Water, Isostearyl Neopentanoate, Glycerin, Glycine Soja Oil/​Soybean Oil, Propylene Glycol, Acrylamide/​Sodium Acryloyldimethyltaurate Copolymer, Cetearyl Alcohol, Phenoxyethanol, Isohexadecane, Retinol 0.3%",A.C.E. Vitamin C25 IOPE,https://inkeedecoder.com/products/iope-a-c-e-vitamin-c25
pores,"Aqua/​Water, Glycerin, Dicaprylyl Ether, Isopropyl Isostearate, Octyldodecanol, Sodium Tetrahydrojasmonate, Cetyl Alcohol, Glycine Soja Oil /​ Soybean Oil, Behenyl Alcohol, Dipropylene Glycol",C25 Neo Rohto Obagi,https://inkeedecoder.com/products/rohto-obagi-25-neo-vitamin-c-serum
pores,"Water, Pentylene Glycol, Dimethicone, Bis-Ethoxydiglycol Cyclohexane 1, 4-Dicarboxylate 1.0%, Sodium Polyacrylate, C18-21 Alkane, Trideceth-6, 1, 2-Hexanediol",The Vitamin C23 IOPE,https://inkeedecoder.com/products/iope-the-vitamin-c23
pores,"Water, Cyclopentasiloxane, Dimethicone Crosspolymer, Ascorbyl Glucoside 2.0%, Ammonium Acryloyldimethyltaurate, Niacinamide, C12-15 Alkyl Benzoate, Dimethicone, Nylon-12, Phenoxyethanol",Vitamin C Suspension 23% + Ha Spheres 2% The Ordinary,https://inkeedecoder.com/products/the-ordinary-vitamin-c-suspension-23-ha-spheres-2
pores,retinol,Vitamin C24 Indeed Labs,https://inkeedecoder.com/products/indeed-labs-vitamin-c24
pores,"Water (Aqua), Glycolic Acid 20.0%, Pentylene Glycol, Isopropyl Palmitate, Caprylic/​Capric Triglyceride, Ammonium Hydroxide, Cetyl Alcohol, Glyceryl Stearate, PEG-100 Stearate, Potassium Cetyl Phosphate",Triple C Lightning Liquid COSRX,https://inkeedecoder.com/products/cosrx-triple-c-lightning-liquid
pores,"Purified Water, Glycolic Acid 20.0%, C12-15 Alkyl Benzoate, Cyclopentasiloxane, Ammonium Hydroxide, Stearyl Alcohol, Glyceryl Stearate, Cetearyl Alcohol, Polyacrylamide, C13-14 Isoparaffin",VC Oxidation Resistance Serum Dr.magic,https://inkeedecoder.com/products/dr-magic-vc-oxidation-resistance-serum
pores,"Aqua/​Water/​Eau, Alcohol Denat, Glycolic Acid 15.0%, Propylene Glycol, Ammonium Hydroxide, Polyquaternium-10, Tetrasodium EDTA",Vitamin Nectar Vitamin C Brightening Powder Fresh,https://inkeedecoder.com/products/fresh-vitamin-nectar-vitamin-c-brightening-powder
pores,"Aqua, PEG-40 Hydrogenated Castor Oil, Glycolic Acid 10.0%, Gluconolactone, Propanediol, Boerhavia Diffusa Root Extract, Hexylresorcinol, Simmondsia Chinensis Seed Oil, Phenoxyethanol, Sucrose Palmitate",Serum 20 AOX+ SkinCeuticals,https://inkeedecoder.com/products/skinceuticals-serum-20-aox
pores,"Aqua/​Water/​Eau, Glycolic Acid 10.0%, Glycerin, Alcohol Denat, Sodium Hydroxide, Aloe Barbadensis Leaf Juice, Sodium Hyaluronate, Hydroxyethylcellulose, Ascorbyl Glucoside, Citric Acid",20% Vitamin C Essence Spring Letter,https://inkeedecoder.com/products/spring-letter-20-vitamin-c-essence
pores,"Water (Aqua), Methylpropanediol, Glycolic Acid 10.0%, Butylene Glycol, Sodium Hydroxide, Camellia Sinensis (Green Tea) Leaf Extract, Aloe Barbadensis Leaf Juice, Sodium Ascorbyl Phosphate, Dipotassium Glycyrrhizate, Glycyrrhiza Glabra Licorice) Root Extract",Flawless Brightly Serum Dr Sam Bunting,https://inkeedecoder.com/products/dr-sam-bunting-flawless-brightly-serum
pores,"Aqua, Glycolic Acid 6.0%, Sodium Hydroxide, Isopentyldiol, Methyl Gluceth-20, Potassium Azeloyl Diglycinate, Zinc Pca, Saccharum Officinarum (Sugarcane) Extract**, Vaccinium Myrtillus Extract**, Citrus Aurantium Dulcis Fruit Extract**",Flawless Nightly Serum Dr. Sam Bunting Skincare,https://inkeedecoder.com/products/dr-sam-bunting-skincare-flawless-nightly-serum
pores,"Water, Salicylic Acid, Amylopectin, Glycolic Acid 1.8%, Lactobionic Acid 1.6%, Gluconolactone 1.5%, Capryloyl Salicylic Acid 0.9%, Mandelic Acid 0.7%, Glycerin, Cyclodextrin",1% Bakuchiol Serum Revolution Skincare,https://inkeedecoder.com/products/revolution-skincare-1-bakuchiol-serum
pores,"Water, Azelaic Acid 20.0%, Ascorbic Acid, Tocopherol, Collagen, Ubiquinone, Carbomer, Squalane, Centella Asiatica Extract, Curcuma Longa Root Extract",Flawless Neutralising Gel Dr. Sam Bunting Skincare,https://inkeedecoder.com/products/dr-sam-bunting-skincare-flawless-neutralising-gel
pores,"Aqua, Propylene Glycol, Azelaic Acid 15.0%, Tetrahydroxypropyl Ethylenediamine, Potassium Azeloyl Diglycinate 5.0%, Polyacrylate Crosspolymer-6, Salicylic Acid 2.0%, Lactobionic Acid, Bisabolol, Gluconolactone",Baby Steps Acid Treatment Chemist Confessions,https://inkeedecoder.com/products/chemist-confessions-baby-steps-acid-treatment
pores,"Aqua, Dipropylene Glycol, Cyclopentasiloxane, Azelaic Acid 10.0%, Lauryl PEG-9 Polydimethylsiloxyethyl Dimethicone, Dimethicone, Phenyl Trimethicone, Polyglyceryl-4 Isostearate, Sodium Hydroxide, Squalane",Bio-Hydrating Cream Neostrata,https://inkeedecoder.com/products/neostrata-bio-hydrating-cream
pores,"Aqua (Water), Propylene Glycol, Azelaic Acid 10.0%, Caprylic/​Capric Triglyceride, Stearyl Alcohol, Betaine, Glycerin, Ceteareth-20, Allantoin, Polyacrylate Crosspolymer-6",Sebiaclear Serum SVR,https://inkeedecoder.com/products/svr-sebiaclear-serum
pores,"Aloe Barbadensis Leaf Extract, Propylene Glycol, Azelaic Acid 10.0%, Polysorbate 20, 1, 2-Hexanediol, Propanediol, Panthenol, Niacinamide, Sodium Hyaluronate 0.2%",Bionic Face Cream Neostrata,https://inkeedecoder.com/products/neostrata-bionic-face-cream
pores,"Aqua (Water), Azelaic Acid 10.0%, Caprylic/​Capric Triglyceride, Niacinamide 5.0%, Dicaprylyl Carbonate, Ascorbyl Glucoside 2.0%, Cetearyl Alcohol, Glycerin, Glyceryl Stearate SE, Cetearyl Olivate",Press And Glow Toner Medik8,https://inkeedecoder.com/products/medik8-press-and-glow-toner
pores,"Aqua (Water), Isodecyl Neopentanoate, Dimethicone, Azelaic Acid 10.0%, Dimethicone/​Bis-Isobutyl PPG-20 Crosspolymer, Dimethyl Isosorbide, Hydroxyethyl Acrylate/​Sodium Acryloyldimethyl Taurate Copolymer, Polysilicone-11, Isohexadecane, Tocopherol",Compound Six Acid Nourishing Conditioning Biofilm Aisuanis,https://inkeedecoder.com/products/aisuanis-compound-six-acid-nourishing-conditioning-biofilm
pores,"Aqua (Water), Propylene Glycol, Ammonium Polyacryloyldimethyl Taurate, Azelaic Acid 5.0%, Squalane 5.0%, Salicylic Acid 2.0%, Glyceryl Stearate, Disodium EDTA, PEG-100 Stearate, Sodium Hydroxide",Effaclar Adapalene Gel 0.1% Acne Treatment La Roche-Posay,https://inkeedecoder.com/products/la-roche-posay-effaclar-adapalene-gel-0-1-acne-treatment
pores,"Aqua (Water/​Eau), Butylene Glycol, Niacinamide 10.0%, Azelaic Acid 5.0%, Dicaprylyl Carbonate, Glycerin, Ethoxydiglycol, Cetearyl Alcohol, Dimethyl Isosorbide, Bakuchiol 1.0%",ART&FACT. Enzyme Powder,https://inkeedecoder.com/products/art-fact-enzyme-powder
pores,"Organic Aloe Barbadensis Leaf Extract (Aloe), Niacinamide 10.0%, Propanediol, Glycerin, 1, 2-Hexanediol, Zinc Pca 1.0%, Sodium Hyaluronate, Allantoin, Dipotassium Glycyrrhizate",ART&FACT. Enzyme Powder (Regeneration & Cleansing),https://inkeedecoder.com/products/art-fact-enzyme-powder-regeneration-cleansing
pores,"Aqua (Water), Niacinamide 10.0%, Pentylene Glycol, Zinc Pca 1.0%, Dimethyl Isosorbide, Tamarindus Indica Seed Gum, Xanthan Gum, Isoceteth-20, Ethoxydiglycol, Phenoxyethanol",Afrodita professional Clean Up Enzimski Piling Za Lice I Ruke,https://inkeedecoder.com/products/afrodita-professional-clean-up-enzimski-piling-za-lice-i-ruke
pores,"Water, Salicylic Acid, Amylopectin, Glycolic Acid 1.8%, Lactobionic Acid 1.6%, Gluconolactone 1.5%, Capryloyl Salicylic Acid 0.9%, Mandelic Acid 0.7%, Glycerin, Cyclodextrin",Ahava Time To Clear Purifying Mud Mask,https://inkeedecoder.com/products/ahava-time-to-clear-purifying-mud-mask
pores,"Water, Salicylic Acid, Amylopectin, Glycolic Acid 1.8%, Lactobionic Acid 1.6%, Gluconolactone 1.5%, Capryloyl Salicylic Acid 0.9%, Mandelic Acid 0.7%, Glycerin, Cyclodextrin",Allies of Skin Fresh Slate Purifying Cleanser + Masque,https://inkeedecoder.com/products/allies-of-skin-fresh-slate-purifying-cleanser-masque
pores,"Isohexadecane, Ascorbic Acid 30.0%, Butylene/​Ethylene/​Styrene Copolymer, Ethylene/​Propylene/​Styrene Copolymer, Isononyl Isononanoate, Tetrahexyldecyl Ascorbate, Tocopheryl Acetate, Citrus Grandis (Grapefruit) Peel Oil, Citrus Aurantium Amara (Bitter Orange) Peel Oil, Squalane",Anjo Professional Black #4,https://inkeedecoder.com/products/anjo-professional-black-4
pores,"Dimethicone, Ascorbic Acid 30.0%, Polysilicone-11, Peg-10 Dimethicone",Annemarie Börlind Liquid Lipstick Matt Nude,https://inkeedecoder.com/products/annemarie-borlind-liquid-lipstick-matt-nude
pores,"Water, Ascorbic Acid 25.0%, Propanediol, Tromethamine, Dimethicone, Panthenol, Ethyl Ascorbyl Ether, Squalane, Caffeine, Sodium Chloride",Annemarie Börlind Liquid Lipstick Matt Rosewood,https://inkeedecoder.com/products/annemarie-borlind-liquid-lipstick-matt-rosewood
pores,"Ethoxydiglycol, L Ascorbic Acid 25.0%, Aqua, PEG-8, Betaine, Harpagophytum Procumbens Root Extract, Hydrolyzed Brassica Alba Seed Extract, Centella Asiatica Extract, Cynara Scolymus Leaf Extract, Yeast Extract",Anointment Exfoliating Clay Cleanser,https://inkeedecoder.com/products/anointment-natural-skin-care-exfoliating-clay-cleanser
pores,"Water, Ascorbic Acid 23.0%, Propanediol, Dimethicone, Tromethamine, Panthenol, Ethyl Ascorbyl Ether, Squalane, Caffeine, Sodium Chloride",Atopalm Derma Soothing Powder,https://inkeedecoder.com/products/atopalm-derma-soothing-powder
pores,"Ascorbic Acid 23.0%, Squalane, Isodecyl Neopentanoate, Isononyl Isononanoate, Coconut Alkanes, Ethylene/​Propylene/​Styrene Copolymer, Ethylhexyl Palmitate, Silica Dimethyl Silylate, Sodium Hyaluronate, Glucomannan",Australian Wholesale Oils White Kaolin French Clay,https://inkeedecoder.com/products/australian-wholesale-oils-white-kaolin-french-clay
pores,"Dimethicone, Ascorbic Acid 22.0%, Polysilicone-11, Ethylhexyl Palmitate, PEG-10 Dimethicone, Silica Silylate, Silica Dimethyl Silylate, Butylene Glycol, Sodium Hyaluronate",BCL Tsururi Ghassoul Mineral Clay Pack,https://inkeedecoder.com/products/bcl-tsururi-ghassoul-mineral-clay-pack
pores,"Aronia Melanocarpa Fruit Extract (Black Chokeberry), Ascorbic Acid (Vitamin C) 20.5%, Butylene Glycol, Sodium Lactate, Licorice Root Extract, 1, 2- Hexanediol, Pullulan, Sodium Hyaluronate, Cassia Obtusifolia Seed Extract",BIOSPA Pure Mud & Charcoal Mask,https://inkeedecoder.com/products/biospa-pure-mud-charcoal-mask
pores,"Aqua, Ascorbic Acid 20.0%, Butylene Glycol, Propanediol, Dipropylene Glycol, Glycerin, 1, 2-Hexanediol, Tromethamine, PEG-40 Hydrogenated Castor Oil",BOGNA SKIN Nutritional Mask&Scrub “Lila Mask”,https://inkeedecoder.com/products/bogna-skin-nutritional-mask-scrub-lila-mask
pores,"Oryza Sativa (Rice) Starch*, Sodium Bicarbonate*, Citric Acid*, Disodium Lauryl Sulfosuccinate*, Cocamidopropyl Betaine*, Parfum (Fragrance)*, Hydrated Silica*, Maltodextrin*, Monosodium Citrate*, Limonene*",Beesline 4In1Whitening Cleanser,https://inkeedecoder.com/products/beesline-4in1whitening-cleanser
pores,"Aqua /​ Water /​ Eau, Ascorbic Acid 20.0%, Ethoxydiglycol, Propylene Glycol, Glycerin, Zinc Sulfate, Phenoxyethanol, Sodium Hydroxide, Panthenol, Ferulic Acid 0.2%",Bolero Clay Mask,https://inkeedecoder.com/products/bolero-clay-mask
pores,"Aqua, Ethoxydiglycol, Ascorbic Acid 20.0%, Propylene Glycol, Anogeissus Leiocarpus Bark Extract, Centella Asiatica Extract, Tocopheryl Acetate, Lactobionic Acid, Calcium Chloride, Glycerin",Bombay Beauty Co. No. 04 Detoxify,https://inkeedecoder.com/products/bombay-beauty-co-no-04-detoxify
pores,ascorbic-acid,Bondi Sands Glow Dust Exfoliating Powder,https://inkeedecoder.com/products/bondi-sands-glow-dust-exfoliating-powder
pores,"Aqua (Water), Azelaic Acid 10.0%, Caprylic/​Capric Triglyceride, Niacinamide 5.0%, Dicaprylyl Carbonate, Ascorbyl Glucoside 2.0%, Cetearyl Alcohol, Glycerin, Glyceryl Stearate SE, Cetearyl Olivate",Buck Naked Beauty Mud Pie,https://inkeedecoder.com/products/buck-naked-beauty-mud-pie
pores,"Aqua (Water/​Eau), Butylene Glycol, Niacinamide 10.0%, Azelaic Acid 5.0%, Dicaprylyl Carbonate, Glycerin, Ethoxydiglycol, Cetearyl Alcohol, Dimethyl Isosorbide, Bakuchiol 1.0%",Burt's Bees Eye Shadow Primer,https://inkeedecoder.com/products/burts-bees-eye-shadow-primer
pores,"Aqua (Water, Eau), Propanediol, Isopropyl Myristate, Caprylic/​Capric Triglyceride, Vitis Vinifera Seed Oil, Bakuchiol 1.0%, Phenoxyethanol, Polyacrylamide, Xanthan Gum",Butt Naked Body Rose Clay Face Mask,https://inkeedecoder.com/products/butt-naked-body-rose-clay-face-mask
pores,"Aqua (Water), Propylene Glycol, Ammonium Polyacryloyldimethyl Taurate, Azelaic Acid 5.0%, Squalane 5.0%, Salicylic Acid 2.0%, Glyceryl Stearate, Disodium EDTA, PEG-100 Stearate, Sodium Hydroxide",Butt Naked Cleanse Dust Enzyme Powder Cleanser,https://inkeedecoder.com/products/butt-naked-cleanse-dust-enzyme-powder-cleanser
pores,"Water, Gluconolactone 30.0%, Lactic Acid 15.0%, Glycerin, Sodium Hydroxide, Propanediol, Polyacrylate Crosspolymer-6, Dipropylene Glycol, Boswellia Serrata Gum, Beta-Glucan",By Nature Brightening Clay Mask With Pink Clay + Witch Hazel + Kawakawa Extract,https://inkeedecoder.com/products/by-nature-brightening-clay-mask-with-pink-clay-witch-hazel-kawakawa-extract
pores,"Water (Aqua), Gluconolactone 15.0%, C12-15 Alkyl Benzoate, Propylene Glycol, Isododecane, Peg-40 Stearate, Sorbitan Stearate, Isocetyl Alcohol, Stearyl Alcohol, Polyglyceryl-2 Diisostearate","Cattier Clay Mask (Pink Clay, Aloe Vera)",https://inkeedecoder.com/products/cattier-clay-mask-pink-clay-aloe-vera
pores,"Aqua (Purified Water), Gluconolactone 14.0%, Dicaprylyl Carbonate, Niacinamide 4.0%, Propanediol, Dimethicone, Glycerin, Sodium Hydroxide, Pseudoalteromonas Ferment Extract, Biosaccharide Gum-4",ClariSea Sea Salt Solutions Deep Pore Detox,https://inkeedecoder.com/products/clarisea-sea-salt-solutions-deep-pore-detox
pores,"Aqua (Water), Cyclopentasiloxane, Gluconolactone 8.0%, Lactobionic Acid 4.0%, Propylene Glycol, Ethylhexyl Hydroxystearate, Glycerin, Triethanolamine, Arginine, C12-15 Alkyl Ethylhexanoate",Clay and glow Pink Clay Mask,https://inkeedecoder.com/products/clay-and-glow-pink-clay-mask
pores,"Aqua (Water), Gluconolactone 5.5%, Glycerin, Hydrolyzed Opuntia Ficus-Indica Flower Extract, Euterpe Oleracea Fruit Extract, Aloe Barbadensis Leaf Juice, Sodium Hydroxide, Sodium Citrate, Hydroxyacetophenone, Phenoxyethanol",Coast Sydney Botanicals Hero BHA Dream Face Powder Exfoliator,https://inkeedecoder.com/products/coast-sydney-botanicals-hero-bha-dream-face-powder-exfoliator
pores,"Water, Salicylic Acid, Amylopectin, Glycolic Acid 1.8%, Lactobionic Acid 1.6%, Gluconolactone 1.5%, Capryloyl Salicylic Acid 0.9%, Mandelic Acid 0.7%, Glycerin, Cyclodextrin",Colo Beauty Face Mask,https://inkeedecoder.com/products/colo-beauty-face-mask
pores,"Adapalene 0.1%, Carbomer Homopolymer, Edetate Disodium, Methylparaben, Poloxamer 182, Propylene Glycol, Purified Water, Sodium Hydroxide",Conserving Beauty Sea Your Glow Mask,https://inkeedecoder.com/products/conserving-beauty-sea-your-glow-mask
pores,"Kaolin, Avena Sativa (Oat) Kernel Flour, Corn Starch, Sodium Cocoyl Isethionate, Maltodextrine, Azelaic Acid, Camellia Sinensis Leaf Extract, Allantoin, Papain, Bromelain",DEMES Mask On-Demand Hydrate Dry Skin,https://inkeedecoder.com/products/demes-mask-on-demand-hydrate-dry-skin
pores,"Kaolin, Avena Sativa (Oat) Kernel Flour, Corn Starch, Maltodextrine, Sodium Cocoyl Isethionate, Azelaic Acid, Camellia Sinensis Leaf Extract, Allantoin",Danielle Laroche Facial Mud Mask,https://inkeedecoder.com/products/danielle-laroche-facial-mud-mask
pores,"Kaolin, Maltodextrin, Sodium Cetearyl Sulfate, Sodium Ascorbyl Phosphate, Acrylates/​C10-C30 Alkyl Acrylate Crosspolymer, Papain, Centella Asiatica Extract, Silica, Sodium Bicarbonate, Parfum",Daughter Earth Hemp + Vitamin E Purifying Mask,https://inkeedecoder.com/products/daughter-earth-hemp-vitamin-e-purifying-mask
pores,"Kaolin, Silt (Dead Sea Mud), Aqua (Mineral Spring Water), Cocamide MEA, Dmdm Hydantoin, Sodium Lauroamphoacetate, Sodium Trideceth Sulfate, Propanediol (Corn Derived Glycol), Glyceryl Stearate, Ethylhexyl Palmitate","Dayes Europe BV. Facial Mask Green Clay, French Clay & Betonite",https://inkeedecoder.com/products/dayes-europe-bv-facial-mask-green-clay-french-clay-betonite
pores,"Kaolin, Glycerin, Aqua (Water), Sorbitan Isostearate, Sodium Cocoyl Isethionate, Polysorbate 60, Polyglyceryl-6 Polyricinoleate, Butylene Glycol, Theobroma Cacao (Cocoa) Fruit Powder, C12-15 Alkyl Benzoate",De Tuinen Gele Klei Curcuma Masker,https://inkeedecoder.com/products/de-tuinen-gele-klei-curcuma-masker
pores,"Kaolin, Polyglyceryl-2 Triisostearate, C12-15 Alkyl Ethylhexanoate, Cyclopentasiloxane, Ceresin, Paraffin, Trimethylsiloxysilicate, Ethylhexyl Methoxycinnamate, Hydrogenated Vegetable Oil, Synthetic Wax",De Tuinen Groene Klei Masker,https://inkeedecoder.com/products/de-tuinen-groene-klei-masker-3
pores,"Kaolin, Dodecane, Coconut Alkanes, Sclerocarya Birrea Seed Oil, Hydrogenated Vegetable Oil, Helianthus Annuus Seed Cera, Coco-Caprylate/​Caprate, Jojoba Esters, Glyceryl Caprylate, Rhus Verniciflua Peel Cera",De Tuinen Witte Klei Masker,https://inkeedecoder.com/products/de-tuinen-witte-klei-masker
pores,"Kaolin, Ricinus Communis Seed Oil, Dodecane, Coconut Alkanes, Sclerocarya Birrea Seed Oil, Hydrogenated Vegetable Oil, Helianthus Annuus Seed Cera, Coco-Caprylate/​Caprate, Jojoba Esters, Glyceryl Caprylate",Dermaglin Anti-Acne Mask,https://inkeedecoder.com/products/dermaglin-anti-acne-mask
pores,"Kaolin, Avena Sativa Kernel Meal*, Lavandula Angustifolia Flower, Linum Usitatissimum (Linseed) Seed Oil, Citrus Aurantium Dulcis Peel Oil, Lavendula Officinalis Oil, Citrus Aurantium Dulcis Oil, Tocopherol",Dermaglin Refreshing Peeling Mask,https://inkeedecoder.com/products/dermaglin-refreshing-peeling-mask
pores,"Kaolin, Mica, Magnesium Stearate, Dimethylimidazolidinone Rice Starch, Zea Mays (Corn) Starch, Zinc Oxide, Phytosqualane, Silica, Diisostearyl Malate, Calcium Carbonate",Dermaviduals Enzyme Skin Renewal,https://inkeedecoder.com/products/dermaviduals-enzyme-skin-renewal
pores,Kaolin,Dr Kadir Bio Sulfur Mask,https://inkeedecoder.com/products/dr-kadir-bio-sulfur-mask
pores,"Kaolin, Water (Aqua), Dipropylene Glycol, Pentaerythrityl Tetraethylhexanoate, Magnesium Aluminum Silicate, Sodium Methyl Cocoyl Taurate, Allantoin, Argania Spinosa Kernel Oil, Glycosyl Trehalose, Sesamum Indicum (Sesame) Seed Oil (Sesamum Indicum)",Dr. Jetske Ultee Clay Powder,https://inkeedecoder.com/products/dr-jetske-ultee-clay-powder
pores,"Kaolin, Aqua, Silt, Propylene Glycol, Disodium Cocoamphodiacetate, Glycerin, Glyceryl Stearate SE, Wooded Charcoal, Cetearyl Alcohol, Ceteareth-30",Eight Saints No Plans Clay Mask,https://inkeedecoder.com/products/eight-saints-no-plans-clay-mask
pores,"Kaolin, Crambe Abyssinica Seed Oil, Carthamus Tinctorius Seed Oil, Ricinus Communis Seed Oil, Caryodendron Orinocense Seed Oil, Simmondsia Chinensis Seed Oil, Aqua, Hydrogenated Vegetable Oil, Cetearyl Olivate, Sorbitan Olivate",Elyn’s Lab Acne Care Face Mask Base,https://inkeedecoder.com/products/elyns-lab-acne-care-face-mask-base
pores,"Kaolin Clay, Corn Flour, Honey, Lactic Acid, Vegetable Glycerin, Sodium Lactate, Walnut Shell Powder, Lemon Peel, Olive Leaf, Vitamin B3",Emina Whip Face Wash,https://inkeedecoder.com/products/emina-whip-face-wash
pores,"Kaolin, Cetearyl Alcohol, Glycerin, Hydrogenated Starch Hydrolysate, Isopropyl Palmitate, Glyceryl Stearate, PEG-100 Stearate, Paraffinum Liquidum (Mineral Oil), Dimethicone, Hydroxyacetophenone",Eterea Maschera Viso Purificante,https://inkeedecoder.com/products/eterea-maschera-viso-purificante
pores,"White Kaolin Clay, Oats/​Avoine, Rose Petals/​Pétales De Rose, Bombay Damask Blend Of Pure Essential Oils/​Huile Essentielles",Farryn Amber Mint Facial Mask,https://inkeedecoder.com/products/farryn-amber-mint-facial-mask
pores,"Kaolin, Tapioca Starch, Disodium Lauryl Sulfosuccinate, Bambusa Arundinacea Stem Powder, Oryza Sativa (Rice) Powder, Xanthan Gum, Ananas Sativus (Pineapple) Fruit Extract, Salicylic Acid, Papain (Papaya Enzymes), Sodium Metabisulfite",Farryn Amber Rose Facial Mask,https://inkeedecoder.com/products/farryn-amber-rose-facial-mask
pores,"Kaolin Clay, Moroccan Lava Clay, Zinc Oxide, Hamamelis Virginiana (Witch Hazel) Distillate, Aroma, Anthemis Nobilis (Chamomile) Flower Water, Butyrospermum Parkii (Shea Butter), Charcoal (Activated), Simmondsia Chinensis (Jojoba) Seed Oil, Lactobacillus/​Punica Granatum Fruit Ferment Extract",Galénic Purete Sublime Exfoliating Powder,https://inkeedecoder.com/products/galenic-purete-sublime-exfoliating-powder
pores,"Kaolin, Coconut Alkanes, Undecane, Helianthus Annuus (Sunflower) Seed Wax, Mica, Tridecane, Ricinus Communis (Castor) Seed Oil, Rhus Verniciflua Peel Wax, Shorea Robusta Resin, Trihydroxystearin",Garden of Wisdom (GOW) Pore Cleaning Powder,https://inkeedecoder.com/products/garden-of-wisdom-gow-pore-cleansing-powder
pores,"Kaolin (French Pink Clay), Rosa Canina (Rosehip Powder), Chamomile Extract (Chamomile Powder), Lavandula Angustifolia (Lavender Powder)",Gh Peeling Enzimático,https://inkeedecoder.com/products/gh-peeling-enzimatico
pores,"Kaolin, Quartz, Sodium Cocoyl Isethionate (Coconut), Organic Cocos Nucifera Fruit Powder, Oryza Sativa, Ananas Sativus, Avena Sativa, Banana, Tasmannia Lanceolata, Lentinus Edodes",Keyano Aromatics Champagne Foaming Gel Cleanser,https://inkeedecoder.com/products/keyano-aromatics-champagne-foaming-gel-cleanser
pores,"Kaolin, Aqua (Water), Hamamelis Virginiana (Witch Hazel) Water, Aloe Barbadensis Leaf Juice, Bentonite, Glycerin, Glyceryl Caprylate, PEG-60 Almond Glycerides, Polysorbate 20 (Coconut Derived), Sodium Citrate",Billie Razor,https://inkeedecoder.com/products/billie-razor
pores,"Kaolin, Aqua, Mentha Piperita Extract*, Butyrospermum Parkii Butter*, Aloe Barbadensis Leaf Extract*, Benzyl Alcohol, Cetearyl Alcohol, Cetearyl Glucoside, Jojoba Alcohol, Parfum",Blu42 Bright Eye,https://inkeedecoder.com/products/blu42-bright-eye
pores,"Kaolin, Sodium Chloride (Sea Salt), Sodium Chloride (Mineral Salt), Calendula Officinalis Flower Extract, Activated Bamboo Charcoal Powder",Bo Bana Bobana Charcoal Scrub,https://inkeedecoder.com/products/bo-bana-bobana-charcoal-scrub
pores,"Kaolin (Clay), Aqua (Water), Polyglyceryl-4 Laurate, Aloe Barbadensis (Aloe Vera) Leaf Juice, Euterpe Oleracea (Açaí Berry) Fruit Extract, Chenopodium Quinoa Seed Extract (Black Quinoa), Hematite Extract, Aluminium Hydroxide, Argilla, Quartz",Caolion Blackhead O2 Sparkling Soap,https://inkeedecoder.com/products/caolion-blackhead-o2-sparkling-soap
pores,"Kaolin (Pink Clay), Oryza Sativa Powder (Rice Powder), Curcuma Longa Rhizome Extract(Turmeric), Carica Papaya Fruit Extract, Santalum Acuminatum Fruit Extract (Quandong), Aloe Barbadensis Leaf Juice Powder (Aloe Vera), Cocos Nucifera Fruit (Coconut Water Powder), Rubus Idaeus Fruit Extract, Cyamopsis Tetragonoloba Gum",Khadi essentials Charcoal Face Wash,https://inkeedecoder.com/products/khadi-essentials-charcoal-face-wash
pores,"Kaolin, Hydrolyzed Oat Protein, Emblica Officinalis Fruit Powder, Magnesium Ascorbyl Phosphate, Caffeine, Ferulic Acid",Man arden Activated Charcoal Cream Conditioner With Argan Oil,https://inkeedecoder.com/products/man-arden-activated-charcoal-cream-conditioner-with-argan-oil
pores,"Kaolin, Helianthus Annuus (Sunflower) Seed Oil, Simmondsia Chinensis (Jojoba) Seed Oil, Ricinus Communis (Castor) Seed Oil, Diethylhexyl Sodium Sulfosuccinate, Silica, Linum Usitatissimum (Linseed) Oil, Sclerocarya Birrea Seed Oil, Spirulina Platensis Powder, Theobroma Cacao (Cocoa) Seed Butter",Shills Acne Purifying Peel Off Black Mask,https://inkeedecoder.com/products/shills-acne-purifying-peel-off-black-mask
pores,"Kaolin (White Clay), Moroccan Lava (Rhassoul) Clay, Oat (Avena Sativa) Flour, Aloe Barbadensis Leaf Extract, Musa Sapientum (Banana) Fruit Extract, Mangifera Indica (Mango) Fruit Powder",Sunatoria Black Mask Charcoal Peel Off Mask,https://inkeedecoder.com/products/sunatoria-black-mask-charcoal-peel-off-mask
pores,"Kaolin, Aqua (Water), Dead Sea Mud, Sodium Cocoamphoacetate, Glycerin, Lauryl Glucoside, Sodium Cocoyl Glutamate, Sodium Lauryl Glucose Carboxylate, Propylene Glycol, Glyceryl Stearate SE",Yesul Bubble. Cleansing Charcoal Mask,https://inkeedecoder.com/products/yesul-bubble-cleansing-charcoal-mask
pores,"Kaolin, Aqua, Bentonite (Volcanic Earth), Aloe Barbadensis (Aloe Vera) Leaf Juice, Cannabis Sativa (Hemp) Seed Oil, Diatomaceous (Algal Diatomite) Earth, Fuller’S Earth, Camellia Sinensis (Green Tea) Leaf Extract, Ocimum Sanctum (Tulsi) Leaf Extract, Cucumis Sativus (Cucumber) Fruit Extract",yes to tomatoes Clear Skin Charcoal Powder-To-Clay Mask,https://inkeedecoder.com/products/yes-to-tomatoes-clear-skin-charcoal-powder-to-clay-mask
pores,"Kaolin, Aqua, Glycerin, Illite, Bentonite, Phenoxyethanol, Montmorillonite, Melaleuca Alternifolia Leaf Oil, Calcite, Citric Acid",AA Emoji Charcoal Mask,https://inkeedecoder.com/products/aa-emoji-charcoal-mask
pores,"Kaolin, Aqua, Glyceryl Stearate, Sodium Cetearyl Sulfate, Phenoxyethanol, Ethylhexylglycerin, Cananga Odorata Leaf Oil, Glycerin, Cinnamomum Cassia Oil, Cymbopogon Flexuosus Oil",Apotheke Detoxifying Face Mask,https://inkeedecoder.com/products/apotheke-detoxifying-face-mask
pores,"Kaolin, Aqua, Illite, Glyceryl Stearate, Sodium Cetearyl Sulfate, Phenoxyethanol, Melaleuca Alternifolia Leaf Oil, Montmorillonite, Lavandula Hybrida Oil, Linalool",Banish Activated Charcoal Clay Masque,https://inkeedecoder.com/products/banish-activated-charcoal-clay-masque
pores,"Kaolin, Aqua, Glyceryl Stearate, Glycerol, Sodium Cetearyl Sulfate, Phenoxyethanol, Ethylhexylglycerin, Sodium Hydroxide",BeautyPro Warming Eye Mask,https://inkeedecoder.com/products/beautypro-warming-eye-mask
pores,"Kaolin, Aqua, Aloe Vera Extract, Avena Sativa Extract, Dehydroacetic Acid",Buttah Charcoal Detox Mask,https://inkeedecoder.com/products/buttah-charcoal-detox-mask
pores,"Kaolin, Aqua, Cucumis Sativus, Simmondsia Chinensis (Jojoba) Seed Oil, Propylene Glycol, Diazolidinyl Urea, Methylparaben, Propylparaben",COSHI BEAUTI Niacinamide Soap,https://inkeedecoder.com/products/coshi-beauti-niacinamide-soap
pores,"Kaolin, Solum Diatomeae, Bentonite, Titanium Dioxide, Carica Papaya Extract, Ananas Sativus Extract",Cosmibeauti Niacinamide Soap For Men,https://inkeedecoder.com/products/cosmibeauti-niacinamide-soap-for-men
pores,"Kaolin, Ethylhexyl Isononanoate, Titanium Dioxide, Aloe Barbadensis Leaf Juice, Cetearyl Alcohol, Glyceryl Stearate, Pentylene Glycol, Magnesium Aluminium Silicate, Sorbitan Tristearate, Sulfur",De-artistic Charcoal Treatment,https://inkeedecoder.com/products/de-artistic-charcoal-treatment
pores,"Kaolin, Illite, Hibiscus Sabdariffa Flower Powder, Niacinamide, Inulin, Camellia Oleifera Seed Extract, Solum Fullonum, Ethyl Ferulate, Epigallocatechin Gallate, Fructose",Drunk Elephant Bamboo Booster,https://inkeedecoder.com/products/drunk-elephant-bamboo-booster
pores,"Kaolin Clay, Aqua Deionized Water, Caprylic/​Capric Triglyceride, Cetearyl Alcohol, Cetyl Alcohol, Coco-Caprylate/​Caprate, Glycerin, Glyceryl Stearate, Aloe*, Witch Hazel",Ella Baché Charcoal Foaming Mask,https://inkeedecoder.com/products/ella-bache-charcoal-foaming-mask
pores,"Kaolin, Potassium Azeloyl Diglycinate, Zinc Oxide","Ethique Unscented Charcoal, Kaolin, & Oatmeal Soap Bar",https://inkeedecoder.com/products/ethique-unscented-charcoal-kaolin-oatmeal-soap-bar
pores,Kaolin,Georganics Mineral Toothpaste Powder - Activated Charcoal,https://inkeedecoder.com/products/georganics-mineral-toothpaste-powder-activated-charcoal
pores,"Kaolin, Solum Fullonum, Illite, Theobroma Cacao Fruit Powder, Spirulina Maxima Powder, Chlorella Vulgaris Powder, Adansonia Digitata Fruit (Pulp) Powder, Melaleuca Alternifolia Oil*, Pelargonium Graveolens Oil*, Citronellol",HAUS LABS Clear Cut Liquid Eyeliner,https://inkeedecoder.com/products/haus-labs-clear-cut-liquid-eyeliner
pores,"Kaolin Clay, Bentonite Clay, Peppermint Leaf, Green Tea Leaf Extract, Kelp, Peppermint Leaf Oil",Ilia Clean Lime Liquid Eyeliner,https://inkeedecoder.com/products/ilia-clean-lime-liquid-eyeliner
pores,"Kaolin Clay, Bentonite Clay, Green Tea Leaf Extract, Kelp, Activated Charcoal (From Coconut Husk), Rose Petal, Rose Geranium Flower Oil",Kayman Beauty Coal Face Soap,https://inkeedecoder.com/products/kayman-beauty-coalface-soap
pores,"Kaolin, Cellulose Acetate, Talc, Sodium Cocoyl Isethionate, Mica, Fragrance (Parfum), Water (Aqua), Silica, Titanium Dioxide/​ Ci 77891 (Ci77891)",Luna Nectar Obsidian Volumizing & Anti-Pollution Hair Jelly,https://inkeedecoder.com/products/luna-nectar-obsidian-volumizing-anti-pollution-hair-jelly
pores,"Pink Kaolin Clay, Calcium Carbonate, Zinc Oxide, Zea Mays Starch, Populus Tremuloides Bark Extract (Aspen Bark)",Pacifica Liquid Lines Pen Tip Eye Liner,https://inkeedecoder.com/products/pacifica-liquid-lines-pen-tip-eye-liner
pores,"Kaolin, Bentonite, Mannitol, Papain, Bromelain, Sodium Carbonate",Prevense Charcoal Face Wash,https://inkeedecoder.com/products/prevense-charcoal-face-wash
pores,kaolin,Skin techniques Activated Charcoal,https://inkeedecoder.com/products/skin-techniques-activated-charcoal
pores,"Deionized Water (Aqua), Ammonium Lauryl Sulfate, Decyl Glucoside, Cocamidopropyl Betaine, Aloe (Aloe Barbadensis), Polysorbate 20, Glycol Stearate, Stearamide Amp, Grape Seed Extract (Vitis Vinifera), Glycoproteins",Underated Active Charcol Face Wash,https://inkeedecoder.com/products/underated-active-charcol-face-wash
pores,"Charcoal Powder, Aloe Vera Leaf Juice, Shea Butter, Cyclodextrin, Polyethylene Glycol, Maltodextrin, Tocopherol (Vitamin E)",Wyn Beauty Glideline Waterproof Liquid Eyeliner,https://inkeedecoder.com/products/wyn-beauty-glideline-waterproof-liquid-eyeliner
pores,"Activated Bamboo Charcoal (Carbon), Bamboo Extract, Plant-Based Hydrolyzed Collagen, Glycerin, Hyaluronic Acid, Arbutin, Algae Extract, Licorice Extract, Aqua",Ausceuticals Dark Star Powder To Foam Cleanser,https://inkeedecoder.com/products/ausceuticals-dark-star-powder-to-foam-cleanser
pores,"Charcoal, Stearic Acid, Dimethicone, Glycerin",BareSoul Wow Dry Shampoo,https://inkeedecoder.com/products/baresoul-wow-dry-shampoo
pores,"Charcoal Powder, Lavandula Angustifolia (Lavender)Oil, Lavandula Angustifolia (Lavender) Leaf Powder, Cocos Nucifera (Coconut)Oil, Elaeis Guineensis (Palm)Oil, Leptospermum Petersonii Oil, Tocopherol, Theobroma Cacao(Cocoa) Seed Powder, Glycerin, Hyaluronic Acid",Beauty Counter Counter+ Charcoal Facial Mask,https://inkeedecoder.com/products/beauty-counter-counter-charcoal-facial-mask
pores,"Activated Charcoal, Acerola Extract, Basil Water Extract, Ashwagandha Extract, Methi Extract, Cocamidopropyl Betaine, Lauryl Glucoside, Glycerin, Xylitylglucoside, Anhydroxylitol",Blaq Hyaluronic Acid Eye Mask,https://inkeedecoder.com/products/blaq-hyaluronic-acid-eye-mask
pores,"Activated Charcoal, Shea Butter, Organic Moroccan Argan Cold Pressed Oil, Avocado Cold Pressed Oil, Golden Virgin Jojoba (Simmondsia Chinensis) Cold Pressed Oil, Sweet Almond Cold Pressed Oil, Organic Virgin Coconut Cold Pressed Oil, Vitamin E, Menthol Crystals, Purified Water",Bybi Detox Dust Purifying Powder Mask,https://inkeedecoder.com/products/bybi-detox-dust-purifying-powder-mask
pores,"Charcoal Powder, Lecithin, Avena Sativa (Oat) Kernel Extract, Calendula Officinalis Flower Extract, Citrus Grandis (Grapefruit) Fruit Extract, Rosmarinus Officinalis (Rosemary) Leaf Extract",C'est Moi Purifying Charcoal Clay Facial Mask,https://inkeedecoder.com/products/cest-moi-purifying-charcoal-clay-facial-mask
pores,"Activated Charcoal, Grape Seed, Oat Extract, Rosmarinus, Calendula, Citrus Nobilis Fruit",Caolion Pore Cleansing Blackhead Steam,https://inkeedecoder.com/products/caolion-pore-cleansing-blackhead-steam
pores,"Charcoal, Salicylic Acid, Water, Glycerin, Cocamidopropyl Betaine, Dipropylene Glycol, Sodium Cocoyl Apple Amino Acids, Methyl Perfluorobutyl Ether, Methyl Perfluoroisobutyl Ether, Sodium Lauroyl Glutamate",Dermafix Dermapolish+ Activated Charchoal,https://inkeedecoder.com/products/dermafix-dermapolish-activated-charchoal
pores,"Charcoal Powder, Kaolin, Magnesium Aluminum Silicate, Water (Aqua), Glycerin, Solanum Lycopersicum (Tomato) Fruit Extract, Fragrance (Parfum), Lactobacillus Ferment",Dot & Key Underarm Detox Charcoal Mask,https://inkeedecoder.com/products/dot-key-underarm-detox-charcoal-mask
pores,"Aqua, Charcoal Powder, Kaolin, Zinc Oxide, Caprylic/​Capric Triglyceride, Pentylene Glycol, Octyldodecanol, Dicaprylyl Ether, Magnesium Aluminum Silicate, Arachidyl Alcohol",Dot & Key Underarm Detox Charcoal Mask,https://inkeedecoder.com/products/dot-key-underarm-detox-charcoal-mask-2
pores,"Pure Calcium Bentonite Clay, Activated Carbon",Fighting Girl Foot Pads,https://inkeedecoder.com/products/fighting-girl-foot-pads
pores,"Montmorillonite (Italian Green Clay), Activated Charcoal, Allantoin, Zinc Oxide, Ascorbyl Palmitate (Vitamin C Ester), Aphanizomenon Flos-Aquae (Organic Blue Green Algae) Powder, 2- Dimethylaminoethanol (Dmae)",Fitglow Detox Cleanser,https://inkeedecoder.com/products/fitglow-detox-cleanser
pores,"Chamomile, Activated Carbon Powder, Iron Powder, Sodium Chloride, Vermiculite, Deionized Water",Generation Skin Revitalizing Hyaluronic Acid Eye Patches,https://inkeedecoder.com/products/generation-skin-revitalizing-hyaluronic-acid-eye-patches
pores,"Water, Charcoal Powder, Glycerin, Bentonite, Kaolin, Propanediol 1, 3, Hamamelis Virginiana (Witch Hazel) Extract, Persea Gratissima (Avocado) Oil, Argania Spinosa (Argan) Kernel Oil",HUGS WELLNESS CBD Chamomile Clay Mask,https://inkeedecoder.com/products/hugs-wellness-cbd-chamomile-clay-mask
pores,"Coconut Oil, Charcoal, Tea Tree Oil, Vit E, Shea Butter, Glycerine, Propylene Glycol, Niacinamide, Vitamin B3, Aloe Vera",IOSSI Charcoal. Purifying Facial Cleansing Paste,https://inkeedecoder.com/products/iossi-charcoal-purifying-facial-cleansing-paste
pores,"Coconut Oil, Charcoal, Tea Tree Oil, Vit E, Shea Butter, Glycerine, Propylene Glycol, Niacinamide, Vitamin B3, Aloe Vera",Lumin Charcoal Cleansing Pore Strip,https://inkeedecoder.com/products/lumin-charcoal-cleansing-pore-strip
pores,"Water, Charcoal, Lactic Acid, Cetostearyl Alcohol, Ammonium Chloride, Methylparaben, Fragrance",Matte Purifying Face Wash,https://inkeedecoder.com/products/matte-purifying-face-wash
pores,"Bambusa Arundinacea Stem Extract, Charcoal Powder, Microcrystalline Cellulose, Mannitol, Zea Mays (Corn) Starch, Potassium Sorbate",Michael Todd Beauty Charcoal Detox,https://inkeedecoder.com/products/michael-todd-beauty-charcoal-detox
pores,"Cellulose, Charcoal Powder, Water, Citrus Aurantium Amara (Bitter Orange) Flower Water, Glycerin, Methyl Perfluorobutyl Ether, Isododecane, Butylene Glycol, Ammonium Lauryl Sulfate, Cocamidopropyl Betaine",Midnight Paloma Charcoal + Rose Detox Mask,https://inkeedecoder.com/products/midnight-paloma-charcoal-rose-detox-mask
pores,"Avena Sativa (Oatmeal) Kernel Flour, Charcoal Powder, Glycerin, Kaolin, Sodium Chloride, Sodium Cocoate, Sodium Olivate, Sodium Stearate, Tetrasodium Glutamate Diacetate",Bionic Face Serum Neostrata,https://inkeedecoder.com/products/neostrata-bionic-face-serum-10-bionic
pores,"Sodium Bicarbonate, Charcoal Powder, Calcium Powder, Diatomaceous Earth, Magnesium Carbonate, Dicalcium Phosphate^, Tartaric Acid^, Peppermint Oil*^, Vitamin E^, Limonene*^",Bionic Face Cream Neostrata,https://inkeedecoder.com/products/neostrata-bionic-face-cream
pores,"Aqua (Water, Eau), Charcoal Powder, Ammonium Styrene/​Acrylates Copolymer, Butylene Glycol, 1, 2-Hexanediol, Glycerin, Campsis Grandiflora Flower Extract, Eclipta Prostrata Extract",Compound Six Acid Nourishing Conditioning Biofilm Aisuanis,https://inkeedecoder.com/products/aisuanis-compound-six-acid-nourishing-conditioning-biofilm
pores,"Aqua/​Water/​Eau, Charcoal Powder, Styrene/​Acrylates Copolymer, Butylene Glycol, 1, 2-Hexanediol, Diglycerin, Polyglyceryl-10 Isostearate, Polyglyceryl-10 Laurate, Pentylene Glycol",Dermagen RM-Repair Cream,https://inkeedecoder.com/products/dermagen-rm-repair-cream
pores,"Aqua, Activated Charcoal, Pure Honey, Glycerin, Cocamidopropyl Betaine, Sodium Hydroxide, Gold, Mica","JJLabs Skincare Solution Super Antioxidant Serum With EGF, Gamma Poly Glutamic Acid, And Aloe Vera",https://inkeedecoder.com/products/jjlabs-skincare-solution-super-antioxidant-serum-with-egf-gamma-poly-glutamic-acid-and-aloe-vera
pores,"Aloe Barbadensis (Aloe Vera) Leaf Juice, Activated Charcoal, Sodium Cocoyl Hydrolyzed Rice Protein, Glycerin, Lactobacillus, Bambusa Vulgaris (Bamboo) Extract, Equisetum Arvense (Horsetail) Extract, Xanthan Gum, Acacia Gum, Panthenol (Vitamin B5)",Ki Cosmetics Ki Stem Cell Exosome Booster Kit,https://inkeedecoder.com/products/ki-cosmetics-ki-stem-cell-exosome-booster-kit
pores,"Aqua (Eau), Charcoal Powder, Pentylene Glycol, Polyacrylate-21, Polyglyceryl-10 Stearate, Polyglyceryl-10 Myristate, Polyglyceryl-10, Glycerin, Sodium Levulinate, Butylene Glycol",Klairs Midnight Blue Youth Activating Drop,https://inkeedecoder.com/products/klairs-midnight-blue-youth-activating-drop
pores,"Coconut, Charcoal, Aqua (Di Water), Acrylates/​C10-30 Alkyl Acrylate Crosspolymer, Disodium EDTA, Glycerine, Decyl Glucoside, Propylene Glycol, Diazolidinyl Urea, Methylparaben",Mitam Cosme Egf 10 Repair Cream,https://inkeedecoder.com/products/mitam-cosme-egf-10-repair-cream
pores,"Polysorbate 20, Charcoal Powder, Glycerin, Sodium Benzoate, Aloe Barbadensis Extract, Dehydroacetic Acid, Perfume, Phenoxyethanol, Tocopheryl Acetate, Citric Acid",SERUM X-Y CHROMOSOME® Antiage Face Feed,https://inkeedecoder.com/products/serum-x-y-chromosome-r-antiage-face-feed
pores,"Niacinamide, Bamboo Charcoal Powder, Aloe Vera Extract, Vitamin E Acetate, Aqua, Cocamidopropyl Betaine, Acrylates Copolymer, Sodium Lauroyl Sarcosinate, Sodium Cocoamphoacetate, Disodium Cocoamphodiacetate",SERUM X-Y CHROMOSOME® Antiage Face Serum Booster Silk,https://inkeedecoder.com/products/serum-x-y-chromosome-r-antiage-face-serum-booster-silk
pores,"Water, Charcoal Powder, Butylene Glycol, Acrylates/​Ethylhexyl Acrylate Copolymer, Alcohol, Pentylene Glycol, AMP-Acrylates Copolymer, Ammonium Acrylates Copolymer, Sodium Dehydroacetate, Caprylyl Glycol",Dermagen Rm Repair Cream,https://inkeedecoder.com/products/dermagen-rm-repair-cream-2
pores,"Colloidal Oatmeal (Avena Sativa Kernel Flour)*, Oryza Sativa (Brown Rice) Powder*, Activated Charcoal, Theobroma Cacao (Raw Cacao) Powder*, Cocoa Pod Ash, Plantain Peel Ash, Palm Kernel Oil, Camwood Bark, Aloe Barbadensis Leaf Extract, Butyrospermum Parkii (Shea Butter)",JJLabs Skincare Solution Peptide Complex Anti Aging Serum,https://inkeedecoder.com/products/jj-skin-lab-solutions-peptide-complex-antiaging-serum
pores,"Zea Mays (Corn) Starch, Sodium Bicarbonate, Charcoal Powder, Ocimum Tenuiflorum (Holy Basil) Oil, Lavandula Angustifolia (Lavender) Oil, Rosmarinus Officinalis (Rosemary) Leaf Oil, Citrus Paradisi (Grapefruit) Peel Oil, Aroma (Flavour)",LE MIEUX CLINICAL Cellpro Gf3,https://inkeedecoder.com/products/le-mieux-clinical-cellpro-gf3
pores,"Aqua/​Water/​Eau, Kaolin, Charcoal Powder, Magnesium Aluminum Silicate, Illite, Glycerin, Pyrus Malus (Apple) Fruit Extract, Tetrahexyldecyl Ascorbate, Xanthan Gum, Camellia Sinensis (Green Tea) Leaf",Lanbelle Ultra Lifting EGF Ampoule,https://inkeedecoder.com/products/lanbelle-ultra-lifting-egf-ampoule
pores,"Aqua (Water), Glycerin, Charcoal Powder, Xanthan Gum, Hydroxyacetophenone, Chondrus Crispus (Carrageenan) Powder, Chlorphenesin, Glucomannan, Algin, Sodium Hyaluronate",Le Mieux Stemcell EGF,https://inkeedecoder.com/products/le-mieux-stemcell-efg
pores,"Avena Sativa (Oat) Kernel Flour, Kaolin, Charcoal Powder, Cocos Nucifera (Coconut) Shell Powder, Eleutherococcus Senticosus (Siberian Ginseng) Root Extract, Nelumbo Nucifera (Lotus) Seed Powder, Papain (Papaya Enzyme), Cymbopogon Martini (Palmarosa) Oil, Ribes Nigrum (Black Currant) Fruit Extract",Le Mieux Stemcell Egf,https://inkeedecoder.com/products/le-mieux-stemcell-egf
pores,"Aqua/​Water/​Eau, Kaolin, Charcoal Powder, Magnesium Aluminum Silicate, Bentonite, Glycerin*, Cetearyl Alcohol, Coco-Glucoside, Camellia Sinensis Leaf, Olea Europaea (Olive) Seed Powder",RevivSerums Ultimate Serum - New & Improved,https://inkeedecoder.com/products/revivserums-ultimate-serum-new-improved-2
pores,"(Sparkling) Water (Natural), Oat Flour, Charcoal Powder, Volcanic Ash, Sunflower Oil, Olive Oil, Green Tea Leaf Extract",Sherpa Dr-ms Plus Multi Serum,https://inkeedecoder.com/products/sherpa-dr-ms-plus-multi-serum
pores,"Microcrystalline Cellulose, Sodium Cocoyl Isethionate, Bamboo Charcoal Powder, Magnesium Silicate, Tourmaline Crystal, Colloidal Oatmeal, Rice Starch (Oryza Sativa), Yogurt Powder, Menthyl Pca, Salicylic Acid",Sidmool 'Min Jung Gi' Bio-Nano Egf Serum,https://inkeedecoder.com/products/sidmool-min-jung-gi-bio-nano-egf-serum
pores,"Purified Water, Kaolin, Activated Charcoal, Titanium Dioxide, Emulsifying Wax, Glycerin, Cetyl Alcohol, Niacinamide, Calcium Pantothenate, Sodium Ascorbyl Phosphate",Sidmool Revive Derma Cream,https://inkeedecoder.com/products/sidmool-revive-derma-cream
pores,"Aqua, Kaolin, Activated Charcoal, Emulsifying Wax, Cetyl Alcohol, Glycerine, Titanium Dioxide, Niacinamide, Calcium Pantothenate, Sodium Ascorbyl Phosphate",SkinPep Collagen Renew Growth Factor Night Cream,https://inkeedecoder.com/products/skinpep-collagen-renew-growth-factor-night-cream
pores,"Bamboo Vinegar, Tourmaline Powder, Charcoal Powder",Toskani Rcpr,https://inkeedecoder.com/products/toskani-rcpr
pores,"Organic Lavandula Augustifolia (Lavender Distillate), Organic Aloe Barbadensis (Leaf), Activated Bamboo Charcoal (Bamboo Charcoal Powder), Organic Salix Alba (Willow Bark), Kosher Vegetable Glycerin, Guar Gum, Methylsulfonylmethane (Msm), Saponified Oils Of Cocos Nucifera (Coconut Oil), Organic Helianthus Annuus (Sunflower), Organic Castor Seed",2Sol Duna Tiger Repair Ampoule,https://inkeedecoder.com/products/2sol-duna-tiger-repair-ampoule
pores,"Aqua (Water), Glycerin, Charcoal Powder, Xanthan Gum, Hydroxyacetophenone, Chondrus Crispus (Carrageenan) Powder, Chlorphenesin, Glucomannan, Algin, Sodium Hyaluronate",Arcona Magic Green Ice™,https://inkeedecoder.com/products/arcona-magic-green-ice-tm
pores,"Water (Aqua), Canadian Glacial Clay, Charcoal, Glycerin, Aloe Barbadensis (Vera) Leaf Juice, Matricaria Recutita (Chamomile) Flower Extract, Camellia Sinensis (Green Tea) Leaf Extract, Olea Europaea (Olive) Leaf Extract, Acrylates Copolymer, Citrus Aurantium Dulcis (Orange) Oil",BELAY Lactobionic Acid,https://inkeedecoder.com/products/belay-lactobionic-acid
pores,"Glycerin, Avena Sativa (Oat) Kernel Powder, Charcoal Powder, Babassu Oil Polyglyceryl-4-Esters, Oryza Sativa Powder, Kaolin, Coco-Glucoside, Leuconostoc/​Radish Root Ferment Filtrate, Hydrogenated Farnesene, Cocos Nucifera Fruit Extract",BeautyMed Cellular Renewal Serum With EGF,https://inkeedecoder.com/products/beautymed-cellular-renewal-serum-with-egf
pores,"PVP, Water, Charcoal Powder, Acacia Senegal Gum, Glycerin, Polyglyceryl-10 Laurate, Polyglyceryl-10 Myristate, Kaolin, Propylene Glycol, Titanium Dioxide",Cellular Skincare Epidermal Growth Factor Serum,https://inkeedecoder.com/products/cellular-skincare-epidermal-growth-factor-serum
pores,"Water, Salicylic Acid, Activated Charcoal, Organic Coconut Oil, Potassium Hydroxide, Organic Palm Kernel Oil, Organic Olive Oil, Mentha Arvensis, Organic Hemp Oil, Organic Jojoba Oil",DNA renewal Dna Regeneration Serum,https://inkeedecoder.com/products/dna-renewal-dna-regeneration-serum
pores,"Organic Aloe Barbadensis Leaf (Organic
Aloe Vera) Juice, Coco-Glucoside, Activated Charcoal, Decyl Glucoside, Glycerin, Disodium Cocoamphodiacetate, Sodium Cocoyl Glutamate, Inulin, Phospholipids, Hydrolyzed Wheat Protein",De:Maf Egf Peptide Ampoule,https://inkeedecoder.com/products/de-maf-egf-peptide-ampoule
pores,"Kaolinite (White Clay), Avena Sativa (Rolled Oats), Charcoal, Rosa Centifolia (Rose Petals), Essential Oil Blend",Dermathod Derma Ez Jet Multi Effector Ampoule,https://inkeedecoder.com/products/dermathod-derma-ez-jet-multi-effector-ampoule
pores,charcoal-powder,Eve Garrett Skincare Post Tx Super Serum,https://inkeedecoder.com/products/eve-garrett-skincare-post-tx-super-serum
pores,"Aqua (Water), Butylene Glycol, Lactobionic Acid 10.0%, Glycerin, Polysorbate 80, Arginine, Retinyl (Vitamin A) Palmitate, Tocopheryl (Vitamin E) Acetate, Tetrahexyldecyl (Vitamin C) Ascorbate, Polyquaternium-10",ISSEIMI Fluido Viscoso Forte,https://inkeedecoder.com/products/isseimi-fluido-viscoso-forte
pores,"Aqua (Water), Cyclopentasiloxane, Gluconolactone 8.0%, Lactobionic Acid 4.0%, Propylene Glycol, Ethylhexyl Hydroxystearate, Glycerin, Triethanolamine, Arginine, C12-15 Alkyl Ethylhexanoate",Joanna Vargas Twilight Face Mask,https://inkeedecoder.com/products/joanna-vargas-twilight-face-mask
pores,"Water, Salicylic Acid, Amylopectin, Glycolic Acid 1.8%, Lactobionic Acid 1.6%, Gluconolactone 1.5%, Capryloyl Salicylic Acid 0.9%, Mandelic Acid 0.7%, Glycerin, Cyclodextrin",Klairs Midnight Blue Youth Activating Drop,https://inkeedecoder.com/products/klairs-midnight-blue-youth-activating-drop-3
pores,"EGF (Rh-Oligopeptide), Centella Asiatica Extract, Salmon Egg Extract, Shea Butter, Ceramide",Le Mieux EGF DNA,https://inkeedecoder.com/products/le-mieux-egf-dna
pores,"EGF, Gamma-Polyglutamic Acid, Aloe Vera, Vitamin C, Ferulic Acid, Dmae, Niacinamide, Collagen, Glycerin, Jojoba Oil",Le Mieux Gf3 Cream,https://inkeedecoder.com/products/le-mieux-gf3-cream
pores,"SH-Oligopeptide-1 (Egf), Nelumbo Nucifera Flower Water, Adenosine, Squalane, Collagen Extract, Niacinamide, Rosa Damascena Callus Extracellular Vesicles, Lactobacillus Extracellular Vesicles, Sodium Hyaluronate, Hydrolyzed Collagen",Ray Gold Facial Mask,https://inkeedecoder.com/products/ray-gold-facial-mask
pores,"Sh-Oligopeptide- 1, Sh-Polypeptide- 1, Butylene Glycol, Vaccinium Angustifolium (Blueberry) Fruit Extract, Sorbitan Sesquioleate, Peg-60 Hydrogenated Castor Oil, Chlorphenesin, Guaiazulene, Ethylhexylglycerin, Adenosine",Rhonda Allison Bio 53 Matrix,https://inkeedecoder.com/products/rhonda-allison-bio-53-matrix
pores,"SH-Oligopeptide-1, Water, Aloe Barbadensis Leaf Extract, Chamomilla Recutita Flower Extract, Hamamelis Virginiana  Leaf Extract, Caprylic/​Capric Triglyceride, Petrolatum, Cetearyl Alcohol, Macadamia Ternifolia Seed Oil, Carthamus Tinctorius Seed Oil",Swanicoco Fermentation Peptine Eye Care Cream,https://inkeedecoder.com/products/swanicoco-fermentation-peptine-eye-care-cream-2
pores,"SH-Oligopeptide-1, Morinda Citrifolia Fruit Extract, S.Benzoate, Euterpe Oleracea Fruit Extract, Phospholipids, Caprylyl Glycol, Vaccinium Myrtillus (Bilberry) Fruit Extract, Dimethicone, Acryloyldimethyl Taurate Copolymer, Garcinia Mangostana Fruit Extract",Tunemakers EGF Essence,https://inkeedecoder.com/products/tunemakers-egf-essence
pores,"SH-Oligopeptide-1, Caprylyl Glycol, Aminopropyl Ascorbyl Phosphate, Water (Aqua), Aloe Barbadensis Leaf Extract, Palmitoyl Tetrapeptide-7, Borago Officinalis (Borage) Oil, Ethylhexylglycerin, Butylene Glycol, Polysorbate 20",Angela Caglia Cell Forté Serum,https://inkeedecoder.com/products/angela-caglia-cell-forte-serum
pores,"Centella Asiatica Extract, EGF (Human Oligopeptide), Almond, Roe Extract, Shea Butter, Ceramide NP, Water, Glycerin, Dipropylene Glycol, Dicaprylyl Carbonate",Bonté Care Hair Serum,https://inkeedecoder.com/products/bonte-care-hair-serum
pores,"Hyaluronic Acid, EGF (Rh-Oligopeptide-1), Copper Peptides (Ghk-Cu), Argireline, Water, Acetyl Hexapeptide-8, Sodium Benzoate, Gamma-Polyglutamic Acid (G-Pga), Gluconolactone, Ginseng",Esthemax Nano EGF Cure Serum 938,https://inkeedecoder.com/products/esthemax-nano-egf-cure-serum-938
pores,"Hyaluronic Acid, EGF (Proprietary Formula), Oligopeptide-1, Palmitoyl Tripeptide-5 (Tgf Proprietary Formula), rh-Polypeptide-1, Glycerin, Aqua, Dipeptide Diaminobutyroyl Benzylamide Diacetate, Palmitoyl Tripeptide-1, Palmitoyl Tetrapeptide-7",Lamelle Intensive Gf Serum,https://inkeedecoder.com/products/lamelle-intensive-gf-serum
pores,"Centella Asiatica Extract, SH-Oligopeptide-1, SH-Polypeptide-1, Glycerin, Betaglucan, Sodium Hyaluronate, Sodium Acetylated Hyaluronate, Hydrolyzed Hyaluronic Acid, Allantoin, Betaine",Long Story Bio Lift Growth Factor 3% Bio Placenta Face Serum,https://inkeedecoder.com/products/long-story-bio-lift-growth-factor-3-bio-placenta-face-serum
pores,"Hyaluronic Acid, EGF (Proprietary Formula), Palmitoyl Tripeptide-1, Palmitoyl Tetrapeptide-7, Teprenone, Carboxymethyl Beta-Glucan, Superoxide Dismutase, Sodium PCA, Pseudoalteromonas Ferment Extract, Resveratrol",Manyo Factory 4Gf Eye Cream,https://inkeedecoder.com/products/manyo-factory-4gf-eye-cream
pores,"Hyaluronic Acid, SH-Oligopeptide-1 (Egf Proprietary Formula), Palmitoyl Tripeptide-1, Palmitoyl Tetrapeptide-7, Teprenone, Carboxymethyl Beta-Glucan, Superoxide Dismutase, Sodium PCA, Pseudoalteromonas Ferment Extract, Resveratrol",PATCH PRO Micro Needle Patch Trouble Dr.,https://inkeedecoder.com/products/patch-pro-micro-needle-patch-trouble-dr
pores,"Human Fibroblast Conditioned Media, rh-Oligopeptide-1, Rh-Polypeptide-3, SH-Polypeptide-9, SH-Polypeptide-1, SH-Polypeptide-11, Tetradecyl Aminobutyroylvalylaminobutyric Urea Trifluoroacetate, Palmitoyl Dipeptide-5 Diaminobutyroyl Hydroxythreonine, Aloe Barbadensis Leaf Juice (Organic Aloe), Hydrolyzed Caesalpinia Spinosa (Tara) Gum",Sidmool Acetyl Ampoule,https://inkeedecoder.com/products/sidmool-acetyl-ampoule
pores,"Snail Mucin, EGF, Adenosine, Arbutin, Sodium Hyaluronate, Polyglutamic Acid, Acetyl Hexapeptide-8, Allantoin, Vitamin E Acetate, Macadamia Oil",Skin Actives Scientific High Potency Egf Spray,https://inkeedecoder.com/products/skin-actives-scientific-high-potency-egf-spray
pores,"Water, Rh-Oligopeptide-1(Human Oligopeptide-1), Glycerin, Acetyl Hexapeptide-8, Hydrolyzed Collagen, Grifola Frondosa Fruiting Body Extract, Maltodextrin, Scutellaria Baicalensis Root Extract, Paeonia Suffruticosa Root Extract, Saccharomyces/​ Caragana Sinica Root Ferment Extract",Zeroid Dermanewal Revitalizing Ampoule,https://inkeedecoder.com/products/zeroid-dermanewal-revitalizing-ampoule
pores,"Water, rh-Oligopeptide-1, Glycerin, Butylene Glycol, Hydrogenated Lecithin, rh-Polypeptide-1, rh-Oligopeptide-2, Madecassoside, Madecassic Acid, Asiaticoside",skinVacious EGF Serum With Vitamin A & D,https://inkeedecoder.com/products/skinvacious-egf-serum-with-vitamin-a-d
pores,"Aqua, SH-Oligopeptide-1 (Epidermal Growth Factor (Egf), SH-Polypeptide-1 (Fibroblast Growth Factor (Fgf), Sh-Polypeptide-5 (Transforming Growth Factor (Tgf), Palmitoyl Pentapeptide-3 (Matrixyl), Acetyl Hexapeptide-8 (Argireline), Magnesium Ascorbyl Phosphate, Ascorbic Acid, Hydrolyzed Collagen, Niacinamide",Benton High Content Steam Cream (Old Formula),https://inkeedecoder.com/products/benton-high-content-steam-cream-old-formula
pores,"Copper Tripeptide-1, SH-Oligopeptide-1, SH-Oligopeptide-2, SH-Polypeptide-1, Sh-Polypeptide-2, Hyaluronic Acid, Glutathione, Vitamin A, Vitamin C, Vitamin E",Blueprint Peptide Hair Serum,https://inkeedecoder.com/products/blueprint-peptide-hair-serum
pores,"Centella Asiatica Extract (52.4%), Water, Human Oligopeptide-1, Glycerin, Betaine, Sodium Hyaluronate, Butylene Glycol, Acetyl Glucosamine, Horsetail Extract, Piper Methysticum Root Extract",Thayers Blemish Clearing Pads,https://inkeedecoder.com/products/thayers-blemish-clearing-pads
pores,"Aqua (Water), Glycerin, rh-Oligopeptide-1 (Egf), Chlorophyll, Sodium Chondroitin Sulfate, Allantoin, Aloe Barbadensis Leaf Juice Powder*, Citrus Limon (Lemon) Peel Oil, Ricinus Communis (Castor) Seed Oil*, Benzyl Alcohol",Thayers Radiance Boosting Balm,https://inkeedecoder.com/products/thayers-radiance-boosting-balm
pores,"Water, Glycerin, Epidermal Growth Factor (Egf), Allantoin, Sodium Hyaluronate, Lactobionic Acid, Butylene Glycol, Centella Asiatica (Centella Asiatica) Extract, Polygonum Cuspidatum Root Extract, (Scutellaria Baicalensis) Root Extract",Nirvana Botanics Cloud - Oil Free Gel Moisturizer,https://inkeedecoder.com/products/nirvana-botanics-cloud-oil-free-gel-moisturizer
pores,"Aqua, Propylene Glycol, SH-Oligopeptide-1, Hydroxyethylcellulose, Sodium Chloride, Alcohol Denat, Caprylyl Glycol, Sodium Hyaluronate, Calcium Chloride, Glycerin",Thayers Alcohol-free Witch Hazel Toner With Aloe Vera Cucumber,https://inkeedecoder.com/products/thayers-alcohol-free-witch-hazel-toner-with-aloe-vera-cucumber
pores,"Purified Water, Hyaluronic Acid, SH-Oligopeptide-1, Mannitol, Glycerin, Magnesium Aspartate, Zinc Gluconate, Copper Gluconate, Acetyl Octapeptide-3, Caprooyl Tetrapeptide-3",Thayers Witch Hazel Radiance Boosting Serum,https://inkeedecoder.com/products/thayers-witch-hazel-radiance-boosting-serum
pores,"Water, Pentylene Glycol, Transgenic Barley Sh-Oligopeptide-1, Acrylates/​C10-30 Alkyl Acrylate Crosspolymer, Aminomethyl Propanol, 1, 2 Hexanediol, Caprylyl Glycol, Tropolone, Citric Acid",Thayers Natural Remedies Witch Hazel Blemish Pads,https://inkeedecoder.com/products/thayers-natural-remedies-witch-hazel-blemish-pads
pores,"Oenothera Biennis (Evening Primrose) Flower Extract, Rh-Polypeptide-11, rh-Oligopeptide-1, Butylene Glycol, Propanediol, Hydrolyzed Collagen, rh-Oligopeptide-2, Hexacarboxymethyl Dipeptide-12, Heptasodium Hexacarboxymethyl Dipeptide-12, Trehalose",Thayers Rose Petal Witch Hazel Facial Cleanser,https://inkeedecoder.com/products/thayers-rose-petal-witch-hazel-facial-cleanser
pores,"Centella Asiatica Extract, Camellia Sinensis Leaf Water, rh-Oligopeptide-1 (10Ppm), Glycerin, Niacinamide, 1, 2-Hexanediol, Xanthan Gum, Hydroxyacetophenone, Sodium Hyaluronate",Azelaic Acid Control Facial Acne Gel Aisuanis,https://inkeedecoder.com/products/aisuanis-empowerment-azelaic-acid-control-facial-acne-gel
pores,"Purified Water (Aqua), Oligopeptide-3, SH-Oligopeptide-1, Acetyl Octapeptide-3, Glycerin, Tetrapeptide-30, Oligopeptide-68, Caprooyl Tetrapeptide-3, Acetyl Tetrapeptide-2, Epigallocatechin Gallate (Egcg)",Resveratrol 3% + Ferulic Acid 3% The Ordinary,https://inkeedecoder.com/products/the-ordinary-resveratrol-3-ferulic-acid-3
pores,"Aqua, Alcohol Denat, SH-Oligopeptide-1, Rosa Canina Fruit Oil, Hydroxyethylcellulose, Phosphatidylcholine, Lysophosphatidylethanolamine, Glycerin, Acetic Acid, Serine",VC Oxidation Resistance Serum Dr.magic,https://inkeedecoder.com/products/dr-magic-vc-oxidation-resistance-serum
wrinkles,"Pure Water, Hamamelis Virginiana (Witch Hazel) Water, Epidermal Growth Factor (E.G.F), Arbutin, Niacinamide (Vitamin B3), Methyl Gluceth-20, Glycerin (Vegetable Derived), Zea Mays (Corn) Kernel Extract, Sodium Hyaluronate, Palmitoyl Tripeptide-5",A-Ret Tretinoin 0.1%,https://inkeedecoder.com/products/a-ret-tretinoin-0-1
wrinkles,"Water, Butylene Glycol, SH-Oligopeptide-1, SH-Polypeptide-1, Vaccinium Angustifolium (Blueberry) Fruit Extract, Lecithin, Sorbitan Sesquioleate, 1, 2-Hexanediol, Caprylyl Glycol",A-Ret Tretinoin Gel 0.05%,https://inkeedecoder.com/products/a-ret-tretinoin-gel-0-05
wrinkles,"Sodium Hyaluronate, Oligopeptide-1, Epidermal Growth Factor (Proprietary Formula), Saccharomyces Ferment Filtrate, Saccharomyces Lysate Extract",ASSOS Tre® %0.05 Krem,https://inkeedecoder.com/products/assos-tre-r-0-05-krem
wrinkles,"Hyaluronic Acid, Aqua, SH-Oligopeptide-1 (Egf Proprietary Formula), Palmitoyl Tripeptide-5 (Tgf Proprietary Formula), rh-Polypeptide-1 (Fgf Proprietary Formula), Simmondsia Chinensis Seed Oil, Macadamia Ternifolia Seed Oil, Glycerin, Avena Sativa Protein, Palmitoyl Tripeptide-1",Abdiibrahim Acnelyse,https://inkeedecoder.com/products/abdiibrahim-acnelyse
wrinkles,"Allantoin, Betaine, EGF, PEG-60, Perfume, B Collagen, Goldleaf, Butylene Glycol, Glycerin, Snail Secretion Filtrate",Acnelyse Tretinoin %0.025,https://inkeedecoder.com/products/acnelyse-tretinoin-0-025
wrinkles,"Glycerin, Aqua (Water), rh-Oligopeptide-1 (Egf), Glycyrrhiza Glabra (Licorice) Root Extract, Alcohol, Hamamelis Virginiana (Witch Hazel) Water, Fumaric Acid, Superoxide Dismutase, Citrus Aurantium Dulcis (Orange) Peel Oil, Benzyl Alcohol",Acnelyse Tretinoin %0.05,https://inkeedecoder.com/products/acnelyse-tretinoin-0-05
wrinkles,"Aspergillus/​Rice Ferment Filtrate, Ginseng Callus Culture Extract, rh-Oligopeptide-1, Caffeoyl Tripeptide-1, SH-Octapeptide-4, Nicotinoyl Tripeptide-1, Acetyl Hexapeptide-22, Butylene Glycol, Palmitoyl Tripeptide-38, Dictyopteris Polypodioides Extract",Acretin 0.05% Tretinoin Cream,https://inkeedecoder.com/products/acretin-0-05-tretinoin-cream
wrinkles,"Water, 1.2-Hexanediol, Human Oligopeptide-1, Glycerin, Lecithin, Soybean Oil, Sodium Phosphate, Ethanol, Phenoxyethanol",Acretin Tretinoin 0.025% Cream,https://inkeedecoder.com/products/acretin-tretinoin-0-025-cream
wrinkles,"Water (Aqua), Propanediol, Human Adipose Derived Stem Cell Conditioned Media, SH-Oligopeptide-1, SH-Oligopeptide-2, SH-Polypeptide-1, SH-Polypeptide-9, SH-Polypeptide-11, Acetyl Glutamine, Alanine","Actavis Pharma, Inc. Actavis Tretinoin Cream, USP 0.025%",https://inkeedecoder.com/products/actavis-pharma-inc-actavis-tretinoin-cream-usp-0-025
wrinkles,"Aqua, Lecithin, Acetyl Glutamine, SH-Oligopeptide-1, SH-Oligopeptide-2, SH-Polypeptide-1, SH-Polypeptide-9, SH-Polypeptide-11, Bacillus/​Folic Acid Ferment Extract, Sodium Hyaluronate",Airol cream 0.5 Airol Cream,https://inkeedecoder.com/products/airol-cream-0-5-airol-cream
wrinkles,"Water, Glycerin, Butylene Glycol, SH-Oligopeptide-1 (10Ppb), Lecithin, Ceramide NP, Hydrogenated Lecithin, Betaine, Sodium PCA, Proline",Airol cream 0.5 Tretinoina,https://inkeedecoder.com/products/airol-cream-0-5-tretinoina
wrinkles,"Aqua, Copper Tripeptide-1, Oligopeptide-1, rh-Oligopeptide-1, rh-Polypeptide-1, rh-Oligopeptide-2, Copper Tripeptide-34, Glycerin, Glycine Soja (Soybean) Oil, Lecithin","Andrómaco Hidrosam T 0,010%",https://inkeedecoder.com/products/andromaco-hidrosam-t-0-010
wrinkles,"Water, Lecithin, Acetyl Glutamine, SH‑Oligopeptide‑1, SH‑Oligopeptide‑2, SH‑Polypeptide‑1, SH‑Polypeptide‑9, SH‑Polypeptide‑11, Bacillus/​Folic Acid Ferment Filtrate Extract, Sodium Hyaluronate","Andrómaco Hidrosam T 0,025%",https://inkeedecoder.com/products/andromaco-hidrosam-t-0-025
wrinkles,"Bifida Ferment Extract, Hydrolyzed Collagen, Glycerin, Sh-Oligopeptide-1, Sh-Oligopeptide-2, Sh-Polypeptide-1, Sh-Polypeptide-2, Cetearyl Alcohol, Shea Butter, Squalane","Andrómaco Hidrosam T 0,050%",https://inkeedecoder.com/products/andromaco-hidrosam-t-0-050
wrinkles,"Water, Sodium Hyaluronate, Glycerin, SH-Oligopeptide-1, Olea Europaea(Olive) Leaf Extract, Portulaca Oleracea Extract, Vitis Vinifera(Grape) Seed Extract, Hamamelis Virginiana(Witch Hazel) Extract, Madecassoside, Salicylic Acid","Andrómaco Hidrosam T 0,100%",https://inkeedecoder.com/products/andromaco-hidrosam-t-0-100
wrinkles,"Acetyl Hexapeptide-8, Water, Copper Tripeptide-1, rh-Oligopeptide-1, SH-Oligopeptide-2, SH-Polypeptide-1, Adenosine, Hydroxyethyl Acrylate/​Sodium Acryloyldimethyl Taurate Copolymer, Xanthan Gum, 1",Apostrophe Tretinoin,https://inkeedecoder.com/products/apostrophe-tretinoin
wrinkles,"Water, Propanediol, Sodium PCA, SH-Oligopeptide-1, Sodium Hyaluronate, Hydrolyzed Collagen, Phenoxyethanol, Caprylyl Glycol, Sorbic Acid",Apoteka Dona Hidrofilni Krem Sa Tretinoinom 0.05%,https://inkeedecoder.com/products/apoteka-dona-hidrofilni-krem-sa-tretinoinom-0-05
wrinkles,"Water/​Aqua, Butylene Glycol, 1, 2-Hexanediol, rh-Oligopeptide-1, Madecassoside, Biotinoyl Hexapeptide-2 Amide, Beta-Glucan, Ethylhexanamide Serinol, Palmitoyl Pentapeptide-4",Avalon Pharma Avotin-a,https://inkeedecoder.com/products/avalon-pharma-avotin-a
wrinkles,"Water, Sodium PCA, Retinyl Acetate, SH-Oligopeptide-1, Sodium Hyaluronate, Hydrolyzed Collagen, Hamamelis Virginiana (Witch Hazel) Water, Xylitol, Cholecalciferol, Polysorbate 20","Bailleul Laboratories Tretin® %0,05 Krem",https://inkeedecoder.com/products/bailleul-laboratories-tretin-r-0-05-krem
wrinkles,"Snail Secretion Filtrate, Aloe Barbadensis Leaf Juice, Glycerin, Arbutin, Human Oligopeptide-1, Bee Venom, Plantago Asiatica Extract, Laminaria Digitata Extract, Diospyros Kaki Leaf Extract, Salix Alba (Willow) Bark Extract",Bausch Health Retin-A Micro (0.04%),https://inkeedecoder.com/products/bausch-health-retin-a-micro-0-04
wrinkles,"Aqua, Pentylene Glycol, Glycerin, Hydroxyethyl Acrylate/​Sodium Acryloyldimethyl Taurate Copolymer, SH-Oligopeptide-1, Sh-Oligopeptide-4, Sh-Polypeptide-4, SH-Polypeptide-7, SH-Polypeptide-9, SH-Polypeptide-59",Bausch Health Retin-a Cream 0.05%,https://inkeedecoder.com/products/bausch-health-retin-a-cream-0-05
wrinkles,sh-oligopeptide-1,Bausch Health Retin-a Micro (tretinoin) Gel Microsphere 0.1%,https://inkeedecoder.com/products/bausch-health-retin-a-micro-tretinoin-gel-microsphere-0-1
wrinkles,"Water, Certified Organic Witch Hazel Extract Blend, Hamamelis Virginiana (Witch Hazel*) Bark/​Leaf/​Twig Extract, Aloe Barbadensis Leaf Extract (Filet Of Aloe Vera*), Melaleuca Alternifolia (Tea Tree) Leaf Oil, Cymbopogon Flexuosus Oil, Glycerin, Decyl Glucoside, Cocamidopropyl Betaine, Citric Acid",Bausch Health Vitamin A Acid Gel (0.05%),https://inkeedecoder.com/products/bausch-health-vitamin-a-acid-gel-0-05
wrinkles,"Aqua/​Water/​Eau, Certified Organic Witch Hazel Extract Blend, Hamamelis Virginiana (Witch Hazel*) Bark/​Leaf/​Twig Extract, Aloe Barbadensis Leaf Extract (Filet Of Aloe Vera*), Rosa Damascena Flower Water, Prunus Amygdalus Dulcis (Sweet Almond) Oil, Carthamus Tinctorius (Safflower) Seed Oil, Glyceryl Stearate, Stearyl Alcohol, Polyglyceryl-2 Stearate",CCSD Rx Reverse Tretinoin 0.05%,https://inkeedecoder.com/products/ccsd-rx-reverse-tretinoin-0-05
wrinkles,"Aqua, Organic Rosa Damascena Flower Water, Organic Witch Hazel Extract Blend, Hamamelis Virginiana (Witch Hazel*) Bark/​Leaf/​Twig Extract, Aloe Barbadensis Leaf Extract (Filet Of Aloe Vera*), Lactobacillus Ferment, Propanediol (From Sugar Cane), Niacinamide (5%), Sodium Hyaluronate (Hyaluronic Acid), Isoamyl Laurate",CTS CHEMICAL INDUSTRIES Ret-Avit Cream 0.05%,https://inkeedecoder.com/products/cts-chemical-industries-ret-avit-cream-0-05
wrinkles,"Purified Water, Glycerin, Certified Organic Witch Hazel Extract Blend, Hamamelis Virginiana (Witch Hazel*) Bark/​Leaf/​Twig Extract, Aloe Barbadensis Leaf Extract (Filet Of Aloe Vera*), Aloe Barbadensis Leaf Juice (Filet Of Aloe Vera*), Cucumis Sativus (Cucumber) Fruit Extract, Citrus Grandis (Grapefruit) Seed Extract, Phenoxyethanol, Caprylyl Glycol",CTS CHEMICAL INDUSTRIES Ret-Avit Gel 0.05%,https://inkeedecoder.com/products/cts-chemical-industries-ret-avit-gel-0-05
wrinkles,"Aqua/​Water/​Eau, Propylene Glycol, Certified Organic Witch Hazel Extract Blend, Hamamelis Virginiana (Witch Hazel*) Bark/​Leaf/​Twig Extract, Aloe Barbadensis Leaf Extract (Filet Of Aloe Vera*), Glycerin, Rosa Damascena Flower Water, Sodium PCA, Rosa Canina Fruit Oil, Ascorbic Acid",Cantabria Labs Neocare 4mg/g cream,https://inkeedecoder.com/products/industrial-farmaceutica-cantabria-neocare
wrinkles,"Salicylic Acid (2.0%), Water, Certified Organic Witch Hazel Extract Blend, Hamamelis Virginiana (Witch Hazel*) Bark/​Leaf/​Twig Extract, Aloe Barbadensis Leaf Extract (Filet Of Aloe Vera*), Melaleuca Alternifolia (Tea Tree) Leaf Oil, Cymbopogon Flexuosus Oil, Glycerin, Decyl Glucoside, Cocamidopropyl Betaine",Cantabria Labs Retincare,https://inkeedecoder.com/products/cantabria-labs-retincare
wrinkles,"Aqua/​Water/​Eau, Lauryl Glucoside, Decyl Glucoside, Betaine, Sodium Cocoyl Isethionate, Aloe Barbadensis Leaf Juice, Glycerin, Rosa Centifolia Flower Extract, Persea Gratissima (Avocado) Oil, Certified Organic Witch Hazel Extract Blend","Cassará Neotretin M Tretinoína 0,025%",https://inkeedecoder.com/products/cassara-neotretin-m-tretinoina-0-025
wrinkles,"Aqua, Propylene Glycol, Azelaic Acid 15.0%, Tetrahydroxypropyl Ethylenediamine, Potassium Azeloyl Diglycinate 5.0%, Polyacrylate Crosspolymer-6, Salicylic Acid 2.0%, Lactobionic Acid, Bisabolol, Gluconolactone",Cordes Vas,https://inkeedecoder.com/products/cordes-vas
wrinkles,"Propanediol, Resveratrol 3.0%, Ferulic Acid 3.0%",Cordes Vas Creme (0.05 Tretinoin),https://inkeedecoder.com/products/cordes-vas-creme-0-05-tretinoin
wrinkles,"Aqua, Ascorbic Acid 20.0%, Butylene Glycol, Propanediol, Dipropylene Glycol, Glycerin, 1, 2-Hexanediol, Tromethamine, PEG-40 Hydrogenated Castor Oil",Dar Al Dawa Smooderm,https://inkeedecoder.com/products/dar-al-dawa-smooderm
wrinkles,"Tretinoin, Propylene Glycol, Isopropanol, Carbomer, Triethanolamine, Butylated Hydroxytoluene, Methyl Hydroxybenzoate, Propyl Hydroxybenzoate",DermaXP Reticor (tretinoin) cream,https://inkeedecoder.com/products/dermaxp-reticor-tretinoin-cream
wrinkles,"Tretinoin, PEG-4 Olivate, Olive Oil PEG-7 Esters, Methyl Hydroxybenzoate, Propyl Hydroxybenzoate, Propylene Glycol, Silicon Oil, Caprylic/​Capric Triglyceride, Carbomer, Triethanolamine",DermaXP Reticor (tretinoin) gel,https://inkeedecoder.com/products/dermaxp-reticor-tretinoin-gel
wrinkles,"Retinoic Acid Tretinoin (0.5), Isopropyl Myristate, Carbopol 974 Polymer, Polysorbate 80, Glycerol, Triglyceride, Light Liquid Vaseline, Butylated Hydroxytoluene, Butylated Hydroxy Anisole, Methylparaben",Dermatica 0.1% Tretinoin Cream,https://inkeedecoder.com/products/dermatica-0-1-tretinoin-cream
wrinkles,"Tretinoin, Cetyl Alcohol, Stearyl Alcohol, Tween 60, Sorbitan Monostearate, Methylparaben, Propylparaben, BHT, Propylene Glycol, Deionized-Water",Dermatica Tretinoin 0.025% + Niacinamide 4%,https://inkeedecoder.com/products/dermatica-tretinoin-0-025
wrinkles,"Tretinoin (0.025), Butylhydroxytoluene (E321), Cetyl Alcohol, Methyl Parahydroxybenzoate (E218), Propyl Parahydroxybenzoate (E216), Propylene Glycol, Stearyl Alcohol",Dermatica Tretinoin 0.05% - Azelaic Acid 15% - Tranexamic Acid 5%,https://inkeedecoder.com/products/dermatica-tretinoin-0-05-azelaic-acid-15-tranexamic-acid-5
wrinkles,"Tretinoin (0, 05%), Butylhydroxytoluene (E321), Paraffin (Vaseline Flant), Polysorbate 60, Cetyl Alcohol, Methyl Parahydroxybenzoate (E218), Propyl Parahydroxybenzoate (E216), Propylene Glycol, Sorbitan Stearate (Span 60)",Dermatica Tretinoin 0.05% And Niacinamide 4%,https://inkeedecoder.com/products/dermatica-tretinoin-0-05-and-niacinamide-4
wrinkles,"Tretinoin (0.05%), Polyoxyl 40 Stearate, Stearyl Alcohol, Isopropyl Myristate, Stearic Acid, BHT, Sorbic Acid, Xanthan Gum, Purified Water",Dermatica Tretinoin 0.1%,https://inkeedecoder.com/products/dermatica-tretinoin-0-1
wrinkles,"Tretinoin (0.025%), Stearyl Alcohol, Isopropyl Myristate, Propylene Glycol, Polysorbate 60, Sorbitan Monostearate, Glycerin, Carbomer, Edetate Disodium, Methylparaben","Dermatica Tretinoin, Niacinamide 4%, Azelaic Acid 4%",https://inkeedecoder.com/products/dermatica-tretinoin-niacinamide-4-azelaic-acid-4
wrinkles,"Tretinoin (0.025%), Stearic Acid, Polyolprepolymer-2, Isopropyl Myristate, Polyoxyl 40 Stearate, Propylene Glycol, Stearyl Alcohol, Xanthan Gum, Sorbic Acid, Butylated Hydroxytoluene",Farmacia cu Traditie Tretinoin 0.025% Cream And Moisture Complex,https://inkeedecoder.com/products/farmacia-cu-traditie-tretinoin-0-025-cream-and-moisture-complex
wrinkles,"Tretinoin (0.5 Mg), Butylhydroxyanisole (E320) (X)",Felix Retinoid +,https://inkeedecoder.com/products/felix-retinoid
wrinkles,"Tretinoin, Glycerol Stearate, Ceteareth-20, Sorbitol Solution (70%), Cetyl Esters Wax, Phytosqualene, Butylhydroxyanisole (E320), Disodium Edetate, Magnesium Sulfate Heptahydrate, Benzoic Acid (E210)",GSK Stieva-A Cream,https://inkeedecoder.com/products/gsk-stieva-a
wrinkles,"Tretinoin (0.01%), Soluble Collagen, Elastin, Glyceryl Monostearate, Cetyl Alcohol, Stearyl Alcohol, Octyldodecanol, Methyl Paraben, Propyl Paraben, Carbopol",Galderma Twyneo 0.1%/3% cream,https://inkeedecoder.com/products/galderma-twyneo-0-1-3-cream
wrinkles,"Tretinoin (0.025%), Soluble Collagen, Elastin, Glyceryl Monostearate, Cetyl Alcohol, Stearyl Alcohol, Octyldodecanol, Methyl Paraben, Propyl Paraben, Carbopol",Hedge & Hedge Pharmaceutical LLP Tretinoin Cream USP,https://inkeedecoder.com/products/hedge-hedge-pharmaceutical-llp-tretinoin-cream-usp
wrinkles,"Tretinoin (0, 05%), Soluble Collagen, Elastin, Glyceryl Monostearate, Cetyl Alcohol, Stearyl Alcohol, Octyldodecanol, Methyl Paraben, Propyl Paraben",ITF-Labomed Dermodan Tretinoina 0.025%,https://inkeedecoder.com/products/itf-labomed-dermodan-tretinoina-0-025
wrinkles,"Tretinoin (0, 1%), Soluble Collagen, Elastin, Glyceryl Monostearate, Cetyl Alcohol, Stearyl Alcohol, Octyldodecanol, Methyl Paraben, Propyl Paraben",Jamjoom Pharma Acretin 0.05% Cream,https://inkeedecoder.com/products/jamjoom-pharma-acretin-0-05-cream
wrinkles,"Tretinoin (0.025% - 0.1%), Niacinamide (4%), Butylated Hydroxytoluene, C12-15 Alkyl Benzoate, Caprylic/​Capric Triglycerides, Cetyl Alcohol, Ethylhexylglycerin, Glycerin Usp, Glyceryl Stearate, Hydroxyethyl Acrylate/​Sodium Acryloyldimethyl Taurate Copolymer",Janssen Retin A Micro Gel 0.04%,https://inkeedecoder.com/products/janssen-retin-a-micro-gel-0-04
wrinkles,"Tretinoin (0.05%), Aqua, Petrolatum, Propylene Glycol, Caprylic/​Capric Triglyceride, Ceteareth-20, Cetyl Alcohol, Glyceryl Stearate SE, Paraffinum Liquidum, Butylhydroxytoluene",Janssen Retin-a Tretinoina Crema 0.05%,https://inkeedecoder.com/products/janssen-retin-a-tretinoina-crema-0-05
wrinkles,"Tretinoin, Ceteareth-6, Stearyl Alcohol, Ceteareth-25, Glyceryl Mono Sterate, Cetyl Alcohol, Vaseline, Yellow 1, Beeswax, Cetearyl Octanoate",Janssen Pharmaceuticals Retino-A Tretinoin Cream U.S.P. 0.05%,https://inkeedecoder.com/products/janssen-retino-a-tretinoin-cream-u-s-p-0-05
wrinkles,"Retinoic Acid (Tretinoin), Isopropyl Myristate, Carbopol Polymer, Polysorbate 80, Miglyol, Glycerol, Paraffinum Liquidum, Butylated Hydroxytoluene, Butylated Hydroxy Anisole, Methylparaben",A-Passioni Retinol Cream Drunk Elephant,https://inkeedecoder.com/products/drunk-elephant-a-passioni-retinol-cream
wrinkles,"Tretinoin (0.04%), Purified Water, Carbomer, Glycerin, Disodium EDTA, Propylene Glycol, Propylene Glycol Dicaprylate/​Dicaprate, Sorbic Acid, PPG-20 Methyl Glucose Ether Distearate, Cyclomethicone",Night Switch Retinol 1% Lixir,https://inkeedecoder.com/products/lixir-night-switch-retinol-1
wrinkles,"Tretinoin, Butylhydroxytoluene, Isopropyl Myristate, Polyoxyl 40 Stearate, Stearic Acid, Stearyl Alcohol, Sorbic Acid, Xanthan Gum, Purified Water",Retinol 1.0 Maximum Strength Refining Night Cream SkinCeuticals,https://inkeedecoder.com/products/skinceuticals-retinol-1-0-maximum-strength-refining-night-cream
wrinkles,"Tretinoin (0.1%), Water, Carbomer (0.1%), Glycerin, Disodium EDTA, Propylene Glycol, Sorbic Acid, PPG-20 Methyl Glucose Ether Distearate, Dimethicone/​Methicone Copolymer, Benzyl Alcohol",Retinol 1% In Squalane The Ordinary,https://inkeedecoder.com/products/the-ordinary-retinol-1-in-squalane
wrinkles,"Tretinoin (0.05%), Alcohol (95%), Carboxyvinyl Polymer, Carbopol 980, Carbomer, Isopropyl Alcohol, Propylene Glycol, Purified Water, Trolamine",Retinol 6TR Serum Medik8,https://inkeedecoder.com/products/medik8-retinol-6tr-serum
wrinkles,"Retinoic Acid (0.05%), Water, Caprylic/​Capric Triglycerides, Stearyl Alcohol, Stearic Acid, Glyceryl Stearate, PEG-100 Stearate, Diisopropyl Dimer Dilinoleate, Aluminum, Magnesium Silicate",Retinol 0.5 Refining Night Cream SkinCeuticals,https://inkeedecoder.com/products/skinceuticals-retinol-0-5-refining-night-cream
wrinkles,"Tretinoin (0.05%), Butylated Hydroxytoluene, Cetomacrogol 1000, Lanolin Anhydrous, Glyceryl Monostearate Se, Cetostearyl Alcohol, Oleic Acid Decylester, Dimethicone 350, Sorbitol Solution (70%), Sorbic Acid",Retinol 0.5% In Squalane The Ordinary,https://inkeedecoder.com/products/the-ordinary-retinol-0-5-in-squalane
wrinkles,"Tretinoin (0.05%), Cremophor Rh 40, Softigen 767, Carbomer 940, Butylated Hydroxytoluene, Methyl Dihydroxybenzoate, Sodium Propyl Hydroxybenzoate, Sodium Hydroxide, Hydrochloric Acid, Isopropyl Alcohol",Retinol 3 Tr Serum Medik8,https://inkeedecoder.com/products/medik8-retinol-3-tr-serum
wrinkles,"Tretinoin, C12-20 Acid PEG-8 Ester, Cetyl Alcohol, Glycerin, Propylene Glycol, BHT, Ascorbyl Palmitate, Glyceryl Stearate, Citric Acid, Methyl Parahydroxybenzoate (E-219)",Retinol 0.3 SkinCeuticals,https://inkeedecoder.com/products/skinceuticals-retinol-0-3
wrinkles,"Ácido Retinoico, Ácido Glicólico, Propylene Glycol, PEG-7 Glyceryl Cocoate, Aminomethyl Propanol, Hydroxyethylcellulose, Polyvinyl Alcohol, Imidazolidinyl Urea, Disodium EDTA, BHT",Visionnaire Skin Solutions Retinol Serum Lancôme,https://inkeedecoder.com/products/lancome-visionnaire-skin-solutions-retinol-serum
wrinkles,"Tretinoin (0.025%), Gluconolactone (4%), Ethylhexyl Methoxycinnamate, Polydimethylsiloxane, Cetyl Alcohol, Ceramide, Cholesterol, Disodium EDTA, Perfume, Sodium Hydroxide",Lab. Restoring Radiance Serum Purid,https://inkeedecoder.com/products/purid-lab-restoring-serum
wrinkles,"Tretinoin, Butylated Hydroxytoluene, Beryl Perfume Oil, Cetyl Stearyl Alcohol, Trispolyoxyethylenephosphate, Citric Acid Monohydrate, Glyceryl Monostearate, Isopropyl Myristate, Palmitoyl Ascorbic Acid, Macrogol-7-Glycerol Cocoate",Fine Fairness Brightening Serum Neutrogena,https://inkeedecoder.com/products/neutrogena-fine-fairness-brightening-serum
wrinkles,"Tretinoin, Butylated Hydroxytoluene, Cetyl Stearyl Alcohol, Citric Acid, Glycerin Monostearate, Isopropyl Myristate, Ascorbyl Palmitate, PEG-7 Glyceryl Cocoate, Propylene Glycol, Sorbitan Stearate","Almirall TAZORAC® (tazarotene) gel, 0.1%",https://inkeedecoder.com/products/almirall-tazorac-r-tazarotene-gel-0-1
wrinkles,"Tretinoin (0.05%), Isopropanol, Propylene Glycol, Cetyl Alcohol, Sorbitan Monostearate, Polysorbate 20, Butylated Hydroxy Anisole, Triethanolamine, Carbomer, Benzyl Alcohol","Ortho Dermatologics ARAZLO® (tazarotene) Lotion, 0.045%",https://inkeedecoder.com/products/ortho-dermatologics-arazlo-r-tazarotene-lotion-0-045
wrinkles,"Tretinoin (0.025%, 0, 05%, 1%), Cetostearyl Alcohol, Stearyl Alcohol, Isopropyl Myristate, Polysorbate 60, Sorbitan Stearate, Butylated Hydroxytoluene",Rx only Tazarotene Cream 0.1%,https://inkeedecoder.com/products/rx-only-tazarotene-cream-0-1
wrinkles,"Tretinoin (0.05%, 0.1%), Purified Water, Diisopropyl Adipate, Propylene Glycol, Acrylates/​C10-30 Alkyl Acrylate Crosspolymer, BHT, Methylparaben, Sodium Hydroxide",Zarotex Zarotex Gel 0.1%,https://inkeedecoder.com/products/zarotex-zarotex-gel-0-1
wrinkles,"Tretinoin (0.1%), Purified Water, Carthamus Tinctorius Oleosomes, Polyacrylate-13, Polyisobutene, Sodium Carbomer, Polysorbate 20, Tocopheryl Acetate, Benzoic Acid (0.1%), Sorbic Acid (0.1%)",Alcom Pharma JSC Derma Forte Advanced,https://inkeedecoder.com/products/alcom-pharma-jsc-derma-forte-advanced
wrinkles,"Tretinoin (0.025%), Niacinamide (4%), Aqua, Propylene Glycol, Glycerin, Cetyl Alcohol, Glyceryl Stearate, PEG-75 Stearate, Isohexadecane, Isododecane",Dermactive Acti Clear Global AC Cream,https://inkeedecoder.com/products/dermactive-acti-clear-global-ac-cream
wrinkles,"Tretinoin, Azelaic Acid, Tranexamic Acid, Purified Water, Propylene Glycol, Glycerin, Panthenol, Cetyl Alcohol, Glyceryl Stearate, Isohexadecane",Dermactive Acti-clear Gentle Cleansing Gel,https://inkeedecoder.com/products/dermactive-acti-clear-gentle-cleansing-gel
wrinkles,"Tretinoin, Niacinamide, Purified Water, Propylene Glycol, Glycerin, Panthenol, Cetyl Alcohol, Glyceryl Stearate, Isohexadecane, Isododecane",Boderm Tazarene Cream For Oily Skin,https://inkeedecoder.com/products/boderm-tazarene-cream-for-oily-skin
wrinkles,"Tretinoin, Niacinamide, Purified Water, Propylene Glycol, Glycerin, Panthenol, Cetyl Alcohol, Glyceryl Stearate, Isohexadecane, Isododecane",Boderm Tazarene Cream For Dry Skin,https://inkeedecoder.com/products/boderm-tazarene-cream-for-dry-skin
wrinkles,"Tretinoin, Niacinamide, Azelaic Acid, Purified Water, Carthamus Tinctorius Oleosomes, Propylene Glycol, Glycerin, Panthenol, Polyacrylate-13, Polyisobutene",Aha Resurfacing Lotion 20 Intensive Exfoliating Treatment DCL,https://inkeedecoder.com/products/dcl-aha-resurfacing-lotion-20-50ml-intensive-exfoliating-treatment
wrinkles,"Tretinoin, Aqua, Glycerin, Coco-Caprylate, Cetearyl Olivate, Sorbitan Olivate, Glyceryl Stearate, Stearic Acid, Caprylic/​Capric Triglycerides, Sodium PCA",Glycolix Elite Facial Cream 20% Topix,https://inkeedecoder.com/products/topix-glycolix-elite-facial-cream-20
wrinkles,"Tretinoin (0.025%), Clindamycin (1%), Niacinamide (4%), Dimethicone, Caprylyl Methicone, PEG-12 Dimethicone/​PPG-20 Crosspolymer, Butyrospermum Parkii (Shea) Butter, Polysilicone-11, Tocopheryl Acetate",Clarify Gel Plus Neostrata,https://inkeedecoder.com/products/neostrata-gel-plus
wrinkles,"Tretinoin, Butylated Hydroxy Anisole, Butylated Hydroxytoluene, Ethylenediaminetetraacetic Acid Disodium Salt, Isopropyl Palmitate, Methyl Paraben, Polyoxyl 40 Stearate, Propyl Paraben, Propylene Glycol, Purified Water",MelaBlok Dermasence,https://inkeedecoder.com/products/dermasence-melablok
wrinkles,"Tretinoin (0.1%), Benzoyl Peroxide (3%), Anhydrous Citric Acid, Butylated Hydroxytoluene, Carbomer Homopolymer Type C, Cetrimonium Chloride, Cetyl Alcohol, Cyclomethicone, Edetate Disodium, Glycerin",Revitalift Derm Intensives 10% Pure Glycolic Acid Serum L'Oreal Paris,https://inkeedecoder.com/products/loreal-paris-10-pure-glycolic-acid-serum
wrinkles,"Tretinoin (0.025%), Sorbic Acid (0.2%), Butylated Hydroxytoluene (0.1%)",Resist Weekly Resurfacing Treatment 10% Aha Paula's Choice,https://inkeedecoder.com/products/paulas-choice-resist-weekly-resurfacing-treatment-10-aha
wrinkles,"Tretinoin, Disodium Edetate, Methylparaben, Propylparaben, Glycerol, Carbomer 934, Stearic Acid, Stearyl Alcohol, Cetyl Alcohol, Glyceryl Monostearate",Energy Complex Ahas Exfoliating Toner Aisuanis,https://inkeedecoder.com/products/aisuanis-energy-complex-ahas-exfoliating-toner
wrinkles,"Tretinoin (0.05%), Polyoxyl 40 Stearate, Stearyl Alcohol, Isopropyl Myristate, Stearic Acid, Butylated Hydroxytoluene, Sorbic Acid, Xanthan Gum, Purified Water",Compound Six Acid Nourishing Conditioning Biofilm Aisuanis,https://inkeedecoder.com/products/aisuanis-compound-six-acid-nourishing-conditioning-biofilm
wrinkles,"Tretinoin (0.04%), Aqua, Carbomer, Glycerin, Disodium EDTA, Propylene Glycol, Sorbic Acid, PPG-20 Methyl Glucose Ether Distearate, Cyclomethicone, Dimethicone Copolyol",C Scape High Potency Night Booster 30 DCL,https://inkeedecoder.com/products/dcl-c-scape-high-potency-night-booster-30
wrinkles,"Tretinoin, Polyoxyl 40 Stearate, Stearyl Alcohol, Stearic Alcohol, Isopropyl Myristate, Butylated Hydroxytoluene, Sorbic Acid, Xanthan Gum, Purified Water",Vitamin C Suspension 30% In Silicone The Ordinary,https://inkeedecoder.com/products/the-ordinary-vitamin-c-suspension-30-in-silicone
wrinkles,"Tretinoin, PEG-40 Stearate, Stearyl Alcohol, Isopropyl Myristate, BHT, Stearic Acid, Sorbic Acid, Xanthan Gum, Purified Water",A.C.E. Vitamin C25 IOPE,https://inkeedecoder.com/products/iope-a-c-e-vitamin-c25
wrinkles,tretinoin,C25 Neo Rohto Obagi,https://inkeedecoder.com/products/rohto-obagi-25-neo-vitamin-c-serum
wrinkles,"Water/​Aqua/​Eau, Glycerin, Coco-Caprylate, Stearic Acid, Coconut Alkanes, Glyceryl Stearate, Niacinamide, Caprylic/​Capric Triglyceride, Cetearyl Alcohol, Pentylene Glycol",The Vitamin C23 IOPE,https://inkeedecoder.com/products/iope-the-vitamin-c23
wrinkles,"Aqua (Water), Phospholipids, Leuconostoc/​Radish Root Ferment Filtrate, Retinol 1.0%, Phenoxyethanol, Benzoic Acid, Glyceryl Laurate, EDTA, Dehydroacetic Acid, Ethylhexylglycerin",Vitamin C Suspension 23% + Ha Spheres 2% The Ordinary,https://inkeedecoder.com/products/the-ordinary-vitamin-c-suspension-23-ha-spheres-2
wrinkles,"Aqua (Water), Cyclomethicone, Allyl Methacrylates Crosspolymer, Polysorbate 20, Retinol 1.0%, BHT, Cyclopentasiloxane, Dimethicone Crosspolymer, Dimethicone, Dimethiconol",Vitamin C24 Indeed Labs,https://inkeedecoder.com/products/indeed-labs-vitamin-c24
wrinkles,"Squalane, Caprylic/​Capric Triglyceride, Simmondsia Chinensis (Jojoba) Seed Oil, Retinol 1.0%, Solanum Lycopersicum (Tomato) Fruit Extract, Rosmarinus Officinalis (Rosemary) Leaf Extract, Hydroxymethoxyphenyl Decanone, BHT",Triple C Lightning Liquid COSRX,https://inkeedecoder.com/products/cosrx-triple-c-lightning-liquid
wrinkles,"Carthamus Tinctorius (Safflower) Seed Oil, Caprylic/​Capric Triglyceride, Cyclopentasiloxane, PPG-12/​Smdi Copolymer, Cyclohexasiloxane, Retinol 0.6%, Tocopheryl Acetate, Lecithin, BHT",VC Oxidation Resistance Serum Dr.magic,https://inkeedecoder.com/products/dr-magic-vc-oxidation-resistance-serum
wrinkles,"Aqua/​Water/​Eau, Cyclopentasiloxane, Cyclohexasiloxane, Dimethiconol, Alcohol Denat, Pentylene Glycol, Allyl Methacrylates Crosspolymer, Dimethicone PEG-7 Isostearate, Sodium Polyacrylate, Dimethicone Crosspolymer",Vitamin Nectar Vitamin C Brightening Powder Fresh,https://inkeedecoder.com/products/fresh-vitamin-nectar-vitamin-c-brightening-powder
wrinkles,"Squalane, Caprylic/​Capric Triglyceride, Simmondsia Chinensis (Jojoba) Seed Oil, Retinol 0.5%, Solanum Lycopersicum (Tomato) Fruit Extract, Rosmarinus Officinalis (Rosemary) Leaf Extract, Hydroxymethoxyphenyl Decanone, BHT",Serum 20 AOX+ SkinCeuticals,https://inkeedecoder.com/products/skinceuticals-serum-20-aox
wrinkles,"Simmondsia Chinensis (Jojoba) Seed Oil, Cyclopentasiloxane, PPG-12/​Smdi Copolymer, Cyclohexasiloxane, Caprylic/​Capric Triglyceride, Tocopheryl Acetate, Retinol 0.3%, Lecithin, BHT",20% Vitamin C Essence Spring Letter,https://inkeedecoder.com/products/spring-letter-20-vitamin-c-essence
wrinkles,"Aqua/​Water, Isostearyl Neopentanoate, Glycerin, Glycine Soja Oil/​Soybean Oil, Propylene Glycol, Acrylamide/​Sodium Acryloyldimethyltaurate Copolymer, Cetearyl Alcohol, Phenoxyethanol, Isohexadecane, Retinol 0.3%",Clinical Niacinamide 20% Treatment Paula's Choice,https://inkeedecoder.com/products/paulas-choice-clinical-niacinamide-20-treatment
wrinkles,"Aqua/​Water, Glycerin, Dicaprylyl Ether, Isopropyl Isostearate, Octyldodecanol, Sodium Tetrahydrojasmonate, Cetyl Alcohol, Glycine Soja Oil /​ Soybean Oil, Behenyl Alcohol, Dipropylene Glycol",Rejuvenating Brightening Essence BRODA® PRO,https://inkeedecoder.com/products/broda-r-pro-rejuvenating-brightening-essence
wrinkles,"Water, Pentylene Glycol, Dimethicone, Bis-Ethoxydiglycol Cyclohexane 1, 4-Dicarboxylate 1.0%, Sodium Polyacrylate, C18-21 Alkane, Trideceth-6, 1, 2-Hexanediol",Niacinamide 10 Serum Cos De BAHA,https://inkeedecoder.com/products/cos-de-baha-niacinamide-10-serum
wrinkles,"Water, Cyclopentasiloxane, Dimethicone Crosspolymer, Ascorbyl Glucoside 2.0%, Ammonium Acryloyldimethyltaurate, Niacinamide, C12-15 Alkyl Benzoate, Dimethicone, Nylon-12, Phenoxyethanol",Flawless Nightly Serum Dr. Sam Bunting Skincare,https://inkeedecoder.com/products/dr-sam-bunting-skincare-flawless-nightly-serum
wrinkles,retinol,Niacinamide The Inkey List,https://inkeedecoder.com/products/the-inkey-list-niacinamide
wrinkles,"Tazarotene (0.1%), Benzyl Alcohol (1%), Ascorbic Acid, Butylated Hydroxy Anisole, Butylated Hydroxytoluene, Carbomer Homopolymer Type B, Edetate Disodium, Hexylene Glycol, Poloxamer 407, Polyethylene Glycol 400",Niacinamide 10% + Zinc 1% The Ordinary,https://inkeedecoder.com/products/the-ordinary-niacinamide-10-zinc-1-serum1
wrinkles,"Tazarotene (0.045%), Carbomer Copolymer Type B, Carbomer Homopolymer Type A, Diethyl Sebacate, Edetate Disodium, Light Mineral Oil, Methylparaben, Propyl Paraben, Purified Water, Sodium Hydroxide",Pore Refining & Spot Correcting Concentrate dermistry⁺,https://inkeedecoder.com/products/dermistry-pore-refining-spot-correcting-concentrate
wrinkles,"Tazarotene (0.1%), Benzyl Alcohol (1%), Carbomer Copolymer Type A, Carbomer Homopolymer Type B, Edetate Disodium, Medium-Chain Triglycerides, Mineral Oil, Purified Water, Sodium Thiosulfate, Sorbitan Monooleate",Star Light Spot Corrector Acaderma,https://inkeedecoder.com/products/acaderma-star-light-spot-corrector
wrinkles,"Tazarotene (0.1%), Carbopol 934P, Edta Disodium, Benzyl Alcohol, Poloxamer 407, Ascorbic Acid, PEG-400, Hexylene Glycol, Polysorbate 40, BHT",Flawless Brightly Serum Dr Sam Bunting,https://inkeedecoder.com/products/dr-sam-bunting-flawless-brightly-serum
wrinkles,"Water, Tazarotene, Ascorbic Acid, Tocopherol, Collagen, Ubiquinone, Carbomer, Squalane, Centella Asiatica Extract, Curcuma Longa Root Extract",Flawless Moisturiser Dr. Sam Bunting Skincare,https://inkeedecoder.com/products/dr-sam-bunting-skincare-flawless-moisturiser
wrinkles,"Aqua, Niacinamide, Pseudoalteromonas Ferment Extract, Salicylic Acid, Cocamidopropyl Dimethylamine, Tazarotene, Bisabolol, Allantoin, Propolis Extract, Aloe Barbadensis Leaf Extract",Lab. Restoring Brightening Serum Purid,https://inkeedecoder.com/products/purid-lab-restoring-brightening-serum
wrinkles,"Aqua, Salicylic Acid, Cocamidopropyl Dimethylamine, Pseudoalteromonas Ferment Extract, Disodium Lauryl Sulfosuccinate, Decyl Glucoside, Cocamidopropyl Betaine, Glycerin, Propylene Glycol, Olea Europaea Fruit Oil",Abc Repair & Restore Antioxidant Serum Rx2 RejuAus,https://inkeedecoder.com/products/rejuaus-abc-repair-restore-antioxidant-serum-rx2
wrinkles,"Aqua, Caprylic/​Capric Triglyceride, Panthenol, Dimethicone, Steareth-2, PPG-15 Stearyl Ether, Cetearyl Alcohol, Butylene Glycol Dicaprylate/​Dicaprate, Propanediol, Steareth-21",Flawless Brightly Serum Dr Sam Bunting,https://inkeedecoder.com/products/dr-sam-bunting-flawless-brightly-serum
wrinkles,"Aqua, PPG-3 Benzyl Ether Myristate, Glyceryl Stearate, Panthenol, Urea, Diisopropyl Adipate, PPG-15 Stearyl Ether, PEG-100 Stearate, Dibutyl Adipate, Salicylic Acid",Flawless Nightly Serum Dr. Sam Bunting Skincare,https://inkeedecoder.com/products/dr-sam-bunting-skincare-flawless-nightly-serum
wrinkles,"Water (Aqua), Glycolic Acid 20.0%, Pentylene Glycol, Isopropyl Palmitate, Caprylic/​Capric Triglyceride, Ammonium Hydroxide, Cetyl Alcohol, Glyceryl Stearate, PEG-100 Stearate, Potassium Cetyl Phosphate",1% Bakuchiol Serum Revolution Skincare,https://inkeedecoder.com/products/revolution-skincare-1-bakuchiol-serum
wrinkles,"Purified Water, Glycolic Acid 20.0%, C12-15 Alkyl Benzoate, Cyclopentasiloxane, Ammonium Hydroxide, Stearyl Alcohol, Glyceryl Stearate, Cetearyl Alcohol, Polyacrylamide, C13-14 Isoparaffin",Flawless Neutralising Gel Dr. Sam Bunting Skincare,https://inkeedecoder.com/products/dr-sam-bunting-skincare-flawless-neutralising-gel
wrinkles,"Aqua/​Water/​Eau, Alcohol Denat, Glycolic Acid 15.0%, Propylene Glycol, Ammonium Hydroxide, Polyquaternium-10, Tetrasodium EDTA",Effaclar Adapalene Gel 0.1% Acne Treatment La Roche-Posay,https://inkeedecoder.com/products/la-roche-posay-effaclar-adapalene-gel-0-1-acne-treatment
wrinkles,"Aqua, PEG-40 Hydrogenated Castor Oil, Glycolic Acid 10.0%, Gluconolactone, Propanediol, Boerhavia Diffusa Root Extract, Hexylresorcinol, Simmondsia Chinensis Seed Oil, Phenoxyethanol, Sucrose Palmitate",Daisy Sky Advanced A Renewing Serum,https://inkeedecoder.com/products/daisy-sky-advanced-a-renewing-serum
wrinkles,"Aqua/​Water/​Eau, Glycolic Acid 10.0%, Glycerin, Alcohol Denat, Sodium Hydroxide, Aloe Barbadensis Leaf Juice, Sodium Hyaluronate, Hydroxyethylcellulose, Ascorbyl Glucoside, Citric Acid",Suikan Hada Overnight Refreshing Essence,https://inkeedecoder.com/products/suikan-hada-overnight-refreshing-essence
wrinkles,"Water (Aqua), Methylpropanediol, Glycolic Acid 10.0%, Butylene Glycol, Sodium Hydroxide, Camellia Sinensis (Green Tea) Leaf Extract, Aloe Barbadensis Leaf Juice, Sodium Ascorbyl Phosphate, Dipotassium Glycyrrhizate, Glycyrrhiza Glabra Licorice) Root Extract",BioAqua 6x Gentle - A Retinol Serum,https://inkeedecoder.com/products/bioaqua-6x-gentle-a-retinol-serum
wrinkles,"Aqua, Glycolic Acid 6.0%, Sodium Hydroxide, Isopentyldiol, Methyl Gluceth-20, Potassium Azeloyl Diglycinate, Zinc Pca, Saccharum Officinarum (Sugarcane) Extract**, Vaccinium Myrtillus Extract**, Citrus Aurantium Dulcis Fruit Extract**",BioAqua 6x Gentle-a Retinal Serum,https://inkeedecoder.com/products/bioaqua-6x-gentle-a-retinal-serum
wrinkles,"Water, Salicylic Acid, Amylopectin, Glycolic Acid 1.8%, Lactobionic Acid 1.6%, Gluconolactone 1.5%, Capryloyl Salicylic Acid 0.9%, Mandelic Acid 0.7%, Glycerin, Cyclodextrin",Verso Blemish Fix,https://inkeedecoder.com/products/verso-skincare-blemish-fix
wrinkles,"Isohexadecane, Ascorbic Acid 30.0%, Butylene/​Ethylene/​Styrene Copolymer, Ethylene/​Propylene/​Styrene Copolymer, Isononyl Isononanoate, Tetrahexyldecyl Ascorbate, Tocopheryl Acetate, Citrus Grandis (Grapefruit) Peel Oil, Citrus Aurantium Amara (Bitter Orange) Peel Oil, Squalane",Verso Daily Facial Fluid,https://inkeedecoder.com/products/verso-daily-facial-fluid
wrinkles,"Dimethicone, Ascorbic Acid 30.0%, Polysilicone-11, Peg-10 Dimethicone",Verso Super Facial Oil With Retinol 8,https://inkeedecoder.com/products/verso-super-facial-oil-with-retinol-8
wrinkles,"Water, Ascorbic Acid 25.0%, Propanediol, Tromethamine, Dimethicone, Panthenol, Ethyl Ascorbyl Ether, Squalane, Caffeine, Sodium Chloride",Verso Super Eye Serum,https://inkeedecoder.com/products/verso-super-eye-serum-2
wrinkles,"Ethoxydiglycol, L Ascorbic Acid 25.0%, Aqua, PEG-8, Betaine, Harpagophytum Procumbens Root Extract, Hydrolyzed Brassica Alba Seed Extract, Centella Asiatica Extract, Cynara Scolymus Leaf Extract, Yeast Extract",Verso Super Facial Oil,https://inkeedecoder.com/products/verso-super-facial-oil
wrinkles,"Water, Ascorbic Acid 23.0%, Propanediol, Dimethicone, Tromethamine, Panthenol, Ethyl Ascorbyl Ether, Squalane, Caffeine, Sodium Chloride",Medik8 R-Retinoate® Eye Serum,https://inkeedecoder.com/products/medik8-r-retinoate-r-eye-serum
wrinkles,"Ascorbic Acid 23.0%, Squalane, Isodecyl Neopentanoate, Isononyl Isononanoate, Coconut Alkanes, Ethylene/​Propylene/​Styrene Copolymer, Ethylhexyl Palmitate, Silica Dimethyl Silylate, Sodium Hyaluronate, Glucomannan",RejuveNaturals Vitamin C Serum,https://inkeedecoder.com/products/rejuvenaturals-vitamin-c-serum
wrinkles,"Dimethicone, Ascorbic Acid 22.0%, Polysilicone-11, Ethylhexyl Palmitate, PEG-10 Dimethicone, Silica Silylate, Silica Dimethyl Silylate, Butylene Glycol, Sodium Hyaluronate",Enprani Bota Retinol Youth Repair Solution,https://inkeedecoder.com/products/enprani-bota-retinol-youth-repair-solution
wrinkles,"Aronia Melanocarpa Fruit Extract (Black Chokeberry), Ascorbic Acid (Vitamin C) 20.5%, Butylene Glycol, Sodium Lactate, Licorice Root Extract, 1, 2- Hexanediol, Pullulan, Sodium Hyaluronate, Cassia Obtusifolia Seed Extract",Theramid A Retinyl Retinoate (2026),https://inkeedecoder.com/products/theramid-a-retinyl-retinoate-2026
wrinkles,"Aqua, Ascorbic Acid 20.0%, Butylene Glycol, Propanediol, Dipropylene Glycol, Glycerin, 1, 2-Hexanediol, Tromethamine, PEG-40 Hydrogenated Castor Oil",Medik8 R-Retionate Youth Activating Cream,https://inkeedecoder.com/products/medik8-r-retionate-youth-activating-cream
wrinkles,"Oryza Sativa (Rice) Starch*, Sodium Bicarbonate*, Citric Acid*, Disodium Lauryl Sulfosuccinate*, Cocamidopropyl Betaine*, Parfum (Fragrance)*, Hydrated Silica*, Maltodextrin*, Monosodium Citrate*, Limonene*",Niche Beauty Lab Theramid A-Retinoate,https://inkeedecoder.com/products/niche-beauty-lab-theramid-a-retinoate
wrinkles,"Aqua /​ Water /​ Eau, Ascorbic Acid 20.0%, Ethoxydiglycol, Propylene Glycol, Glycerin, Zinc Sulfate, Phenoxyethanol, Sodium Hydroxide, Panthenol, Ferulic Acid 0.2%",Verso Daily Glow,https://inkeedecoder.com/products/verso-daily-glow
wrinkles,"Aqua, Ethoxydiglycol, Ascorbic Acid 20.0%, Propylene Glycol, Anogeissus Leiocarpus Bark Extract, Centella Asiatica Extract, Tocopheryl Acetate, Lactobionic Acid, Calcium Chloride, Glycerin",Verso Night Cream,https://inkeedecoder.com/products/verso-night-cream
wrinkles,ascorbic-acid,Verso Super Facial Serum,https://inkeedecoder.com/products/verso-super-facial-serum
wrinkles,"Water (Aqua), Niacinamide 20.0%, Pentylene Glycol (Solvent/​Texture Enhancer), Butylene Glycol (Slip Agent/​Hydration), Glycerin (Skin-Replenishing), Acetyl Glucosamine (Skin-Replenishing), Ascorbyl Glucoside (Vitamin C/​Antioxidant), Glycyrrhiza Glabra (Licorice) Root Extract (Skinsoothing/​Antioxidant), Spiraea Ulmaria (Meadowsweet) Extract (Antioxidant), Portulaca Oleracea (Purslane) Extract (Antioxidant)",Dermaquest Stem Cell 3D Active Retinol Repair 1%,https://inkeedecoder.com/products/dermaquest-stem-cell-3d-active-retinol-repair-1
wrinkles,"Water, Niacinamide 10.0%, Butylene Glycol, PEG-8, Propylene Glycol, Poloxamer 407, Tranexamic Acid 3.0%, Laureth-4, Salicylic Acid 1.0%, Carbomer",MEDI-PEEL Retinol Collagen Lifting Cream,https://inkeedecoder.com/products/medi-peel-retinol-collagen-lifting-cream
wrinkles,"Organic Aloe Barbadensis Leaf Extract (Aloe), Niacinamide 10.0%, Propanediol, Glycerin, 1, 2-Hexanediol, Zinc Pca 1.0%, Sodium Hyaluronate, Allantoin, Dipotassium Glycyrrhizate",Verso Super Eye Serum,https://inkeedecoder.com/products/verso-super-eye-serum
wrinkles,"Aqua (Water/​Eau), Butylene Glycol, Niacinamide 10.0%, Azelaic Acid 5.0%, Dicaprylyl Carbonate, Glycerin, Ethoxydiglycol, Cetearyl Alcohol, Dimethyl Isosorbide, Bakuchiol 1.0%",Peterson’s Lab Day & Night Eye Cream,https://inkeedecoder.com/products/petersons-lab-day-night-eye-cream
wrinkles,"Water (Aqua/​Eau), Niacinamide 10.0%, Glycerin, Propanediol, Butylene Glycol, Squalane, Leuconostoc/​Radish Root Ferment Filtrate, Hyaluronic Acid, Phenoxyethanol, Hydroxyethyl Acrylate/​Sodium Acryloyldimethyl Taurate Copolymer",Verso Dark Spot Fix With Retinol 8,https://inkeedecoder.com/products/verso-dark-spot-fix-with-retinol-8
wrinkles,"Aqua (Water), Niacinamide 10.0%, Pentylene Glycol, Zinc Pca 1.0%, Dimethyl Isosorbide, Tamarindus Indica Seed Gum, Xanthan Gum, Isoceteth-20, Ethoxydiglycol, Phenoxyethanol",Verso Day Cream,https://inkeedecoder.com/products/verso-day-cream
wrinkles,"Aqua, Niacinamide 10.0%, Methylpropanediol, Pentylene Glycol, Salicylic Acid 1.0%, 3-O-Ethyl Ascorbic Acid, Carnosine, Opuntia Streptacantha Stem Extract, Glycine Max (Soybean) Seed Extract, Rhamnose",Verso Reviving Eye Mask,https://inkeedecoder.com/products/verso-reviving-eye-mask
wrinkles,"Aqua (Water), Niacinamide 5.0%, Tranexamic Acid 3.0%, PEG-11 Methyl Ether Dimethicone, Caprylyl Methicone, Caprylic/​Capric Triglyceride, 1-Methylhydantoin-2-Imide, 1, 2-Hexanediol, PEG-12 Dimethicone",Blends and Formulas Hydrating Day & Night Cream +Barrier Repair,https://inkeedecoder.com/products/blends-and-formulas-hydrating-day-night-cream-barrier-repair
wrinkles,"Aqua (Water), Azelaic Acid 10.0%, Caprylic/​Capric Triglyceride, Niacinamide 5.0%, Dicaprylyl Carbonate, Ascorbyl Glucoside 2.0%, Cetearyl Alcohol, Glycerin, Glyceryl Stearate SE, Cetearyl Olivate",ELFormula Advanced Retinol Serum,https://inkeedecoder.com/products/elformula-advanced-retinol-serum-2
wrinkles,"Aqua (Water/​Eau), Butyrospermum Parkii (Shea) Butter, Cyclopentasiloxane, Niacinamide 5.0%, Propanediol, Dimethicone, Glycerin, Cetyl Alcohol, Caprylic/​Capric Triglyceride, Glyceryl Stearate Se",MEDI-PEEL Retinol Collagen Lifting Toner,https://inkeedecoder.com/products/medi-peel-retinol-collagen-lifting-toner
wrinkles,"Water, Niacinamide 5.0%, Arbutin 2.0%, Acetyl Glucosamine 2.0%, Bis-Ethoxydiglycol Cyclohexane 1, 4-Dicarboxylate 1.0%, Pentylene Glycol, Butylene Glycol, Sophora Flavescens Root Extract**, Glycyrrhiza Inflata Root Extract**",bareMinerals Prime Time BB Primer Cream SPF30,https://inkeedecoder.com/products/bareminerals-prime-time-bb-primer-cream-spf30
wrinkles,"Water, Aloe Vera Juice Extract, Niacinamide 5.0%, Cyclodextrin, Caprylic/​Capric Triglyceride, Gluconolactone, Terminalia Ferdinandiana (Kakadu Plum) Fruit Extract 5.0%, Carnitine (L), Vegetable Glycerin, Polysorbate 20",bareMinerals Prime Time BB Primer-cream Daily Defence SPF 30,https://inkeedecoder.com/products/bareminerals-prime-time-bb-primer-cream-daily-defence-spf30
wrinkles,niacinamide,BioAqua 6x Gentle-a Retinal Anti Aging Toner,https://inkeedecoder.com/products/bioaqua-6x-gentle-a-retinal-anti-aging-toner
wrinkles,"Aqua (Water), Azelaic Acid 10.0%, Caprylic/​Capric Triglyceride, Niacinamide 5.0%, Dicaprylyl Carbonate, Ascorbyl Glucoside 2.0%, Cetearyl Alcohol, Glycerin, Glyceryl Stearate SE, Cetearyl Olivate",Medik8 R-retinoate® Day & Night,https://inkeedecoder.com/products/medik8-r-retinoate-r-day-night
wrinkles,"Aqua (Water/​Eau), Butylene Glycol, Niacinamide 10.0%, Azelaic Acid 5.0%, Dicaprylyl Carbonate, Glycerin, Ethoxydiglycol, Cetearyl Alcohol, Dimethyl Isosorbide, Bakuchiol 1.0%",BioAqua 6x Gentle-a Retinol Anti Aging Cleanser,https://inkeedecoder.com/products/bioaqua-6x-gentle-a-retinol-anti-aging-cleanser
wrinkles,"Aqua (Water, Eau), Propanediol, Isopropyl Myristate, Caprylic/​Capric Triglyceride, Vitis Vinifera Seed Oil, Bakuchiol 1.0%, Phenoxyethanol, Polyacrylamide, Xanthan Gum",Verso Hand Serum With Retinol 8,https://inkeedecoder.com/products/verso-hand-serum-with-retinol-8
wrinkles,"Aqua (Water), Propylene Glycol, Ammonium Polyacryloyldimethyl Taurate, Azelaic Acid 5.0%, Squalane 5.0%, Salicylic Acid 2.0%, Glyceryl Stearate, Disodium EDTA, PEG-100 Stearate, Sodium Hydroxide",Verso Lip Serum By Verso,https://inkeedecoder.com/products/verso-lip-serum-by-verso
wrinkles,"Adapalene 0.1%, Carbomer Homopolymer, Edetate Disodium, Methylparaben, Poloxamer 182, Propylene Glycol, Purified Water, Sodium Hydroxide",MEDI-PEEL Retinol Collagen Lifting Ampoule,https://inkeedecoder.com/products/medi-peel-retinol-collagen-lifting-ampoule
wrinkles,"Water, Butylene Glycol, Hydroxypropyl Tetrahydropyrantriol*, Rosa Canina Fruit Oil, Glycine Soja (Soybean) Seed Extract, Retinyl Retinoate, Phospholipids, Bioflavonoids, Caprylic/​Capric Triglyceride, Niacinamide",bareMinerals Prime Time BB Primer-cream,https://inkeedecoder.com/products/bareminerals-prime-time-bb-primer-cream
wrinkles,"Water, Glycerin, Pg, PEG-90, Trehalose, Retinyl Retinoate, Ascorbic Acid, Phospholipids, Caprylic/​Capric Triglyceride, (Acrylates/​Allyl Methacrylate) Copolymer",BioAqua 6x Gentle-a Retinal Anti Aging Cream,https://inkeedecoder.com/products/bioaqua-6x-gentle-a-retinal-anti-aging-cream
wrinkles,"Aqua, Propylene Glycol, Sorbitol, Erythritol, Retinol, Retinyl Palmitate, Retinyl Retinoate, Retinyl Linoleate, Retinyl Acetate, Retinyl Propionate",Medik8 R-Retinoate Intense,https://inkeedecoder.com/products/medik8-r-retinoate-intense
wrinkles,"Aqua, Propylene Glycol, Sorbitol, Erythritol, Retinol, Retinyl Palmitate, Retinyl Retinoate, Retinyl Linoleate, Retinyl Acetate, Retinyl Propionate",Medik8 R-Retinoate Ultimate Night Serum,https://inkeedecoder.com/products/medik8-r-retinoate-ultimate-night-serum
wrinkles,"Aqua, Butylene Glycol, Pentylene Glycol, Niacinamide, Polyacrylate Crosspolymer-6, Zinc Pca, Retinyl Retinoate, Curcuma Longa Root Extract, Glycerin, Canola Oil",MEDIPEEL Retinal Nmn Bounce Shot Booster,https://inkeedecoder.com/products/medipeel-retinal-nmn-bounce-shot-booster
wrinkles,"Aqua, Niacinamide, Butylene Glycol, Diethylhexyl Carbonate, Heptyl Undecylenate, Butyrospermum Parkii Butter, Retinyl Retinoate, Curcuma Longa Root Extract, Tetrahydrodiferuloylmethane, Tetrahydropiperine",Medicube Deep Vita A Retinol Serum,https://inkeedecoder.com/products/medicube-deep-vita-a-retinol-serum
wrinkles,"Caprylic/​Capric Triglyceride, Isopropyl Isostearate, Shea Butter Ethyl Esters, Caprylyl Methicone, Helianthus Annuus Seed Oil Unsaponifiables, Tocopheryl Acetate, Canola Oil, Retinyl Retinoate, Tocopherol",Medicube Deep Reviving Bakuchiol Retinol Serum,https://inkeedecoder.com/products/medicube-deep-reviving-bakuchiol-retinol-serum
wrinkles,"Aqua, Butylene Glycol, Glycerin, Heptyl Undecylenate, Squalane, Caprylyl Methicone, Diethylhexyl Carbonate, Dimethicone, Ammonium Acryloyldimethyltaurate/​VP Copolymer, Retinyl Retinoate",it Cosmetics Bye Bye Redness Sensitive Skin Moisturizer,https://inkeedecoder.com/products/it-cosmetics-bye-bye-redness-sensitive-skin-moisturizer
wrinkles,"Retinol 8, Caprylic/​Capric Triglyceride, Isopropyl Isostearate, Shea Butter Ethyl Esters, Caprylyl Methicone, Helianthus Annuus Seed Oil Unsaponifiables, Tocopheryl Acetate, Canola Oil, Glycine Soja Oil, Retinyl Retinoate",Retinol Reform Resurface by Shani Darden,https://inkeedecoder.com/products/resurface-by-shani-darden-retinol-reform
wrinkles,"Aqua (Water), Caprylic/​Capric Triglyceride, Isododecane, Cetearyl Alcohol, 1, 2-Hexanediol, Glycerin, Cetearyl Olivate, Sodium Acrylate/​Sodium Acryloyldimethyl Taurate Copolymer, Polylactic Acid",Crystolite Melona-F,https://inkeedecoder.com/products/crystolite-melona-f
wrinkles,"Water (Aqua), Sodium Ascorbyl Phosphate (Vitamin C), Methylsulfonylmethane* (Msm), Cassia Angustifolia Extract (Hyaluronic Acid), Niacinamide (Vitamin B3), Squalane, Rosa Canina Fruit Oil (Organic Rosehip Seed Oil), Capryloyl Salicylic Acid, Melaleuca Alternifolia (Tea Tree) Leaf Oil, Lavandula Angustifolia (Lavender) Oil",NCN PRO SKINCARE Multi-Active Peptide Matrixyl Serum 25%,https://inkeedecoder.com/products/ncn-pro-skincare-multi-active-peptide-matrixyl-serum-25-2
wrinkles,"Purified Water, Glycerin, Butylene Glycol, Meadowfoam Seed Oil, Niacinamide, Dicaprylyl Ether, Polyglyceryl-6 Stearate, 1, 2-Hexanediol, Cetearyl Olivate",The Ordinary Matrixyl 10% + Ha,https://inkeedecoder.com/products/the-ordinary-matrixyl-10-ha-2
wrinkles,"Aqua/​Water, Caprylic/​Capric Triglyceride, Coco-Caprylate, Dimethicone, Tribehenin PEG-20 Esters, Silica, Coco-Caprylate/​Caprate, Glycerin, Panthenol, Betaine",Alloy M4 Eye Cream,https://inkeedecoder.com/products/alloy-m4-eye-cream
wrinkles,"Aqua (Water), Heptyl Undecylenate, Caprylic/​Capric Triglyceride, Polylactic Acid, Methylpropanediol, Cetearyl Olivate, Sodium Polyacryloyldimethyl Taurate, Cetearyl Isononanoate, Distarch Phosphate, Tocopheryl Acetate",Beverly Hills Global Firm3 Serum,https://inkeedecoder.com/products/beverly-hills-global-firm3-serum
wrinkles,"Aqua (Water), Caprylic/​Capric Triglyceride, Coco-Caprylate, Glycerin, Dimethicone, Tribehenin PEG-20 Esters, Silica, Coco-Caprylate/​Caprate, Betaine, Panthenol",Kalahari Vita-Gel Mask,https://inkeedecoder.com/products/kalahari-vita-gel-mask
wrinkles,"Aqua, Dimethicone, Niacinamide, Glycerin, Squalane, Silica, Butyrospermum Parkii Butter, Butylene Glycol, Cetyl Alcohol, Glyceryl Stearate","NutriBiotic Ultra-Hydrating, Peptide Face Creme",https://inkeedecoder.com/products/nutribiotic-ultra-hydrating-peptide-face-creme
wrinkles,"Aqua, Glycerin, Butyrospermum Parkii Oil, Butylene Glycol, Pentylene Glycol, Heptyl Undecylenate, Caprylic/​Capric Triglyceride, Squalane, Cetearyl Olivate, Sorbitan Olivate",Olay Pro Advanced Regenerist Complex,https://inkeedecoder.com/products/olay-pro-advanced-regenerist-complex
wrinkles,"Aqua, Caprylic/​Capric Triglyceride, Hydrogenated Lecithin, Pentylene Glycol, Butyrospermum Parkii Butter, Palmitic Acid, Glycerin, C12-16 Alcohols, Squalane, Palmitoyl Glycine",Clear SkinCare Tighten Serum,https://inkeedecoder.com/products/clear-skincare-tighten-serum
wrinkles,"Water (Aqua), Glycerin, Squalane, Caprylic/​Capric Triglyceride, C12-15 Alkyl Benzoate, Aloe Barbadensis Leaf Juice, Cetearyl Olivate, Sorbitan Olivate, Cetearyl Alcohol, Butyrospermum Parkii Nut Extract",Dermadoctor Wrinkle Revenge Rescue And Protect Eye Balm,https://inkeedecoder.com/products/dermadoctor-wrinkle-revenge-rescue-and-protect-eye-balm
wrinkles,"Purified Water, Glycerin, Ethylhexyl Palmitate, Cetyl Ethylhexanoate, Glycereth-26, Dipropylene Glycol, Niacinamide, Butylene Glycol, Palmitic Acid, C14-22 Alcohols",Image Skincare Vital C Hydrating Eye Recovery Gel,https://inkeedecoder.com/products/image-skincare-vital-c-hydrating-eye-recovery-gel
wrinkles,"Aqua, Glycerin, Squalane, Diethylhexyl Carbonate, Heptyl Undecylenate, Dimethicone, Ammonium Acryloyldimethyltaurate/​VP Copolymer, Phenoxyethanol, Tocopheryl Acetate, Tetrahydrodiferuloylmethane",Innertrue Focus Penta Hyaluronic + Peptide Ampoule,https://inkeedecoder.com/products/innertrue-focus-penta-hyaluronic-peptide-ampoule
wrinkles,"Aqua, Dimethicone, Glycerin, Propanediol, Caprylic/​Capric Triglyceride, Cetearyl Olivate, Sorbitan Olivate, C14-22 Alcohols, C12-20 Alkyl Glucoside, Butyrospermum Parkii (Shea Butter)",Makeup Artist Choice Transforming Anti Aging Serum - Loaded With Multi-Actives,https://inkeedecoder.com/products/makeup-artist-choice-transforming-anti-aging-serum-loaded-with-multi-actives
wrinkles,"Water, Ethylhexyl Methoxycinnamate, Niacinamide, C12–15 Alkyl Benzoate, Canola Oil, Diethylamino Hydroxybenzoyl Hexyl Benzoate, Butylene Glycol, Diethylhexyl Carbonate, Heptyl Undecylenate, Glycerin",Skin Actives Scientific Palmitoyl Pentapeptide-3,https://inkeedecoder.com/products/skin-actives-scientific-palmitoyl-pentapeptide-3
wrinkles,"Aqua, Ethylhexyl Methoxycinnamate, Niacinamide, Butylene Glycol, C12-15 Alkyl Benzoate, Diethylamino Hydroxybenzoyl Hexyl Benzoate, Diethylhexyl Carbonate, Heptyl Undecylenate, Glycerin, Butyrospermum Parkii Oil",Suiphar Peptix,https://inkeedecoder.com/products/suiphar-peptix
wrinkles,"Aqua, Butylene Glycol, Glycerin, Cetyl Ethylhexanoate, Citrus Paradisi (Grapefruit) Fruit Extract, Ceratonia Siliqua Gum, Chondrus Crispus Powder, Glyceryl Stearate, Cellulose Gum, Sodium Polyacrylate",Be ceuticals Perfect Eyes,https://inkeedecoder.com/products/be-ceuticals-perfect-eyes
wrinkles,"Water, Dicaprylyl Carbonate, Caprylic/​Capric/​Myristic/​Stearic Triglyceride, Propanediol, Myristyl Lactate, Urea, Behenyl Alcohol, Glycerin, Hyaluronic Acid, Ectoin",CELLBONE Collagen Peptide Xc,https://inkeedecoder.com/products/cellbone-collagen-peptide-xc
wrinkles,"Aqua/​Water, Aloe Barbadensis Leaf Extract, Hamamelis Virginiana (Witch Hazel) Extract, Butylene Glycol, Glycerin, Simmondsia Chinensis (Jojoba) Seed Oil, Butyrospermum Parkii (Shea Butter), Polyacrylamide, Glyceryl Stearate, PEG-100 Stearate",CELLBONE Hyper Peptides,https://inkeedecoder.com/products/cellbone-hyper-peptides
wrinkles,"Anastatica Hierochuntica (Rose Of Jericho) Extract (81%), Glycerin, 1, 2-Hexanediol, Niacinamide, Butylene Glycol, Dipropylene Glycol, Propanediol, Pentylene Glycol, Panthenol",Cara Skin Care Amicelle Anti-Line Serum,https://inkeedecoder.com/products/cara-skin-care-amicelle-anti-line-serum
wrinkles,"Cyclopentasiloxane, Dimethicone Crosspolymer, Hydrogenated Polydecene, Dimethicone, Styrene/​Acrylates Copolymer, Hexyl Laurate, PEG-10 Dimethicone, Polyglyceryl-4 Isostearate, Stearic Acid, Alumina",Herbal Skin Solutions Egf Cellular Activator,https://inkeedecoder.com/products/herbal-skin-solutions-egf-cellular-activator
wrinkles,"Cyclopentasiloxane, Dimethicone Crosspolymer, Hydrogenated Polydecene, Dimethicone, Styrene/​Acrylates Copolymer, Hexyl Laurate, PEG-10 Dimethicone, Polyglyceryl-4 Isostearate, Stearic Acid, Alumina",Joli Brightening Serum,https://inkeedecoder.com/products/joli-brightening-serum
wrinkles,"Aqua, Propylene Glycol, Sorbitol, Erythritol, Centella Asiatica Extract, Paeonia Suffruticosa Root Extract, Carbomer, Potassium Hydroxide, Hydroxyacetophenone, Caprylhydroxamic Acid",Joli Sculpting & Firming Serum,https://inkeedecoder.com/products/joli-sculpting-firming-serum
wrinkles,"Water, Tetrahexyldecyl Ascorbate, Heptyl Undecylenate, Caprylic/​Capric Triglyceride, Methylpropanediol, Polylactic Acid, Cetearyl Olivate, Sodium Polyacryloyldimethyl Taurate, Cetearyl Isononanoate, Distarch Phosphate",Lanbena Grape Seed Cream Moisturizer,https://inkeedecoder.com/products/lanbena-grape-seed-cream-moisturizer
wrinkles,"Aqua, Sodium Lauroyl Isethionate, Cocamidopropyl Betaine, Sodium Lauroyl Sarcosinate, Glycol Distearate, Acrylates Copolymer, Cocamide DEA, Sodium Chloride, Disodium EDTA, Hydroxyacetophenone",Lanbena Grape Seed Eye Cream,https://inkeedecoder.com/products/lanbena-grape-seed-eye-cream
wrinkles,"Aqua, Ethylhexyl Methoxycinnamate, Niacinamide, Diethylhexyl Carbonate, Butylene Glycol, C12-15 Alkyl Benzoate, Diethylamino Hydroxybenzoyl Hexyl Benzoate, Glycerin, Cetearyl Alcohol, Glyceryl Stearate",Le Mieux Bio Cell Rejuvenating Cream,https://inkeedecoder.com/products/le-mieux-bio-cell-rejuvenating-cream
wrinkles,"Theobroma Cacao Seed Butter, Bis-Diglyceryl Polyacyladipate-2, Butyrospermum Parkii Butter, Glyceryl Rosinate, Hydrogenated Polyisobutene, Canola Oil, Crambe Abyssinica Seed Oil Phytosterol Esters, Olea Europaea Oil Unsaponifiables, C12-16 Alcohols, Hydrogenated Lecithin",Le Mieux Bio Cell Rejuvenating Cream,https://inkeedecoder.com/products/le-mieux-bio-cell-rejuvenating-cream-2
wrinkles,"Purified Water, Butylene Glycol, Glycerin, Cetyl Ethylhexanoate, Niacinamide, Cetearyl Alcohol, Meadowfoam Seed Oil, Propanediol, Anastatica Hierochuntica (True Rose Of Jericho) Extract, Camellia Flower Extract",Le Mieux Bio Cell Rejuvenating Cream,https://inkeedecoder.com/products/le-mieux-bio-cell-rejuvenating-cream-3
wrinkles,"Titanium Dioxide (2.6%), Zinc Oxide (6.2%), Cyclopentasiloxane, Dimethicone Crosspolymer, Hydrogenated Polydecene, Cyclohexasiloxane, Dimethicone, Styrene/​Acrylates Copolymer, Aloe Barbadensis Leaf Juice, Glycyrrhiza Glabra (Licorice) Root Extract",Le Mieux Essence Moisturizer,https://inkeedecoder.com/products/le-mieux-essence-moisturizer
wrinkles,"Aqua, Propylene Glycol, Isohexadecane, Glycereth-26, Trehalose, Glycerin, Centella Asiatica Extract, Bifida Ferment Extract, Paeonia Suffruticosa Root Extract, Hydroxyethyl Acrylate/​Sodium Acryloyldimethyl Taurate Copolymer",Le Mieux Moisture Infusion Mask,https://inkeedecoder.com/products/le-mieux-moisture-infusion-mask
wrinkles,"Aqua (Water), Caprylic/​Capric Triglyceride, Glycerin, Butylene Glycol, Isododecane, Squalane, Cetearyl Alcohol, Dimethicone, Polylactic Acid, Sodium Acrylate/​Sodium Acryloyldimethyl Taurate Copolymer",Le Mieux Tgf-B Eye Firming Mask,https://inkeedecoder.com/products/le-mieux-tgf-b-eye-firming-mask
wrinkles,"Water, Caprylic/​Capric Triglyceride, Glycerin, Butylene Glycol, Isododecane, Squalane, Cetearyl Alcohol, Dimethicone, Cetearyl Olivate, Sodium Acrylate/​Sodium Acryloyldimethyl Taurate Copolymer",Matas Striber Anti Wrinkle Øjengele Til Normal Hud Uden Parfume,https://inkeedecoder.com/products/matas-striber-anti-wrinkle-ojengele-til-normal-hud-uden-parfume
wrinkles,"Water, Propanediol, Butylene Glycol, Glycerin, Glycereth-26, 1, 2-Hexanediol, Niacinamide, Isoamyl Laurate, Squalane",Nayelle Revitalizing Serum,https://inkeedecoder.com/products/nayelle-revitalizing-serum
wrinkles,"Water, Dipropylene Glycol, Butylene Glycol, Glycerin, Propanediol, 1, 2-Hexanediol, Niacinamide, Coco-Caprylate/​Caprate, Squalane",Nayelle Vitamin C Luminous Serum,https://inkeedecoder.com/products/nayelle-vitamin-c-luminous-serum
wrinkles,"Water, Dipropylene Glycol, Butylene Glycol, Glycerin, Propanediol, 1, 2-Hexanediol, Niacinamide, Macadamia Integrifolia Seed Oil, Olea Europaea Fruit Oil",Olay Advanced Brightening Sheet Mask,https://inkeedecoder.com/products/olay-advanced-brightening-sheet-mask
wrinkles,"Water, Butylene Glycol, Cyclopentasiloxane, Glycerin, Butylene Glycol Dicaprylate/​Dicaprate, Ethylhexyl Isononanoate, Hydrogenated Polyisobutene, Glyceryl Stearate, Dimethicone, Caprylic/​Capric/​Myristic/​Stearic Triglyceride",Olay Winkle And Pore Filler,https://inkeedecoder.com/products/olay-winkle-and-pore-filler
wrinkles,"Deionized Water, Retinyl Propionate 5.0%, Aloe Vera, Glycereth-26, Octyldimethyl, Polysorbate-80, Propylene Glycol, Sodium Lactate, Sodium PCA, Niacinamide",Olay Regenerist Wrinkle & Pore Vanisher,https://inkeedecoder.com/products/olay-regenerist-wrinkle-pore-vanisher
wrinkles,"Palmitoyl Pentapeptide-3, Glycerin, Water, Ascorbic Acid, Ferulic Acid, Borago Officinalis Seed Oil, Isohexadecane, Tocopherol, Mandelic Acid, Dipotassium Glycyrrhizate",Reviva Labs Nasolabial Fold+ Multi-Peptide Comp,https://inkeedecoder.com/products/reviva-labs-nasolabial-fold-multi-peptide-comp
wrinkles,"Matrixyl, Matrixyl 3000, Glycerin, Water, Butylene Glycol, Carbomer, Polysorbate 20, Palmitoyl Tripeptide-1, Palmitoyl Tetrapeptide-7, Matrixyl Synthe’6",SkinMaster Peptide Repair Serum,https://inkeedecoder.com/products/skinmaster-peptide-repair-serum
wrinkles,"Matrixyl, Matrixyl 3000, Glycerin, Water, Butylene Glycol, Carbomer, Polysorbate 20, Palmitoyl Tripeptide-1, Palmitoyl Tetrapeptide-7, Matrixyl Synthe'6",Skoah. Skin Boost Serum,https://inkeedecoder.com/products/skoah-skin-boost-serum
wrinkles,"Estriol (1%), Palmitoyl Pentapeptide-4 (0.1%), Acetyl Hexapeptide-8 (0.1%), C12-15 Alkyl Benzoate, Caprylic/​Capric Triglyceride, Cetyl Alcohol, Ethylhexylglycerin, Glycerin, Glyceryl Stearate, Hydroxyethyl Acrylate/​Sodium Acryloyldimethyl Taurate Copolymer",Tree of Life Pro Collagen Triple Peptide Serum,https://inkeedecoder.com/products/tree-of-life-pro-collagen-triple-peptide-serum
wrinkles,"Butylene Glycol, Palmitoyl Pentapeptide-3, Myristoyl Octapeptide-1, Hexapeptide-10, Dextran, Oligopeptide-1, Betaine, Dexpanthenol, Niacin, Folic Acid",Velatox Gf11,https://inkeedecoder.com/products/velatox-gf11
wrinkles,"Glycolic Acid, Palmitoyl Pentapeptide-3, Lactic Acid, Citric Acid, Selaginella Lepidophylla (Resurrection) Oil, Sodium Hyaluronate, Aspalathus Linearis (Rooibos) Extract, Kigelia Africana Fruit Extract",Altesse Soin Reservoir Hydrating Serum,https://inkeedecoder.com/products/altesse-soin-reservoir-hydrating-serum
wrinkles,"Water (Aqua), Palmitoyl Pentapeptide-4, Aloe Barbadensis Leaf Juice, Vegetable Glycerin, Acetyl Hexapeptide-8, Helianthus Annuus (Sunflower) Seed Oil, Glyceryl Stearate, Octyl Palmitate, Magnesium Ascorbyl Phosphate, Polysilicone-11",Circadia Myo-Cyte Plus Anti Wrinkle Serum,https://inkeedecoder.com/products/circadia-myo-cyte
wrinkles,"Palmitoyl Dipeptide-7*, Palmitoyl Pentapeptide-4*, Tocopheryl Acetate**, Sodium Hyaluronate***, Caprylic/​Capric Triglyceride, Ethylhexylglycerin, Hydroxyacetophenone, Dimethiconol, Cetearyl Glucoside, Cetearyl Alcohol",Conscious Chemist 6 Peptide Booster Complex,https://inkeedecoder.com/products/conscious-chemist-6-peptide-booster-complex
wrinkles,"Purified Water, Hyaluronic Acid, Matrixyl, Benzyl Alcohol",Conscious Chemist 6 Peptide Complex Collagen Boosting Firming Essence Serum,https://inkeedecoder.com/products/conscious-chemist-6-peptide-complex-collagen-boosting-firming-essence-serum
wrinkles,"Aqua (Water), Caprylic/​Capric Triglyceride, Palmitoyl Pentapeptide-4, Hesperidin Methyl Chalcone, Steareth-20, Dipeptide-2, Palmitoyl Tetrapeptide-7, Camellia Sinensis (White Tea) Leaf Extract, Glycerin, Methyl Gluceth-20",Derma Geek Smoothing Facial Serum 0.3% Retinoid,https://inkeedecoder.com/products/derma-geek-smoothing-facial-serum-0-3-retinoid
wrinkles,"Aqua, Sodium Hyaluronate, Palmitoyl Pentapeptide-4, Magnesium Ascorbyl Phosphate, Centella Asiatica Extract, Dipalmitoyl Hydroxyproline, Glycosaminoglycans, Darutoside, Palmitoyl Tripeptide-1, Palmitoyl Tetrapeptide-7",Dermalogica Extra Firming Booster,https://inkeedecoder.com/products/dermalogica-extra-firming-booster
wrinkles,"Aqua, Propanediol, Palmitoyl Pentapeptide-4, Lactobacillus/​Collagen/​Mesembryanthemum Crystallinum Leaf Extract Ferment Lysate, Glycerin, Polyglutamic Acid, Sodium Hyaluronate, Hydrolyzed Hyaluronic Acid, Sodium Acetylated Hyaluronate, Hydroxypropyltrimonium Hyaluronate",Dermaroller Intensive Hyaluronic Moisturizer Mask,https://inkeedecoder.com/products/dermaroller-intensive-hyaluronic-moisturizer
wrinkles,"Deionized Water, Acetyl Octapeptide-3 (Snap 8), Palmitoyl Pentapeptide-3 (Matrixyl), Squalane, Butylene Glycol, Glycosaminoglycans (Mdi Complex), Hyaluronic Acid, Glycerine, Ceramides 3, 6",Earthen Skincare Repair & Lift,https://inkeedecoder.com/products/earthen-skincare-repair-lift
wrinkles,"Water, Glycerin, Palmitoyl Pentapeptide-3, Propylene Glycol, Diazolidinyl Urea, Methylparaben, Propylparaben",Glo blanc Intensive Repair Night Cream,https://inkeedecoder.com/products/glo-blanc-intensive-repair-night-cream
wrinkles,"Hydrolyzed Hibiscus Esculentus Extract, Acetyl Hexapeptide-3, Palmitoyl Pentapeptide-4, Palmitoyl Tetrapeptide-10, Copper Tripeptide-1, C12-15 Alkyl Benzoate, Tribehenin, Ceramide 2, PEG-10 Rapeseed Sterol, Palmitoyl Oligopeptide",Cellimure Peptide Pdrn Botul Lifting Ampoule,https://inkeedecoder.com/products/cellimure-peptide-pdrn-botul-lifting-ampoule
wrinkles,"Propylene Glycol, Water, Glycerin, Palmitoyl Pentapeptide-3, Ascorbic Acid, Borago Officinalis Seed Oil, Isohexadecane, Tocopherol, Nicotinamide, Panthenol",Dew and Dew Luxury Cell Collagen Peptide Ampoule,https://inkeedecoder.com/products/dew-and-dew-luxury-cell-collagen-peptide-ampoule
wrinkles,"Water, Butylene Glycol, Hexapeptide-9 (Collagen Peptide), Palmitoyl Pentapeptide-3, Glycerin, Melon Extract, Shiitake Mushroom Extract, Alpha Glucosyl Hesperidin, Glucosyl Hesperidin, Centella Asiatica",Greymelin Multi Peptide Ampoule,https://inkeedecoder.com/products/greymelin-multi-peptide-ampoule
wrinkles,"Water, Acetyl Hexapeptide-8, Acetyl Glutamyl Heptapeptide-1, Palmitoyl Pentapeptide-3, Dipeptide Diaminobutyroyl Benzylamide Diacetate, Palmitoyl Oligopeptide, Tetrapeptide-3, Dimethyl Isosorbide, Butylene Glycol, Glycerin",Scinic Peptide Ampoule 95,https://inkeedecoder.com/products/scinic-peptide-ampoule-95
wrinkles,"Water (Aqua), Pentylene Glycol, Ethoxydiglycol, Palmitoyl Pentapeptide-4, Aloe Barbadensis Leaf Juice, Acetyl Hexapeptide-49, Dimethylaminoethanol Tartrate, Glycine, Alanine, Serine",Sidmool Acetyl Ampoule,https://inkeedecoder.com/products/sidmool-acetyl-ampoule
wrinkles,"Oligopeptide-1, Hexapeptide-10, Palmitoyl Pentapeptide-3, Folic Acid, Myristoyl Octapeptide-1, Portulaca Oleracea Extract, Aqua, Panthenol, Aloe Barbadensis Extract, Betaine",Sidmool Min Jung Gi Efi Eye Cream,https://inkeedecoder.com/products/sidmool-min-jung-gi-efi-eye-cream
wrinkles,"Aqua, Propanediol, Niacinamide, Palmitoyl Pentapeptide-4, Sodium Hyaluronate, Aloe Barbadensis (Vera) Leaf Juice*, Matricaria (Chamomile) Flower Extract*, Camellia Sinensis (Green Tea) Leaf Extract*, Olea Europaea (Olive) Leaf Extract*, Cellulose Gum",Ageless Serums Growth Factor Infusion,https://inkeedecoder.com/products/ageless-serums-growth-factor-infusion
wrinkles,"Aqua, Aloe Barbadensis (Vera) Leaf Juice*, Sodium Ascorbyl Phosphate (Vitamin C), Palmitoyl Pentapeptide-4, Sodium Hyaluronate, Butyrospermum Parkii (Shea Butter), Matricaria (Chamomile) Flower Extract*, Camellia Sinensis (Green Tea) Leaf Extract, Olea Europaea (Olive) Leaf Extract*, Carbomer",Aromavit Serum Botox Argireline,https://inkeedecoder.com/products/aromavit-serum-botox-argireline
wrinkles,"Water, Glycerin, Grape Seed Oil, Palmitoyl Pentapeptide-4, Palmitoyl Pentapeptide-7, Palmitoyl Tripeptide-1, Hyaluronic Acid, Scutellaria Baicalensis Root Extract, Rosmarinus Officinalis Leaf Extract, Caprylic/​Capric Triglyceride",Bazi - SkyForest Anti-aging Cream Base - MC,https://inkeedecoder.com/products/bazi-skyforest-anti-aging-cream-base-mc
wrinkles,"Water, Glycerin, Grapeseed Oil, Palmitoyl Pentapeptide-4, Palmitoyl Pentapeptide-7, Palmitoyl Tripeptide-1, Hyaluronic Acid, Dimethicone Crosspolymer, Panthenol, Skullcap Root Extract",Borghese Insta Form Platinum,https://inkeedecoder.com/products/borghese-insta-form-platinum
wrinkles,"Hyaluronic Acid, Acetyl Hexapeptide-8, Dipalmitoyl Hydroxyproline, Palmitoyl Pentapeptide-4, Palmitoyl Tripeptide-5, Ceramide I, Ceramide III, Squalane, Cimicifuga Racemosa (Black Cohosh) Root Extract, Saccharomyces Lysate Extract (Live Yeast Cell Derivative)",CRL Peptide Aqua Gel Mask,https://inkeedecoder.com/products/crl-peptide-aqua-gel-mask
wrinkles,"Hyaluronic Acid, Acetyl Hexapeptide-8, Dipalmitoyl Hydroxyproline, Palmitoyl Pentapeptide-4, Palmitoyl Tripeptide-5, Ceramide EOP, Ceramide NP, Squalane, Cimicifuga Racemosa (Black Cohosh) Root Extract, Saccharomyces Lysate Extract",DMK Eye Tone,https://inkeedecoder.com/products/dmk-eye-tone
wrinkles,"Hyaluronic Acid, Acetyl Hexapeptide-8, Dipalmitoyl Hydroxyproline, Palmitoyl Pentapeptide-4, Palmitoyl Tripeptide-5, Ceramide EOP, Ceramide NP, Squalane, Cimicifuga Racemosa (Black Cohosh) Root Extract, Saccharomyces Lysate Extract",De Anne Skincare ￼10% Argireline Serum With Nad+,https://inkeedecoder.com/products/de-anne-skincare-10-argireline-serum-with-nad
wrinkles,"Hyaluronic Acid, Acetyl Hexapeptide-8, Dipalmitoyl Hydroxyproline, Palmitoyl Pentapeptide-4, Palmitoyl Tripeptide-5, Ceramide EOP, Ceramide NP, Butyrospermum Parkii (Shea) Butter, Phospholipids, Soluble Marine Collagen",Derm Institute Youth Alchemy Eye Cream,https://inkeedecoder.com/products/derm-institute-youth-alchemy-eye-cream
wrinkles,"Hyaluronic Acid, Marine Collagen, Acetyl Hexapeptide-8, Palmitoyl Pentapeptide-4, Ceramide NP, Magnesium Ascorbyl Phosphate, Camellia Sinensis (White Tea) Extract, Camellia Sinensis (Green Tea) Extract, Pantothenic Acid, Caviar Extract",Dermaceutic Peptidos De Cobre Suero Anti-edad,https://inkeedecoder.com/products/dermaceutic-peptidos-de-cobre-suero-anti-edad
wrinkles,"Hyaluronic Acid, Palmitoyl Tripeptide-5, Acetyl Hexapeptide-8, Palmitoyl Pentapeptide-4, Lavandula Officinalis (Lavender) Hydrosol, Chondrus Crispus Extract, Marine Collagen, Dna, Rna, Camellia Sinensis (White Tea) Extract",Dermaten Firming Power Serum,https://inkeedecoder.com/products/dermaten-firming-power-serum
wrinkles,"Aqua, Glycerin, Pentylene Glycol, Palmitoyl Pentapeptide-4, Creatine, Panthenol, Butylene Glycol, Polysorbate 20, Acrylates/​C10-30 Alkyl Acrylate Crosspolymer, Carbomer",Dr's Secret Aestier By Dr's Secret Eye Cream,https://inkeedecoder.com/products/drs-secret-aestier-by-drs-secret-eye-cream
wrinkles,"Aqua, Propanediol, Niacinamide, Palmitoyl Pentapeptide-4, Lactobacillus/​Nereocystis Luetkeana Ferment Filtrate, Sodium Hyaluronate, Aloe Barbadensis (Vera) Leaf Juice*, Matricaria Recutita (Chamomile) Flower Extract*, Camellia Sinensis (Green Tea) Leaf Extract*, Olea Europaea (Olive) Leaf Extract*",Dr's Secret Eye Cream,https://inkeedecoder.com/products/drs-secret-eye-cream
wrinkles,"Aqua, Aloe Barbadensis (Vera) Leaf Juice*, Sodium Ascorbyl Phosphate (Vitamin C), Palmitoyl Pentapeptide-4, Sodium Hyaluronate, Butyrospermum Parkii (Shea Butter), Matricaria (Chamomile) Flower Extract*, Camellia Sinensis (Green Tea) Leaf Extract, Olea Europaea (Olive) Leaf Extract*, Carbomer",Foresta Pore And Whitening Serum,https://inkeedecoder.com/products/foresta-pore-and-whitening-serum
wrinkles,"Water, Butylene Glycol, Niacinamide, Palmitoyl Pentapeptide-4, Magnesium Ascorbyl Phosphate, Xanthan Gum, Sodium Salicylate, Polysorbate 20, Disodium Phosphate, Disodium EDTA",Gabit Multi-peptide & Resveratrol Face Serum,https://inkeedecoder.com/products/gabit-multi-peptide-resveratrol-face-serum
wrinkles,"Cyclopentasiloxane, Polyethylene, Dimethicone Crosspolymer, Palmitoyl Pentapeptide-4*, Tocopheryl Acetate**, Panthenyl Ethyl Ether, Glycerin, Titanium Dioxide, Silica, Water",Gravity Skincare 1All™ Serum,https://inkeedecoder.com/products/gravity-skincare-1all-tm-serum
wrinkles,"Cyclopentasiloxane, Polyethylene, Dimethicone Crosspolymer, Palmitoyl Pentapeptide-4*, Tocopheryl Acetate**, Panthenyl Ethyl Ether, Phenoxyethanol, Titanium Dioxide, Silica, Isohexadecane",Her Hyness Bio-peptide Advanced Youth Plus Glow Serum,https://inkeedecoder.com/products/her-hyness-bio-peptide-advanced-youth-plus-glow-serum
wrinkles,"Purified Water, Capric Caprylic Triglycerides, Sunflower Seed Oil, Matrixyl™ (Palmitoyl Pentapeptide-4), Glyceryl Stearate, Cetearyl Alcohol, Stearic Acid, Glycerin (Veg.), Adipofill’In™ (Propanediol+Ornithine+Phospholipids+Glycolipids), Progeline™ (Trifluoroacetyl Tripeptide-2)","Hyalogic Episilk, Facial Relax Face Serum",https://inkeedecoder.com/products/hyalogic-episilk-facial-relax-face-serum
wrinkles,"Aqua, Sodium Hyaluronate, Acetyl Tetrapeptide-5, Palmitoyl Pentapeptide-4, Acetyl Hexapeptide-8, Allantoin, Glycerin, Panthenol, Prunus Amygdalus Dulcis Seed Extract, Pyrus Malus Fruit Extract",Image Skincare The Max Stem Cell Eye Creme,https://inkeedecoder.com/products/image-skincare-the-max-stem-cell-eye-creme
wrinkles,"Aqua, Glycerin, Butylene Glycol, Palmitoyl Pentapeptide-4, Sodium Hyaluronate, Arctostaphylos Uva-Ursi Leaf Extract, Arnica Montana Flower Extract, Echinacea Purpurea Extract, Mimosa Tenuiﬂora Bark Extract, Calendula Ofﬁcinalis Flower Extract",Image Skincare The Max™ Stem Cell Serum,https://inkeedecoder.com/products/image-skincare-the-max-tm-stem-cell-serum
wrinkles,"Aqua, Propanediol, Acetyl Hexapeptide-8, Palmitoyl Pentapeptide-4, Acetyl Tetrapeptide-11, Acetyl Tetrapeptide-9, Aloe Barbadensis (Vera) Leaf Juice, Matricaria Recutita (Chamomile) Flower Extract, Camellia Sinensis (Green Tea) Leaf Extract, Olea Europaea (Olive) Leaf Extract",Kirkland Signature Borghese Insta-Firm Platinum Advanced Wrinkle Relaxer,https://inkeedecoder.com/products/kirkland-signature-borghese-insta-firm-platinum-advanced-wrinkle-relaxer
wrinkles,"FGF, Igf, Palmitoyl Pentapeptide-4, Palmitoyl Tetrapeptide-7, Antioxidant",Lira Clinical Bio Lift Creme,https://inkeedecoder.com/products/lira-clinical-bio-lift-creme
wrinkles,"Aqua, Glycerin, Aloe Barbadensis Leaf Extract, Propylene Glycol, Palmitoyl Pentapeptide-4, Arginine, Niacinamide, Panthenol, Hydrolyzed Rice Protein, Hyaluronic Acid",Maruderm Tonik %96 Salyangoz Özlü,https://inkeedecoder.com/products/maruderm-tonik-96-salyangoz-ozlu
wrinkles,"Aqua (Water), Hyaluronic Acid, Ethoxydiglycol, Acetyl Glutamyl Heptapeptide-1, Palmitoyl Pentapeptide-4, Acetyl Hexapeptide-30, Arginine, Palmitoyl Oligopeptide, Palmitoyl Tetrapeptide-7, Glycerin",Matte Renewal Serum,https://inkeedecoder.com/products/matte-renewal-serum
wrinkles,"Aqua, Propylene Glycol, Acetyl Hexapeptide-8, Copper Tripeptide-1, Palmitoyl Pentapeptide-4, Tripeptide-1, Hexapeptide-9, Palmitoyl Tripeptide-1, Polyglyceryl-10 Laurate, Butylene Glycol",Mzel 20% Argireline With HA,https://inkeedecoder.com/products/mzel-20-argireline-with-ha
wrinkles,"Aqua, Propylene Glycol, Acetyl Hexapeptide-8, Copper Tripeptide-1, Palmitoyl Pentapeptide-4, Tripeptide-1, Hexapeptide-9, Palmitoyl Tripeptide-1, Polyglyceryl-10 Laurate, Butylene Glycol",NuGene Eye Serum,https://inkeedecoder.com/products/nugene-eye-serum
wrinkles,"Water, Dimethicone, Glycerin, Retinyl Propionate, Palmitoyl Pentapeptide-4, C13-14 Isoparaffin, Dimethiconol, Polysorbate 20, Laureth-4, Laureth-7","Papaba 20% Argireline Serum With Matrixyl 3000 Pure Hyaluronic Acid For Face,with Vitamin C",https://inkeedecoder.com/products/papaba-20-argireline-serum-with-matrixyl-3000-pure-hyaluronic-acid-for-face-with-vitamin-c
wrinkles,"Water, Hydrolyzed Wheat Protein, Hydrolyzed Wheat Protein/​PVP Crosspolymer, Citrus Aurantium Amara Flower Extract (Bitter Orange), Palmitoyl Pentapeptide-4, Macrocystis Pyrifera Extract, Yeast Extract, Glycolipids, Sodium Ascorbyl Phosphate, Trifolium Pratense Flower Extract (Clover)",Pure Choice Pure Choice X Çisem Çakır Peptide Complex Serum,https://inkeedecoder.com/products/pure-choice-pure-choice-x-cisem-cakir-peptide-complex-serum
wrinkles,"Aqua, Propylene Glycol, Xanthan Gum, Tocopherol, Matrixyl (Palmitoyl Pentapeptide-3), Hyaluronic Acid, Ceramide EOP (Cetyl-Pg Hydroxyethyl Palmitamide), Coconut Acid, Fragrance",Recover Antiaging Antiarrugas Intensivo,https://inkeedecoder.com/products/recover-antiaging-antiarrugas-intensivo
wrinkles,"Distilled Water, Butylene Glycol, Carbomer, Polysorbate 20, Palmitoyl Pentapeptide-3, Hesperidin Methyl Chalcone, Steareth-20, Dipeptide-2, Palmitoyl Tetrapeptide-7, N-Hydroxysuccinimide",Sharova Pro Anti-wrinkle Facial Line Cream,https://inkeedecoder.com/products/sharova-pro-anti-wrinkle-facial-line-cream
wrinkles,"Water, Glycerin, Retinol, Beta-Glucan, Matrixyl (3 %), Vitamin C, Niacinamide (4%), Probiobalance, Sodium PCA, Sodium Acrylates Copolymer",Skin1765 Repair,https://inkeedecoder.com/products/skin1765-repair
wrinkles,palmitoyl-pentapeptide-4,Skinwell Derm (Dr. Ava Khosraviani) Total Eye,https://inkeedecoder.com/products/skinwell-derm-dr-ava-khosraviani-total-eye
wrinkles,"Acetyl Hexapeptide-8, Acetyl Octapeptide-3, Nonapeptide-1, Dipeptide-1, Dipeptide-2, Dipeptide-4, Acetyl Tetrapeptide-2, Acetyl Tetrapeptide-3, Acetyl Tetrapeptide-5, Acetyl Tripeptide-1",Spa Salonnepro Anti-aging Serum,https://inkeedecoder.com/products/spa-salonnepro-anti-aging-serum
wrinkles,"Acetyl Hexapeptide -8, Copper Tripeptide -1, Oligopeptide -1, Sodium Hyaluronate, Anthemis Nobilis Flower Extract, ，Saccharomyces/​Viscum Album (Mistletoe) Ferment Extract, ，Portulaca Oleracea Extract",Summer Fridays Light Aura Vitamin C + Peptide Eye Cream,https://inkeedecoder.com/products/summer-fridays-light-aura-vitamin-c-peptide-eye-cream-3
wrinkles,"Acetyl Hexapeptide-8, Water, Butylene Glycol, Glycerin, 1, 2-Hexanediol, Caprylyl Glycol, Glycosyl Trehalose, Hydrogenated Starch Hydrolysate, Betaine",The Skin Collection Argireline 10%,https://inkeedecoder.com/products/the-skin-collection-argireline-10
wrinkles,"Acetyl Hexapeptide-8 (1 Ppm), Niacinamide, Butylene Glycol, Panthenol, Dipotassium Glycyrrhizate, Aloe Barbadensis Leaf Extract, Peg-60 Hydrogenated Castor Oil, Lactobacillus/​Soybean Ferment Extract, Salix Alba (Willow) Bark Extract, Cinnamomum Cassia Bark Extract",The Skin Collection Serum Argireline 10%,https://inkeedecoder.com/products/the-skin-collection-serum-argireline-10
wrinkles,"Acetyl Hexapeptide-8, Water, Copper Tripeptide-1, rh-Oligopeptide-1, SH-Oligopeptide-2, SH-Polypeptide-1, Adenosine, Hydroxyethyl Acrylate/​Sodium Acryloyldimethyl Taurate Copolymer, Xanthan Gum, 1",Theraderm Eternox Peptide Creme,https://inkeedecoder.com/products/theraderm-eternox-peptide-creme
wrinkles,"Acetyl Hexapeptide-8(10Ppm, 64%), Caprylic/​Capric Triglyceride(Ecocert Natural), Butylene Glycol, Aloe Barbadensis Leaf Water, Dicaprylyl Carbonate(Ecocert Natural), Glycerin, Niacinamide, Cetearyl Alcohol(Ecocert Natural), Fucoxanthin",TiN5 The Youth Booster,https://inkeedecoder.com/products/tin5-the-youth-booster
wrinkles,"Water, Acetyl Hexapeptide-8, Palmitoyl Tripeptide-5, Glycerin, Sodium Hyaluronate, rh-Oligopeptide-1, Sodium Ascorbyl Phosphate, Sodium Benzoate, Phenoxyethanol, Disodium EDTA",Trish McEvoy Instant Solutions Triangle Of Light Eye Mask,https://inkeedecoder.com/products/trish-mcevoy-instant-solutions-triangle-of-light-eye-mask
wrinkles,"Aqua, Acetyl Hexapeptide-8, Sodium Hyaluronate, Propylene Glycol, Phenoxyethanol, Polysorbate 80, Caprylyl Glycol, Xanthan Gum, Glycerin, EDTA",Urban Skin Rx Hydrafirm+ Brightening Serum,https://inkeedecoder.com/products/urban-skin-rx-hydrafirm-brightening-serum
wrinkles,"Water, Acetyl Hexapeptide-8, Sodium Hyaluronate, Acmella Oleracea Extract, Algae Extract, Pullulan, Alcohol, Cetyl Alcohol, Sodium Acrylate/​Sodium Acryloyldimethyl Taurate Copolymer, Glyceryl Stearate",vitaSea Play Day Mineral Sunscreen,https://inkeedecoder.com/products/vitasea-play-day-mineral-sunscreen
wrinkles,"Water (Aqua), Acetyl Hexapeptide-8, Glycerin, Algae Extract, Pullulan, Glyceryl Acrylate/​Acrylic Acid Copolymer, PEG-7 Glyceryl Cocoate, Hydroxyethylcellulose, Carbomer, Polyacrylamide",Art Naturals Retinol Serum,https://inkeedecoder.com/products/art-naturals-retinol-serum
wrinkles,"Water, Acetyl Hexapeptide-8, Rhododendron Ferrugineum Leaf Cell (Alpine Rose)Culture Extract, Malus Domestica Fruit Cell (Apple) Culture Extract, Chamomilla Recutita (Matricaria) Flower Extract, Hydrolyzed Collagen, Disodium EDTA, Glycerin, Portulaca Oleracea Extract, Mannan",Mad Hippie Corrective Peptide Serum,https://inkeedecoder.com/products/mad-hippie-corrective-peptide-serum
wrinkles,"Aqua, Acetyl Hexapeptide-8, Ethylhexyl Palmitate, Glyceryl Stearate, Squalane, Cetearyl Alcohol, Dimethicone, Ascorbyl Glucoside, Hyaluronic Acid, Aluminum Starch Octenylsuccinate",Mad Hippie Peptide Serum,https://inkeedecoder.com/products/mad-hippie-peptide-serum
wrinkles,"Aqua, Acetyl Hexapeptide-8, Caprylyl Glycol, Butylene Glycol, Glycerine, Sodium Acrylates Copolymer, Lecithin, Adansonia Digitata Pulp Extract, Xanthan Gum, Sodium Hyaluronate",Art Naturals Hyaluronic Acid Serum,https://inkeedecoder.com/products/art-naturals-hyaluronic-acid-serum
wrinkles,"Demineralized Water (Aqua), Acetyl Hexapeptide-8, Acetyl Octapeptide-3, Dipeptide Diaminobutyroyl Benzylamide Diacetate, Palmitoyl Oligopeptide, Palmitoyl Tetrapeptide-7, Lecithin, Ectoin, Cyclotetrapeptide-24 Aminocyclohexane Carboxylate, Pseudoalteromonas Ferment Extract",Art Naturals Vitamin C Serum,https://inkeedecoder.com/products/art-naturals-vitamin-c-serum
wrinkles,"Distilled Water, Acetyl Hexapeptide-8, Palmitoyl Tripeptide-1, Palmitoyl Tetrapeptide-7, Pentapeptide-18, Palmitoyl Tripeptide-38, Palmitoyl Tripeptide-52, N-Prolyl Palmitoyl Tripeptide-56 Acetate, Agave Tequilana (Agave), Hydrolyzed Amaranth Protein",OathMD TBH Facial Serum,https://inkeedecoder.com/products/oathmd-tbh-facial-serum
wrinkles,"Aqua, Acetyl Hexapeptide-8, Pentapeptide-18, Palmitoyl Tripeptide-1, Palmitoyl Tetrapeptide-7, Palmitoyl Tripeptide-38, Glycerin, Ceramide EOP, Ceramide NP, Ceramide AP","Artnaturas Youth Eye Gel, Deep Hydration + Firming Formula",https://inkeedecoder.com/products/artnaturas-youth-eye-gel-deep-hydration-firming-formula
wrinkles,"Aqua (Water), Acetyl Hexapeptide-8, Squalene, Butylene Glycol, Simmondsia Chinensis (Jojoba) Seed Oil, Dimethicone, Vitis Vinifera (Grape) Seed Oil, Phenyl Trimethicone, Glyceryl Acrylate/​Acrylic Acid Copolymer, C14-22 Alcohols",Insta Natural Glycolic Acid Facial Peel With Vitamin C,https://inkeedecoder.com/products/insta-natural-glycolic-acid-facial-peel-with-vitamin-c
wrinkles,"Aqua (Water), Acetyl Hexapeptide-8, Squalene, Butylene Glycol, Simmondsia Chinensis (Jojoba) Seed Oil, Dimethicone, Vitis Vinifera (Grape) Seed Oil, Phenyl Trimethicone, Glyceryl Acrylate/​Acrylic Acid Copolymer, C14-22 Alcohols",Mad Hippie Concealer,https://inkeedecoder.com/products/mad-hippie-concealer
wrinkles,"Aqua, Acetyl Hexapeptide-8, Niacinamide, Hydroxyethyl Urea, Glycerin*, Fomes Officinalis Extract, Malva Sylvestris Flower/​Leaf/​Stem Extract, Alchemilla Vulgaris Extract, Melissa Officinalis Leaf Extract, Mentha Piperita Leaf Extract","vitaSea Ultra Sheer Mineral Sunscreen, SPF 30",https://inkeedecoder.com/products/vitasea-ultra-sheer-mineral-sunscreen-spf-30
wrinkles,"Aqua, Acetyl Hexapeptide-8, Caprylyl Glycol, Ethylhexylglycerin, Glycerine, Propanediol, Ethoxydiglycol, Sodium PCA, Sodium Hyaluronate, Bifida Ferment Lysate",Civant Moisturizer,https://inkeedecoder.com/products/civant-moisturizer
wrinkles,"Aqua, Acetyl Hexapeptide-8, Witch Hazel Extract, Glycerin, Niacinamide, Hydroxyethyl Urea, Isoprene Glycol, Glycereth-26, Portulaca Oleracea Extract, Galactoarabinan",Mad Hippie Super A Serum,https://inkeedecoder.com/products/mad-hippie-super-a-serum
wrinkles,"Aqua, Acetyl Hexapeptide-8, Tripeptide-1, Niacinamide, SH-Oligopeptide-1, Glycerin, Hydroxypropyl Cyclodextrin, Palmitoyl Tripeptide-38, Copper Tripeptide-1, Dextran",Mad Hippie Microdermabrasion Facial,https://inkeedecoder.com/products/mad-hippie-microdermabrasion-facial
wrinkles,"Water, Acetyl Hexapeptide-8 (Argireline), Vegetable Glycerin, Sodium Hyaluronate (Hyaluronic Acid), Xanthan Gum, Aloe Barbadensis Leaf Juice, Glucose, Lactoperoxidase, Glucose Oxidase",Mad Hippie Triple C Night Cream,https://inkeedecoder.com/products/mad-hippie-triple-c-night-cream-2
wrinkles,"Aqua, Acetyl Hexapeptide-8, Sucrose Palmitate, Polysorbate 20, Tocopheryl Acetate, Malus Domestica Fruit Cell Culture Extract, Plankton Extract, Sodium Hyaluronate, Hydrolyzed Rice Bran Protein, Imperata Cylindrica Root Extract",Civant Meladerm,https://inkeedecoder.com/products/civant-meladerm
wrinkles,"Aqua, Acetyl Hexapeptide-8, Sucrose Palmitate, Polysorbate 20, Tocopheryl Acetate, Malus Domestica Fruit Cell Culture Extract, Plankton Extract, Sodium Hyaluronate, Hydrolyzed Rice Bran Protein, Imperata Cylindrica Root Extract",Mirabella Amp 2.0 Eyelash & Brow Growth Enhancing Serum,https://inkeedecoder.com/products/mirabella-amp-2-0-eyelash-brow-growth-enhancing-serum
wrinkles,"Aqua, Acetyl Hexapeptide-8, Glycerin, Algae Extract, Pullulan, Glyceryl Acrylate/​Acrylic Acid Copolymer, PEG-7 Glyceryl Cocoate, Hydroxyethylcellulose, Carbomer, Polyacrylamide",Versed The Fix Emergency Eye Mask,https://inkeedecoder.com/products/versed-the-fix
wrinkles,"Water, Acetyl Hexapeptide-8, Glycerin, Caprylic/​Capric Triglyceride, Cetyl Alcohol, Tetrahexyldecyl Ascorbate, Cetearyl Alcohol, Dimethicone, Pentapeptide-48, Ceteareth-20",Annie's Way Honey Deep Moisturizing Jelly Mask,https://inkeedecoder.com/products/annies-way-honey-deep-moisturizing-jelly-mask
wrinkles,"Snail Secretion Filtrate, Acetyl Hexapeptide-8, Sodium Hyaluronate, Glycerin, Panthenol, Allantoin, Caprylyl Glycol, Phenethyl Alcohol, Aqua, Hydroxyethylcellulose",Pirin Dream Anti Cellulite Cream,https://inkeedecoder.com/products/pirin-dream-anti-cellulite-cream
wrinkles,"Purified Water, Acetyl Hexapeptide-8 (Argireline), Niacinamide, Palmitoyl Oligopeptide, Palmitoyl Tetrapeptide-7, Hyaluronic Acid, Ferulic Acid, Organic Glycerin",Zo Skin Health Zein Obagi Body Smoothing Creme,https://inkeedecoder.com/products/zo-skin-health-zein-obagi-body-smoothing-creme
wrinkles,"Distilled Water, Acetyl Hexapeptide-8, Betaine, Matrixyl 3000, Glycerin, Water, Butylene Glycol, Carbomer, Polysorbate 20, Palmitoyl Tripeptide-1",Repechage Vita Cura® Cellusea Lift™ Body Contour Cream,https://inkeedecoder.com/products/repechage-vita-cura-r-cellusea-lift-tm-body-contour-cream
wrinkles,"Human Adipose Derived Stem Cell Conditioned Media, Acetyl Hexapeptide-8, Niacinamide, Polysorbate-20, Acetyl Tetrapeptide-5, Aloe Barbadensis Leaf Juice, Pentapeptide-18, Caprylyl Glycol, Citrus Grandis Seed Extract, Sodium Carboxymethyl Cellulose",Steelfit Steel Fit + Tone,https://inkeedecoder.com/products/steelfit-steel-fit-tone
wrinkles,"Distilled Water, Acetyl Hexapeptide-8, Betaine, Matrixyl 3000, Glycerin, Water, Butylene Glycol, Carbomer, Polysorbate 20, Palmitoyl Tripeptide-1",Tracie Martyn Face Resculpting Cream,https://inkeedecoder.com/products/tracie-martyn-face-resculpting-cream
wrinkles,"Aqua, Acetyl Hexapeptide-8, Sodium Hyaluronate, Butylene Glycol, Bakuchiol, Copper Tripeptide-1, Polyglutamic Acid, Palmitoyl Pentapeptide-4, Palmitoyl Tripeptide-1, Palmitoyl Tetrapeptide-7",KERSTIN FLORIAN Caviar Age-Defense Serum,https://inkeedecoder.com/products/kerstin-florian-caviar-age-defense-serum
wrinkles,"Aqua, Acetyl Hexapeptide-8, Sodium Hyaluronate, Hydroxypropyl Methylcellulose, Polysorbate 20, Dimethylamino Ethanol Bitartrate, Diazolidinyl Urea, Ceteareth-20, Disodium EDTA, Vitamin A Palmitate",Watsons Whitening & Firming Body Lotion,https://inkeedecoder.com/products/watsons-whitening-firming-body-lotion
wrinkles,"Aqua, Acetyl Hexapeptide-8, Cetearyl Olivate, Sorbitan Olivate, Caprylyl Methicone, Grape Seed Oil, Evening Primrose Oil, Trimethylglycine, Phenoxyethanol, Ethylhexylglycerin",Aimée Refreshing Eye Cocktail,https://inkeedecoder.com/products/aimee-refreshing-eye-cocktail
wrinkles,"Purified Water (Aqua), Acetyl Hexapeptide-8, Macrocystis Pyrifera Extract, Hydrolyzed Wheat Protein, Palmitoyl Tripeptide-5, Glycerin, Sodium Hyaluronate, Chamomilla Recutita (Matricaria) Flower Extract, Polysorbate 20, Cucumis Sativus (Cucumber)Fruit Extract",Steelfit Abs Of Steel,https://inkeedecoder.com/products/steelfit-abs-of-steel
wrinkles,"Water, Acetyl Hexapeptide-8, Butylene Glycol, Ethoxydiglycol, Palmitoyl Hexapeptide-14, Lycium Barbarum Fruit Extract (Goji Berry), Camellia Oleifera (Green Tea Extract), Glycosaminoglycans, Sodium Chondroitin Sulfate, Cetearyl Alcohol",Watsons Collagen Firming Body Lotion,https://inkeedecoder.com/products/watsons-collagen-firming-body-lotion
wrinkles,"Organic Aloe Barbadensis Leaf Juice, Acetyl Hexapeptide-8, Palm Free Vegetable Glycerin, Sodium Carbomer, Hydroxypropyl Cyclodextrin, Palmitoyl Tripeptide-38, Phenoxyethanol, Ethylhexylglycerin",Murad Advance Acne And Wrinkle Reducer,https://inkeedecoder.com/products/murad-advance-acne-and-wrinkle-reducer
wrinkles,"Ascorbic Acid (Vitamin C), Acetyl Hexapeptide-8, Caffeine, Water, Behenyl Alcohol, Glycerin, Butyrospermum Parkii (Shea) Butter, Pentylene Glycol, Coco-Caprylate, Cetearyl Alcohol",Zo Skin Health Zein Obagi Cellulite Control,https://inkeedecoder.com/products/zo-skin-health-zein-obagi-cellulite-control
wrinkles,"Aqua, Acetyl Hexapeptide-8 (Argireline), Butylene Glycol, Sodium Hyaluronate, Glycerin, Isopentyldiol, Ethylhexylglycerin, Panthenol, PEG-40 Hydrogenated Castor Oil, Xanthan Gum",Marcelle New-Age Precision Anti-Wrinkle + Firming Day Cream,https://inkeedecoder.com/products/marcelle-new-age-precision-anti-wrinkle-firming-day-cream
wrinkles,"Aqua, Acetyl Hexapeptide-8, Butylene Glycol, Sodium Hyaluronate, Glycerin, Isopentyldiol, Ethylhexylglycerin, Panthenol, PEG-40 Hydrogenated Castor Oil, Xanthan Gum",Marcelle Newage Precision Anti-Wrinkle + Firming Night Cream,https://inkeedecoder.com/products/marcelle-newage-precision-anti-wrinkle-firming-night-cream
wrinkles,"Aloe Barbadensis Leaf Extract, Acetyl Hexapeptide-8, Hydrolyzed Keratin, Cyclomethicone, Caprylic/​Capric Triglyceride, Hypnea Musciformis Extract, Cetearyl Alcohol, Water, Tridecyl Stearate, Glycerin",Biologique Recherche Cocktail D'Actifs Regenerants Serums,https://inkeedecoder.com/products/biologique-recherche-cocktail-dactifs-regenerants-serums
wrinkles,"Aqua, Acetyl Hexapeptide-8, Caprylyl Glycol, Chondrus Crispus (Carrageenan), Propylene Glycol, Citric Acid, Methyl Perfluorobutyl Ether, Methyl Perfluoroisobutyl Ether, Lentinus Edodes Extract, Retinol",mesoxy Rejuvenating + Ha 1% / Yoğun Antiaging,https://inkeedecoder.com/products/mesoxy-rejuvenating-ha-1-yogun-antiaging
wrinkles,"Purified Water (Aqua), Acetyl Hexapeptide-8, Sodium Hyaluronate, Glycerin, Centella Asiatica Extract, Echinacea Purpurea Extract, Aloe Barbadensis Leaf Juice Extract, Plankton Extract, Aphanizomenon Flos-Aquae Powder, Palmitoyl Pentapeptide-4",Biologique Recherche Cocktail d’Actifs Regenerants,https://inkeedecoder.com/products/biologique-recherche-cocktail-dactifs-regenerants
wrinkles,acetyl-hexapeptide-8,La Mer The Lifting And Firming Mask,https://inkeedecoder.com/products/la-mer-the-lifting-and-firming-mask
wrinkles,"Deionized Water, Niacinamide, Pentylene Glycol, Alpha-Arbutin, Sodium Hyaluronate Acid, Centella Asiatica Extract, Acetyl Hexapeptide-8, Palmitoyl Tripeptide-5, Palmitoyl Tetrapeptide-7, SH-Oligopeptide-1",Oriental Princess Milky Whitening Radiance Intensive Booster Whitening & Firming Body Lotion SPF25,https://inkeedecoder.com/products/oriental-princess-milky-whitening-radiance-intensive-booster-whitening-firming-body-lotion-spf25
wrinkles,"Titanium Dioxide (5%), Zinc Oxide (7%), Water (Aqua), Triethoxycaprylylsilane, Sodium Hyaluronate Acid, Sodium Chloride, Propanediol, Polyhydroxystearic Acid, Macrocystis Pyrifera (Sea Kelp) Extract, Tocopheryl Acetate (Vitamin E)",Filorga Laboratories Time-filler Intensive 5xp,https://inkeedecoder.com/products/filorga-laboratories-time-filler-intensive-5xp
wrinkles,"Water (Aqua), Aloe Barbadensis (Aloe) Leaf Juice, Hamamelis Virginiana (Witch Hazel) Extract, Glycerin, Simmondsia Chinensis (Jojoba) Seed Oil, Xanthan Gum, Sodium Hyaluronate Acid, Retinol, Capric/​Caprylic Triglycerides, Centella Asiatica (Gotu Kola) Extract",Zo skin health Eye Brightening Creme,https://inkeedecoder.com/products/zo-skin-health-eye-brightening-creme
wrinkles,"Water, Glycerin, Caprylic Capric Triglycerides, Chenopodium Quinoa Seed Extract, Propanediol, Potassium Cetyl Phosphate, Acetyl Tetrapeptide-2, Sodium Hyaluronate Acid, Apium Graveolens (Celery) Seed Extract, Linum Usitatissimum (Linseed) Seed Extract",La Mer The Body Crème,https://inkeedecoder.com/products/la-mer-the-body-creme
wrinkles,"Deionized Water (Aqua), Glycerin, Caprylic Capric Triglycerides, Chenopodium Quinoa Seed Extract, Propanediol, Potassium Cetyl Phosphate, Acetyl Tetrapeptide-2, Sodium Hyaluronate Acid, Apium Graveolens (Celery) Seed Extract, Linum Usitatissimum (Linseed) Seed Extract",Filorga Laboratories Oxygen-Peel Loção Micropeeling Reoxigenante,https://inkeedecoder.com/products/filorga-oxygen-peel-locao-micropeeling-reoxigenante
wrinkles,"Water, Aloe Barbadensis Leaf Juice, Sodium Ascorbyl Phosphate, Glycerin, Phenethyl Alcohol, Caprylyl Glycol, Ethylhexylglycerin, Hydroxyethylcellulose, Xanthan Gum, Citrus Paradisi (Grapefruit) Oil",HydroPeptide Clarifying Toner Balance & Control Pads,https://inkeedecoder.com/products/hydropeptide-clarifying-toner-balance-control-pads
wrinkles,"Water (Aqua), Aloe Barbadensis (Aloe) Leaf Juice, Sodium Ascorbyl Phosphate, Glycerin, Phenoxyethanol, Benzoic Acid, Xanthan Gum, Simmondsia Chinensis (Jojoba) Seed Oil, Chondrus Crispus (Carrageenan) Extract, MSM (Methylsulfonylmethane)",Filorga Laboratories C-recover Radiance Boosting Concentrate,https://inkeedecoder.com/products/filorga-laboratories-c-recover-radiance-boosting-concentrate
wrinkles,"Water, Aloe Barbadensis Leaf Juice, Mandelic Acid, Niacinamide, Butylene Glycol, Lactic Acid, Phenoxyethanol, Benzoic Acid, Ethylhexylglycerin, Glycereth-2 Cocoate",Filorga Laboratories Oxygen-Peel,https://inkeedecoder.com/products/filorga-oxygen-peel
wrinkles,"Water, Aloe Barbadensis (Aloe) Leaf Juice, Simmondsia Chinensis (Jojoba) Seed Oil, Glycerin, Hydroxyethylcellulose, Globularia Cordifolia Callus (Globe Daisy) Culture Extract, Cucumis Sativus (Cucumber) Fruit Extract, Phenoxyethanol, Ethylhexylglycerin, Cassia Angustifolia (Alexandiran Senna) Seed Extract",Filorga Time-filler Essence,https://inkeedecoder.com/products/filorga-time-filler-essence
wrinkles,"Aqua, Glycolic Acid**, Potassium Hydroxide**, Hydroxyethylcellulose*, Sodium Ascorbyl Phosphate**, Helianthus Annuus (Sunflower) Seed Oil, Allium Cepa (Onion) Bulb Extract, Tocopherol*, Eucalyptus Globulus Leaf Extract, Zingiber Officinale (Ginger) Root Extract",Filorga Laboratories Ncef - Shot,https://inkeedecoder.com/products/filorga-laboratories-ncef-shot
wrinkles,"Water (Aqua), Aloe Barbadensis Leaf Juice, Ricinus Communis (Castor) Seed Oil, Caprylic Capric Triglycerides, Palmitoyl Tripeptide-5, Glycerin, Aqua, Cetearyl Alcohol, Sucrose Polystearate, Cetyl Palmitate",HydroPeptide Miracle Face Mask,https://inkeedecoder.com/products/hydropeptide-miracle-face-mask
wrinkles,"Zinc Oxide (18%), Water (Aqua), Caprylic Capric Triglycerides, C12-C15 Alkyl Benzoate, Butyloctyl Salicylate, Polyglyceryl-2 Dipolyhydroxystearate, Glycerin, Vp/​Eicosene Copolymer, Jojoba Esters, Macrocystis Pyrifera (Sea Kelp) Extract",Filorga Laboratories Filorga Oxygen-peel Loción,https://inkeedecoder.com/products/filorga-laboratories-filorga-oxygen-peel-locion
wrinkles,"Water, Caprylic Capric Triglycerides, Niacinamide (Vitamin B3), Jojoba Esters, Hydroxyethyl Acrylate/​Sodium Acryloyldimethyl Taurate Copolymer, Squalane, Polysorbate 60, Cetearyl Alcohol, Glycerin, Cetyl Alcohol",Filorga Laboratories C-Recover Radiance Booster Concentrate,https://inkeedecoder.com/products/filorga-c-recover-radiance-booster-concentrate
wrinkles,"Water (Aqua), Aloe Barbadensis Leaf Juice, Propanediol, Glycerin, Squalane, Caprylic Capric Triglycerides, Retinyl Linoleate*, Bakuchiol, Tremella Fuciformis Sporocarp Extract, Polyglutamic Acid",Filorga Laboratories Scrub & Detox Intense Purity Foam Exfoliator,https://inkeedecoder.com/products/filorga-laboratories-scrub-detox-intense-purity-foam-exfoliator
wrinkles,"Deionized Water (Aqua), Disodium Cocoamphodiacetate, Bambusa Arundinacea Stem Extract (Bamboo), Lactic Acid, Glycolic Acid, Pumice (Volcanic Ash), Mandelic Acid, Vaccinium Myrtillus Fruit Extract, Saccharum Officinarum [Sugarcane] Extract, Acer Saccharinum [Sugar Maple] Extract",Filorga Laboratories Scrub & Peel,https://inkeedecoder.com/products/filorga-scrub-peel
wrinkles,"Deionized Water (Aqua), Organic Carthamus Tinctorius (Safflower) Seed Oil, Isopropyl Palmitate, Tetrahexyldecyl Ascorbate (Vitamin C), Magnesium Ascorbyl Phosphate (Vitamin C), Ascorbyl Glucoside (Vitamin C), Cetyl Alcohol, Glycerin, Polyglyceryl-2 Stearate, Glyceryl Stearate",Filorga Ncef-essence Supreme Multi-correction Lotion,https://inkeedecoder.com/products/filorga-ncef-essence-supreme-multi-correction-lotion
wrinkles,"Water, Caprylic Capric Triglycerides, Niacinamide (Vitamin B3), Potassium Azeloyl Diglycinate (Azelaic Acid), Butylene Glycol, Morus Alba (White Mulberry) Root Extract, Glycyrrhiza Glabra (Licorice) Root Extract, Scutellaria Baicalensis Root Extract, Arctostaphylos Uva-Ursi (Bearberry) Leaf Extract, Kojic Acid",Filorga Laboratories Hydra - Aox [5],https://inkeedecoder.com/products/filorga-laboratories-hydra-aox-5
wrinkles,"Water/​Aqua/​Eau, Glycerin, Butylene Glycol, Sodium Hyaluronate, Hydroxyethylcellulose, Sodium Chloride, Myristoyl Pentapeptide-16, Myristoyl Pentapeptide-17, Coenzyme A, Copper Tripeptide-1",Filorga Global Repair Advanced Elixir,https://inkeedecoder.com/products/filorga-global-repair-advanced-elixir
wrinkles,"Water, Glycerin, Butylene Glycol, PEG-40 Hydrogenated Castor Oil, Caprylic/​Capric Triglyceride, 1, 2-Hexanediol, Ammonium Acryloyldimethyltaurate/​VP Copolymer, Cucumis Sativus (Cucumber) Juice, Coenzyme A",Filorga Hydra-hyal Sérum,https://inkeedecoder.com/products/filorga-hydra-hyal-serum-2
wrinkles,"Water, Carbomer, Butylene Glycol, Phenoxyethanol, Panthenol, Boerhavia Diffusa Root Extract, Pentasodium Pentetate, Phytic Acid, Silver Oxide, Fragrance",Filorga Meso-mask Smoothing Radiance Mask,https://inkeedecoder.com/products/filorga-meso-mask-smoothing-radiance-mask-2
wrinkles,"Aqua, Glyceryl Stearate, Glycerin, Helianthus Annuus Seed Oil, Urea, Isopropyl Palmitate, Dimethicone, Stearic Acid, Olea Europaea Fruit Oil, Sideritis Scardica Extract",Filorga Laboratories Hydra Filler Pro-Youth Moisturizer Care,https://inkeedecoder.com/products/filorga-laboratories-hydra-filler-pro-youth-moisturizer-care
wrinkles,"Aqua/​Water/​Eau, Glycerin, Propanediol, Betaine, Methylsilanol Carboxymethyl Theophylline Alginate, C12-15 Alkyl Benzoate, Isohexadecane, Pentylene Glycol, Cetyl Alcohol, Cyclopentasiloxane",Filorga Laboratories Ncef Night Mask,https://inkeedecoder.com/products/filorga-ncef-night-mask
wrinkles,"Water/​Aqua/​Eau, Caprylic/​Capric Triglyceride, Glycerin, Cetearyl Glucoside, Glyceryl Stearate SE, Cetyl Alcohol, Cetyl Esters, Theobroma Cacao (Cocoa) Seed Butter, Cetearyl Alcohol, Kappaphycus Alvarezii Extract",Filorga Laboratories Neocica Moisturizing Repairing Care,https://inkeedecoder.com/products/filorga-laboratories-neocica-moisturizing-repairing-care
wrinkles,"Aloe Barbadensis Leaf Juice, Aqua (Water/​Eau), Propanediol, Isopropyl Palmitate, Sorbitan Palmitate, Dimethicone, Butyrospermum Parkii (Shea) Butter, Glycerin, Stearic Acid, Glyceryl Stearate",Filorga Laboratories Age-purify Intensive Serum,https://inkeedecoder.com/products/filorga-laboratories-age-purify-intensive-serum
wrinkles,"Rosa Damascena (Rose) Flower Water, Tricaprylin, Squalane, Ribes Nigrum (Black Currant) Seed Oil, Cetearyl Olivate, Cetearyl Alcohol, Coco-Glucoside, Aqua (Water), Saccharide Isomerate, Sorbitan Olivate",Filorga Laboratories Filorga Nutri-filler Plumping Lip Balm,https://inkeedecoder.com/products/filorga-laboratories-filorga-nutri-filler-plumping-lip-balm
wrinkles,"Aqua (Water), Caprylic/​Capric Triglyceride, C12-20 Acid PEG-8 Ester, Glycerin, Dimethicone, Propanediol, Cetyl Alcohol, Phenoxyethanol, Butylene Glycol, Potassium Cetyl Phosphate",Filorga Laboratories Hydra-Filler Mat Moisturizer Gel Cream,https://inkeedecoder.com/products/filorga-hydra-filler-mat-moisturizer-gel-cream
wrinkles,"Aqua, Paraffinum Liquidum, Glycerin, Isopropyl Myristate, Cetearyl Alcohol, Glyceryl Stearate, Phenoxyethanol, Parfum, Ceteareth-25, Triethanolamine",Filorga Laboratories Meso-Mask Smoothing Radiance Mask,https://inkeedecoder.com/products/filorga-meso-mask-smoothing-radiance-mask
wrinkles,"Aqua, Glycerin, Butylene Glycol, Lycopodium Clavatum Extract, PEG-8, Albizia Julibrissin Bark Extract, Phenoxyethanol, Xanthan Gum, Imperata Cylindrica Root Extract, Bupleurum Falcatum Root Extract",Filorga Laboratories Scrub & Mask,https://inkeedecoder.com/products/filorga-scrub-mask-exfoliant-reoxygenant
wrinkles,"Aqua (Water/​Eau), Glycine Soja (Soybean) Oil, Propylene Glycol, PEG-40 Stearate, Cetyl Alcohol, Isopropyl Palmitate, Glyceryl Stearate, PEG-100 Stearate, Butylene Glycol, Phenoxyethanol",Filorga Labaratories Hyalu-filler Hydrating Plumping Cream,https://inkeedecoder.com/products/filorga-labaratories-hyalu-filler-hydrating-plumping-cream
wrinkles,"Aqua, Glycerin, Caprylic/​Capric Triglyceride, Isopropyl Myristate, Glyceryl Stearate, PEG-100 Stearate, Cetearyl Alcohol, Phenoxyethanol, Parfum, Acrylates/​C10-30 Alkyl Acrylate Crosspolymer",transderma Transderma O,https://inkeedecoder.com/products/transderma-transderma-o
wrinkles,"Salicylic Acid (0.5%), Water (Aqua), Dimethicone, Glycerin, Ppg-26-Buteth-26, Hydroxyethyl Acrylate/​Sodium Acryloyldimethyl Taurate Copolymer, Urea, Yeast Amino Acids, Trehalose, Inositol",Vintner's Daughter Active Treatment Essence,https://inkeedecoder.com/products/vintners-daughter-active-treatment-essence-2
wrinkles,"Aqua/​Water/​Eau, Glycerin, Propanediol, Betaine, C12-15 Alkyl Benzoate, Isohexadecane, Pentylene Glycol, Cetyl Alcohol, Cyclopentasiloxane, Cyclohexasiloxane",Ofra Peptide Cleanser,https://inkeedecoder.com/products/ofra-peptide-cleanser
wrinkles,"Aqua/​Water/​Eau, Olea Europaea (Olive) Oil Unsaponifiables, Lactobacillus Ferment Lysate Filtrate, Glycerin, Caprylic/​Capric Triglyceride, Butyrospermum Parkii (Shea Butter), Cetyl Alcohol, Cyclopentasiloxane, Cetearyl Alcohol, Titanium Dioxide",Acti labs Eye Contour Concentrate,https://inkeedecoder.com/products/acti-labs-eye-contour-concentrate
wrinkles,"Aqua/​Water/​Eau, Cyclopentasiloxane, Caprylic/​Capric Triglyceride, Lactobacillus Ferment Lysate, Glycerin, Olea Europaea (Olive) Oil Unsaponifiables, Octyldodecanol, Butyrospermum Parkii (Shea Butter), Cetearyl Alcohol, Petrolatum",Bloomeffects Black Tulip Regenerative Brightening Serum,https://inkeedecoder.com/products/bloomeffects-black-tulip-regenerative-brightening-serum
wrinkles,"Water (Aqua), Thiamine Diphosphate, Pyridoxine, Sh-Polypeptide-2, Tocopherol, Riboflavin, Inositol, Cyanocobalamin, Calcium Pantothenate, Folic Acid",Obagi Kinetin+ Hydrating Eye Cream,https://inkeedecoder.com/products/obagi-kinetin
wrinkles,"Aqua, Sodium Hyaluronate, Sodium Phosphate, Potassium Chloride, Sodium Hydroxide, Glutamine, Benzalkonium Chloride, Magnesium Sulfate, Aminobutyric Acid, Sodium Ascorbate",Sonrei Sea Clearly® Hydrating Facial SPF 35,https://inkeedecoder.com/products/sonrei-sea-clearly-r-hydrating-facial-spf-35
wrinkles,"Water (Aqua), Oligopeptide-24, Tripeptide-6, Acetyl Decapeptide-3, Decapeptide-4, Calcium Chloride, Glutamine, Aminobutyric Acid, Ascorbic Acid, Alanine",VMV HYPOALLERGENICS Re-Everything Cream Anti-Age Primary Treatment,https://inkeedecoder.com/products/vmv-hypoallergenics-re-everything-cream-anti-age-primary-treatment
wrinkles,"Water\Aqua\Eau, Algae Extract, Dimethicone, Hdi/​Trimethylol Hexyllactone Crosspolymer, Cyclopentasiloxane, Hydrogenated Polyisobutene, Caprylic/​Capric/​Myristic/​Stearic Triglyceride, Polysilicone-11, PEG-100 Stearate, PEG-8 Dimethicone","VMV HYPOALLERGENICS Re-Everything Face, Hand & Body Lotion",https://inkeedecoder.com/products/vmv-hypoallergenics-re-everything-face-hand-body-lotion
wrinkles,"Water, Ethylhexyl Methoxycinnamate, Niacinamide, Ethylhexyl Stearate, Isohexadecane, Caprylic/​Capric Triglyceride, Propylene Glycol, Glyceryl Stearate, PEG-100 Stearate, Ethylhexyl Salicylate",Obagi medical Kinetin+ Rejuvenating Serum,https://inkeedecoder.com/products/obagi-medical-kinetin-rejuvenating-serum
wrinkles,"Carbomer, Kappaphycus Alvarezii Extract, Sodium Citrate, Dipeptide Diaminobutyroyl Benzylamide Diacetate, Crithmum Maritimum Extract, Glucose, Sodium Hyaluronate, Citric Acid, Sodium Benzoate, Potassium Chloride",Remedy For Pore Size,https://inkeedecoder.com/products/remedy-for-pore-size
wrinkles,"Water (Aqua), Butyrospermum Parkii (Shea) Butter, Butylene Glycol, Cetyl Esters, Polysorbate 60, Glyceryl Stearate, PEG-100 Stearate, Glycerin, Squalane, Dimethicone",Obagi Kinetin+ Rejuvenating Serum,https://inkeedecoder.com/products/obagi-kinetin-rejuvenating-serum
wrinkles,"Water, Butylene Glycol, Jojoba Esters, Butyrospermum Parkii, C12-20 Acid PEG-8 Ester, Glycerin, Pentaerythrityl Tetraethylhexanoate, Caprylic/​Capric Triglyceride, Simmondsia Chinensis Seed Oil, Petrolatum",The Booster Company N° 01 Pieles Con Manchas,https://inkeedecoder.com/products/the-booster-company-ndeg-01-pieles-con-manchas
wrinkles,"Aqua (Water, Eau), Gluconolactone, Alcohol Denat, Propanediol, Sodium Hydroxide, Capryloyl Glycine, Phenoxyethanol, Sodium Citrate, PEG-60 Hydrogenated Castor Oil",Sonrei Clearly Zinc Hydrating Facial SPF 35+ Growth Factor Sunscreen Mineral Gel/primer,https://inkeedecoder.com/products/sonrei-clearly-zinc-hydrating-facial-spf-35-growth-factor-sunscreen-mineral-gel-primer
wrinkles,"Water, Bentonite, Glycerin, Hydrogenated Castor Oil, Propanediol, Cetyl Alcohol, Glyceryl Stearate, Kaolin, Stearic Acid, PEG-100 Stearate",Mastic origins Energezing Cream,https://inkeedecoder.com/products/mastic-origins-energezing-cream
wrinkles,"Aqua (Water, Eau), Ascorbic Acid, Caprylic/​Capric Triglyceride, Cyclopentasiloxane, Propylene Glycol Laurate, Cyclohexasiloxane, Phenoxyethanol, Biosaccharide Gum-1, Hydroxyethyl Acrylate/​Sodium Acryloyldimethyl Taurate Copolymer",Obagi Clinical Vitamin C Eye Brightner,https://inkeedecoder.com/products/obagi-clinical-vitamin-c-eye-brightner
wrinkles,"Aqua (Water, Eau), Gluconolactone, Alcohol Denat, Propanediol, Sodium Hydroxide, Capryloyl Glycine, Phenoxyethanol, Sodium Citrate, PEG-60 Hydrogenated Castor Oil",Obagi Clinical Kintine+ Hydrating Cream,https://inkeedecoder.com/products/obagi-clinical-kintine-hydrating-cream
wrinkles,"Aqua (Water, Eau), Glycerin, Methylpropanediol, 1, 2-Hexanediol, Isopentyldiol, Gluconolactone, Polysorbate 20, Saccharide Isomerate",Obgai Clinical Vitamin C Eye Brightener,https://inkeedecoder.com/products/obgai-clinical-vitamin-c-eye-brightener
wrinkles,"Aqua (Water, Eau), Glycereth-26, Glycerin, Methylpropanediol, Pentylene Glycol, Sodium Chloride, PPG-26-Buteth-26, PEG-40 Hydrogenated Castor Oil, Phenoxyethanol",Ofra Peptide Brightening Mask,https://inkeedecoder.com/products/ofra-peptide-brightening-mask
wrinkles,"Water, Bentonite, Glycerin, Hydrogenated Castor Oil, Propanediol, Cetyl Alcohol, Glyceryl Stearate, Kaolin, Stearic Acid, PEG-100 Stearate",Oumere The Serum Bioluminelle Concentrate,https://inkeedecoder.com/products/oumere-the-serum-bioluminelle-concentrate
wrinkles,"Aqua (Water, Eau), Gluconolactone, Alcohol, Propanediol, Sodium Hydroxide, Capryloyl Glycine, Phenoxyethanol, Sodium Citrate, PEG-60 Hydrogenated Castor Oil",Bloomeffects Black Tulip Regenelift Eye,https://inkeedecoder.com/products/bloomeffects-black-tulip-regenelift-eye
wrinkles,"Aqua (Water, Eau), Ascorbic Acid, Caprylic/​Capric Triglyceride, Cyclopentasiloxane, Propylene Glycol Laurate, Cyclohexasiloxane, Phenoxyethanol, Biosaccharide Gum-1, Hydroxyethyl Acrylate/​Sodium Acryloyldimethyl Taurate Copolymer",Bottao Morning Serum,https://inkeedecoder.com/products/bottao-morning-serum
wrinkles,"Aqua (Water, Eau), Propanediol, Niacinamide, Pumice, Sodium Polyacrylate, Phenoxyethanol, Ci 77499 (Iron Oxides), Sodium Acrylates Crosspolymer-2, Synthetic Fluorphlogopite",Obagi medical Professional-c Peptide Complex,https://inkeedecoder.com/products/obagi-medical-professional-c-peptide-complex
wrinkles,"C18-21 Alkane, Helianthus Annuus (Sunflower) Seed Oil, Aqua, Glycerin, Hydrated Silica, Gluconolactone, Glycolic Acid, Sodium Hydroxide, Sucrose Stearate, Volcanic Sand",Pure Does It All Sheet Mask,https://inkeedecoder.com/products/100-pure-does-it-all-sheet-mask
wrinkles,"Aqua (Water, Eau), Glycerin, Butylene Glycol, Capryloyl Glycine, Citric Acid, Dimethicone PEG-7 Phosphate, Sodium Hydroxide, Sodium Polyacrylate Starch, Ethylhexyl Salicylate",Bottao Evening Serum,https://inkeedecoder.com/products/bottao-evening-serum
wrinkles,"Aqua (Water, Eau), Glycereth-26, Methylpropanediol, Niacinamide, Ascorbyl Glucoside, PPG-26-Buteth-26, PEG-40 Hydrogenated Castor Oil, Pentylene Glycol, Tocopherol",Hava Zingboim Gold Heating Mask,https://inkeedecoder.com/products/hava-zingboim-gold-heating-mask
wrinkles,"Isopropyl Myristate, Propylene Glycol Dicaprylate/​Dicaprate, Polyglyceryl-3 Diisostearate, Sesamum Indicum (Sesame) Seed Oil, Polysorbate 80, Aqua (Water, Eau), Carapa Guaianensis Seed Oil, Brassica Campestris (Rapeseed) Seed Oil, Caprylic/​Capric Triglyceride",Ofra Vitamin C Cream,https://inkeedecoder.com/products/ofra-vitamin-c-cream
wrinkles,"Aqua (Water, Eau), Glycereth-26, 1, 2-Hexanediol, PPG-26-Buteth-26, PEG-40 Hydrogenated Castor Oil, Sucrose Palmitate, Hydrolyzed Sodium Hyaluronate, Propanediol",Dermaquest Skin Therapy Revive Body,https://inkeedecoder.com/products/dermaquest-skin-therapy-revive-body
wrinkles,"Aqua (Water, Eau), Glycerin, Propanediol, Pentaerythrityl Distearate, Hydroxyethyl Urea, Paraffinum Liquidum (Mineral Oil), Cetearyl Alcohol, Sorbitol, C20-22 Alkyl Phosphate",Bloomeffects Royal Tulip Vitamin C Facial Oil,https://inkeedecoder.com/products/bloomeffects-royal-tulip-vitamin-c-facial-oil
wrinkles,"Aqua (Water, Eau), Ethylhexyl Palmitate, Isodecyl Neopentanoate, Glycerin, Pentaerythrityl Tetracaprylate/​Tetracaprate, Synthetic Wax, Arachidyl Alcohol, Behenyl Alcohol, Polymethyl Methacrylate",doris day Hpr Eye,https://inkeedecoder.com/products/doris-day-hpr-eye
wrinkles,"Aqua (Water, Eau), Glycerin, Caprylic/​Capric Triglyceride, Propylene Glycol, Sodium Polyacrylate, Butylene Glycol, Albizia Julibrissin Bark Extract, Ammonium Acryloyldimethyltaurate/​Vp Copolymer, Squalane",Bloomeffects Black Tulip Overnight Retinoid Serum,https://inkeedecoder.com/products/bloomeffects-black-tulip-overnight-retinoid-serum
wrinkles,"Aqua (Water, Eau), Oxidized Corn Oil, Propanediol, Caprylyl Methicone, Glycerin, Ammonium Acryloyldimethyltaurate/​VP Copolymer, Polymethyl Methacrylate, Hydroxyethyl Urea, Caprylic/​Capric Triglyceride",Silex Skincare Layover Overnight Travel Recovery Mask,https://inkeedecoder.com/products/silex-skincare-layover-overnight-travel-recovery-mask
wrinkles,"Aqua (Water, Eau), Propanediol, Butylene Glycol Dicaprylate/​Dicaprate, Gluconolactone, Glycerin, Alcohol Denat, Silica, Hydroxyethyl Acrylate/​Sodium Acryloyldimethyl Taurate Copolymer, Zinc Pca",DR. LEWINN'S Ultra R4 Restorative Cream,https://inkeedecoder.com/products/dr-lewinns-ultra-r4-restorative-cream
wrinkles,"Ricinus Communis [Castor] Seed Oil, Glycine, Soybean Oil, Polyamide-1, Oleic/​Linoleic/​Linolenic Polyglycerides, Myristyl Lactate, Polyglyceryl-3 Diisostearate, Pentaerythrityl Tetrabehenate, Shorea Robusta Seed Butter, Isopropyl Palmitate",Bloomeffects Black Tulip Facial Treatment,https://inkeedecoder.com/products/bloomeffects-black-tulip-facial-treatment
wrinkles,"Aqua (Water), Propanediol, Glycerin, Lauryl Laurate, Isodecyl Neopentanoate, Butyrospermum Parkii Butter, Maltodextrin, Synthetic Fluorphlogopite, Phenoxyethanol, Acrylates/​C10-30 Alkyl Acrylate Crosspolymer",NCN PRO SKINCARE All-In-One Anti Aging Cream,https://inkeedecoder.com/products/ncn-pro-skincare-all-in-one-anti-aging-cream
wrinkles,"Aqua (Water, Eau), Glycerin, Propanediol, Pentaerythrityl Distearate, Hydroxyethyl Urea, Paraffinum Liquidum (Mineral Oil), Cetearyl Alcohol, Hydrogenated Starch Hydrolysate, C20-22 Alkyl Phosphate",Ao Skincare 6000x Elemental Screen SPF30,https://inkeedecoder.com/products/ao-skincare-6000x-elemental-screen-spf30
wrinkles,"Aqua (Water), Perfluorohexane, Propanediol, Protease, Perlite, Sodium Polyacrylate, Polysorbate 20, Perfluorodecalin, Polyacrylate-13, Butylene Glycol",Herbar The Sun Shield SPF30,https://inkeedecoder.com/products/herbar-the-sun-shield-spf30
wrinkles,"Aqua (Water, Eau), Glycerin, Butylene Glycol, Propylheptyl Caprylate, Hydroxyethyl Acrylate/​Sodium Acryloyldimethyl Taurate Copolymer, C15-19 Alkane, C9-12 Alkane, 1, 2-Hexanediol",Sidmool Secret Of Red Astaxanthin Concentrate,https://inkeedecoder.com/products/sidmool-secret-of-red-astaxanthin-concentrate
wrinkles,coenzyme-a,Skin Actives ROS Terminator,https://inkeedecoder.com/products/skin-actives-ros-terminator
wrinkles,"Organic 1, 2-Propanediol, L Ascorbic Acid, Niacinamide (Vitamin B3), Creatine, Pyridoxine Cyclic Phosphate (Vitamin B6), Kinetin, Pyrroloquinoline Quinone Disodium Salt (Bio-Pqq), Biotin (Vitamin B7)",Skin Actives Scientific Astaxathan In Argan Oil,https://inkeedecoder.com/products/skin-actives-scientific-astaxathan-in-argan-oil
wrinkles,"Aloe Barbadensis Leaf Juice, Bacillus Ferment, Glycerin, Apple Cider Vinegar, Niacinamide (Vitamin B3), Lactic Acid, Saccharide Isomerate, Sodium Hydroxide, Kinetin, Pyrus Malus (Apple) Fruit Extract",Urban Essence Antioxidant Powerhouse Serum | 1% Astaxanthin | 4% Centella Asiatica | 1% Coenzyme Q10 | 1% Retinol | 3% Niacinamide -,https://inkeedecoder.com/products/urban-essence-antioxidant-powerhouse-serum-1-astaxanthin-4-centella-asiatica-1-coenzyme-q10-1-retinol-3-niacinamide
wrinkles,"Deionized Water, Avocado Oil, Caprylic/​Capric Triglycerides, PEG 40 Monostearate, Sorbitan Palmitate, Sodium Hyaluronate, Grapefruit Extract Complex, Phenoxyethanol, Polysorbate 20, Fragrance",Zena Astaxanthin & Vitamins Super Anti-oxidant Serum,https://inkeedecoder.com/products/zena-astaxanthin-vitamins-super-anti-oxidant-serum
wrinkles,"Aqua (Water), Trehalose, Hydrolyzed Vegetable Protein, Hydroxypropyl Guar, Glycerin, Acetyl Hexapeptide-8, Propylene Glycol, Carbomer, Acetyl Tetrapeptide-5, Hesperidin Methyl Chalcone",Aizen Carnosine Astaxanthin 4% Ultra Ampoule,https://inkeedecoder.com/products/aizen-carnosine-astaxanthin-4-ultra-ampoule
wrinkles,"Water (Aqua), Glycerin, Propanediol, Niacinamide, Acetyl Glycyl Beta-Alanine, Alpha-Arbutin, Centella Asiatica Leaf Extract, Tetrapeptide-30, Copper Palmitoyl Heptapeptide-14, Palmitoyl sh-Hexapeptide-13 Serine SP Amide",AstaREAL Astarism Serum,https://inkeedecoder.com/products/astareal-astarism-serum
wrinkles,"Water, Cetyl Alcohol, Silica, PEG-20 Methyl Glucose Sesquistearate, Octyldodecyl Myristate, PEG-12 Glyceryl Dimyristate, Caprylic/​Capric Triglyceride, Glycerin, Saccharide Isomerate, Methyl Glucose Sesquistearate",Eleven skin Hydrate Cream Serum,https://inkeedecoder.com/products/eleven-skin-hydrate-cream-serum
wrinkles,"Octocrylene - (10%), Homosalate - (5%), Octisalate - (5%), Avobenzone - (2.5%), Isododecane, Polymethylsilsesquioxane, Dimethicone/​Bis-Isobutyl PPG-20 Crosspolymer, Butyloctyl Salicylate, Dimethicone Crosspolymer, Dimethicone",HANAJIRUSHI Okra Extract Cleansing Balm,https://inkeedecoder.com/products/hanajirushi-okra-extract-cleansing-balm
wrinkles,"Aqua/​Water/​Eau, Glycerin, Glycolic Acid, Cocos Nucifera (Coconut) Oil, Cetearyl Alcohol, Triethanolamine, Glyceryl Stearate, Ceteareth-25, C12-15 Alkyl Lactate, Glyceryl Laurate",Nø Cosmetics Vitamin C Serum,https://inkeedecoder.com/products/no-cosmetics-vitamin-c-serum
wrinkles,"Aqua/​Water/​Eau, Glycerin, Cetearyl Alcohol, Glyceryl Stearate, Ceteareth-25, Cyclopentasiloxane, Glycolic Acid, Glyceryl Laurate, Butylene Glycol, Camellia Sinensis Leaf Extract",Nø Cosmetics Vitamin C Serum,https://inkeedecoder.com/products/no-cosmetics-vitamin-c-serum-2
wrinkles,"Water, Propanediol, Butylene Glycol, PEG-12 Glyceryl Dimyristate, Methyl Gluceth-20, Sorbitan Laurate, Phenoxyethanol, Xanthan Gum, Cellulose Gum, Oryza Sativa (Rice) Extract",Olae Natural Anti Aging Oil,https://inkeedecoder.com/products/olae-natural-anti-aging-oil
wrinkles,"Water (Aqua), Niacinamide, Glycerin, Squalane, Propanediol, Hydroxyethyl Acrylate/​Sodium Acryloyldimethyl Taurate Copolymer, Glyceryl Stearate, Cetearyl Alcohol, Coco-Caprylate, Salicylic Acid",Ava Laboratorium Asta C+ Cellular Rejuvenation,https://inkeedecoder.com/products/ava-laboratorium-asta-c-cellular-rejuvenation
wrinkles,"Water, Propanediol, Butylene Glycol, PEG-12, Glyceryl Dimyristate, Methyl Gluceth-20, Sorbitan Laurate, Phenoxyethanol, Xanthan Gum, Cellulose Gum",Ava Laboratorium Asta C+ Cellular Rejuvenation Face Serum,https://inkeedecoder.com/products/ava-laboratorium-asta-c-cellular-rejuvenation-face-serum
wrinkles,"Water, Niacinamide, Propylene Glycol, Glycerin, Zinc Gluconate, Cetearyl Alcohol, Ceteareth-20, Phenoxyethanol, Ethylhexylglycerin, Ethylhexyl Salicylate",Fitglow Beauty Vita Shield Plum Hyaluronic Primer SPF 30,https://inkeedecoder.com/products/fitglow-beauty-vita-shield-plum-hyaluronic-primer-spf-30
wrinkles,"Non-Nano Zinc Oxide - (20.28%), Isododecane, Polysilicone-11, C13-15 Alkane, Butyloctyl Salicylate, Propanediol Dicaprylate/​Caprate, Dimethicone, Polyhydroxystearic Acid, Castor Oil/​Ipdi Copolymer, Dilinoleic Acid/​Butanediol Copolymer",Haeckels Kelp Bioferment,https://inkeedecoder.com/products/haeckels-kelp-biofermwnt
wrinkles,"Aqua, Tricaprylin, Triheptanoin, Glycerin, Squalene, Silica, Cetearyl Alcohol, Simmondsia Chinensis (Jojoba) Seed Oil, Macadamia, Alternifolia",Honua Hawaiian Skincare Hibiscus Hyaluronic Acid Beauty Booster Serum,https://inkeedecoder.com/products/honua-hawaiian-skincare-hibiscus-hyaluronic-acid-beauty-booster-serum
wrinkles,"Water, Propylene Glycol, PEG-12 Glyceryl Dimyristate, Glycerin, PEG-7 Glyceryl Cocoate, Silica, Lactobacillus Ferment, Butylene Glycol, Carbomer, Phenoxyethanol",MIMURA Treatment Lotion Noumitsu,https://inkeedecoder.com/products/mimura-treatment-lotion-noumitsu
wrinkles,"Water, Glyceryl Stearate, Propylene Glycol, Octyldodecyl Myristate, Stearic Acid, Cetyl Alcohol, PEG-12 Glyceryl Dimyristate, Stearyl Alcohol, Lactobacillus Ferment, Glycine Soja (Soybean) Sterols",Mediheal Solaxanthin Cream,https://inkeedecoder.com/products/mediheal-solaxanthin-cream
wrinkles,"Water, Propylene Glycol, PEG-12 Glyceryl Dimyristate, Glycerin, PEG-7 Glyceryl Cocoate, Silica, Lactobacillus Ferment, Butylene Glycol, Carbomer, Phenoxyethanol",Pavise Dynamic Age Defense SPF,https://inkeedecoder.com/products/pavise-dynamic-age-defense-spf
wrinkles,"Water, Kaolin, Ci 77891, Cetearyl Alcohol, Caprylic/​Capric Triglyceride, Propylene Glycol, Glycerin, Persea Gratissima Oil, Isododecane, Sodium Cetearyl Sulfate",Pei mei Vitamin C Serum,https://inkeedecoder.com/products/pei-mei-vitamin-c-serum
wrinkles,"Aloe Barbadensis Leaf Juice, Wasabi Extract, Broccoli Sprout Extract, Watermelon Seed Oil, Carrot Seed Oil, Ursolic Acid, Goldenseal Extract, Glycerin, Grapeseed Oil, Beta-Glucan",Skin Actives Intensive Recovery Mask,https://inkeedecoder.com/products/skin-actives-intensive-recovery-mask
wrinkles,"Water (Aqua), Glycerin, Propanediol, Xanthan Gum, Polyglutamic Acid, Bakuchiol, Centella Asiatica Leaf Extract, Tulipa Gesneriana Flower Extract, Caffeine, Allantoin",Skin Actives Scientific Sea Kelp Coral,https://inkeedecoder.com/products/skin-actives-scientific-sea-kelp-coral
wrinkles,"Aqua, Niacinamide, Glycerin, Polyacrylate Crosspolymer-11, Aloe Barbadensis Leaf Juice, Hylocereus Undatus Fruit Extract, Benzyl Alcohol, Panthenol, Glycerine, Epilobium Angustifolium Flower/​Leaf/​Stem Extract",Wumal Vitamin C Facial Serum,https://inkeedecoder.com/products/wumal-vitamin-c-facial-serum
wrinkles,"Water (Aqua), Prunus Amygdalus Dulcis (Sweet Almond) Oil, Caprylic/​Capric Triglyceride, Silica, Stearic Acid, PEG-12 Glyceryl Dimyristate, Glyceryl Stearate, PEG-100 Stearate, Tocopheryl Acetate, Phenoxyethanol",AZN Labs Hydrogel Lip Patches,https://inkeedecoder.com/products/azn-labs-hydrogel-lip-patches
wrinkles,"Aloe Barbadensis (Aloe) Leaf Juice, Sodium Hyaluronate (Hyaluronic Acid), Vegetable Glycerin, Rice Ferment Filtrate (Sake), Potassium Olivoyl Pca, Glycyrrhiza Glabra (Licorice) Root Extract, Vitamin C (Ascorbic Acid), Xanthan Gum, Caffeine, Vitamin E (Tocopherol)",Ava Laboratorium C+ Strategy Wrinkle Correcting Essence,https://inkeedecoder.com/products/ava-laboratorium-c-strategy-wrinkle-correcting-essence
wrinkles,"Aqua, Niacinamide, Glycerin, Ethoxydiglycol, Theobroma Grandiflorum Seed Butter, Aloe Barbadensis Leaf Juice, Ammonium Acryloyldimethyltaurate/​VP Copolymer, Oenothera Biennis (Evening Primrose) Oil, Orbignya Oleifera (Babassu) Oil, Hylocereus Undatus Fruit Extract",BYOMA Milky Moisture Cleanser,https://inkeedecoder.com/products/byoma-milky-moisture-cleanser-3
wrinkles,"Glycerine, Propylene Glycol, Zeolite, Triethylamine, C13-C14 Isoparaffin, Laureth-7, Mica, Copper Tripeptide-1, Undaria Pinnatifida Extract, Water",Derma E Anti-wrinkle Retinol Concentrated Serum,https://inkeedecoder.com/products/derma-e-anti-wrinkle-retinol-concentrated-serum
wrinkles,"Water, Ethylhexyl Methoxycinnamate, Caprylic/​Capric Triglyceride, Ethylhexyl Salicylate, Oleyl Alcohol, Glycerin, Persea Gratissima Oil, Prunus Amygdalus Dulcis Oil, Glyceryl Stearate, Butylene Glycol",Graymelin Asta Stem Cell Anti Wrinkle Toner,https://inkeedecoder.com/products/graymelin-asta-stem-cell-anti-wrinkle-toner
wrinkles,"Water, Glyceryl Stearate, Glycerin, Stearic Acid, Caprylic/​Capric Triglyceride, Sorbitol, PPG-12/​Smdi Copolymer, Sorbitan Stearate, Sodium Polystyrene Sulfonate, Kiwi Fruit Extract",Kose Clear Turn Fluffy Skin Face Mask 50 Pack,https://inkeedecoder.com/products/kose-clear-turn-fluffy-skin-face-mask-50-pack
wrinkles,"Squalane, Tetrahexyldecyl Ascorbate, Fragaria Ananassa (Strawberry) Seed Oil, Caprylic/​Capric Triglyceride, Tulipa Gesneriana Flower Extract, Bakuchiol, Niacinamide, Cannabis Sativa Seed Oil, Astragalus Membranaceus Root Extract, Spilanthes Acmella Flower/​Leaf/​Stem Extract",Kose Clear Turn Hada Fukkura Moisture Eyezone Mask,https://inkeedecoder.com/products/kose-clear-turn-hada-fukkura-moisture-eyezone-mask
wrinkles,"Water, Acetyl Hexapeptide-8, Butylene Glycol, Ethoxydiglycol, Palmitoyl Hexapeptide-14, Lycium Barbarum Fruit Extract (Goji Berry), Camellia Oleifera (Green Tea) Extract, Glycosaminoglycans, Sodium Chondroitin Sulfate, Cetearyl Alcohol",Kose Hada Fukkura Moisture Mask Or Clear Turn Plumping Face Mask,https://inkeedecoder.com/products/kose-hada-fukkura-moisture-mask-or-clear-turn-plumping-face-mask
wrinkles,"Aqua (Water), Glycerin, Polyglyceryl-4 Caprate, Lauryl Laurate, Niacinamide, Dimethyl Isosorbide, Leuconostoc/​Radish Root Ferment Filtrate, Bakuchiol, Tulipa Gesneriana Flower Extract*, Hydroxypinacolone Retinoate",Lavatera Astaxanthin Whitening Cream With Antioxidant And Anti Wrinkle,https://inkeedecoder.com/products/lavatera-astaxanthin-whitening-cream-with-antioxidant-and-anti-wrinkle
wrinkles,"Aqua (Water), Glycerin, Ethyl Macadamiate, Caprylic/​Capric Triglyceride, Dimethicone, Pentylene Glycol, Squalane, Sorbitol, Sodium Polyacrylate, Glyceryl Stearate",RiRe Galactomyces Ampoule 97%,https://inkeedecoder.com/products/rire-galactomyces-ampoule-97
wrinkles,"Aqua (Water), Glycerin, Ceteareth-6 Olivate, Dicaprylyl Carbonate, Sorbitol, Cetyl Alcohol, Dimethicone, Stearic Acid, Butylene Glycol, PPG-12/​Smdi Copolymer",Spring Letter Astaxanthin Essence,https://inkeedecoder.com/products/spring-letter-astaxanthin-essence
wrinkles,"Aqua (Water), Squalane, Hydroxypropyl Starch Phosphate, Pentaerythrityl Tetraisostearate, Glycerin, Lauryl Laurate, Niacinamide, Polyglyceryl-4 Caprate, Cetearyl Alcohol, Caprylic/​Capric Triglyceride",skyn ICELAND Icelandic Youth Serum,https://inkeedecoder.com/products/skyn-iceland-icelandic-youth-serum
wrinkles,"Deionized Water, Organic Aloe Vera Leaf Juice, Mango Seed Butter, Organic Argan Oil, Organic Avocado Oil, Organic Grape Seed Oil, Organic Rosehip Oil, Organic Safflower Oil, Organic Jojoba Oil, Organic Centella Asiatica (Gotu Kola) Extract",วาสลีน เฮลธี้ ไบรท์ กลูต้า-ไฮยา เซรั่ม เบิสท์ โลชั่น สปอตเลส โกลว์,https://inkeedecoder.com/products/waasliin-ehlthii-aibrth-kluutaa-aihyaa-echram-ebisth-olchan-sp-tels-oklw
wrinkles,"New Zealand Red Algae, Totarol, MāNuka Honey, Phormium Tenax (Harakeke) Seed Oil, Pure New Zealand Artesian Water (Aqua), Zinc Oxide, Caprylic/​Capric Triglyceride, Glycerin, Polysorbate 60 (Tween 60-Lq-(Ap)), Sorbitan Stearate",AZN Labs Hydrogel Eye Patches,https://inkeedecoder.com/products/azn-labs-hydrogel-eye-patches
wrinkles,"Astaxanthin, Coq10, Water, Glycerin, Zinc Oxide, Tinosorb S, Tinosorb-M, Niacinamide, Isononyl Isononanoate, Lactobacillus Ferment",Ao Reverse Longitude PM Serum-Shot,https://inkeedecoder.com/products/ao-reverse-longitude-pm-serum-shot
wrinkles,"Astaxanthin (98.7%), Butylene Glycol, Glycerin, Citrus Paradisi (Grapefruit) Fruit Extract, Eucalyptus Globulus Leaf Extract, Eugenia Caryophyllus (Clove) Flower Extract, Sophora Angustifolia Root Extract, Citrus Junos Fruit Extract, Cellulose Gum",CeraCode Anti Aging Barrier Serum,https://inkeedecoder.com/products/ceracode-anti-aging-barrier-serum
wrinkles,"Seakelp (Lactobacillus/​Kelp Ferment Filtrate) Bioferment, Astaxanthin, Porphyridium Polysaccharide, Fucoxanthin, Glutathione, SH-Polypeptide-77 (Glutaredoxin (Grx)), SH-Polypeptide-2 (Thioredoxin (Trx)) (Thioredoxin (Trx)), Superoxide Dismutase",It's Skin Power 10 Formula Q10 Effector Serum,https://inkeedecoder.com/products/its-skin-power-10-formula-q10-effector
wrinkles,"Argania Spinosa (Argan) Kernel Oil, Astaxanthin",Allies of Skin Peptides Antioxidants Firming Daily Treatment,https://inkeedecoder.com/products/allies-of-skin-peptides-antioxidants-firming-daily-treatment-3
wrinkles,"Centella Asiatica, Astaxanthin, Coenzyme Q10, Retinol, Vitamin C, Niacinamide, Aloe Vera",Ava Laboratorium Asta C+ Cellular Rejuvenation,https://inkeedecoder.com/products/ava-laboratorium-asta-c-cellular-rejuvenation-2
wrinkles,"Purified Water, Astaxanthin, Vitamin E, Vitamin A, Hyaluronic Acid, Wheat Protein, Marine Algae Extract, Phenoxyethanol",Biotherm Homme Age Fitness Day Moisturizer,https://inkeedecoder.com/products/biotherm-homme-age-fitness-day-moisturizer
wrinkles,"Water, Carnosine, Astaxanthin, Ceramide 3, Sodium Hyaluronate, Propylene Glycol, Stephania Tetrandra Extract, Gentiana Scabra Extract, Jojoba Wax PEG-120 Esters, PEG-10 Hydrogenated Castor Oil",Graymelin Astaxanthin Stemcell Serum,https://inkeedecoder.com/products/graymelin-astaxanthin-stemcell-serum
wrinkles,"Aqua, Alcohol, Astaxanthin, Caprylic/​Capric Triglyceride, Tocopherol, Butylene Glycol, Glycerin, Dipropylene Glycol, Alcaligenes Polysaccharides, Sphingomonas Ferment Extract",Labcare Molecular Antiaging Serum Viso,https://inkeedecoder.com/products/labcare-molecular-antiaging-serum-viso
wrinkles,"Laminaria Digitata Seaweed Extract, Algisium C (Brown Algae), Astaxanthin (Red Algae), Hyaluronic Acid, Squalane, Hemp Seed Oil, Jojoba Oil, Qusomes",Measurable Difference Collagen + Retinol serum,https://inkeedecoder.com/products/measurable-difference-collagen-retinol-serum-2
wrinkles,"Ethylhexyl Palmitate, Argania Spinosa Kernel Oil, Astaxanthin, Avena Strigosa Seed Extract, Butylene Glycol, Calendula Officinalis Flower Extract, Caprylic/​Capric Triglyceride, Ci 77492, Citrus Aurantium Dulcis (Orange) Oil, Citrus Junos Fruit Extract",Newtrimed Niamax Under Eye Gel,https://inkeedecoder.com/products/newtrimed-niamax-under-eye-gel
wrinkles,"Caprylic/​Capric Triglyceride, Ascorbyl Tetraisopalmitate, Astaxanthin, Carthamus Tinctorius (Safflower) Seed Oil, Helianthus Annuus (Sunflower) Seed Oil, Tocopherol",Matte Botox Lift Serum,https://inkeedecoder.com/products/matte-botox-lift-serum
wrinkles,"Caprylic/​Capric Triglyceride, Ascorbyl Tetraisopalmitate, Astaxanthin, Carthamus Tinctorius (Safflower) Seed Oil, Helianthus Annuus (Sunflower) Seed Oil, Tocopherol",Lunewa Lidah Dewa Moist Cream,https://inkeedecoder.com/products/lunewa-lidah-dewa-moist-cream
wrinkles,"Squalene, Bakuchiol (3%), Astaxanthin",Skin Functional Anti Ageing Complex Peptides + Cu Complex,https://inkeedecoder.com/products/skin-functional-anti-ageing-complex-peptides-cu-complex
wrinkles,"Aqua, Glycerin, Sodium Ascorbyl Phosphate, Astaxanthin, Tamarindus Indica Fruit Extract, Algae Extract, Trideceth-9, Xanthan Gum, Citric Acid, Phenoxyethanol",Skin Functional Anti-Aging Complex Peptides And Cu Complex,https://inkeedecoder.com/products/skin-functional-peptides-and-cu-complex
wrinkles,"Aqua, Glycerin, Sodium Ascorbyl Phosphate, Astaxanthin, Algae Extract, Tamarindus Indica Fruit Extract, Trideceth-9, Phenoxyethanol, Xanthan Gum, PEG-40 Hydrogenated Castor Oil",ClarityRX Get Fit Multi Peptide Healthy Skin Serum,https://inkeedecoder.com/products/clarityrx-get-fit-multi-peptide-healthy-skin-serum
wrinkles,"Zinc Oxide (14%), (Sunscreen, Active Ingredient) *Aloe Barbadensis Leaf (Aloe Vera Gel) Juice, Aqua (Deionized Water), Astaxanthin, Benzyl Alcohol, Betula Alba (Birch) Extract, Butyrospermum Parkii (Shea) Butter, C12-15 Alkyl Benzoate, Camellia Sinensis (Green Tea) Extract",ClarityRX Get Fit Multi-peptide Healthy Skin Serum,https://inkeedecoder.com/products/clarityrx-get-fit-multi-peptide-healthy-skin-serum-2
wrinkles,"Seakelp (Lactobacillus/​Kelp Ferment Filtrate) Bioferment, Porphyridium Polysaccharide, Fucoxanthin, Astaxanthin",Freeman beauty Micro-Darts Pro Fine Line Patches,https://inkeedecoder.com/products/freeman-beauty-micro-darts-pro-fine-line-patches
wrinkles,"Aqua (Water), Sodium Hyaluronate, Hibiscus Rosa Sinensis Linn (Hibiscus) Petal Powder, Astaxanthin, Benzyl Alcohol, Dehydroacetic Acid",Genové Fluidbase Max,https://inkeedecoder.com/products/genove-fluidbase-max
wrinkles,"Water, BG, Glycerin, Astaxanthin, Sodium Chondroitin Sulfate, Dipotassium Glycyrrhizinate, Muccopolysaccharides, Sodium Hyaluronate, Hydrolyzed Collagen, Allantoin",LACURA Lab Complete Corrective Serum,https://inkeedecoder.com/products/lacura-lab-complete-corrective-serum
wrinkles,"Vaccinium Macrocarpon (Cranberry) Fruit Extract, Glycerin, Niacinamide, Astaxanthin, Propanediol, Polyglyceryl-3 Methylglucose Distearate, Cetearyl Alcohol, Butyrospermum Parkii (Shea) Butter, 1, 2-Hexanediol",MUKTI Age Defiance Day Serum,https://inkeedecoder.com/products/mukti-age-defiance-day-serum
wrinkles,"Zinc Oxide, Ammonium Styrene/​Ma Copolymer Ethanolamide, Argania Spinosa (Argan) Kernel Oil, Astaxanthin, Bisabolol, Caprylic/​Capric Triglyceride, Cetyl Alcohol, Diamond Powder, Dimethicone, Dimethicone Crosspolymer",NO FUSS Multi Peptide Serum,https://inkeedecoder.com/products/no-fuss-multi-peptide-serum
wrinkles,"Water, Glycerin, Vitamin C, Astaxanthin, Vitamin E, Arbutin, Propylene Glycol, Betaine, Dipotassium Glycyrrhizate, Allantoin",Organys Anti-Wrinkle Face & Eye Serum,https://inkeedecoder.com/products/organys-mend-wrinkle-control-serum
wrinkles,"Seakelp (Lactobacillus/​Kelp Ferment Filtrate) Bioferment, Porphyridium Polysaccharide, Fucoxanthin, Astaxanthin",Sanitas Peptiderm Firming Serum,https://inkeedecoder.com/products/sanitas-peptiderm-firming-serum
wrinkles,"Seakelp (Lactobacillus/​Kelp Ferment Filtrate) Bioferment, Porphyridium Polysaccharide, Fucoxanthin, Astaxanthin",The Ordinary 1% Multi-peptide + Copper Peptides 1% Serum (11/12/24),https://inkeedecoder.com/products/the-ordinary-1-multi-peptide-copper-peptides-1-serum-11-12-24
wrinkles,"Water, Sodium Ascorbyl Phosphate (Vitamin C), Aloe Barbadensis Leaf Extract, Astaxanthin, Hyaluronic Acid, Vitamin E, Witch Hazel, Jojoba Oil, Phenoxyethanol, Ethyl Hexyl Glycerine",The Ordinary Buffet,https://inkeedecoder.com/products/the-ordinary-buffet
wrinkles,"Water, Glycerin, Carrageenan, Butylene Glycol, Astaxanthin, Sodium Hyaluronate, Prunus Persica (Peach) Fruit Extract, Hydrolyzed Elastin, Hydrolyzed Collagen, Honey Extract",The Ordinary Multi-peptide + Ha Serum,https://inkeedecoder.com/products/the-ordinary-multi-peptide-ha-serum
wrinkles,"Aqua, Glycerin, Sodium Ascorbyl Phosphate, Tamarindus Indica Fruit Extract, Astaxanthin, Algae Extract, Trideceth-9, Phenoxyethanol, Xanthan Gum, PEG-40 Hydrogenated Castor Oil",Tiege Hanley Super Serum,https://inkeedecoder.com/products/tiege-hanley-super-serum
wrinkles,"Aqua, Tocopherol, Oryza Sativa (Rice) Germ Extract, Hydroxyacetophenone, Astaxanthin, Cocos Nucifera (Coconut) Fruit Extract, Disodium EDTA, Caprylhydroxamic Acid, Ethylhexyl Palmitate, Helianthus Annuus (Sunflower) Seed Oil",Formulyst Anti-Wrinkle Peptide Serum,https://inkeedecoder.com/products/formulyst-anti-wrinkle-peptide-serum
wrinkles,"Purified Water, Glycerin, Retinol, Bakuchiol, Astaxanthin, Sodium Hyaluronate, Punica Granatum Fruit Extract, Aspalathus Linearis Extract, Allantoin, Sodium PCA",Omega Skin Lab Hyalotox Serum,https://inkeedecoder.com/products/omega-skin-lab-hyalotox-serum
wrinkles,"Water, Glycerin, Butylene Glycol, Hydrolyzed Collagen, Astaxanthin (2.5Ppm), Betaine, Sodium Hyaluronate, 1, 2-Hexanediol, Caprylyl Glycol",PotentLift Advanced Multi Peptide Complex Serum,https://inkeedecoder.com/products/potentlift-advanced-multi-peptide-complex-serum
wrinkles,"Water, BG, Glycerin, Ethanol, Astaxanthin, Serine, Tocopherol, Retinyl Palmitate, Na Hyaluronate, Haematococcus Pluvialis Extract",Skin Labo Argirelox Botox-Like Pure Shot,https://inkeedecoder.com/products/skin-labo-argirelox-botox-like-pure-shot
wrinkles,"Water, Bg, Glycerin, Ethanol, Astaxanthin, Serine, Tocopherol, Retinyl Palmitate, Hyaluronan, Haematococcus Pluvialis Extract",The Ordinary Buffet + Copper Peptides 1%,https://inkeedecoder.com/products/the-ordinary-buffet-copper-peptides-1
wrinkles,"Water, Bg, Glycerin, Ethanol, Astaxanthin, Serine, Tocopherol, Retinyl Palmitate, Sodium Hyaluronate, Haematococcus Pluvialis Extract",Miamo Peptide Functonal Complex Serum,https://inkeedecoder.com/products/miamo-peptide-functonal-complex-serum
wrinkles,"Aqua, Diglycerin, Propylene Glycol, Propylheptyl Caprylate, Astaxanthin, Alcohol, Aminoethylphosphinic Acid, Butylene Glycol, Sodium Methylparaben, Citric Acid",NuGene Clinical Premier Universal Serum,https://inkeedecoder.com/products/nugene-clinical-premier-universal-serum
wrinkles,"Galactomyces Ferment Filtrate, Niacinamide, Dipropylene Glycol, Styrene/​Vp Copolymer, Astaxanthin, Adenosine, Melia Azadirachta Leaf Extract, Melia Azadirachta Flower Extract, Ocimum Sanctum Leaf Extract, Curcuma Longa (Turmeric) Root Extract",Prana Spaceuticals Precious Fluids,https://inkeedecoder.com/products/prana-spaceuticals-precious-fluids
wrinkles,"Water, Beta-Glucan*, Glycerin, Hydroxyectoin (1%), Astaxanthin, Hydrolyzed Sodium Hyaluronate** ***, Sodium Hyaluronate***, Sodium Hyaluronate Crosspolymer***, Sodium Acetylated Hyaluronate***, Tocopherol",Alissa Beauté Oxyglow Eye Gel,https://inkeedecoder.com/products/alissa-beaute-oxyglow-eye-gel
wrinkles,"Water/​Aqua/​Eau*, Hydroxyethylcellulose*, Angelica Archangelica Root Water**, Dimethyl Isosorbide*, Astaxanthin*, Ergothioneine, Oxycoccus Palustris (Arctic Cranberry) Seed Oil*, Rubus Chamaemorus (Arctic Cloudberry) Seed Oil*, Fullerenes, Propanediol*~",Natics C Booster Face Mist,https://inkeedecoder.com/products/natics-c-booster-face-mist
wrinkles,"Water, Ethylhexyl Methoxycinnamate, Niacinamide, Glycerin, Astaxanthin, Haematococcus Pluvialis Extract, Sodium Acetylated Hyaluronate, Sodium Hyaluronate, Sodium Hyaluronate Crosspolymer, Hydrolyzed Sodium Hyaluronate",Natics Peptide Max Super Filler,https://inkeedecoder.com/products/natics-peptide-max-super-filler
wrinkles,"Water, Glycerin, Carrageenan, Niacinamide, Butylene Glycol, Astaxanthin, Sodium Hyaluronate, Caffeine, Butyrospermum Parkii (Shea) Butter, Hydrolyzed Sodium Hyaluronate",Natics Peptide Super Booster Serum,https://inkeedecoder.com/products/natics-peptide-super-booster-serum
wrinkles,"Water (Aqua), Caprylic/​Capric Triglyceride, Helianthus Annuus (Sunflower) Seed Wax, Retinal, Bakuchiol, Astaxanthin, Totarol (Podocarpus Totara), Sodium Hyaluronate, Simmondsia Chinensis (Jojoba) Seed Oil, Prunus Amygdalus Dulcis (Sweet Almond) Oil",Pem Delian Meet The Expert - Multi-peptid+hyaluron Anti-aging Serum,https://inkeedecoder.com/products/pem-delian-meet-the-expert-multi-peptid-hyaluron-anti-aging-serum
wrinkles,"Aqua, Butylene Glycol, Acetyl Hexapeptide-8, Erythritol, Retinol, Astaxanthin, Salmon Egg (Salmon Ovum) Extract, Squalane, Propylene Glycol, Hydroxyacetophenone",Young Goose Youth Reset V2,https://inkeedecoder.com/products/young-goose-youth-reset-v2
wrinkles,"Water, Butylene Glycol, Glycerin, Polyglutamic Acid, Pseudoalteromonas Ferment Extract, Astaxanthin, Lactose, Carbomer, Triethanolamine, Methylparaben",the bath box Peptide Probiotic,https://inkeedecoder.com/products/the-bath-box-peptide-probiotic
wrinkles,"Teprenone, Marrubium Vulgare Extract, Palmitoyl Tripeptide-5, Palmitoyl Tripeptide-8, Tetrahexyldecyl Ascorbate, Glutathione, Astaxanthin, Thiotaine, Phospholipids, Ceramides",Menaji Anti-Aging Eraser,https://inkeedecoder.com/products/menaji-anti-aging-eraser
wrinkles,"Aqua, Glycerin, Sodium Ascorbyl Phosphate, Citrus Grandis Peel Oil, Tamarindus Indica Fruit Extract, Algae Extract, Astaxanthin, Trideceth-9, Phenoxyethanol, Xanthan Gum",Neogen White Truffle Serum In Oil Drop,https://inkeedecoder.com/products/neogen-white-truffle-serum-in-oil-drop
wrinkles,"Aqua, Alcohol Denat, Glycerin, Dimethicone, Octyldodecanol, Olea Europaea (Olive) Leaf Extract, Astaxanthin, Dimethiconol, Heamatococcus Pluvialis, Rosmarinus Officinalis Leaf Extract",POM POM Botox Filler Anti-Wrinkle Peptide Serum,https://inkeedecoder.com/products/pom-pom-botox-filler-anti-wrinkle-peptide-serum
wrinkles,"Water, Butylene Glycol, PEG/​PPG-17/​6 Copolymer, Aloe Barbadensis Leaf Extract, Betaine, Bis-PEG-18 Methyl Ether Dimethyl Silane, Astaxanthin (2.5 Ppm), Hydrolyzed Collagen, 1, 2-Hexanediol",Peter Thomas Roth Peptide Skinjection Amplified Wrinkle-fix Serum,https://inkeedecoder.com/products/peter-thomas-roth-peptide-skinjection-amplified-wrinkle-fix-serum
wrinkles,"Aqua, C15-19 Alkane, Propanediol, Dicaprylyl Ether, Pentylene Glycol, Pichia/​Resveratrol Ferment Extract, Astaxanthin, Tocotrienols, Hyaluronic Acid, Sodium Acetylated Hyaluronate",Peter Thomas Roth Peptide Skinjection Amplified Wrinkle-fix Serum,https://inkeedecoder.com/products/peter-thomas-roth-peptide-skinjection-amplified-wrinkle-fix-serum-2
wrinkles,"Water (Aqua), Sodium PCA, Bisabolol (Alpha), Coconut Endosperm, Porphyridium Extract, Fucoxanthin, Astaxanthin, Hydrolyzed Collagen, Hyaluronic Acid, Retinyl Acetate",Trulux Cell 2 Cell Day Cream,https://inkeedecoder.com/products/trulux-cell-2-cell-day-cream
wrinkles,"Chenopodium Quinoa Seed Extract, Butylene Glycol, Maltobionic Acid, Coenzyme Q10, Niacinamide, Dexpanthenol, Astaxanthin",Tulura Vitamin Peptide Serum,https://inkeedecoder.com/products/tulura-vitamin-peptide-serum
wrinkles,astaxanthin,Advanced Clinicals Peptide Serum,https://inkeedecoder.com/products/advanced-clinicals-peptide-serum-2
wrinkles,"Water, Pentapeptide-18, Acetyl Tetrapeptide-2, Syn®-Ake, Algae Extract, Pullulan, Hyaluronic Acid, Lactic Acid, Hydrolyzed Soy Protein, Acacia Senegal Gum",Advanced Clinicals Peptide Serum,https://inkeedecoder.com/products/advanced-clinicals-peptide-serum-3
wrinkles,"Aloe Barbadensis Leaf Water (50%), Glycerin, Niacinamide (Niacinamide Pc, 4%), Pentapeptide-18 (Leuphasyl®), Centella Asiatica Extract, Camellia Sinensis Leaf Extract, Chamomilla Recutita Flower Extract, Rosemary Extract, Scutellaria Baicalensis Root Extract",Beauty Pie Über Youth Complexion Overhaul Multi-Action Ampoules,https://inkeedecoder.com/products/beauty-pie-uber-youth-complexion-overhaul-multi-action-ampoules
wrinkles,"Aqua, Butylene Glycol, Betaine, Pentapeptide-18, Acetyl Hexapeptide-8, Palmitoyl Tripeptide-1, Palmitoyl Tetrapeptide-7, Palmitoyl Oligopeptide, Copper Tripeptide-1, Glycosaminoglycans",Elastalift 6x Concentrate Peptide+ Anti-wrinkle Serum,https://inkeedecoder.com/products/elastalift-6x-concentrate-peptide-anti-wrinkle-serum
wrinkles,"Aqua, Butylene Glycol, Betaine, Pentapeptide-18, Acetyl Hexapeptide-8, Palmitoyl Tripeptide-1, Palmitoyl Tetrapeptide-7, Palmitoyl Oligopeptide, Copper Tripeptide-1, Glycosaminoglycans",KisoCare Matrixyl 3000 + Argirelox Blended Serum,https://inkeedecoder.com/products/kisocare-matrixyl-3000-argirelox-blended-serum
wrinkles,"Chondrus Crispus (Seaweed) Extract, Purified Water (Aqua), Hyaluronic Acid, Acetyl Hexapeptide-8, Pentapeptide-18, Dipeptide Diaminobutyroyl Benzylamide Diacetate, Acetyl Glutamyl Heptapeptide-1, Palmitoyl Oligopeptide, Palmitoyl Tetrapeptide-7, Phenoxyethanol",Labcare Miscela Peptidica Serum Advance Ristrutturante Viso,https://inkeedecoder.com/products/labcare-miscela-peptidica-serum-advance-ristrutturante-viso
wrinkles,"Water, Glycerin, Phenoxyethanol, Acetyl Hexapeptide-8, Pentapeptide-18, Acetyl Octapeptide-3, Dipeptide Diaminobutyroyl Benzylamide Diacetate, Palmitoyl Tripeptide-1, Palmitoyl Tetrapeptide-7, Sodium Hyaluronate",Montarbo Skincare Lift Repair Peptide Cream,https://inkeedecoder.com/products/montarbo-skincare-lift-repair-peptide-cream
wrinkles,"Hydrolyzed Hyaluronic Acid, Sodium Hyaluronate, Glycerin, Water/​Aqua, Pentapeptide-18, Palmitoyl Tripeptide-5, Adenosine",Natics C20 Vitamin C + Peptide Serum,https://inkeedecoder.com/products/natics-c20-vitamin-c-peptide-serum
wrinkles,"Aqua (Water), Glycerin, Paraffinum Liquidum, Acetyl Octapeptide-3, Pentapeptide-18, Caprylyl Glycol, Hydrolyzed Soy Protein, Hydrolyzed Wheat Protein, Xanthan Gum, Tripeptide-1",Copper Peptide Professional Anti-Aging Serum Dr.Alva,https://inkeedecoder.com/products/dr-alva-copper-peptide-professional-anti-aging-serum
wrinkles,"Water, Glycerin, Lactococcus Ferment Lysate, Acetyl Hexapeptide-8, Pentapeptide-18, Palmitoyl Tripeptide-1, Palmitoyl Tetrapeptide-7, Palmitoyl Tripeptide-38, Dipeptide Diaminobutyroyl Benzylamide Diacetate, Acetylarginyltryptophyl Diphenylglycine",Emepelle Night Cream,https://inkeedecoder.com/products/emepelle-night-cream
wrinkles,"Aloe Barbadensis (Aloe Vera) Leaf Juice*, Prunus Amygdalus Dulcis (Sweet Almond) Oleosomes, Pseudoalteromonas Exopolysaccharides (Hyadisine), Pseudoalteromonas Ferment Extract (Antarcticine), Pentapeptide-18 (Leuphasyl), Acetyl Hexapeptide-8 (Argireline), Phospholipids, Glycine Soja (Soybean - Non Gmo) Oil, Glycolipids, Sterols",Emepelle Serum,https://inkeedecoder.com/products/emepelle-serum
wrinkles,"Aqua (Water), Glycerin, Lactococcus Ferment Lysate, Acetyl Hexapeptide-8, Pentapeptide-18, Palmitoyl Tripeptide-1, Palmitoyl Tetrapeptide-7, Dipeptide Diaminobutyroyl Benzylamide Diacetate, Sodium Hyaluronate Crosspolymer, Sodium Hyaluronate",Emepelle Eye Cream,https://inkeedecoder.com/products/emepelle-eye-cream
wrinkles,"Chondrus Crispus (Seaweed) Extract, Purified Water (Aqua), Hyaluronic Acid, Acetyl Hexapeptide-8, Pentapeptide-18, Dipeptide Diaminobutyroyl Benzylamide Diacetate, Acetyl Glutamyl Heptapeptide-1, Palmitoyl Oligopeptide, Palmitoyl Tetrapeptide-7, Phenoxyethanol",Ellementti Dermoscometicos Phytohormon - Time Reverse Id,https://inkeedecoder.com/products/ellementti-dermoscometicos-phytohormon-time-reverse-id
wrinkles,"Water/​Aqua/​Eau, Glycerin, Polysorbate 80, Palmitoyl Tripeptide-5, Pentapeptide-18, Palmitoyl Tetrapeptide-7, Palmitoyl Tripeptide-1, Dipeptide-2, Acetyl Hexapeptide-8, Acetyl Octapeptide-3",Paula's Choice Calm Soothing Toner For Normal To Dry Skin,https://inkeedecoder.com/products/paulas-choice-calm-redness-relief-toner-for-normal-to-dry-skin
wrinkles,"Copper Tripeptide-1, Lactococcus Ferment Lysate, Acetyl Hexapeptide-8, Palmitoyl Tripeptide-1, Pentapeptide-18, Palmitoyl Tetrapeptide-7, Palmitoyl Tripeptide-38, Dipeptide Diaminobutyroyl Benzylamide Diacetate, Acetylarginyltryptophyl Diphenylglycine, Sodium Hyaluronate",PuppySkincare The Repair Cream,https://inkeedecoder.com/products/puppyskincare-the-repair-cream
wrinkles,"Aqua (Water), Glycerin, Lactococcus Ferment Lysate, Acetyl Hexapeptide-8, Pentapeptide-18, Palmitoyl Tripeptide-1, Palmitoyl Tetrapeptide-7, Palmitoyl Tripeptide-38, Dipeptide Diaminobutyroyl Benzylamide Diacetate, Acetylarginyltryptophyl Diphenylglycine",Acnecinamide Gel Cream,https://inkeedecoder.com/products/acnecinamide-gel-cream
wrinkles,"Aqua (Water), Glycerin, Lactococcus Ferment Lysate, Acetyl Hexapeptide-8, Pentapeptide-18, Palmitoyl Tripeptide-1, Palmitoyl Tetrapeptide-7, Palmitoyl Tripeptide-38, Dipeptide Diaminobutyroyl Benzylamide Diacetate, Acetylarginyltryptophyl Diphenylglycine",AURIGA Flavonex Cream,https://inkeedecoder.com/products/auriga-flavonex-cream
wrinkles,"Aqua, Glycerin, Sodium Polystyrene Sulfonate, Acetyl Hexapeptide-8, Pentapeptide-18, Citric Acid, Caprylyl Glycol, Polyglyceryl-3 Stearate, Beheneth-5, Isopropyl Palmitate",Promoitalia Pink Intimate System,https://inkeedecoder.com/products/promoitalia-pink-intimate-system
wrinkles,"Water/​Aqua/​Eau, Glycerin, Chondrus Crispus Extract, Sodium Hyaluronate, Acetyl Hexapeptide-8, Pentapeptide-18, Dipeptide Diaminobutyroyl Benzylamide Diacetate, Acetyl Octapeptide-3, Palmitoyl Tripeptide-1, Palmitoyl Tetrapeptide-7",Dr. Zenovia Skincare 10% Benzoyl Peroxide Acne Cleanser,https://inkeedecoder.com/products/dr-zenovia-skincare-10-benzoyl-peroxide-acne-cleanser
wrinkles,"Aqua, Sodium Hyaluronate, Glycerin, Polysorbate 20, Acetyl Hexapeptide-8, Pentapeptide-18, Citric Acid, Caprylyl Glycol, Phenoxyethanol, Ethylhexylglycerin",Dr. Zenovia Skincare Aloe Vera Blemish Soothing Moisturizer,https://inkeedecoder.com/products/dr-zenovia-aloe-vera-blemish-soothing-moisturizer
wrinkles,"Water (Aqua), Glycerin, Chondrus Crispus (Seaweed) Extract, Sodium Hyaluronate, Acetyl Hexapeptide-8, Pentapeptide-18, Dipeptide Diaminobutyroyl Benzylamide Diacetate, Acetyl Octapeptide-3, Palmitoyl Tripeptide-1, Palmitoyl Tetrapeptide-7",Dr. Zenovia Skincare Hyaluronic Acid + Peptide Serum,https://inkeedecoder.com/products/dr-zenovia-hyaluronic-acid-peptide-serum
wrinkles,"Aqua, Propanediol, Glycerin, Polyglyceryl-4 Caprate, Acetyl Hexapeptide-8, Pentapeptide-18, Ammonium Acryloyldimethyltaurate/​VP Copolymer, Caprylyl Glycol, 1, 2-Hexanediol",Kmax Stimulating Hair Growth Therapy,https://inkeedecoder.com/products/kmax-stimulating-hair-growth-therapy
wrinkles,"Aqua (Water), Glycerin, Lactococcus Ferment Lysate, Copper Tripeptide-1, Acetyl Hexapeptide-8, Pentapeptide-18, Palmitoyl Tripeptide-1, Palmitoyl Tetrapeptide-7, Palmitoyl Tripeptide-38, Dipeptide Diaminobutyroyl Benzylamide Diacetate",Cala Total Revital Toner,https://inkeedecoder.com/products/cala-total-revital-toner
wrinkles,"Aqua, Sodium Hyaluronate, Butylene Glycol, Glycerin, Chondrus Crispus (Seaweed) Extract, Acetyl Hexapeptide-8, Pentapeptide-18, Dipeptide Diaminobutyroyl Benzylamide Diacetate, Acetyl Octapeptide-3, Palmitoyl Tripeptide-1",Dr. Zenovia Skincare 10% Glycolic Acne Control Peel Pads,https://inkeedecoder.com/products/dr-zenovia-skincare-10-glycolic-acne-control-peel-pads
wrinkles,"Human Adipose Derived Stem Cell Conditioned Media, Palmitoyl Tripeptide-5 (Syn-Coll), Acetyl Hexapeptide-8 (Argireline), Polysorbate 20, Acetyl Tetrapeptide-5 (Eyeseryl), Aloe Barbadensis (Aloe Vera) Leaf Juice, Pentapeptide-18, Caprylyl Glycol (Leuphasyl), Nannochloropsis Oculata Extract, Pullulan",VENeffect Anti-Aging Moisturizer Spf 15,https://inkeedecoder.com/products/veneffect-anti-aging-moisturizer-spf-15
wrinkles,"Sodium Hyaluronate, Ceramides, Caprooyl Tetrapeptide-3, Palmitoyl Oligopeptide, Palmitoyl Tetrapeptide-7(Matrixyl 3000), Acetyl Tetrapeptide-5, Pentapeptide-18, Poria Cocos Polysaccharide, Malus Domestica Fruit Cell Culture, Cichorium Intybus Root Oligosaccharides",Dr. Zenovia Skincare 10% Acne Control Peel Pads,https://inkeedecoder.com/products/dr-zenovia-10-acne-control-peel-pads
wrinkles,"*Aqua, *C13-15 Alkane, *Coconut/​Palm Kernel Alkanes, *Glycerin, Hdi/​Trimethylol Hexyllactone Crosspolymer, Polymethylsilsesquioxane, *Trehalose, *Pentapeptide-18, Urea, *Sodium Hyaluronate",Dr. Zenovia Skincare 5% Benzoyl Peroxide Acne Spot Treatment,https://inkeedecoder.com/products/dr-zenovia-skincare-5-benzoyl-peroxide-acne-spot-treatment
wrinkles,"Aqua, 3-0-Ethyl Ascorbic Acid, Panthenol, Caffeine, Hydrolyzed Sodium Hyaluronate, Glycerin, Acetyl Hexapeptide-8, Pentapeptide-18, Allantoin, Betaine",Paula's Choice Resist Anti-Aging Replenishing Toner,https://inkeedecoder.com/products/paulas-choice-resist-advanced-replenishing-toner
wrinkles,"Aqua, Glycerin, Butylene Glycol, Panthenol, Cucumis Sativus Fruit Water, Sodium Hyaluronate, Acetyl Hexapeptide-8, Pentapeptide-18, Caprylyl Glycol, Acetyl Hexapeptide-37",Regimen Lab Vitamin X,https://inkeedecoder.com/products/regimen-lab-vitamin-x-2
wrinkles,"Aqua, Glycerin, Panthenol, Cucumis Sativus Fruit Water, Sodium Hyaluronate, Allantoin, Acetyl Hexapeptide-8, Pentapeptide-18, Sodium PCA, Betaine",Regimen Lab Vitamin X Antioxidant Serum,https://inkeedecoder.com/products/regimen-lab-vitamin-x-antioxidant-serum
wrinkles,"Aqua, Glycerin, Propanediol, Sodium Hyaluronate, Palmitoyl Tripeptide-5, Polysorbate 20, Acetyl Hexapeptide-8, Pentapeptide-18, Palmitoyl Tripeptide-38, Palmitoyl Tripeptide-1",Paula's Choice Resist Weightless Advanced Repairing Toner,https://inkeedecoder.com/products/paulas-choice-resist-weightless-advanced-repairing-toner
wrinkles,"Water, Glycerin, Isoprene Glycol, Resveratrol, Spermidine (Celvio), Hydroxyethylcellulose, Palmitoyl Hexapeptide-12, Pentapeptide-18 (Leuphasyl), Magnesium Ascorbyl Phosphate, Hyaluronic Acid",Regimen Lab Vitamin X,https://inkeedecoder.com/products/regimen-lab-vitamin-x
wrinkles,"Water, Galactomyces Ferment Filtrate, Niacinamide, Glycerin, Lactococcus Ferment Lysate, Sodium Acrylates Copolymer, Biosaccharide Gum-1, Pentapeptide-18, Acetyl Hexapeptide-8, Oryza Sativa Extract",Paula's Choice Phytoestrogen Elasticity Renewal Body Treatment,https://inkeedecoder.com/products/paulas-choice-phytoestrogen-elasticity-renewal-body-treatment
wrinkles,"Water, Jojoba Seed Oil, Apricot Kernel Oil, Squalane, Hyaluronic Acid, Laureth-7, C13-14 Isoparaffin, Acetyl Hexapeptide-8, Pentapeptide-18, Dipeptide Diaminobutyroyl Benzylamide Diacetate",Dr. Zenovia Skincare Vitamin C Brightening Moisturizer Spf 30,https://inkeedecoder.com/products/dr-zenovia-vitamin-c-brightening-moisturizer-spf-30
wrinkles,"Water (Aqua), Niacinamide, Glycerin, Dipropylene Glycol, Sodium Silicate, Citric Acid, Adenosine, Acetyl Hexapeptide-8, Pentapeptide-18, Pseudoalteromonas Ferment Extract",2Sol Elixir Propolis Serum,https://inkeedecoder.com/products/2sol-elixir-propolis-serum
wrinkles,"Aqua, Propanediol, Glycerin, Sodium Hyaluronate, Caprylyl Glycol, Xanthan Gum, Phenoxyethanol, Acetyl Hexapeptide-8, Pentapeptide-18, Ethylhexylglycerin",Dr. Zenovia Skincare Bakuchiol Hydrating Cleanser,https://inkeedecoder.com/products/dr-zenovia-bakuchiol-hydrating-cleanser
wrinkles,"Water/​Aqua/​Eau, Dimethicone, Squalane, Butylene Glycol, Glycerin, Saccharomyces Lysate, Polysilicone-11, Acetyl Hexapeptide-8, Pentapeptide-18, N-Prolyl Palmitoyl Tripeptide-56 Acetate",Paula's Choice 10% Niacinamide Booster,https://inkeedecoder.com/products/paulas-choice-10-niacinamide-booster
wrinkles,"Water/​Aqua/​Eau, Dimethicone, Squalane, Butylene Glycol, Glycerin, Polysilicone-11, Silica, Acetyl Hexapeptide-8, Pentapeptide-18, N-Prolyl Palmitoyl Tripeptide-56 Acetate",Paula's Choice 10% Niacinamide Booster,https://inkeedecoder.com/products/paulas-choice-resist-10-niacinamide-booster
wrinkles,"Aqua/​Water/​Eau, Glycerin, Ethylhexyl Olivate, Coco-Caprylate, Behenyl Alcohol, Saccharide Isomerate, Glyceryl Stearate, Butylene Glycol, Pentapeptide-18, Acetyl Hexapeptide-49",Paula's Choice Phytoestrogen Elasticity Renewal Serum,https://inkeedecoder.com/products/paulas-choice-phytoestrogen-elasticity-renewal-serum
wrinkles,"Nelumbo Nucifera Flower Juice, Glycerin, Citrus Aurantium Dulcis Juice, Hyaluronic Acid, Palmitoyl Tripeptide-8, Acetyl Tetrapeptide-40, Sodium Ascorbyl Phosphate, Acetyl Hexapeptide-8, Pentapeptide-18, Citrus Reticulata Fruit Extract",Alphascience Surface [cr],https://inkeedecoder.com/products/alphascience-surface-cr
wrinkles,"Water (Aqua), Glycerin, Pyrus Malus (Apple) Fruit Extract, PEG-12 Dimethicone, Aloe Barbadensis Leaf Juice, Sodium Hyaluronate, Acetyl Hexapeptide-8, Palmitoyl Tripeptide-1, Palmitoyl Tetrapeptide-7, Pentapeptide-18",Dr. Zenovia Skincare Retinol Recovery Eye Cream,https://inkeedecoder.com/products/dr-zenovia-retinol-recovery-eye-cream
wrinkles,"Water (Aqua), Glycerin, Pyrus Malus (Apple) Fruit Extract, PEG-12 Dimethicone, Aloe Barbadensis Leaf Juice, Sodium Hyaluronate, Acetyl Hexapeptide-8, Palmitoyl Tripeptide-1, Palmitoyl Tetrapeptide-7, Pentapeptide-18",Interfarmac s.r.l. Evìta Sun Spf 50+,https://inkeedecoder.com/products/interfarmac-s-r-l-evita-sun-spf-50
wrinkles,"Aqua (Water), PEG-35 Castor Oil, Ascorbic Acid, Glycerin, Retinyl Palmitate, Caprylyl Glycol, Tocopherol, Acetyl Hexapeptide-8, Acetyl Octapeptide-3, Pentapeptide-18",SKINMADE Niacinamide + Allantoin Serum,https://inkeedecoder.com/products/skinmade-niacinamide-allantoin-serum
wrinkles,"Water (Aqua), Glycerin, Pyrus Malus (Apple) Fruit Extract, PEG-12 Dimethicone, Aloe Barbadensis Leaf Juice, Sodium Hyaluronate, Acetyl Hexapeptide-8, Palmitoyl Tripeptide-1, Palmitoyl Tetrapeptide-7, Pentapeptide-18",Dr. Zenovia Skincare Inflam-aging Night Repair Treatment,https://inkeedecoder.com/products/dr-zenovia-skincare-inflam-aging-night-repair-treatment
wrinkles,"Water, Propanediol, Pentylene Glycol, Glycerin, Butylene Glycol, Sodium Ascorbyl Phosphate, Palmitoyl Tetrapeptide-7, Palmitoyl Tripeptide-1, Acetyl Hexapeptide-8, Pentapeptide-18",One Skin Body Topical Supplement,https://inkeedecoder.com/products/one-skin-body-topical-supplement
wrinkles,"Aqua, Glycerin, Propanediol, Pentylene Glycol, Cetearyl Isononanoate, Acetyl Tetrapeptide-15, Acetyl Tetrapeptide-9, Acetyl Hexapeptide-8, Lauroyl Lysine, Pentapeptide-18",Dr. Zenovia Skincare Peptide And Ceramide Repairing Moisturizer,https://inkeedecoder.com/products/dr-zenovia-peptide-and-ceramide-repairing-moisturizer
wrinkles,"Purified Water (Aqua), Simmondsia Chinensis (Jojoba) Seed Oil, Squalane, Prunus Armeniaca (Apricot) Kernel Oil, Hyaluronic Acid (1%), Laureth-7, C13-14 Isoparaffin, Polyacrylamide, Acetyl Hexapeptide-8, Pentapeptide-18",Alphascience Ultra Deep,https://inkeedecoder.com/products/alphascience-ultra-deep
wrinkles,"Aqua, L Ascorbic Acid, Citrus Limonum Peel Water, Glycerin, Panthenol, Caffeine, Sodium Hyaluronate, Allantoin, Acetyl Hexapeptide-8, Pentapeptide-18",Dr. Ram Silfen Multi Dimensional Platinum Eye Serum,https://inkeedecoder.com/products/dr-ram-silfen-multi-dimensional-platinum-eye-serum
wrinkles,pentapeptide-18,huangjisoo Pure Daily Foaming Cleanser: Brightening,https://inkeedecoder.com/products/huangjisoo-pure-daily-foaming-cleanser-brightening
wrinkles,"Aqua, Dipropylene Glycol, Niacinamide 3.0%, Pentylene Glycol, Silanediol Salicylate, Copper Tripeptide-1 0.2%, Sodium Hyaluronate, Hydrolyzed Sodium Hyaluronate, Panthenol, 1",Zo skin health Brightenex™ 0.5% Retinol,https://inkeedecoder.com/products/zo-skin-health-brightenex-tm-0-5-retinol
wrinkles,"Water (Aqua), Niacinamide, Dimethyl Isosorbide, Butylene Glycol, Caprylic/​Capric Triglyceride, Butyrospermum Parkii (Shea) Butter, Glycerin, Methyl Estradiolpropanoate, Cetearyl Alcohol, Octyldodecyl Myristate",DRMTLGY Hydra-fader,https://inkeedecoder.com/products/drmtlgy-hydra-fader
wrinkles,"Water (Aqua), Dimethyl Isosorbide, Niacinamide, Butylene Glycol, 3-O-Ethyl Ascorbic Acid, Glycereth-26, Hydroxyethyl Acrylate/​Sodium Acryloyldimethyl Taurate Copolymer, Methyl Estradiolpropanoate, Superoxide Dismutase, Glyceryl Caprate",Evershine Bright Day Cream,https://inkeedecoder.com/products/evershine-bright-day-cream
wrinkles,"Water (Aqua), Caprylic/​Capric Triglyceride, Cetearyl Alcohol, Glycerin, Dimethyl Isosorbide, Stearyl Alcohol, Sodium Hyaluronate, Acetyl Hexapeptide-8, Mangifera Indica (Mango) Seed Butter, Methyl Estradiolpropanoate",SKINMADE Niacinamide + Allantoin Serum,https://inkeedecoder.com/products/skinmade-niacinamide-allantoin-serum-2
wrinkles,"Aqua, Propanediol, Panthenol, Genistein, Iris Florentina Root Extract, Butylene Glycol, Glycerin, Cassia Angustifolia Seed Polysaccharide, Lecithin, Thymus Vulgaris Flower/​Leaf Extract",Helia-D Professional Tens'up Lifting Cream,https://inkeedecoder.com/products/helia-d-professional-tensup-lifting-cream
wrinkles,"Water, Glycerin, Cyclopentasiloxane, Glycereth-26, Allantoin, Genistein, Carnosine, Dipotassium Glycyrrhizate, Epigallocatechin Gallate, Glycyrrhiza Glabra Root Extract",Helia-D Professional Vitamin C Lifting And Radiance Face Cream,https://inkeedecoder.com/products/helia-d-professional-vitamin-c-lifting-and-radiance-face-cream
wrinkles,"Water, Butyrospermum Parkii (Shea Butter), Lactobacillus/​Nereocystis Luetkeana Ferment Filtrate, Saccharide Isomerate, Glycerin, Genistein, Cetearyl Alcohol, Oryza Sativa Bran Oil, Caprylic/​Capric, Palmitic/​Stearic Triglyceride",Cremorlab Hydra Balancing Toner,https://inkeedecoder.com/products/cremorlab-hydra-balancing-toner
wrinkles,"Aqua, Oenothera Biennis (Evening Primrose) Oil, Niacinamide (Vitamin B3), Urea, Glyceryl Stearate SE, Panthenol (Vitamin B5), Genistein, Dicaprylyl Carbonate, Caprylic/​Capric Triglyceride, Cyclomethicone",StriVectin Oleic Rapid Recovery Milk,https://inkeedecoder.com/products/strivectin-oleic-rapid-recovery-milk
wrinkles,"Aqua, Alcohol, Caprylic/​Capric Triglyceride, Paraffinum Liquidum, Isostearyl Isostearate, Glycerin, Ethoxydiglycol, Genistein, Sodium Acrylate/​Sodium Acryloyldimethyl Taurate Copolymer, Polyisobutene",StriVectin Double Fix™ For Lips Plumping & Vertical Line Treatment,https://inkeedecoder.com/products/strivectin-double-fix-tm-for-lips-plumping-vertical-line-treatment
wrinkles,"Aqua, Chloroacetic Acid, Propylene Glycol, Kojic Acid, Xanthan Gum, Urea Peroxide, Papain, Genistein, Bisabolol, Glycyrrhiza Glabra Root Extract",DEMAR3 Rem-Rose 25 Shield Crème,https://inkeedecoder.com/products/demar3-rem-rose-25-shield-creme
