problem,ingredient,product name,product link
acne,"Aqua, Caprylic/​Capric Triglyceride, Decyl Oleate, Polyglyceryl-3 Methylglucose Distearate, Glycerin, Cetearyl Alcohol, Glyceryl Stearate SE, Olea Europaea Husk Oil, Cera Alba, Aminobutyric Acid, Cocos Nucifera Oil, Simmondsia Chinensis Seed Oil, Olea Europaea Fruit Oil, Acetylneuraminic Acid, Panthenol, Hydrolyzed Glycosaminoglycans, Hyaluronic Acid, Alcohol, Tocopherol, Ascorbyl Palmitate, Ascorbic Acid, Citric Acid, Xanthan Gum, Acrylates/​C10-30 Alkyl Acrylate Crosspolymer, Sodium Hydroxide, Phenoxyethanol, Ethylhexylglycerin, Parfum, Benzyl Salicylate, Coumarin, Hydroxycitronellal, Linalool",Arkana Neuro Gaba And Nano Cream,https://inkeedecoder.com/products/arkana-neuro-gaba-and-nano-cream
acne,"Water, Glycerin, Butylene Glycol, 1,2-Hexanediol, Hydroxyacetophenone, Carbomer, Arginine, Erythritol, Ethylhexylglycerin, Polyglyceryl-10 Laurate, Adenosine, Disodium EDTA, Dipotassium Glycyrrhizate, Dipropylene Glycol, Sodium Hyaluronate, Allium Cepa (Onion) Bulb Extract, Hydrolyzed Gardenia Florida Extract, Maltodextrin, Ascorbic Acid, Acetylneuraminic Acid, Niacinamide, Nicotinamide Mononucleotide, Panthenol, Tocopherol, Tranexamic Acid, Centella Asiatica Leaf Extract, Dimethylsilanol Hyaluronate, Hyaluronic Acid, Hydrolyzed Hyaluronic Acid, Hydrolyzed Sodium Hyaluronate, Potassium Hyaluronate, Hydroxypropyltrimonium Hyaluronate, Sodium Hyaluronate Crosspolymer, Copper Tripeptide-1, Sodium Hyaluronate Dimethylsilanol, Sodium Acetylated Hyaluronate",Isntree Onion Newpair Soothing Mask,https://inkeedecoder.com/products/isntree-onion-newpair-soothing-mask
acne,"Adapalene 0.1%, Carbomer Homopolymer, Edetate Disodium, Methylparaben, Poloxamer 182, Propylene Glycol, Purified Water, Sodium Hydroxide","0.1% | Effaclar Adapalene Gel 0.1% Acne Treatment
        

            La Roche-Posay",https://inkeedecoder.com/products/la-roche-posay-effaclar-adapalene-gel-0-1-acne-treatment
acne,"Water, Azelaic Acid 20.0%, Ascorbic Acid, Tocopherol, Collagen, Ubiquinone, Carbomer, Squalane, Centella Asiatica Extract, Curcuma Longa Root Extract, Glycolic Acid, Sodium Hydroxide, EDTA, Potassium Sorbate","20.0% | Azelaic Acid
        

            Derma Forte",https://inkeedecoder.com/products/derma-forte-azelaic-acid
acne,"Aqua, Propylene Glycol, Azelaic Acid 15.0%, Tetrahydroxypropyl Ethylenediamine, Potassium Azeloyl Diglycinate 5.0%, Polyacrylate Crosspolymer-6, Salicylic Acid 2.0%, Lactobionic Acid, Bisabolol, Gluconolactone, Arginine, Quaternium-73, Dipotassium Glycyrrhizate, 1,2-Hexanediol, Isopentyldiol, O- Cymen-5-Ol, Hydroxyacetophenone","15.0% | Azelaic Acid Control Facial Acne Gel
        

            Aisuanis",https://inkeedecoder.com/products/aisuanis-empowerment-azelaic-acid-control-facial-acne-gel
acne,"Aqua, Dipropylene Glycol, Cyclopentasiloxane, Azelaic Acid 10.0%, Lauryl PEG-9 Polydimethylsiloxyethyl Dimethicone, Dimethicone, Phenyl Trimethicone, Polyglyceryl-4 Isostearate, Sodium Hydroxide, Squalane, Salicylic Acid 1.0%, Mandelic Acid, Potassium Azeloyl Diglycinate, Panthenol, Niacinamide, Stephania Tetrandra Extract, Beta-Sitosterol, Arginine, Tremella Fuciformis (Mushroom) Extract, Butylene Glycol, Sodium Hyaluronate, Magnesium Stearate, Hydroxyacetophenone, 1,2-Hexanediol, Quaternium-73, Pentylene Glycol, Hydroxyphenyl Propamidobenzoic Acid","10.0% | Empowerment Azelaic Acid Sebamed Clear Face Facial Cream
        

            Aisuanis",https://inkeedecoder.com/products/aisuanis-empowerment-azelaic-acid-sebamed-clear-face-facial-cream
acne,"Aqua (Water), Propylene Glycol, Azelaic Acid 10.0%, Caprylic/​Capric Triglyceride, Stearyl Alcohol, Betaine, Glycerin, Ceteareth-20, Allantoin, Polyacrylate Crosspolymer-6, Disodium EDTA, Methylparaben","10.0% | Professional 10% Azelaic Acid Face Serum
        

            Bielenda",https://inkeedecoder.com/products/bielenda-professional-10-azaleic-acid-face-serum
acne,"Aloe Barbadensis Leaf Extract, Propylene Glycol, Azelaic Acid 10.0%, Polysorbate 20, 1,2-Hexanediol, Propanediol, Panthenol, Niacinamide, Sodium Hyaluronate 0.2%, Hamamelis Virginiana (Witch Hazel) Leaf Extract, Rosmarinus Officinalis (Rosemary) Extract, Eucalyptus Globulus Leaf Extract, Thymus Vulgaris (Thyme) Extract, Aspalathus Linearis Extract","10.0% | Azelaic Acid 10% Serum
        

            Cos De BAHA",https://inkeedecoder.com/products/cos-de-baha-azelaic-acid-10-serum
acne,"Aqua (Water), Azelaic Acid 10.0%, Caprylic/​Capric Triglyceride, Niacinamide 5.0%, Dicaprylyl Carbonate, Ascorbyl Glucoside 2.0%, Cetearyl Alcohol, Glycerin, Glyceryl Stearate SE, Cetearyl Olivate, Bakuchiol 1.0%, Sorbitan Olivate, Benzyl Alcohol, Xanthan Gum, Phenoxyethanol, Sodium Hydroxide, Disodium EDTA, Dehydroacetic Acid","10.0% | Flawless Brightly Serum
        

            Dr Sam Bunting",https://inkeedecoder.com/products/dr-sam-bunting-flawless-brightly-serum
acne,"Aqua (Water), Isodecyl Neopentanoate, Dimethicone, Azelaic Acid 10.0%, Dimethicone/​Bis-Isobutyl PPG-20 Crosspolymer, Dimethyl Isosorbide, Hydroxyethyl Acrylate/​Sodium Acryloyldimethyl Taurate Copolymer, Polysilicone-11, Isohexadecane, Tocopherol, Trisodium Ethylenediamine Disuccinate, Isoceteth-20, Polysorbate 60, Triethanolamine, Ethoxydiglycol, Phenoxyethanol, Chlorphenesin","10.0% | Azelaic Acid Suspension 10%
        

            The Ordinary",https://inkeedecoder.com/products/the-ordinary-azelaic-acid-suspension-10
acne,"Aqua (Water), Propylene Glycol, Ammonium Polyacryloyldimethyl Taurate, Azelaic Acid 5.0%, Squalane 5.0%, Salicylic Acid 2.0%, Glyceryl Stearate, Disodium EDTA, PEG-100 Stearate, Sodium Hydroxide, Bakuchiol 0.5%","5.0% | Flawless Neutralising Gel
        

            Dr. Sam Bunting Skincare",https://inkeedecoder.com/products/dr-sam-bunting-skincare-flawless-neutralising-gel
acne,"Aqua (Water/​Eau), Butylene Glycol, Niacinamide 10.0%, Azelaic Acid 5.0%, Dicaprylyl Carbonate, Glycerin, Ethoxydiglycol, Cetearyl Alcohol, Dimethyl Isosorbide, Bakuchiol 1.0%, Tapioca Starch, Benzyl Alcohol, Allantoin, Sodium Stearoyl Glutamate, Xanthan Gum, Phenoxyethanol, Hydroxypinacolone Retinoate 0.2%, Disodium EDTA, Dehydroacetic Acid, Polymethylsilsesquioxane","5.0% | Flawless Nightly Serum
        

            Dr. Sam Bunting Skincare",https://inkeedecoder.com/products/dr-sam-bunting-skincare-flawless-nightly-serum
acne,"Benzoyl Peroxide 5.0%, Water (Aqua), Propylene Glycol (Hydration/​Penetration Enhancer), Bisabolol, Allantoin (Skin-Soothing), Acrylates/​ C10- 30 Alkyl Acrylate Crosspolymer (Texture-Enhancing), Hydroxyethylcellulose (Texture-Enhancing), Sodium Citrate (Stabilizer), Laureth-4 (Stabilizer), Caprylyl Glycol, Hexylene Glycol (Preservatives), Sodium Hydroxide (Ph Adjuster), Disodium EDTA (Stabilizer), Phenoxyethanol (Preservative)","5.0% | Clear Extra Strength Daily Skin Clearing Treatment With 5% Benzoyl Peroxide
        

            Paula's Choice",https://inkeedecoder.com/products/paulas-choice-clear-extra-strength-daily-skin-clearing-treatment-with-5-benzoyl-peroxide
acne,"Benzoyl Peroxide 4.0%, Water, Glycerin, Propylene Glycol, Cocamidopropyl Hydroxysultaine, Sodium C14-16 Olefin Sulfonate, Xanthan Gum, Potassium Hydroxide, Ceramide NP, Ceramide AP, Ceramide EOP, Carbomer, Niacinamide, Glycolic Acid, Sodium Chloride, Sodium Citrate, Sodium Hyaluronate, Sodium Lauroyl Lactylate, Sodium Hydroxide, Cholesterol, Phenoxyethanol, Propanediol, Citric Acid, Tetrasodium EDTA, Diethylhexyl Sodium Sulfosuccinate, Phytosphingosine, Ethylhexylglycerin, Benzoic Acid","4.0% | Acne Foaming Cleanser
        

            CeraVe",https://inkeedecoder.com/products/cerave-acne-foaming-cleanser
acne,"Benzoyl Peroxide 3.5%, Bentonite, Benzyl Alcohol, Citric Acid, Disodium EDTA, Glycerin, Kaolin, Menthol, Parfum, Sodium Citrate, Sodium Hydroxide, Sodium Methyl Cocoyl Taurate, Titanium Dioxide, Water (Eau), Xanthan Gum","3.5% | Rapid Clear Stubborn Acne Cleanser
        

            Neutrogena",https://inkeedecoder.com/products/neutrogena-rapid-clear-stubborn-acne-cleanser
acne,"Benzoyl Peroxide 2.5%, Water, Butylene Glycol, Carbomer, Potassium Sorbate, Phenoxyethanol, Diazolidinyl Urea, Sodium Hydroxide","2.5% | Treatment (2.5% Benzoyl Peroxide)
        

            Acne.org",https://inkeedecoder.com/products/acne-org-treatment-2-5-benzoyl-peroxide
acne,"Benzoyl Peroxide 2.5%, Water (Aqua), Propylene Glycol, Bisabolol, Allantoin, Acrylates/​C10-30 Alkyl Acrylate Crosspolymer, Hydroxyethylcellulose, Sodium Citrate, Laureth-4, Caprylyl Glycol, Hexylene Glycol, Sodium Hydroxide, Disodium EDTA, Phenoxyethanol","2.5% | Clear Regular Strength Daily Skin Clearing Treatment With 2.5% Benzoyl Peroxide
        

            Paula's Choice",https://inkeedecoder.com/products/paulas-choice-clear-regular-strength-daily-skin-clearing-treatment-with-2-5-benzoyl-peroxide
acne,"Water/​Aqua/​Eau, Coconut Alkanes, Ammonium Acryloyldimethyltaurate/​Vp Copolymer, Glycerin, Pentylene Glycol, Sclerocarya Birrea Seed Oil, Wheat Amino Acids, Ananas Sativus (Pineapple) Fruit Extract, Berberis Vulgaris Root Extract, Citrullus Lanatus (Watermelon) Fruit Extract, Lens Esculenta (Lentil) Fruit Extract, Pyrus Malus (Apple) Fruit Extract, Coco-Caprylate/​Caprate, Panthenol, Sodium Pca, Sodium Hyaluronate Crosspolymer, Dipotassium Glycyrrhizate, Niacinamide, Cyclodextrin, Sodium Hyaluronate, Sodium Lactate, Phenoxyethanol, Hydroxyproline, Trisodium Ethylenediamine Disuccinate, Citric Acid, Caprylyl Glycol, Chlorphenesin, Ethylhexylglycerin",Drunk Elephant B-Hydra Intensive Hydration Serum,https://inkeedecoder.com/products/drunk-elephant-b-hydra-intensive-hydration-serum
acne,"Water/​Aqua/​Eau, Coconut Alkanes, Ammonium Acryloyldimethyltaurate/​VP Copolymer, Glycerin, Pentylene Glycol, Sclerocarya Birrea Seed Oil, Wheat Amino Acids, Ananas Sativus (Pineapple) Fruit Extract, Berberis Vulgaris Root Extract, Citrullus Lanatus (Watermelon) Fruit Extract, Lens Esculenta (Lentil) Fruit Extract, Pyrus Malus (Apple) Fruit Extract, Coco-Caprylate/​Caprate, Panthenol, Sodium PCA, Sodium Hyaluronate Crosspolymer, Dipotassium Glycyrrhizate, Niacinamide, Cyclodextrin, Sodium Hyaluronate, Sodium Lactate, Phenoxyethanol, Sodium Benzoate, Hydroxyproline, Trisodium Ethylenediamine Disuccinate, Citric Acid, Caprylyl Glycol, Chlorphenesin, Potassium Sorbate, Ethylhexylglycerin",Drunk Elephant B-hydra™ Intensive Hydration Serum,https://inkeedecoder.com/products/drunk-elephant-b-hydra-tm-intensive-hydration-serum-2
acne,"Water, Propanediol, Butylene Glycol, Cocamidopropyl Dimethylamine, Polysorbate 20, Sodium Hyaluronate, Lactic Acid, Glycerin, Berberis Vulgaris (Barberry) Root Extract, Methyl Gluceth-20, Allantoin, Panthenol, Disodium EDTA, Phenoxyethanol, Caprylyl Glycol",Pretty Privates Premium Back Acne Spray,https://inkeedecoder.com/products/pretty-privates-premium-back-acne-spray
acne,"Aqua, Propylheptyl Caprylate, Isoamyl Laurate, Isoamyl Cocoate, Butylene Glycol, Morus Nigra Fruit Extract, Lycium Chinense Fruit Extract, Fragaria Chiloensis (Strawberry) Fruit Extract, Berberis Vulgaris Root Extract, Glycerin, Trehalose, Urea, Serine, Pentylene Glycol, Glyceryl Polyacrylate, Algin, Caprylyl Glycol, Sodium Hyaluronate, Pullulan, Dipropylene Glycol, Ethylhexylglycerin, Caprylhydroxamic Acid, Ammonium Acryloyldimethyltaurate/​VP Copolymer, Squalane (Olive), Lecithin, Helianthus Annuus (Sunflower) Seed Oil, Ascorbyl Palmitate, Tocopherol, Caprylic/​Capric Triglyceride, Copernicia Cerifera (Carnauba) Wax, Decyl Glucoside, Sodium Stearoyl Glutamate, Parfum, Disodium Phosphate, Potassium Phosphate, Alpha-Isomethyl Ionone, Benzyl Salicylate, Limonene, Hydroxycitronellal",Sane Hyaluronic Acid + Vitamin C + E,https://inkeedecoder.com/products/sane-hyaluronic-acid-vitamin-c-e
acne,"Aqua, Rosa Damascena Extract, Rosa Centifolia Extract, Rosa Damascena Flower Water, Glycerin, Pelargonium Graveolens Flower Oil, Pyrus Malus Fruit Extract, Morus Nigra Fruit Extract, Lycium Chinense Fruit Extract, Fragaria Chiloensis Fruit Extract, Berberis Vulgaris Root Extract, Camellia Japonica Flower Extract, Aloe Barbadensis Leaf Extract, Fructan, Tocopherol, Triticum Vulgare (Wheat) Bran Extract",CoNatural Rose Face Gel,https://inkeedecoder.com/products/conatural-rose-face-gel
acne,"Aqua, Dipropylene Glycol, Butylene Glycol, Polysorbate 20, Pentylene Glycol, Salicylic Acid, Panthenol, Sodium Hyaluronate, Dipotassium Glycyrrhizate, Glycyrrhiza Glabra (Licorice) Root Extract, Berberis Vulgaris (Barberry) Root Extract, Lauric Acid, Allantoin, Glycerin, PEG/​PPG-17/​6 Copolymer, Methyl Gluceth-20, Glycereth-26, Sodium Hydroxide, Sodium Metabisulfite, Disodium EDTA, Potassium Sorbate",Paula's Choice Clear Exfoliating Body Spray,https://inkeedecoder.com/products/paulas-choice-clear-exfoliating-body-spray
acne,"Aqua, Glycerin, Niacinamide, Trehalose, Pentylene Glycol, Algin, Butylene Glycol, Morus Nigra Fruit Extract, Lycium Chinense Fruit Extract, Fragaria Chiloensis Fruit Extract, Berberis Vulgaris Root Extract, Caprylyl Glycol, Sodium Hyaluronate, Caprylic/​Capric Triglyceride, Copernicia Cerifera (Carnauba) Wax, Pullulan, Urea, Serine, Xanthan Gum, Glyceryl Polyacrylate, Sorbitan Oleate Decylglucoside Crosspolymer, Phenoxyethanol, Ethylhexylglyceryl Behenate, Parfum, Disodium Phosphate, Potassium Phosphate, Alpha-Isomethyl Ionone, Benzyl Salicylate, Limonene, Hydroxycitronellal",Sane Niacinamide 7% Anti-pollution Face Serum,https://inkeedecoder.com/products/sane-niacinamide-7-anti-pollution-face-serum
acne,"Aqua, Glycerin, Niacinamide, Trehalose, Pentylene Glycol, Algin, Butylene Glycol, Morus Nigra Fruit Extract, Lycium Chinense Fruit Extract, Fragaria Chiloensis (Strawberry) Fruit Extract, Berberis Vulgaris Root Extract, Caprylyl Glycol, Sodium Hyaluronate, Caprylic/​Capric Triglyceride, Copernicia Cerifera (Carnauba) Wax, Pullulan, Urea, Serine, Xanthan Gum, Glyceryl Polyacrylate, Decyl Glucoside, Phenoxyethanol, Ethylhexylglycerin, Parfum, Disodium Phosphate, Potassium Phosphate, Alpha-Isomethyl Ionone, Benzyl Salicylate, Limonene, Hydroxycitronellal",Sane Сыворотка Для Лица Против Токсинов Sane С Ниацинамидом,https://inkeedecoder.com/products/sane-syvorotka-dlia-litsa-protiv-toksinov-sane-s-niatsinamidom
acne,"Sea Silt Extract, Water (Aqua), Propanediol, Glyceryl Oleate Citrate, Octyldodecanol, Glycerin, Hydrogenated Coco-Glycerides, Squalane, Pearl Powder, Beta-Glucan, Palmitoyl Tripeptide-1, Sr-Hydrozoan Polypeptide-1, Berberis Vulgaris Root Extract, Acer Saccharum (Sugar Maple) Extract, Boswellia Carterii Oil, Gluconolactone, Vaccinium Myrtillus Fruit Extract, Sea Water (Maris Aqua), Citrus Aurantium Bergamia (Bergamot) Peel Oil, Citrus Aurantium Dulcis (Orange) Fruit Extract, Citrus Limon (Lemon) Fruit Extract, Hydroxyethylcellulose, Lecithin, Panthenol, Pelvetia Canaliculata Extract, Pentylene Glycol, Potassium Sorbate, Saccharum Officinarum (Sugar Cane) Extract, Sodium Acrylates Copolymer, Sodium Benzoate, Sodium Hydroxide, Sodium Phytate, Benzyl Alcohol, Calcium Gluconate, Caprylyl Glycol, Citric Acid, Dehydroacetic Acid, Disodium Phosphate, Hydroxyacetophenone, Sodium Citrate, Sodium Phosphate, Limonene, Linalool",MARA Beauty Pearl Peptide Glaze Facial Essence,https://inkeedecoder.com/products/mara-beauty-pearl-peptide-glaze-facial-essence
acne,"Aqua, Zinc Oxide, Cyclohexasiloxane, Butyloctyl Salicylate, Propanediol, Propylheptyl Caprylate, Dicaprylyl Carbonate, Isododecane, Polyglyceryl-3 Polydimethylsiloxyethyl Dimethicone, Caprylyl Methicone, Methyl Methacrylate Crosspolymer, Phyllanthus Emblica (Indian Gooseberry) Fruit Extract (100,00Ppb), Morus Nigra (Mulberry) Fruit Extract, Lycium Chinense (Goji Berry) Fruit Extract, Berberis Vulgaris (Barberry) Root Extract, Fragaria Chiloensis (Strawberry) Fruit Extract, Olea Europaea (Olive) Fruit Oil, Sodium Hyaluronate, Abies Sibirica Oil, Rosmarinus Officinalis Leaf Oil, Salvia Sclarea Oil, Anthemis Nobilis Flower Oil, Juniperus Mexicana Oil, Chamomilla Recutita (Matricaria) Flower Oil, Disteardimonium Hectorite, Magnesium Sulfate, Triethoxycaprylylsilane, 1,2-Hexanediol, Polyglyceryl-2 Dipolyhydroxystearate, Polymethylsilsesquioxane, Lauryl Polyglyceryl-3 Polydimethylsiloxyethyl Dimethicone, Glyceryl Caprylate, Caprylyl Glycol, Ethylhexylglycerin, Butylene Glycol, Tocopherol",Skinfood Berry Soothing Sun Cream,https://inkeedecoder.com/products/skinfood-berry-soothing-sun-cream
acne,"Purified Water, Dibutyl Adipate, Propanediol, Ethylhexyl Triazone, Terephthalylidene Dicamphor Sulfonic Acid, Polyglyceryl-3 Distearate, Niacinamide, Tromethamine, Cetearyl Alcohol, 1,2-Hexanediol, Diethylamino Hydroxybenzoyl Hexyl Benzoate, Vaccinium Macrocarpon Extract (10,000 Ppm), Pentylene Glycol, Polysilicone-15, Morus Nigra Fruit Extract, Goji Berry Extract, Berberis Vulgaris Root Extract, Fragaria Chiloensis Extract (25 Ppb), Olive Oil, Abies Sibirica Oil, Rosemary Leaf Oil, Salvia Sclarea Oil, Chamomile Flower Oil, Juniperus Mexicana Oil, Chamomilla Recutita Flower Oil, Sodium Polyacryloyldimethyl Taurate, Glyceryl Stearate, Bis-Ethylhexyloxyphenol Methoxyphenyl Triazine, Potassium Cetyl Phosphate, Glycerin, Glyceryl Stearate Citrate, Inulin Lauryl Carbamate, Ammonium Acryloyldimethyltaurate/​VP Copolymer, Ethylhexylglycerin, Adenosine, Butylene Glycol",Skinfood Berry Moisturizing Sun Cream,https://inkeedecoder.com/products/skinfood-berry-moisturizing-sun-cream
acne,"Aqua, Dibutyl Adipate, Propanediol, Ethylhexyl Triazone, Terephthalylidene Dicamphor Sulfonic Acid, Polyglyceryl-3 Distearate, Niacinamide, Tromethamine, Cetearyl Alcohol, 1,2-Hexanediol, Diethylamino Hydroxybenzoyl Hexyl Benzoate, Vaccinium Angustifolium (Cranberry) Fruit Extract (10,000Ppm), Pentylene Glycol, Polysilicone-15, Morus Nigra (Mulberry) Fruit Extract, Lycium Chinense (Goji Berry) Fruit Extract, Berberis Vulgaris (Barberry) Root Extract, Fragaria Chiloensis (Strawberry) Fruit Extract, Olea Europaea (Olive) Fruit Oil, Abies Sibirica Oil, Rosmarinus Officinalis Leaf Oil, Salvia Sclarea Oil, Anthemis Nobilis Flower Oil, Juniperus Mexicana Oil, Chamomilla Recutita (Matricaria) Flower Oil, Sodium Polyacryloyldimethyl Taurate, Glyceryl Stearate, Bisethylhexyloxyphenol Methoxyphenyl Triazine, Potassium Cetyl Phosphate, Glycerin, Glyceryl Stearate Citrate, Inulin Lauryl Carbamate, Ammonium Acryloyldimethyltaurate/​VP Copolymer, Ethylhexylglycerin, Adenosine, Butylene Glycol",Skinfood Berry Moisturizing Sun Cream,https://inkeedecoder.com/products/skinfood-berry-moisturizing-sun-cream-2
acne,"Water, Glycerin, Butylene Glycol, 1,2-Hexanediol, Tromethamine, Carbomer, Propanediol, Disodium EDTA, PEG-40 Hydrogenated Castor Oil, Malus Domestica Fruit Cell Culture Extract, PPG-26-Buteth-26, Rehmannia Glutinosa Root Extract, Panthenol, Caprylyl Glycol, Lycium Chinense Fruit Extract, Fragaria Chiloensis (Strawberry) Fruit Extract, Berberis Vulgaris Root Extract, Morus Nigra Fruit Extract, Cornus Officinalis Fruit Extract, Alisma Orientale Tuber Extract, Ethylhexylglycerin, Paeonia Suffruticosa Root Extract, Dioscorea Japonica Root Extract, Smilax Glabra Root Extract, Myristoyl Pentapeptide-4, Alanine/​Histidine/​Lysine Polypeptide Copper HCL, Hydroxyacetophenone, Camellia Japonica Flower Extract, Andrographis Paniculata Extract, Copper Tripeptide-1, Magnolia Officinalis Bark Extract, Biotin, Pentyleneglycol, Lespedeza Capitata Leaf/​Stem Extract, Glycyrrhiza Glabra (Licorice) Root Extract, Madecassoside, Hydroxypropyl Cyclodextrin, Centella Asiatica Extract, Decyl Glucoside, Diospyros Kaki Fruit Extract, Camellia Japonica Leaf Extract, Ceratonia Siliqua (Carob) Fruit Extract, Camellia Sinensis Leaf Extract, Scutellaria Baicalensis Root Extract, Swertia Japonica Extract, Polygonum Multiflorum Root Extract, Eclipta Prostrata Extract, Polygonum Cuspidatum Root Extract, Angelica Gigas Root Extract, Curcuma Longa (Turmeric) Root Extract, Thuja Orientalis Leaf Extract, Zingiber Officinale (Ginger) Root Extract, Forsythia Suspensa Fruit Extract, Schisandra Chinensis Fruit Extract, Ginkgo Biloba Leaf Extract, Panax Ginseng Root Extract, Carthamus Tinctorius (Safflower) Flower Extract, Glycyrrhiza Uralensis (Licorice) Root Extract, Glycine Soja (Soybean) Seed Extract, Chrysanthemum Zawadskii Extract, Ficus Carica (Fig) Fruit Extract, Artemisia Princeps Leaf Extract, Houttuynia Cordata Extract, Ganoderma Lucidum (Mushroom) Extract, Sophora Flavescens Root Extract, Acorus Gramineus Extract, Chamomilla Recutita (Matricaria) Flower Extract, Rosmarinus Officinalis (Rosemary) Leaf Extract, Aspergillus Ferment",ViveLab Revive Therapy Hair Brow Lash Serum,https://inkeedecoder.com/products/vivelab-revive-therapy-hair-brow-lash-serum
acne,"Aqua, Ricinus Communis Seed Oil, Cetearyl Alcohol, Organic Prunus Amygdalus Dulcis*, Organic Prunus Armeniaca Kernel Oil*, Organic Simmondsia Chinensis Seed Oil, Theobroma Cacao Seed Butter*, Persea Gratissima Oil, Butyrospermum Parkii Butter, Lavender Hydrosol, Lavender Essential Oil, Sesamum Indicum Oil, Ashwagandha Extract, Calendula Officinalis Flower Extract, Red Algae Extract, Tocopherol, Fragaria Chiloensis Fruit Extract, Berberis Vulgaris Root Extract, Camellia Japonica Flower Extract",CoNatural Ultra Body Butter,https://inkeedecoder.com/products/conatural-ultra-body-butter
acne,"Water, Myristic Acid, Glycerin, Methylpropanediol, Potassium Hydroxide, Coco-Glucoside, Lauric Acid, Palmitic Acid, Stearic Acid, Glyceryl Stearate, Centella Asiatica Extract, Ficus Carica (Fig) Fruit Extract, Ulmus Davidiana Root Extract, Amaranthus Caudatus Seed Extract, Melaleuca Alternifolia (Tea Tree) Leaf Extract, Acmella Oleracea Extract, Rosmarinus Officinalis (Rosemary) Leaf Extract, Chamomilla Recutita (Matricaria) Flower Extract, Berberis Vulgaris Root Extract, Echinacea Angustifolia Extract, Salix Alba (Willow) Bark Extract, Oenothera Biennis (Evening Primrose) Flower Extract, Pinus Palustris Leaf Extract, Centella Asiatica Leaf Extract, Cryptomeria Japonica Leaf Extract, Nelumbo Nucifera Leaf Extract, Panax Ginseng Berry Extract, Pueraria Lobata Root Extract, Piper Methysticum Leaf/​Root/​Stem Extract, Hydrogenated Lecithin, Salicylic Acid, Sorbitan Olivate, Decylene Glycol, Disodium EDTA, Butylene Glycol, Propanediol, Tocopherol, Ceramide NP, Ethyl Hexanediol, Beta-Glucan, Polyquaternium-51, Saccharomyces Ferment Filtrate, 1,2-Hexanediol, Fragrance, Ethylhexylglycerin, Hydroxyacetophenone",The Saem See & Saw A.C Control Deep Cleansing Foam,https://inkeedecoder.com/products/the-saem-see-saw-a-c-control-deep-cleansing-foam
acne,"Aqua, Propylheptyl Caprylate, Cetearyl Alcohol, Butyrospermum Parkii (Shea Butter) Fruit, Sodium Olivoyl Glutamate, Persea Gratissima (Avocado) Oil, Pentylene Glycol, Squalane (Olive), Glyceryl Stearate, Dipropylene Glycol, Glycerin, Ethylhexylglycerin, Caprylhydroxamic Acid, Coffea Arabica (Coffee) Seed Extract, Propanediol, Tephrosia Purpurea Seed Extract, Morus Nigra Fruit Extract, Lycium Chinense Fruit Extract, Fragaria Chiloensis (Strawberry) Fruit Extract, Berberis Vulgaris Root Extract, Niacinamide, Ammonium Acryloyldimethyltaurate/​VP Copolymer, Xanthan Gum, Parfum",Sane Niacinamide + Caffeine 1.5% Energizing Eye Cream,https://inkeedecoder.com/products/sane-niacinamide-caffeine-1-5-energizing-eye-cream
acne,"Aqua, Dibutyl Adipate, Propanediol, Diethylamino Hydroxybenzoyl Hexyl Benzoate, Titanium Dioxide, Ethylhexyl Triazone, Polyglyceryl-3 Distearate, Niacinamide, Caprylyl Methicone, Capric/​Caprylic Triglycerides, Dicaprylyl Ether, 1,2-Hexanediol, Diethylhexyl Butamido Triazone, Pentylene Glycol, Glycerin, Vaccinium Macrocarpon (Cranberry) Fruit Extract (10,000Ppm), Polymethylsilsesquioxane, Morus Nigra (Mulberry) Fruit Extract, Lycium Chinense Fruit (Goji Berry) Extract, Berberis Vulgaris Root (Barberry) Extract, Fragaria Chiloensis (Strawberry) Fruit Extract, Olea Europaea (Olive) Fruit Oil, Abies Sibirica Oil, Fragrance, Rosmarinus Officinalis Leaf Oil, Salvia Sclarea Oil, Anthemis Nobilis Flower Oil, Juniperus Mexicana Oil, Chamomilla Recutita (Matricaria) Flower Oil, Glyceryl Stearate, Behenyl Alcohol, Poly C10-30 Alkyl Acrylate, Microcrystalline Cellulose, Polyhydroxystearic Acid, Ammonium Polyacryloyldimethyl Taurate, Alumina, Stearic Acid, Cellulose Gum, Glyceryl Stearate Citrate, Ammonium Acryloyldimethyltaurate/​VP Copolymer, Ethylhexylglycerin, Xanthan Gum, Adenosine, T-Butyl Alcohol, Butylene Glycol",Skinfood Berry Glowing Sun Cream,https://inkeedecoder.com/products/skinfood-berry-glowing-sun-cream
acne,"Saccharomyces, Water, PVP, Butylene Glycol, 1,2-Hexanediol, Glycerin, Arginine, Carbomer, Hydroxyacetophenone, Panthenol, Niacinamide, Dipotassium Glycyrrhizate, Sodium Gluconate, Saccharomyces Cerevisiae Extract, Biotin, Ecklonia Cava Extract, Laminaria Japonica Extract, Undaria Pinnatifida Extract, Berberis Vulgaris Root Extract, Fragaria Chiloensis (Strawberry) Fruit Extract, Lycium Chinense Fruit Extract, Morus Nigra Fruit Extract, Camellia Japonica Leaf Extract, Ceratonia Siliqua (Carob) Fruit Extract, Diospyros Kaki Fruit Extract",vancor Brewer Yeast Eyelash Serum,https://inkeedecoder.com/products/vancor-brewer-yeast-eyelash-serum
acne,"Water, Polyvinyl Alcohol, Alcohol Denat, Butylene Glycol, Carbon Black, Ceteth-25, Propylene Glycol, PEG-60 Hydrogenated Castor Oil, Glycerin, Charcoal Powder, Magnesium Aluminum Silicate, Silica, Arnica Montana Flower Extract, Artemisia Absinthium Extract, Achillea Millefolium Extract, Gentiana Lutea Root Extract, Aloe Barbadensis Leaf Extract, Morus Nigra Fruit Extract, Lycium Chinense Fruit Extract, Fragaria Chiloensis (Strawberry) Fruit Extract, Berberis Vulgaris Root Extract, Phenoxyethanol, Xanthan Gum, Cellulose Gum, Chlorphenesin, Disodium EDTA, Fragrance",RiRe All Kill Ssok Ssok Pack,https://inkeedecoder.com/products/rire-all-kill-ssok-ssok-pack
acne,"Water, Alcohol, Butylene Glycol, Methylpropanediol, Glycerin, 1,2-Hexanediol, PPG-13-Decyltetradeceth-24, Tromethamine, Menthol, Acrylates/​C10-30 Alkyl Acrylate Crosspolymer, Salicylic Acid, Panthenol, Propanediol, Camellia Sinensis Leaf Extract, Centella Asiatica Extract, Pelargonium Graveolens Flower Oil, Disodium EDTA, Rehmannia Glutinosa Root Extract, Lycium Chinense Fruit Extract, Fragaria Chiloensis (Strawberry) Fruit Extract, Berberis Vulgaris Root Extract, Morus Nigra Fruit Extract, Cornus Officinalis Fruit Extract, Alisma Orientale Tuber Extract, Diospyros Kaki Fruit Extract, Camellia Japonica Leaf Extract, Ceratonia Siliqua (Carob) Fruit Extract, Ethylhexylglycerin, Paeonia Suffruticosa Root Extract, Dioscorea Japonica Root Extract, Myristoyl Pentapeptide-4, Smilax Glabra Root Extract, Phenoxyethanol, Hydroxypropyl Cyclodextrin, Camellia Japonica Flower Extract, Andrographis Paniculata Extract, Lespedeza Capitata Leaf/​Stem Extract, Magnolia Officinalis Bark Extract, Scutellaria Baicalensis Root Extract, Swertia Japonica Extract, Polygonum Multiflorum Root Extract, Eclipta Prostrata Extract, Angelica Gigas Root Extract, Curcuma Longa (Turmeric) Root Extract, Thuja Orientalis Leaf Extract, Zingiber Officinale (Ginger) Root Extract, Forsythia Suspensa Fruit Extract, Schisandra Chinensis Fruit Extract, Ginkgo Biloba Leaf Extract, Panax Ginseng Root Extract, Carthamus Tinctorius (Safflower) Flower Extract, Glycyrrhiza Uralensis (Licorice) Root Extract, Glycine Soja (Soybean) Seed Extract, Pentylene Glycol, Malus Domestica Fruit Cell Culture Extract, Chrysanthemum Zawadskii Extract, Ficus Carica (Fig) Fruit Extract, Artemisia Princeps Leaf Extract, Houttuynia Cordata Extract, Ganoderma Lucidum (Mushroom) Extract, Sophora Flavescens Root Extract, Acorus Gramineus Extract, PEG-40 Hydrogenated Castor Oil, Glycyrrhiza Glabra (Licorice) Root Extract, Madecassoside, Aspergillus Ferment, PPG-26-Buteth-26, Caprylyl Glycol, Decyl Glucoside, Hydroxyacetophenone, Tocopherol, Polygonum Cuspidatum Root Extract, Copper Tripeptide-1, Alanine/​Histidine/​Lysine Polypeptide Copper HCL, Chamomilla Recutita (Matricaria) Flower Extract, Rosmarinus Officinalis (Rosemary) Leaf Extract, Geraniol, Linalool, Citronellol",ViveLab Revive Therapy Hair Scalp & Brow Ampoule,https://inkeedecoder.com/products/vivelab-revive-therapy-hair-scalp-brow-ampoule
acne,"Water, Sodium Cocoyl Isethionate, Decyl Glucoside, Glycerine, Sorbitan Olivate, Butylene Glycol, Sodium Chloride, Prunus Avium (Sweet Cherry) Fruit Extract (1.96%), 1,2-Hexanediol, Potassium Cocoyl Glycinate, Zea Mays (Corn) Starch, Perfume, Vaccinium Angustifolium (Blueberry) Fruit Extract (50 Ppm), Polyglyceryl-2 Triisostearate, Red 21, Trehalose, (-)-Alpha-Bisabolol, Morus Nigra Fruit Extract(50Ppm), Lycium Chinensis Fruit Extract (50 Ppm), Fragaria Chiloensis (Strawberry) Fruit Extract(50Ppm), Berberis Vulgaris Root Extract, Jojoba Seed Oil, Salicylic Acid, Helianthus Annuus (Sunflower) Seed, Gluconolactone, Pumpkin Seed Oil, Capryloyl Salicylic Acid, Bakuchiol, Prunus Armeniaca (Apricot) Kernel Oil, Vegetable Oil, Mistletoe Ferment Extract, Lactobacillus/​Soybean Ferment Extract, Saccharomyces/​Imperata Cylindrica Root Ferment Extract, Tocopherol",glamfox Berries Whipped Foam Cleanser,https://inkeedecoder.com/products/glamfox-berries-whipped-foam-cleanser
acne,"Purified Water, C12-15 Alkyl Benzoate, Water, Butyl Methoxydibenzoylmethane, Ethylhexyl Methoxycinnamate, Butylene Glycol, Octocrylene, Lecithin, Phenoxyethanol), Dibutyl Adipate, Butyloctyl Salicylate, Drometrizole Trisiloxane, Bis-Ethylhexyloxyphenol Methoxyphenyl Triazine, Cetyl Phosphate, Potassium, Niacinamide, Glyceryl Stearate, Morus Alba Root Extract, Extract, Goji Berry Extract, Strawberry Extract, Berberis Vulgaris Root Extract, Cetearyl Alcohol, Methyl Methacrylate Crosspolymer, Vitamin E (Tocopheryl Acetate), Vp/​Eicosene Copolymer, Neutralized Carbomer, Sclerotium Gum, Hydroxyacetophenone, 1,2-Hexanediol, Caprylyl Glycol, Disodium EDTA, BHT, Fragrance, Hexyl Cinnamal, Linalool, Benzyl Salicylate, Limonene, Alpha-Isomethyl Ionone, Citronellol, Eugenol, Coumarin",Geltek Солнцезащитный Увлажняющий Флюид SPF 50+,https://inkeedecoder.com/products/geltek-solntsezashchitnyi-uvlazhniaiushchii-fliuid-spf-50
acne,"Water\Aqua\Eau, Phenyl Trimethicone, Dimethicone, Methyl Trimethicone, Butylene Glycol, Ethylhexyl Methoxycinnamate, PEG/​PPG-18/​18 Dimethicone, Caprylic/​Capric Triglyceride, Isocetyl Alcohol, PEG-10 Dimethicone, Isohexadecane, Titanium Dioxide, Sorbitan Sesquioleate, Magnesium Sulfate, Tribehenin, Sodium Hyaluronate, Haberlea Rhodopensis Leaf Extract, Beta Vulgaris (Beet) Root Extract\Beta Vulgaris\Extrait De Racine De Betterave, Vaccinium Angustifolium (Blueberry) Fruit Extract, Vaccinium Macrocarpon (Cranberry) Fruit Extract, Nymphaea Alba Root Extract, Polygala Senega Root Extract, Berberis Vulgaris Root Extract, Yeast Extract\Faex\Extrait De Levure, Lycium Chinense (Wolfberry) Fruit Extract, Simmondsia Chinensis (Jojoba) Seed Oil, Palmitoyl Tripeptide-1, Glycerin, Methyldihydrojasmonate, Triethyl Citrate, Methicone, Cholesterol, Ethylhexyl Palmitate, Ethylhexylglycerin, Caprylyl Glycol, Silica Dimethyl Silylate, Propylene Carbonate, Hydrogenated Lecithin, Aluminum Hydroxide, Laureth-7, Polysilicone-11, Polymethylsilsesquioxane, Disteardimonium Hectorite, Linoleic Acid, Stearic Acid, Sorbitan Stearate, Sorbitan Isostearate, Hydroxyacetophenone, Tocopheryl Acetate, BHT, Ascorbyl Palmitate, Tocopherol, Sodium Dehydroacetate, Phenoxyethanol, Potassium Sorbate, Titanium Dioxide (Ci 77891), Iron Oxides (Ci 77491), Iron Oxides (Ci 77492), Iron Oxides (Ci 77499)",Estée Lauder Futurist Aqua Brillance Foundation SPF 20,https://inkeedecoder.com/products/estee-lauder-futurist-aqua-brillance-foundation-spf-20
acne,"Cocos Nucifera (Coconut) Oil, Vitis Vinifera (Grape) Seed Oil, Helianthus Annuus (Sunflower) Seed Oil, Corylus Avellana (Hazelnut) Seed Oil, Camellia Oleifera (Camellia) Seed Oil, Nigella Sativa (Black Cumin) Seed Oil, Citrus Aurantium Amara (Bitter Orange) Peel Extract, Citrus Clementina (Clementine) Peel Oil, Santalum Album (Sandalwood) Wood Oil, Rosmarinus Officinalis (Rosemary) Leaf Extract, Lycium Barbarum (Goji Berry) Fruit Extract, Ocimum Basilicum (Tulsi/​Holy Basil) Leaf Extract, Azadirachta Indica (Neem) Leaf Extract, Spiraea Ulmaria (Meadowsweet) Leaf Extract, Silybum Marianum (Milk Thistle) Seed Extract, Hibiscus Sabdariffa (Hibiscus) Flower Extract, Tocopherol (Vitamin E), Daucus Carota (Carrot) Seed Oil, Camellia Sinensis (Green Tea) Leaf Extract, Echinacea Purpurea Flower Extract, Mauritia Flexuosa (Buriti) Fruit Oil, Glycyrrhiza Glabra (Licorice) Root Extract, Glycyrrhiza Uralensis Root Extract, Berberis Vulgaris (Barberry) Root Extract, Salix Alba (Willow) Bark Extract, Rosa Canina (Rosehip) Hips Oil, Daucus Carota (Carrot) Root Oil, Citrus Limon (Petitgrain) Leaf Oil, Rosa Rubiginosa (Rosehip) Seed Extract, Vaccinium Macrocarpon (Cranberry) Seed Oil, Rubus Idaeus (Raspberry) Seed Oil, Rosmarinus Officinalis (Rosemary) Leaf Oil, Limonene*",ISUN Sunstone Facial Oil,https://inkeedecoder.com/products/isun-sunstone-facial-oil
acne,"Water\Aqua\Eau, Pentylene Glycol, Polysorbate 20, Nymphaea Alba (Water Lily) Flower Extract, Sodium Hyaluronate, Trehalose, Dipotassium Glycyrrhizate, Caffeine, Phenylalanine, Proline, Glutamic Acid, Aspartic Acid, Arginine, Lysine, Serine, Alanine, Threonine, Histidine, Isoleucine, Tyrosine, Leucine, Valine, Glycine, Nymphaea Alba Root Extract, Berberis Vulgaris Root Extract, Polygala Senega Root Extract, Hypnea Musciformis (Algae) Extract, Sucrose, Sodium PCA, Urea, Glycerin, Caprylyl Glycol, Butylene Glycol, Jojoba Wax PEG-120 Esters, Citric Acid, Dipropylene Glycol, Hexylene Glycol, Sodium Hydroxide, Triacetin, Sodium Palmitoyl Proline, PPG-5-Ceteth-20, Chlorphenesin, Polyquaternium-51, Fragrance (Parfum), Sodium Citrate, Disodium EDTA, Sodium Benzoate, Potassium Sorbate, Phenoxyethanol",Estée Lauder Perfectly Clean Infusion,https://inkeedecoder.com/products/estee-lauder-perfectly-clean-infusion
acne,"Aqua, Dimethicone, Glycerin, Cetearyl Olivate, Propylene Glycol, Panthenol, Dimethicone/​Vinyl Dimethicone Crosspolymer, Sorbitan Olivate, Lactobacillus/​Collagen/​Mesembryanthemum Crystallinum Leaf Extract Ferment Lysate, Caprylic/​Capric Triglyceride, Polyglycerin-6, Allantoin, Bisabolol, Butylene Glycol, Hamamelis Virginiana (Witch Hazel) Leaf Extract, Centella Asiatica Leaf Extract, Aloe Barbadensis Leaf Extract, Polysorbate 80, Retinal, Sucrose Laurate, 1,2-Hexanediol, Hydroxyacetophenone, Inulin Lauryl Carbamate, Scutellaria Baicalensis Root Extract, Hylocereus Undatus Fruit Extract, Camellia Sinensis Leaf Extract, Glycyrrhiza Glabra Root Extract, Berberis Vulgaris Root Extract, Rosmarinus Officinalis (Rosemary) Leaf Extract, Polyglutamic Acid, Sodium Hyaluronate, Hydrolyzed Hyaluronic Acid, Hydroxypropyltrimonium Hyaluronate, Sodium Acetylated Hyaluronate, Ethylhexylglycerin, Phenoxyethanol, Caprylyl Glycol, Carbomer, Tromethamine, Pentaerythrityl Tetra-Di-T-Butyl Hydroxyhydrocinnamate, Sodium PCA, Acrylic Acid, Ethyl Acetate, Cyclohexane, Citric Acid, Potassium Sorbate, Sodium Benzoate",Lucienne Retinal 0.18% Cream,https://inkeedecoder.com/products/lucienne-retinal-0-18-cream
acne,"Purified Water, Butylene Glycol, Glycerin, Dipropylene Glycol, Caprylic/​Capric Triglycerides, 1,2-Hexanediol, C14-22 Alcohols, Glyceryl Stearate, Ethylhexyl Palmitate, Cetearyl Alcohol, Sodium Hyaluronate, Hydrolyzed Hyaluronic Acid (100Ppm), Sodium Acetylated Hyaluronate, Sodium Hyaluronate Crosspolymer, Hydrolyzed Sodium Hyaluronate, Jojoba Seed Oil, Macadamia Integrifolia Seed Oil, Argan Kernel Oil, Trehalose, SH-Oligopeptide-1, Allantoin, Propanediol, Betaine, Beta-Glucan, Ceramide NP, Portulaca Oleracea Extract, Hamamelis Virginiana (Witch Hazel) Leaf Extract, Morus Nigra Fruit Extract, Lycium Chinense Fruit Extract, Fragaria Chiloensis (Strawberry) Fruit Extract, Berberis Vulgaris Root Extract, Madecassoside, Madecassic Acid, Cetearyl Olivate, Sorbitan Olivate, Malachite Extract, Pentylene Glycol, Dimethicone/​Vinyl Dimethicone Crosspolymer, C12-20 Alkyl Glucoside, Polyglyceryl-10 Myristate, Glyceryl Acrylate/​Acrylic Acid Copolymer, Xanthan Gum, Arginine, Carbomer, Tromethamine, Ethylhexylglycerin, Scutellaria Baicalensis Root Extract, Paeonia Suffruticosa Root Extract",Torriden Dive-In Cream,https://inkeedecoder.com/products/torriden-dive-in-cream
acne,"Water, Butylene Glycol, Glycerin, Dipropylene Glycol, Caprylic/​Capric Triglyceride, 1,2-Hexanediol, C14-22 Alcohols, Glyceryl Stearate, Ethylhexyl Palmitate, Stearyl Alcohol, Sodium Hyaluronate, Hydrolyzed Hyaluronic Acid (100Ppm), Sodium Acetylated Hyaluronate, Sodium Hyaluronate Crosspolymer, Hydrolyzed Sodium Hyaluronate, Simmondsia Chinensis (Jojoba) Seed Oil, Macadamia Ternifolia Seed Oil, Argania Spinosa Kernel Oil, Trehalose, SH-Oligopeptide-1, Allantoin, Propanediol, Betaine, Beta-Glucan, Ceramide NP, Portulaca Oleracea Extract, Hamamelis Virginiana Extract, Morus Nigra Fruit Extract, Lycium Chinense Fruit Extract, Fragaria Chiloensis Fruit Extract, Berberis Vulgaris Root Extract, Madecassoside, Madecassic Acid, Cetearyl Olivate, Sorbitan Olivate, Malachite Extract, Pentylene Glycol, Dimethicone/​Vinyl Dimethicone Crosspolymer, C12-20 Alkyl Glucoside, Polyglyceryl-10 Myristate, Glyceryl Acrylate/​Acrylic Acid Copolymer, Xanthan Gum, Arginine, Carbomer, Tromethamine, Ethylhexylglycerin, Scutellaria Baicalensis Root Extract, Paeonia Suffruticosa Root Extract",Torriden Dive-in Low Molecular Hyaluronic Acid Cream,https://inkeedecoder.com/products/torriden-dive-in-low-molecular-hyaluronic-acid-cream-2
acne,"Water, Butylene Glycol, Glycerin, Dipropylene Glycol, Caprylic/​Capric Triglyceride, 1,2-Hexanediol, C14-22 Alcohols, Glyceryl Stearate, Ethylhexyl Palmitate, Cetearyl Alcohol, Sodium Hyaluronate, Hydrolyzed Hyaluronic Acid (100Ppm), Sodium Acetylated Hyaluronate, Sodium Hyaluronate Crosspolymer, Hydrolyzed Sodium Hyaluronate, Simmondsia Chinensis (Jojoba) Seed Oil, Macadamia Integrifolia Seed Oil, Argania Spinosa Kernel Oil, Trehalose, SH-Oligopeptide-1, Allantoin, Propanediol, Betaine, Beta-Glucan, Ceramide NP, Portulaca Oleracea Extract, Hamamelis Virginiana (Witch Hazel) Extract, Morus Nigra Fruit Extract, Lycium Chinense Fruit Extract, Fragaria Chiloensis (Strawberry) Fruit Extract, Berberis Vulgaris Root Extract, Madecassoside, Madecassic Acid, Cetearyl Olivate, Sorbitan Olivate, Malachite Extract, Pentylene Glycol, Dimethicone/​Vinyl Dimethicone Crosspolymer, C12-20 Alkyl Glucoside, Polyglyceryl-10 Myristate, Glyceryl Acrylate/​Acrylic Acid Copolymer, Xanthan Gum, Arginine, Carbomer, Tromethamine, Ethylhexylglycerin, Scutellaria Baicalensis Root Extract, Paeonia Suffruticosa Root Extract",Torriden Dive-in Low Molecule Hyaluronic Acid Cream,https://inkeedecoder.com/products/torriden-dive-in-low-molecule-hyaluronic-acid-cream
acne,"Water, Sodium C14-16 Olefin Sulfonate, Cocamidopropyl Betaine, Glycerin, Lauryl Glucoside, Sodium Chloride, Cocamide MEA, Sodium Benzoate, Lactobacillus Ferment (100Ppm), Punica Granatum Fruit Extract (1,000Ppm), Fragrance, Polyquaternium-10, Polyquaternium-22, Hexadecene, Tetradecene, Dexpanthenol, PPG-3 Caprylyl Ether, Salicylic Acid, Menthol, Citric Acid, Niacinamide, Disodium EDTA, Ethylhexylglycerin, 1,2-Hexanediol, Maltodextrin, Hydrolyzed Vegetable Protein, Hydrolyzed Gardenia Florida Extract, Butylene Glycol, Avena Sativa (Oat) Meal Extract, Chenopodium Quinoa Seed Extract, Oryza Sativa (Rice) Extract, Arginine, Propylene Glycol Laurate, Berberis Vulgaris Root Extract, Fragaria Chiloensis (Strawberry) Fruit Extract, Lycium Chinense Fruit Extract, Morus Nigra Fruit Extract, Hydrolyzed Wheat Protein",nesh Pomegranate Biome Scalp Boosting Shampoo,https://inkeedecoder.com/products/nesh-pomegranate-biome-scalp-boosting-shampoo
acne,"Camellia Japonica Flower Water, Water (Aqua), Caprylic/​Capric Triglyceride, Glycerin, Propanediol, Cetearyl Alcohol, Cetearyl Olivate, Sorbitan Olivate, Pentylene Glycol, *Theobroma Cacao (Cocoa) Seed Butter, Butylene Glycol, Behenyl Alcohol, Camellia Sinensis Seed Oil, Octyldodecanol, **Butyrospermum Parkii (Shea) Butter, Bisabolol, Hydrogenated Lecithin, Caprylyl Glycol, Glyceryl Undecylenate, Hydrogenated Castor Oil, Xanthan Gum, Phytosteryl Macadamiate, Hydrogenated Phosphatidylcholine, Arginine, Tocopherol, Sodium Hyaluronate, Adenosine, Lespedeza Capitata Leaf/​Stem Extract, Squalane, Glycyrrhiza Glabra (Licorice) Root Extract, Centella Asiatica Extract, Camellia Sinensis Leaf Extract, Polygonum Cuspidatum Root Extract, Camellia Japonica Flower Extract, Scutellaria Baicalensis Root Extract, Silybum Marianum Extract, Chamomilla Recutita (Matricaria) Flower Extract, Berberis Vulgaris Root Extract, Fragaria Chiloensis (Strawberry) Fruit Extract, Lycium Chinense Fruit Extract, Morus Nigra Fruit Extract, Rosmarinus Officinalis (Rosemary) Leaf Extract, Ceramide NP, Levulinic Acid, Pelargonium Graveolens Flower Oil, **Cedrus Atlantica Wood Oil, Jasminum Sambac (Jasmine) Flower Extract, Santalum Album (Sandalwood) Oil, *Citronellol, *Linalool, *Geraniol, *Benzyl Benzoate (*Organic, *From Natural Essential Oils)",FEMMUE Ideal Intense Eye Cream,https://inkeedecoder.com/products/femmue-ideal-intense-eye-cream
acne,"Water, Dibutyl Adipate, Butyloctyl Salicylate, Diethylamino Hydroxybenzoyl Hexyl Benzoate, Polysilicone-15, C12-15 Alkyl Benzoate, Ethylhexyl Triazone, Bis-Ethylhexyloxyphenol Methoxyphenyl Triazine, Polymethylsilsesquioxane, Glycerin, Niacinamide, Polyglyceryl-6 Stearate, Cetearyl Olivate, Microcrystalline Cellulose, Panthenol, Silica, Sorbitan Olivate, Dipropylene Glycol, Hydroxyacetophenone, Poly C10-30 Alkyl Acrylate, Polyglyceryl-6 Behenate, Allantoin, Caprylyl Glycol, Stearyl Alcohol, Glyceryl Stearate, Acrylates/​C10-30 Alkyl Acrylate Crosspolymer, Tromethamine, Adenosine, Cetearyl Alcohol, Disodium EDTA, Butylene Glycol, Portulaca Oleracea Extract, Aloe Barbadensis Leaf Extract, Dioscorea Japonica Root Extract, Laminaria Japonica Extract, Viola Mandshurica Flower Extract, Ulmus Davidiana Root Extract, Dipotassium Glycyrrhizate, Lepidium Meyenii Root Extract, 1,2-Hexanediol, Lycium Chinense Fruit Extract, Fragaria Chiloensis (Strawberry) Fruit Extract, Berberis Vulgaris Root Extract, Morus Nigra Fruit Extract",Klairs All Day Airy Sunscreen SPF 50+,https://inkeedecoder.com/products/klairs-all-day-airy-sunscreen-spf-50
acne,"Water, Disodium Laureth Sulfosuccinate, Camellia Sinensis Leaf Extract, Lactobacillus Ferment Lysate, Saccharomyces Ferment, Cocamidopropyl Hydroxysultaine, Sodium Cocoyl Isethionate, Coco-Glucoside, Acrylates Copolymer, Fragrance, Sodium Lauroyl Methylaminopropionate, Decyl Glucoside, Arginine, Sodium Chloride, Methylpropanediol, Mannitol, Styrene/​Acrylates Copolymer, 1,2-Hexanediol, Caprylyl Glycol, Polyquaternium-22, PPG-3 Caprylyl Ether, Cetyl Alcohol, Trihydroxystearin, Dexpanthenol, Polyquaternium-10, Salicylic Acid, Microcrystalline Cellulose, Sucrose, Ethylhexylglycerin, Niacinamide, Zea Mays (Corn) Starch, Malt Extract, Disodium EDTA, Hydroxypropyl Methylcellulose, Citric Acid, Benzoic Acid, Butylene Glycol, Myristyl Alcohol, Cocamide MIPA, Hyaluronic Acid, Houttuynia Cordata Extract, Stearyl Alcohol, Lactobacillus/​Soymilk Ferment Filtrate, Avena Sativa (Oat) Meal Extract, Oryza Sativa (Rice) Extract, Prunus Amygdalus Dulcis Seed Extract, Berberis Vulgaris Root Extract, Fragaria Chiloensis (Strawberry) Fruit Extract, Lycium Chinense Fruit Extract, Morus Nigra Fruit Extract, Hydrolyzed Wheat Protein, Propanediol, Linalool",anillO Black Tea Nourishing Scalp Shampoo,https://inkeedecoder.com/products/anillo-black-tea-nourishing-scalp-shampoo
acne,"Camellia Japonica Flower Extract, Aqua, Pentylene Glycol, Glycerin, Propanediol, Caprylic/​Capric Triglyceride, Vitis Vinifera Seed Oil, Camellia Sinensis Leaf Extract, Chamomilla Recutita Leaf Extract, Thujopsis Dolabrata Branch Extract, Camellia Japonica Seed Oil, Sorbitan Caprylate, Olea Europaea Fruit Oil, Hydrogenated Palm Kernel Oil, Xanthan Gum, Glycyrrhiza Glabra Root Extract, Phosphatidylcholine, Phytosteryl Macadamiate, Panthenol, Butyrospermum Parkii Butter, Mangifera Indica Seed Butter, Arginine, Centella Asiatica Extract, Tocopherol, Magnolia Kobus Bark Extract, Salix Alba Bark Extract, Trehalose, Stearyl Glycyrrhetinate, Betaine, Bisabolol, Rosa Canina Fruit Oil, Polygonum Cuspidatum Root Extract, Scutellaria Baicalensis Root Extract, Rosmarinus Officinalis Leaf Extract, Squalane, Opuntia Ficus-Indica Fruit Extract, Hizikia Fusiforme Extract, Citrus Unshiu Peel Extract, Levulinic Acid, Dipotassium Glycyrrhizate, Carnitine, Dimethyl Sulfone, Glycine Soja Seed Extract, Panax Ginseng Root Extract, Pueraria Lobata Root Extract, Vitis Vinifera Seed Extract, Hyaluronic Acid, Yeast Beta-Glucan, Quercetin, Ginkgo Biloba Leaf Extract, Linoleic Acid, Morus Alba Bark Extract, Pyrus Malus Fruit Extract, Rubus Idaeus Fruit Extract, Silybum Marianum Extract, Vaccinium Angustifolium Fruit Extract, Houttuynia Cordata Extract, Portulaca Oleracea Extract, Aloe Barbadensis Leaf Extract, Astaxanthin, Dioscorea Villosa Root Extract, Copper Tripeptide-1, Rutin, Pinus Strobus Bark Extract, Berberis Vulgaris Root Extract, Carnosine, Hydroxyproline",Toun28 Waterful Lotion Ceramide + Antarcticine,https://inkeedecoder.com/products/toun28-waterful-lotion-ceramide-antarcticine
acne,"Water, Butylene Glycol, Dipropylene Glycol, Tromethamine, Hydroxyacetophenone, Carbomer, Caprylyl Glycol, Glycerin, Propanediol, Disodium EDTA, Rehmannia Glutinosa Root Extract, Polyglyceryl-10 Laurate, Cornus Officinalis Fruit Extract, Alisma Orientale Tuber Extract, 1,2-Hexanediol, Lavandula Angustifolia (Lavender) Water, Paeonia Suffruticosa Root Extract, Borago Officinalis Extract, Centaurea Cyanus Flower Extract, Dioscorea Japonica Root Extract, Chamomilla Recutita, Matricaria Flower/​Leaf Extract, Salvia Sclarea (Clary) Extract, Sesamum Indicum (Sesame) Seed Extract, Hyacinthus Orientalis (Hyacinth) Extract, Smilax Glabra Root Extract, Centella Asiatica Extract, Lecithin, Avena Strigosa Seed Extract, Dextran, Scutellaria Baicalensis Root Extract, Camellia Japonica Flower Extract, Polygonum Cuspidatum Root Extract, Hibiscus Sabdariffa Flower Extract, Aspalathus Linearis Extract, Dipotassium Glycyrrhizate, Lavandula Angustifolia (Lavender) Extract, Thymus Vulgaris (Thyme) Extract, Rosmarinus Officinalis (R Osemary) Extract, Origanum Vulgare Flower/​Leaf/​Stem Extract, Glycyrrhiza Glabra (Licorice) Root Extract, Glycine Max (Soybean) Seed Extract, Biotin, Origanum Vulgare Leaf Extract, Citrus Junos Fruit Extract, Pueraria Mirifica Root Extract, Panthenol, Salix Alba (Willow) Bark Extract, Camellia Sinensis Leaf Extract, Chamaecyparis Obtusa Leaf Extract, Quillaja Saponaria Bark Extract, Dioscorea Villosa (Wild Yam) Root Extract, Acetyl Tetrapeptide-3, Trifolium Pratense (Clover) Flower Extract, Potassium Sorbate, Rosmarinus Officinalis (Rosemary) Leaf Extract, Portulaca Oleracea Extract, Cinnamomum Cassia Bark Extract, Hydrolyzed Pea Protein, Lactobacillus/​Soybean Ferment Extract, Chamomilla Recutita (Matricaria) Flower Extract, Gentiana Lutea Root Extract, Ruscus Aculeatus Root Extract, Phytosterols, Olea Europaea Fruit (Olive) Oil, Lycium Chinense Fruit Extract, Fragaria Chiloensis (Strawberry) Fruit Extract, Berberis Vulgaris Root Extract, Morus Nigra Fruit Extract, Ethylhexylglycerin, Ceramide NP, Butyrospermum Parkii (Shea) Butter, Citric Acid, Copper Tripeptide-1, Dipeptide-1, Palmitoyl Pentapeptide-4, Palmitoyl Tripeptide-1, Hexapeptide-9, Hexapeptide-11",Epais Eyelash Essential Serum,https://inkeedecoder.com/products/epais-eyelash-essential-serum
acne,"Lauric Acid, Myristic Acid, Stearic Acid, Glyceryl Mono Sterate, Phenoxyethanol, Water, Sodium Hydroxide, Glycerin, Propylene Glycol, Potassium Cocoyl Glycinate, CAPB, Sodium PCA, Disodium EDTA, Vitamin E, Aloevera Ext, Isopropyl Myristate, Butylated Hydroxytoluene, Perfume",Beardo De-tan Face Wash,https://inkeedecoder.com/products/beardo-de-tan-face-wash
acne,"Lauric Acid, Myristic Acid, Palmitic Acid, Stearic Acid, PEG-100 Stearate, Coconut Diethanolamide, Water, Methylparaben, Hydroxyethyl Cellulose, Glycerin, Potassium Hydroxide, Sodium Lauryl Polyoxyethylene Ether Sulfate, Cocoamphoacetate Sodium Imidazolium Compounds,Sodium Cocoamphoacetate, Essence, DMDM Hydantoin",Love JoJo Moisturizing Cleanser Aloe Vera,https://inkeedecoder.com/products/love-jojo-moisturizing-cleanser-aloe-vera
acne,"Lauric Acid, Stearic Acid, Potassium Hydroxide, Palmitic Acid, Water, Natural Glycerin, Myristic Acid, Glyceryl Stearate, Glycol Distearate, Lauryl Glucoside, Sodium Laureth Sulfate, Potassium Laureth Phosphate, Cocamidopropyl Betaine, Niacinamide, Vitamin B3, Tocopheryl Acetate, C Vitamin, Hydrolyzed Milk (Ac) Protein, Hydrolyzed Pearl, Maris Sal Sea Salt, Glycine, Polyquaternium-7, Sodium Lactate, Menthol, Perfume, Disodium EDTA, Sodium Cholate, Phenoxyethanol, Methylparaben, Propylparaben",Marina Healthy And Glow Facial Foam,https://inkeedecoder.com/products/marina-healthy-and-glow-facial-foam
acne,"Lauric Acid, Myristic Acid, Palmitic Acid, Stearic Acid, Glycerin, Glycol Distearate, Aqua, Potassium Hydroxide, Disodium EDTA, Cocamidopropyl Betaine, Capryloyl/​Caproyl Methyl Glucamide, PEG-12 Dimethicone, Phenoxyethanol",Mirelle Glossy Facial Foam,https://inkeedecoder.com/products/mirelle-glossy-facial-foam
acne,"Lauric Acid, Myristic Acid, Glycerin, Sodium Laureth Sulfate, Sorbitol, Potassium Hydroxide, Cocamidopropyl Betaine, Glycol Distearate, Polyquaternium-7, Sodium Chloride, Cocamide MEA, Triclosan, Imidazolidinyl Urea, Niacinamide, Hydroxypropylcellulose, Disodium EDTA, Fragrance, Lactic Acid, Water",Natriv Shower Creme,https://inkeedecoder.com/products/natriv-shower-creme
acne,"Lauric Acid, Myristic Acid, Palmitic Acid, Caprylic Acid, Oleic Acid, Capric Acid, Capsicum Frutescens Fruit Powder, Stearic Acid, Linoleic Acid, Caproic Acid",Ree Derma Hot Oil Hair And Scalp Treatment,https://inkeedecoder.com/products/ree-derma-hot-oil-hair-and-scalp-treatment
acne,"Lauric Acid, Sodium Stearate, Saponified Palm Oil, Sodium Laurate, Sodium Myristate, Stearic Acid, Glycerin, Sorbitol, Lauramidopropyl Betaine, Sodium Hyaluronate, Niacinamide, Chlorella Vulgaris (Dermochlorella Algae) Powder, Triticum Vulgare (Wheat) Sprout Powder, Melaleuca Alternifolia (Tea Tree) Extract, Houttuynia Cordata Extract, Glycyrrhiza Glabra (Licorice) Root Extract, Leontopodium Alpinum (Edelweiss) Extract, Olea Europaea (Olive) Fruit Oil, Argania Spinosa (Argan) Oil, Camellia Sinensis (Green Tea) Seed Oil, Hydrolyzed Adansonia Digitata (Baobab) Extract, Salix Alba (White Willow) Bark Extract, Centella Asiatica (Gotu Kola) Extract, Pyrus Malus (Apple) Fruit Extract, Citrus Limon (Lemon) Fruit Extract, Citrus Aurantium Dulcis (Orange) Fruit Extract, Betula Platyphylla Japonica Bark Extract, Hydrolyzed Potato Protein, Hydrolyzed Wheat Protein, Hydrolyzed Rice Protein, Hydrolyzed Oat Protein, Lactobionic Acid, Melaleuca Alternifolia (Tea Tree) Leaf Oil, Tetrasodium Edta","Some By Mi Aha,Bha,Pha 30 Days Miracle Cleansing Bar",https://inkeedecoder.com/products/some-by-mi-aha-bha-pha-30-days-miracle-cleansing-bar
acne,"Aqua, Lauric Acid, Lauramide Dea, Potassium Hydroxide, Myristic Acid, Palmitic Acid, Glycol Stearate, Cocamidopropyl Betaine, Potassium Cocoyl Glycinate, Stearic Acid, Acrylates/​C10-30 Alkyl Acrylate Crosspolymer, Parfum, Phenoxyethanol, Sodium Chloride, Disodium EDTA, Propanediol, Capric Acid, Ethylhexylglycerin, Butylene Glycol, Sodium Benzoate, Nigella Sativa Seed Oil, Prunus Yedoensis Flower Extract, Methylisothiazolinone, Ecklonia Cava Extract, Codium Tomentosum Extract, Gelidium Cartilagineum Extract, Hizikia Fusiforme Extract, Hexyl Cinnamal, Linalool",ALIA Pore Care Cleansing Foam,https://inkeedecoder.com/products/alia-pore-care-cleansing-foam
acne,"Aqua (Water), Lauric Acid, Palmitic Acid, Glycerin, Butylene Glycol, Potassium Hydroxide, Myristic Acid, Cocamide DEA, Cocamidopropyl Betaine, Acrylates Copolymer, Glycol Distearate, Methylparaben, Fragrance, Propylparaben, O-Cymen-5-Ol, Disodium EDTA, Dipotassium Glycyrrhizate, Tocopheryl Acetate, Niacinamide, Propylene Glycol, Yogurt Powder, Magnesium Ascorbyl Phosphate, BHT, Pueraria Lobata Root Extract, Aloe Barbadensis Leaf Extract, Chlorella Vulgaris Extract",Acnes Natural Care Yogurt Touch Face Wash,https://inkeedecoder.com/products/acnes-natural-care-yogurt-touch-face-wash
acne,"Water, Lauric Acid, Glycerin, Myristic Acid, Potassium Hydroxide, Palmitic Acid, Glycol Distearate, Cocamide MEA, Sodium Laureth Sulfate, Propylene Glycol, Chloroxylenol, DMDM Hydantoin, Fragrance, Garcinia Mangostana Fruit Extract, Hydroxyethylcellulose, Lauryl Glucoside, Methylchloroisothiazolinone, Methylisothiazolinone, Sodium Chloride, Tetrasodium EDTA, Tocopheryl Acetate, Triclosan, Citronellol, Coumarin, Eugenol, Hexyl Cinnamal, Limonene",Asepso Body Wash Hygienic Fresh,https://inkeedecoder.com/products/asepso-body-wash-hygienic-fresh
acne,"Aqua, Lauric Acid, Sodium Laureth Sulfate, Palmitic Acid, Potassium Hydroxide, Stearic Acid, Lauryl Hydroxysultaine, Glycol Distearate, Olive Oil PEG-7 Esters, Sodium PCA, Niacinamide, Aloe Barbadensis Extract, Citric Acid, Tetrasodium EDTA, Dmdm Hydantoin, Fragrance, Hydroxypropyl Methylcellulose, Menthol",B erl Facial Wash,https://inkeedecoder.com/products/b-erl-facial-wash
acne,"Water, Lauric Acid, Disodium Cocoamphodiacetate, Potassium Hydroxide, Myristic Acid, Microcrystalline Cellulose, Acrylates Copolymer, Glycerin, Calendula Officinalis Flower Extract+, Thuja Occidentalis Leaf Extract, Euphrasia Officinalis Extract, Arctium Lappa Root Extract, Stellaria Media (Chickweed) Extract+, Viola Tricolor Extract, Symphytum Officinale Leaf Extract, Spiraea Ulmaria Flower Extract, Rosa Damascena Flower Extract, Althaea Officinalis Root Extract, Alchemilla Vulgaris Leaf Extract, Rosmarinus Officinalis (Rosemary) Leaf Extract, Lavandula Angustifolia (Lavender) Flower Extract, Echinacea Angustifolia Extract, Rubus Idaeus (Raspberry) Leaf Extract+, Nepeta Cataria Extract+, Avena Sativa (Oat) Kernel Extract+, Baptisia Tinctoria Root Extract+, Charcoal Powder, Alcohol Denat, 1,2-Hexanediol, Acrylates/​C10-30 Alkyl Acrylate Crosspolymer, Tetrasodium EDTA, Citrus Aurantifolia (Lime) Oil*, Citrus Aurantium Bergamia (Bergamot) Fruit Oil*, Anthemis Nobilis Flower Oil*, Santalum Album (Sandalwood) Oil*, Lavandula Angustifolia (Lavender) Oil*, Citral, Limonene, Linalool",Belif Nose-Shine Boy Black Edition,https://inkeedecoder.com/products/belif-nose-shine-boy-black-edition
acne,"Aqua (Water), Lauric Acid, Disodium Cocoamphodiacetate, Potassium Hydroxide, Myristic Acid, Microcrystalline Cellulose, Acrylates Copolymer, Glycerin, Calendula Officinalis Flower Extract+, Thuja Occidentalis Leaf Extract, Euphrasia Officinalis Extract, Arctium Lappa Root Extract, Stellaria Media (Chickweed) Extract+, Viola Tricolor Extract, Symphytum Officinale Leaf Extract, Spiraea Ulmaria Flower Extract, Rosa Damascena Flower Extract, Althaea Officinalis Root Extract, Alchemilla Vulgaris Leaf Extract, Rosmarinus Officinalis (Rosemary) Leaf Extract, Lavandula Angustifolia (Lavender) Flower Extract, Echinacea Angustifolia Extract, Rubus Idaeus (Raspberry) Leaf Extract+, Nepeta Cataria Extract+, Avena Sativa (Oat) Kernel Extract+, Baptisia Tinctoria Root Extract+, Charcoal Powder, Alcohol Denat, 1,2-Hexanediol, Acrylates/​C10-30 Alkyl Acrylate Crosspolymer, Tetrasodium EDTA, Citrus Aurantifolia (Lime) Oil, Citrus Aurantium Bergamia (Bergamot) Fruit Oil, Anthemis Nobilis Flower Oil*, Santalum Album (Sandalwood) Oil, Lavandula Angustifolia (Lavender) Oil, Citral, Limonene, Linalool",Belif Pore Cleaner Blackhead Buster,https://inkeedecoder.com/products/belif-pore-cleaner-blackhead-buster
acne,"Water, Lauric Acid, Myristic Acid, Lauryl Hydroxysultaine, Potassium Hydroxide, Cocamidopropyl Betaine, Butylene Glycol, Succinic Acid, Hamamelis Virginiana (Witch Hazel) Extract, Niacinamide, Salicylic Acid, Sodium Chloride, Phenoxyethanol, Panthenol, Citrus Aurantium Bergamia (Bergamot) Fruit Oil, Disodium EDTA, Sodium Benzoate, Palmitic Acid, PEG-8, Glycogen, Artemisia Vulgaris Extract, Zinc Pca, 1,2-Hexanediol, Propanediol, Sodium Hydroxide, Isostearamidopropyl Ethyldimonium Ethosulfate, Artemisia Capillaris Extract, Ethylhexylglycerin, Propylene Glycol, Croton Lechleri Resin Extract, Olea Europaea (Olive) Fruit Oil, Carthamus Tinctorius (Safflower) Seed Oil",Best Korea Laboratory Ssuk Anti-acne Ampoule Cleanser,https://inkeedecoder.com/products/best-korea-laboratory-ssuk-anti-acne-ampoule-cleanser-2
acne,"Water, Lauric Acid, Potassium Hydroxide, Myristic Acid, Lauryl Hydroxysultaine, Sodium Bicarbonate, Glycol Distearate, Fragrance, Laureth-4 Carboxylic Acid, Sodium Laureth Sulfate, Palmitic Acid, Stearic Acid, Sodium Carbonate, Sodium Chloride, Hydroxypropyl Methylcellulose, Disodium EDTA, Tetrasodium EDTA, O-Cymen-5-Ol, Benzalkonium Chloride",Biore Body Foam Active Antibacterial,https://inkeedecoder.com/products/biore-body-foam-active-antibacterial
acne,"Water, Lauric Acid, Potassium Hydroxide, Myristic Acid, Lauryl Hydroxysultaine, Glycol Distearate, Fragrance, Decyl Glucoside, Palmitic Acid, Laureth-6 Carboxylic Acid, Sodium Laureth Sulfate, Hydroxyethylcellulose, Etidronic Acid, BHT, Algin, Sodium PCA, Butylene Glycol, Yogurt Filtrate",Biore Body Foam Pure Mild,https://inkeedecoder.com/products/biore-body-foam-pure-mild
acne,"Water, Lauric Acid, Sorbitol, Potassium Hydroxide, Cellulose, Myristic Acid, Fragrance, Laureth-4 Carboxylic Acid, Acrylates/​C10-30 Alkyl Acrylate Crosspolymer, Lauryl Hydroxysultaine, Palmitic Acid, Sodium Laureth Sulfate, Disodium EDTA, PEG-6, Etidronic Acid, Sodium Bicarbonate, Tocopheryl Acetate, Alcohol, Butylene Glycol, Tetrasodium EDTA, Camellia Sinensis Leaf Extract, Ci 77891",Biore Body Wash Bright White Scrub,https://inkeedecoder.com/products/biore-body-wash-bright-white-scrub
acne,"Water (Aqua), Lauric Acid, Glycerin, Potassium Hydroxide, Lauryl Hydroxysultaine, Myristic Acid, Sodium Laureth Sulfate, Laureth-4 Carboxylic Acid, Fragrance (Parfum), Cocamide MEA, Palmitic Acid, Sodium Chloride, Disodium EDTA, Etidronic Acid, Hydroxypropyl Methylcellulose, Tetrasodium EDTA, Ci 42053, Ci 19140",Biore Experience Body Foam Forest Bless,https://inkeedecoder.com/products/biore-experience-body-foam-forest-bless
acne,"Aqua (Water), Lauric Acid, Potassium Hydroxide, Palmitic Acid, Stearic Acid, Propylene Glycol, Myristic Acid, Cocamide MEA, Glycol Distearate, Parfum (Fragrance), Lauryl Betaine, Hydroxypropyl Methylcellulose, Tetrasodium EDTA, Chloroxylenol, Lactobacillus/​Wasabia Japonica Root Ferment Extract, Melaleuca Alternifolia (Tea Tree) Leaf Oil, Glycerin, Butylene Glycol, Camellia Sinensis (White Tea) Leaf Extract, Methylisothiazolinone, Citrus Junos (Yuzu) Peel Extract, Citrus Unshiu (Satsuma Orange) Peel Extract, Citrus Aurantium Amara (Bitter Orange) Peel Extract",Deodore Shower Cream Anti-oxidant,https://inkeedecoder.com/products/deodore-shower-cream-anti-oxidant
acne,"Water, Lauric Acid, Myristic Acid, Potassium Hydroxide, Stearic Acid, Sodium Laureth Sulfate, Glycerin, Fragrance, Cocamidopropyl Betaine, Glycol Distearate, Hydroxypropyl Methylcellulose, Sodium Chloride, Guar Hydroxypropyltrimonium Chloride, Phenoxyethanol, Tetrasodium EDTA, Citric Acid, Piroctone Olamine, Potassium Chloride, Hydroxystearic Acid, Pg, Rice Fermentation Liquid, Potassium Cocoyl Glycinate, Palmitic Acid, Niacinamide, Ceramide NG, Petrolatum, Potassium Coconut Fatty Acid, Arachidic Acid, Sodium Lauroyl Lactylate, Ceramide NP, Phytosphingosine, Ceramide AP, Xanthan Gum, Cholesterol, Carbomer, Ethylhexylglycerin, BHT, Ceramide EOP",Dove Body Wash Rice Ferment & Sweet Osmanthus,https://inkeedecoder.com/products/dove-body-wash-rice-ferment-sweet-osmanthus
acne,"Water, Lauric Acid, Myristic Acid, Potassium Hydroxide, Stearic Acid, Sodium Laureth Sulfate, Glycerin, Cocamidopropyl Betaine, Fragrance, Glycol Distearate, Hydroxypropyl Methylcellulose, Potassium Chloride, Sodium Chloride, Guar Hydroxypropyltrimonium Chloride, Phenoxyethanol, Tetrasodium EDTA, Citric Acid, Piroctone Olamine, Hydroxystearic Acid, Pg, Shea Butter, Potassium Cocoyl Glycinate, Palmitic Acid, Niacinamide, Ceramide NG, Petrolatum, Potassium Coconut Fatty Acid, Arachidic Acid, Sodium Lauroyl Lactylate, Ceramide NP, Phytosphingosine, Ceramide AP, Xanthan Gum, Cholesterol, Carbomer, Ethylhexylglycerin, BHT, Ceramide EOP, Yellow 4, Red 227",Dove Body Wash Shea Butter & Vanilla,https://inkeedecoder.com/products/dove-body-wash-shea-butter-vanilla
acne,"Water, Lauric Acid, Sodium Lauroyl Isethionate, Sodium Methyl Lauroyl Taurate, Cocamidopropyl Betaine, Sodium Hydroxypropyl Starch Phosphate, Hydrogenated Soybean Oil, Sodium Chloride, Glycine Soja (Soybean) Oil, Fragrance, Glycerin, Stearic Acid, Palmitic Acid, Hydrogenated Vegetable Glycerides, Glyceryl Stearate, Hydroxystearic Acid, Sodium Benzoate, Guar Hydroxypropyltrimonium Chloride, Capryloyl Glycine, Undecylenoyl Glycine, Citric Acid, Sodium Gluconate, Alpha-Isomethyl Ionone, Benzyl Alcohol, Citronellol, Coumarin, Hexyl Cinnamal, Limonene, Linalool",Dove Deep Moisture Nourishes The Driest Skin Body Wash,https://inkeedecoder.com/products/dove-deep-moisture-nourishes-the-driest-skin-body-wash
acne,"Water, Lauric Acid, Sodium Lauroyl Isethionate, Sodium Methyl Lauroyl Taurate, Cocamidopropyl Betaine, Sodium Hydroxypropyl Starch Phosphate, Hydrogenated Soybean Oil, Glycine Soja (Soybean) Oil, Fragrance, Glycerin, Stearic Acid, Palmitic Acid, Glyceryl Stearate, Hydroxystearic Acid, Hydrogenated Vegetable Glycerides, Butyrospermum Parkii (Shea) Butter, Sodium Chloride, Sodium Benzoate, Guar Hydroxypropyltrimonium Chloride, Capryloyl Glycine, Undecylenoyl Glycine, Citric Acid, Sodium Gluconate, Benzyl Alcohol, Coumarin, Hexyl Cinnamal, Limonene, Linalool, Red 33 (Ci 17200), Yellow 5 (Ci 9140)",Dove Pampering Body Wash,https://inkeedecoder.com/products/dove-pampering-body-wash
acne,"Water (Aqua), Lauric Acid, Sodium Hydroxypropyl Starch Phosphate, Sodium Lauroyl Isethionate, Sodium Methyl Lauroyl Taurate, Cocamidopropyl Betaine, Hydrogenated Soybean Oil, Glycine Soja (Soybean Oil, Sodium Chloride, Glycerin, Fragrance (Parfum), Stearic Acid, Palmitic Acid, Hydrogenated Vegetable Glycerides, Hydroxystearic Acid, Glyceryl Stearate, Sodium Benzoate, Guar Hydroxypropyltrimonium Chloride, Capryloyl Glycine, Undecylenoyl Glycine, Citric Acid, Sodium Gluconate, Limonene, Blue 1 (Ci 42090), Red 33 (Ci 17200), Yellow 5 (Ci 19140)",Dove Strawberry Crumb Cake Nourishing Body Wash,https://inkeedecoder.com/products/dove-strawberry-crumb-cake-nourishing-body-wash
acne,"Water, Lauric Acid, Cocamide DEA, Myristic Acid, Potassium Hydroxide, Lauryl Betaine, Sodium Chloride, Sodium Lauryl Sulfate, Diethanolamine, Glycyrrhiza Glabra Root Extract, Sodium Hyaluronate, Charcoal Powder, Sodium Laureth Sulfate, Butylene Glycol, Lactic Acid, Ascorbic Acid, Disodium EDTA, Methylparaben, Fragrance",DrGL Cleanser Lightening Plus,https://inkeedecoder.com/products/drgl-cleanser-lightening-plus
acne,"Sodium Cocoyl Isethionate, Lauric Acid, Disodium Cocoyl Glutamate, Sodium Chloride, Sulfur, Salicylic Acid, Stearic Acid, Glycerin, Palmitic Acid, Glycol Distearate, Niacinamide, Potassium Hydroxide, Cocamidopropyl Betaine, Iodopropynyl Butylcarbamate, DMDM Hydantoin, Cocamide DEA, Aqua, Ci 17200, Styrene/​Acrylates Copolymer, Parfum",Everpure Sule-pure Acne Cream Cleanser,https://inkeedecoder.com/products/everpure-sule-pure-acne-cream-cleanser
acne,"Water, Lauric Acid, Lauramide Dea, Disodium Cocoamphodiacetate, Cocamidopropyl Betaine, Potassium Hydroxide, Myristic Acid, Glycerin, Sodium Cocoyl Isethionate, Sodium Chloride, Sodium Laureth Sulfate, Propanediol, Glycol Distearate, Styrene/​Acrylates Copolymer, Hexylene Glycol, Caprylyl Glycol, PEG-7 Glyceryl Cocoate, Disodium EDTA, Ethylhexylglycerin, Capric Acid, Palmitic Acid, 1,2-Hexanediol, Citric Acid, Sodium Carbonate, Milk Protein Extract, Macadamia Ternifolia Seed Oil, Cocos Nucifera (Coconut) Oil, Argania Spinosa Kernel Oil, Honey Extract, Fragrance, Linalool, Alpha-Isomethyl Ionone, Geraniol, Butylphenyl Methylpropional, Hydroxycitronellal, Citronellol",Flor de Mens Fresh Milk Body Wash,https://inkeedecoder.com/products/flor-de-mens-fresh-milk-body-wash
acne,"Aqua, Lauric Acid, Myristic Acid, Glycerin, Sodium Lauroyl Sarcosinate, Potassium Hydroxide, Sodium Laureth Sulfate, Palmitic Acid, Fragrance, Sodium PCA, Lauryl Hydroxysultaine, PEG-4 Distearyl Ether, Hydrolyzed Collagen, Pachyrhizus Erosus Root Extract, Carica Papaya Fruit Extract, Morus Alba Bark Extract, Lactic Acid, Propylene Glycol, Sodium Lactate, Serine, Urea, Sorbitol, Allantoin, Acrylates Copolymer, Hydroxypropyl Methylcellulose, Distearyl Ether, Laureth-6 Carboxylic Acid, Styrene Acrylates Copolymer, Sodium Chloride, Dicaprylyl Ether, Tetrasodium EDTA, Etidronic Acid, Sodium Benzoate, Pentylene Glycol, Synthetic Wax, Caprylic Capric Glycerides, Hexamethylindanopyran, Phenoxyethanol, Methylparaben, Ethylparaben, Potassium Sorbate, Sodium Hydroxide, Ci 16255",Giv Body Wash Glowing White Mulberry & Collagen,https://inkeedecoder.com/products/giv-body-wash-glowing-white-mulberry-collagen
acne,"Water, Lauric Acid, Glycerin, Stearic Acid, Potassium Hydroxide, Butylene Glycol, Palmitic Acid, Glycol Distearate, Cocamidopropyl Betaine, Acrylates Copolymer, Sodium Laureth Sulfate, Polyquaternium-7, Cocamide DEA, Disteardimonium Hectorite, Hydroxyacetophenone, Potassium Cocoyl Glycinate, Glyceryl Caprate, PEG-30 Dipolyhydroxystearate, Laureth-23, Glyceryl Stearate, Salicylic Acid, Disodium EDTA, Glycolic Acid, Amylopectin, Dextrin, Xanthan Gum, Sodium Hyaluronate, Phytic Acid, Helianthus Annuus Sunflower Seed Oil, 1,2-Hexanediol, Moringa Pterygosperma Seed Extract, Biosaccharide Gum-4, Viola Tricolor Extract, BHT",Hada Labo AHA+BHA Acne Control Face Wash (MY),https://inkeedecoder.com/products/hada-labo-aha-bha-acne-control-face-wash-my
acne,"Water, Lauric Acid, Glycerin, Stearic Acid, Potassium Hydroxide, Butylene Glycol, Palmitic Acid, Glycol Distearate, Cocamidopropyl Betaine, Acrylates Copolymer, Sodium Laureth Sulfate, Polyquaternium-7, Cocamide DEA, Disteardimonium Hectorite, Hydroxyacetophenone, Potassium Cocoyl Glycinate, Glyceryl Caprate, PEG-30",Hada Labo Acne Control Cleanser,https://inkeedecoder.com/products/hada-labo-acne-control-cleanser
acne,"Water, Lauric Acid, Stearic Acid, Glycerin, Potassium Hydroxide, Butylene Glycol, Palmitic Acid, Glycol Distearate, Cocamidopropyl Betaine, Acrylates Copolymer, Cocamide Dea, Sodium Lauryl Ether Sulphate, Sodium Chloride, Potassium Cocoyl Glycinate, Disodium Edta, Disteardimonium Hectorite, Polyquaternium-7, Sodium Benzoate, Methylisothiazolinone, Iodopropynyl Butylcarbamate, Sodium Hyaluronate, Epilobium Fleischeri Extract, Citric Acid, Potassium Sorbate",Hada Labo Deep Clean & Pore Refining Face Wash,https://inkeedecoder.com/products/hada-labo-deep-clean-pore-refining-face-wash
acne,"Water, Lauric Acid, Glycerin, Stearic Acid, Cocamidopropyl Betaine, Potassium Hydroxide, Butylene Glycol, Palmitic Acid, Acrylates Copolymer, Glycol Distearate, Polyquaternium-7, Sodium Laureth Sulfate, Cocamide DEA, Potassium Cocoyl Glycinate, Disteardimonium Hectorite, Disodium EDTA, Methylisothiazolinone, Iodopropynyl Butylcarbamate, Epilobium Fleischeri Extract, Citric Acid, Sodium Hyaluronate",Hada Labo Deep Clean & Pore Refining Face Wash,https://inkeedecoder.com/products/hada-labo-deep-clean-pore-refining-face-wash-2
acne,"Water, Lauric Acid, Sorbitol, PEG-75, Myristic Acid, Potassium Hydroxide, Cocamide DEA, Decyl Glucoside, BG, Glycyrrhizic Acid 2K, Aminocaproic Acid, Yokuinin Extract (Crowfish Extract), Dokudami Extract, Chamomile Flower Extract, Hyaluronic Acid Na, Squalane, Camphor, Glycerin, Rosemary Leaf Oil, Palmitic Acid, Menthoxypropanediol, PEG-80 Sorbitan Laurate, Steareth-20, Sodium Bicarbonate, Polyquaternium-39, EDTA 2Na, Ethanol, Iodopropynyl Butylcarbamate, Phenoxyethanol",Hada Labo Gokujyun Hatomugi Face Foam,https://inkeedecoder.com/products/rohto-mentholatum-hada-labo-gokujyun-hatomugi-face-foam
acne,"Water, Lauric Acid, Glycerin, Stearic Acid, Cocamidopropyl Betaine, Potassium Hydroxide, Butylene Glycol, Palmitic Acid, Acrylates Copolymer, Glycol Distearate, Polyquaternium-7, Sodium Laureth Sulfate, Cocamide Dea, Potassium Cocoyl Glycinate, Disodium Edta, Methylisothiazolinone, Iodopropynyl Butylcarbamate, Resveratrol, Sodium Hyaluronate, Sodium Acetylated Hyaluronate, Algae Extract",Hada Labo Hydra & Whitening Face Wash,https://inkeedecoder.com/products/hada-labo-hydra-whitening-face-wash
acne,"Water, Lauric Acid, Stearic Acid, Glycerin, Potassium Hydroxide, Butylene Glycol, Palmitic Acid, Glycol Distearate, Cocamidopropyl Betaine, Acrylates Copolymer, Cocamide DEA, Sodium Laureth Sulfate, Sodium Chloride, Potassium Cocoyl Glycinate, Phenoxyethanol, Chlorphenesin, Disteardimonium Hectorite, Disodium EDTA, Polyquaternium-7, Sodium Benzoate, Sodium Hyaluronate, Resveratrol, Sesamum Indicum (Sesame) Seed Extract, Potassium Sorbate",Hada Labo Softening & Whitening Face Wash,https://inkeedecoder.com/products/hada-labo-softening-whitening-face-wash
acne,"Water, Lauric Acid, Stearic Acid, Glycerin, Potassium Hydroxide, Butylene Glycol, Palmitic Acid, Glycol Distearate, Cocamidopropyl Betaine, Acrylates Copolymer, Cocamide DEA, Sodium Laureth Sulfate, Sodium Chloride, Potassium Cocoyl Glycinate, Phenoxyethanol, Chlorphenesin, Disteardimonium Hectorite, Disodium EDTA, Polyquaternium-7, Sodium Benzoate, Sodium Hyaluronate, Sodium Acetylated Hyaluronate, Sorbitol, Resveratrol, Sargassum Muticum Extract, Fucus Serratus Extract, Gelidiella Acerosa Extract, Hypnea Musciformis Extract, Chondrus Crispus (Carrageenan) Extract, Methylparaben, Propylparaben",Hada Labo Super Hyaluronic Acid Facial Wash,https://inkeedecoder.com/products/hada-labo-super-hyaluronic-acid-facial-wash
acne,"Aqua, Lauric Acid, Glycerin, Sodium Laureth Sulfate, Myristic Acid, Stearic Acid, PEG-150 Pentaerythrityl Tetrastearate, Potassium Hydroxide, Cocamidopropyl Betaine, Glycol Distearate, Perfume, Lauryl Betaine, DMDM Hydantoin, Sodium Chloride, Methylparaben, Olive (Olea Europea) Oil, Sodium Lactate, Disodium EDTA, Propylparaben, Acrylates/​C10-30 Alkyl Acrylate Crosspolymer, Glycyrrhiza Glabra  Root Extract, Citrus Aurantium Dulcis Fruit Extract, Kojic Acid, Ci 19140, Ci 42090",Herborist Facial Foam Tea Tree Anti Acne,https://inkeedecoder.com/products/herborist-facial-foam-tea-tree-anti-acne
acne,"Water, Lauric Acid, Glycerin, PEG-150 Pentaerythrityl Tetrastearate, Myristic Acid, Potassium Hydroxide, Stearic Acid, Lauryl Betaine, Cocamidopropyl Betaine, Glycol Distearate, Sodium Laureth Sulfate, Sodium Lactate, Glycyrrhiza Glabra Root Extract, Citrus Aurantium Dulcis Fruit Extract, Kojic Acid, DMDM Hydantoin, Polyquaternium-10, Perfume, Methylparaben, Olive (Olea Europaea) Oil, Disodium EDTA, Propylparaben, Ci 19140, Ci 42090",Herborist Olive Facial Foam,https://inkeedecoder.com/products/herborist-olive-facial-foam
acne,"Aqua, Lauric Acid, Myristic Acid, Stearic Acid, Salicylic Acid, Polyethylene, Glycol Distearate(PEG Distearate), Butylated Hydroxytoluene, Disodium EDTA, Glycerin, Propylene Glycol, Cdea, Potassium Hydroxide, DMDM Hydantoin, Fragrance Oil",Innsaei Salicylic Acid Acne Solution Cleansing Foam,https://inkeedecoder.com/products/innsaei-salicylic-acid-acne-solution-cleansing-foam
acne,"Aqua, Lauric Acid, Myristic Acid, Stearic Acid, Triethanolamine, Propylene Glycol, Glycerin, Sodium Hydroxide, Cocodiethanolamide, EDTA, Titanium Dioxide, Snail Extract, Niacinamide, Fragrance, BHT",Ivana Skin Perfect Whitening Whipp Bar,https://inkeedecoder.com/products/ivana-skin-perfect-whitening-whipp-bar
acne,"Aqua, Lauric Acid, Acrylates Copolymer, Lauryl Glucoside, Potassium Cocoyl Glycinate, Sulfur, Potassium Hydroxide, Glycerin, Sodium Cocoyl Glycinate, Myristic Acid, Palmitic Acid, Stearic Acid, Acrylates
/​Steareth-20 Methacrylate Crosspolymer, Fragrance (Parfum) Components, Finished Fragrances, Ethanol, Salicylic Acid, Tocopheryl Acetate, DMDM Hydantoin, Butylene Glycol, Hamamelis Virginiana, (Witch Hazel Leaf Extract, BHT, Disodium EDTA, PEG-60 Almond Glycerides, Caprylyl Glycol, Carbomer, Nordihydroguaiaretic Acid, Oleanolic Acid",JF Anti Acne Facial Foam,https://inkeedecoder.com/products/jf-anti-acne-facial-foam
acne,"Aqua, Lauric Acid, Myristic Acid, Potassium Hydroxide, Glycerin, Laureth-6 Carboxylic Acid, Parfum, Lauryl Hydroxysultaine, Palmitic Acid, Glycol Distearate, Niacinamide, Sodium Ascorbyl Phosphate, Oryza Sativa Seed Water, Polyquaternium-7, Sodium PCA, Propylene Glycol, Allantoin, Pentylene Glycol, Lactic Acid, Serine, Sodium Lactate, Sorbitol, Urea, Hydroxypropyl Methylcellulose, Sodium Chloride, Cocamide DEA, Sodium Laureth Sulfate, Tetrasodium EDTA, Etidronic Acid, PEG-40 Hydrogenated Castor Oil, Citric Acid, Sodium Hydroxide, Phenoxyethanol, Sodium Benzoate, Potassium Sorbate",K Natural White Brightening Body Wash Cotton Flower,https://inkeedecoder.com/products/k-natural-white-brightening-body-wash-cotton-flower
acne,"Aqua, Lauric Acid, Myristic Acid, Potassium Hydroxide, Glycerin, Laureth-6 Carboxylic Acid, Parfum, Lauryl Hydroxysultaine, Palmitic Acid, Glycol Distearate, Niacinamide, Sodium Ascorbyl Phosphate, Oryza Sativa Seed Water, Polyquaternium-7, Sodium PCA, Propylene Glycol, Allantoin, Pentylene Glycol, Lactic Acid, Serine, Sodium Lactate, Sorbitol, Urea, Hydroxypropyl Methylcellulose, Sodium Chloride, Cocamide DEA, Sodium Laureth Sulfate, Tetrasodium EDTA, Etidronic Acid, PEG-40 Hydrogenated Castor Oil, Citric Acid, Sodium Hydroxide, Phenoxyethanol, Sodium Benzoate, Potassium Sorbate",K Natural White Brightening Body Wash Sparkling Magnolia,https://inkeedecoder.com/products/k-natural-white-brightening-body-wash-sparkling-magnolia
acne,"Water, Lauric Acid, Glycerin, Potassium Hydroxide, Propylene Glycol, Sodium Laureth Sulfate, Myristic Acid, Palmitic Acid, Acrylates Copolymer, Cocamidopropyl Betaine, Glycol Distearate, Sodium Chloride, Phenoxyethanol, Fragrance, Polyquaternium-7, Inositol, Panthenol, Disodium EDTA, Tocopheryl Acetate, Butylene Glycol, Kojic Acid, Hibiscus Sabdariffa (Red Sorrel) Flower Extract, 1,2-Hexanediol, Spiraea Ulmaria Flower Extract (Daisy), Jasminum Officinale (Jasmine) Flower Extract",Koji White Kojic Acid Skin Brightening Body Wash,https://inkeedecoder.com/products/koji-white-kojic-acid-skin-brightening-body-wash
acne,"Water, Lauric Acid, Ethanol, Palmitic Acid, K Hydroxide, Myristic Acid, Hydroxypropyl Methylcellulose, Astaxanthin, Acetyl Hyaluronate Na, Succinoyl Atelocollagen, Pomegranate Peel Extract, Centifolia Rose Flower Extract, Tocopherol, Hyaluronic Acid Na, Haematococcus Pluvialis Extract, Hydrolyzed Hyaluronic Acid, Water-Soluble Collagen, BG, BHT, EDTA 2Na, PPG-52 Butyl, Glycerin, Cocamide MEA, Glycol Distearate, Tri (Caprylic Acid /​ Capric Acid) Glyceryl, Polyquaternium-39, Polyquaternium-7, Lauryl Betaine, Sodium Chloride, Sodium Hydrogen Carbonate, Ethylparaben, Phenoxyethanol, Methylparaben, Sodium Benzoate, Fragrance, Caramel",Kose Grace One Extra Moisture Washing Cream,https://inkeedecoder.com/products/kose-grace-one-extra-moisture-washing-cream
acne,"Water, Lauric Acid, Lauryl Hydroxysultaine, Sodium Chloride, Hydroxypropyl Methylcellulose, Potassium Hydroxide, Salicylic Acid, Polyquaternium-7, Sodium Phytate, Sodium Benzoate, Zinc Pca, Gaultheria Procumbens (Wintergreen) Leaf Extract, Citrus Aurantium Amara (Bitter Orange) Flower Water, Butylene Glycol, Moringa Pterygosperma Seed Extract, 1,2-Hexanediol",Koyal Beauty Gentle Gel Face Wash,https://inkeedecoder.com/products/koyal-beauty-gentle-gel-face-wash-2
acne,"Water, Lauric Acid, Myristic Acid, Palmitic Acid, Potassium Hydroxide, Glycol Distearate, Glycerin, Stearic Acid, Fragrance, Sodium Chloride, Sodium Lauroyl Methylaminopropionate, Cocamide MEA, Potassium Chloride, Sodium Laureth Sulfate, Hydroxypropyl Methylcellulose, Polyquaternium-7, Disodium EDTA, Dipropylene Glycol, Butylene Glycol, Sodium Benzoate, Glycosyl Trehalose, Hydrogenated Starch Hydrolysate, Sodium Citrate, Acetyl Glucosamine, Sapindus Trifoliatus Fruit Extract, Olea Europaea (Olive) Fruit Oil, Simmondsia Chinensis (Jojoba) Seed Oil, Prunus Persica (Peach) Leaf Extract",Kracie Naive Body Pump Soap Peach,https://inkeedecoder.com/products/kracie-naive-body-pump-soap-peach
acne,"Water (Aqua), Lauric Acid, Myristic Acid, Palmitic Acid, Potassium Hydroxide, Glycol Distearate, Glycerin, Stearic Acid, Fragrance (Parfum), Sodium Chloride, Sodium Lauroyl Methylaminopropionate, Cocamide MEA, Potassium Chloride, Sodium Laureth Sulfate, Hydroxypropyl Methylcellulose, Polyquaternium-7, Disodium EDTA, Dipropylene Glycol, Butylene Glycol, Disodium Cocoyl Glutamate, Sodium Benzoate, Sodium Cocoyl Threoninate, Sodium Cocoyl Glutamate, Sodium Citrate, Acetyl Glucosamine, Prunus Persica (Peach) Leaf Extract","Kracie Naive Body Wash, Peach",https://inkeedecoder.com/products/kracie-naive-body-wash-peach
acne,"Water, Lauric Acid, Myristic Acid, Potassium Hydroxide, Cocamide MEA, Cocamidopropyl Betaine, Sodium Laureth Sulfate, Glycerin, Cocamide DEA, Palmitic Acid, Sodium Chloride, Pg, Horse Oil, Camellia Oil, BG, Sodium Hyaluronate, Hydrolyzed Silk, Cetyl-PG Hydroxyethyl Palmitamide, Arginine, Polyquaternium-7, Denatured Alcohol, EDTA-4 Na, Methylparaben, Ethylparaben, Fragrance",Kumano Oils and Fats Kumano Fat Horse Oil Body Soap,https://inkeedecoder.com/products/kumano-oils-and-fats-kumano-fat-horse-oil-body-soap
acne,"Aqua, Lauric Acid, Stearic Acid, Potassium Hydroxide, Hydroxyethylcellulose",LV Biohajoava Nestesaippua,https://inkeedecoder.com/products/lv-biohajoava-nestesaippua
acne,lauric-acid,Next page >>,https://inkeedecoder.com/ingredients/lauric-acid?uoffset=1
acne,"Melaleuca Alternifolia (Tea Tree) Leaf Oil, Salicylic Acid, Epilobium Angustifolium Flower/​Leaf/​Stem Extract, Jeju Volcanic Cluster, Vitis Vinifera (Grape) Seed Extract, Acrylates Copolymer, Vinyl Caprolactam/​Vp/​Dimethylaminoethyl Methacrylate Copolymer, PVP, Butylene Glycol, Sodium Metabisulfite, Polysorbate 80, Phytosphingosine, Sodium Hyaluronate, Phenoxyethanol",3M Nexcare Blemish Clear Cover Relief Acne Patch,https://inkeedecoder.com/products/3m-nexcare-blemish-clear-cover-relief-acne-patch
acne,Melaleuca Alternifolia Oil,AhoAloe Óleo Essencial De Tea Tree Orgânico,https://inkeedecoder.com/products/ahoaloe-oleo-essencial-de-tea-tree-organico
acne,Melaleuca Alternifolia (Tea Tree) Leaf Oil,Aiken Tea Tree Oil 100% Pure Tea Tree Oil,https://inkeedecoder.com/products/aiken-tea-tree-oil-100-pure-tea-tree-oil
acne,"Melaleuca Alternifolia (Tea Tree) Leaf Oil, Limonene, Tocopherol, Linalool",Alkmene My Tea Tree Oil Tea Tree Oil,https://inkeedecoder.com/products/alkmene-my-tea-tree-oil-tea-tree-oil
acne,"Melaleuca Alternifolia, D-Limonene, Linalool",Altapharma Teebaumöl,https://inkeedecoder.com/products/altapharma-teebaumol
acne,"Melaleuca Alternifolia, Camellia Sinensis, Lavandula Angustifolia, Azadirachta Indica, Vitis Vinifera",Apotheke Spot Treatment,https://inkeedecoder.com/products/apotheke-spot-treatment
acne,"Melaleuca Alternifolia Leaf Oil, 4-Terpineol, Tocopherol, Limonene, Linalool, Geraniol",Australian bodycare Nail Repair,https://inkeedecoder.com/products/australian-bodycare-nail-repair
acne,Melaleuca Oil 50Mg/​G,Bosistos Tea Tree Spray,https://inkeedecoder.com/products/bosistos-tea-tree-spray
acne,Organic Melaleuca Alternifolia (Tea Tree) Leaf Oil,Briogeo B. Well Organic + Australian 100% Tea Tree Skin & Scalp Oil,https://inkeedecoder.com/products/briogeo-b-well-organic-australian-100-tea-tree-skin-scalp-oil
acne,"Melaleuca Alternifolia (Tea Tree) Leaf Oil, Salvia Sclarea (Clary Sage) Oil, Lactobacillus/​Pear Juice Ferment Filtrate, Salix Alba (Willow) Bark Extract, Phellodendron Amurense Bark Extract, Rehmannia Chinensis Root Extract, Melia Azadirachta (Neem) Leaf Extract, Scutellaria Baicalensis Root Extract, Houttuynia Cordata Extract, Glycine Soja (Soybean) Seed Extract, Silanediol Salicylate",Dot & Key Skin Clarifying Face Serum,https://inkeedecoder.com/products/dot-key-skin-clarifying-face-serum
acne,"Melaleuca Alternifolia, Fractionated Coconut Oil",Garden Lab Tea Tree 100% Natural Ready To Use Blend,https://inkeedecoder.com/products/garden-lab-tea-tree-100-natural-ready-to-use-blend
acne,"Melaleuca Alternifolia (Tea Tree) Leaf Oil, Hamamelis Virginiana(Witch Hazel) Water, Sodium Hyaluronate, Allantoin, Hydrolyzed, Centella Asiatica Extract",HitWorker Pimple Patch Hydrocolloid,https://inkeedecoder.com/products/hitworker-pimple-patch-hydrocolloid
acne,"Tea Tree Oil, (Cow) Yogurt, Grapefruit Seed Extract, Wheat Germ Oil, Honey, Cellulose Gum, Guar Gum, Benzyl Alcohol, Phenoxyethanol, Potassium Sorbate",Indus Valley Brightening Depigmentation Gel,https://inkeedecoder.com/products/indus-valley-bright-gel
acne,"Tea Tree Oil, (Cow) Yogurt, Grapefruit Seed Extract, Wheat Germ Oil, Honey, Cellulose Gum, Guar Gum, Benzyl Alcohol, Phenoxyethanol, Potassium Sorbate",Indus Valley Brightening Depigmentation Gel For Lightening And Glowing Skin,https://inkeedecoder.com/products/indus-valley-brightening-depigmentation-gel-for-lightening-and-glowing-skin
acne,"Tea Tree Oil, Hops Extract, Sage Extract, Lavender Oil, Rosemary Oil, Eucalyptus Oil, Comfrey Extract, Copper Chlorophyll, Na, BG, Ethanol, Poe Hydrogenated Castor Oil, Diethylenetriamine, Na Citrate, Viscosity Modifier (Ph Modifier), Phenoxyethanol",Ishizawa-Lab Acne Barrier,https://inkeedecoder.com/products/ishizawa-lab-acne-barrier
acne,Melaleuca Alternifolia (Tea Tree) Leaf Oil,Jason Tea Tree Skin Oil,https://inkeedecoder.com/products/jason-tea-tree-skin-oil
acne,"Melaleuca Alternifolia (Tea Tree) Leaf Oil, Hamamelis Virginiana (Witch Hazel) Water, Sodium Hyaluronate, Allantoin, Hydrolyzed, Centella Asiatica Extract",KHAZIX Micro Needles Pimple Patch,https://inkeedecoder.com/products/khazix-micro-needles-pimple-patch
acne,"Melaleuca Alternifolia Leaf Oil, Leptospermum Petersonii Oil, Tocopheryl Acetate, PEG-40 Hydrogenated Castor Oil, Hamamelis Virginiana Leaf Extract, Polysorbate 21, Tea Tree (Melaleuca Alternifolia) Oil",Kalonea Skincare Acne Spot Treatment Serum,https://inkeedecoder.com/products/kalonea-skincare-acne-spot-treatment-serum
acne,"Melaleuca Alternifolia (Tea Tree) Leaf Oil, Calcium Pantothenate, Althaea Officinalis (Marshmallow) Extract, Triticum Vulgare (Wheat) Germ Extract, Hamamelis Virginiana (Witch Hazel) Extract, Inositol, Retinol, Equisetum Arvense (Horsetail) Extract, Tussilago Fárfara (Coltsfoot) Flower Extract, Viscum Album (Mistletoe) Fruit Extract, Malva Sylvestris (Mallow) Extract, Colloidal Sulfur, Niacinamide, Menthol, Benzalkonium Chloride, Aqua, Alcohol, Propylene Glycol, PEG-75 Lanolin, Ethoxydiglycol, Butylene Glycol, Parfum, Ci 42090 (Blue 1)",Levinia Locion Reguladora,https://inkeedecoder.com/products/levinia-locion-reguladora
acne,Melaleuca Alternifolia Oil,Nature Queen Tea Tree Essential Oil,https://inkeedecoder.com/products/nature-queen-tea-tree-essential-oil
acne,Melaleuca Alternifolia (Tea Tree) Leaf Oil,Neal's Yard Remedies Organic Essential Oil Tea Tree,https://inkeedecoder.com/products/neals-yard-remedies-organic-essential-oil-tea-tree
acne,Melaleuca Alternifolia,Nikura 100% Pure Tea Tree Oil,https://inkeedecoder.com/products/nikura-100-pure-tea-tree-oil
acne,"Melaleuca Alternifolia Leaf Oil, Limonene, Rosmarinus Officinalis Leaf Extract",PLANTHÉ Tea Tree Oil,https://inkeedecoder.com/products/planthe-tea-tree-oil
acne,Tea Tree Oil (Melaleuca Oil),Rey natural tea tree essential oil,https://inkeedecoder.com/products/rey-natural-tea-tree-essential-oil-
acne,"Tea Tree Oil, Vitamin E, Aloe Vera, Peppermint, Honey, Rosemary Oil, Sweet Almond Oil, Sunflower Seed Oil, Phenoxyethanol",Rozino Tea Tree Oil Foot Cream,https://inkeedecoder.com/products/rozino-tea-tree-oil-foot-cream
acne,"Tea Tree Oil, Willow Bark Extract, Water, Sodium Lauroyl Methyl Isethionate, Cocamidopropyl Betaine, Glycerin (Vegetable), Glycol Distearate, Glyceryl Caprylate, Vinegar, Olea Europaea (Olive) Fruit Oil, Butyrospermum Parkii(Shea) Butter*♥, Salicylic Acid, Melaleuca Alternifolia (Tea Tree) Leaf Oil, Persea Gratissima(Avocado) Oil, Cocos Nucifera (Coconut) Oil, Argania Spinosa Kernel Oil, Simmondsia Chinensis (Jojoba) Seed Oil, Macadamia Ternifolia Seed Oil, Mangifera Indica (Mango) Seed Butter, Nigella Sativa Seed Oil, Melia Azadirachta Seed Oil, Vitis Vinifera (Grape) Seed Oil, Salix Nigra (Willow)Bark Extract, Plantago Major Leaf Extract, Rosmarinus Officinalis (Rosemary)Leaf Extract, Salvia Officinalis (Sage) Leaf Extract, Sodium Palm Kernelate, Sodium Shea Butterate, Sodium Cocoate, Theobroma Cacao (Cocoa) Pod Ash, Aloe Barbadensis Leaf Juice, Hydrolyzed Rice Protein, Tocopheryl Acetate, Caramel, Guar Hydroxypropyltrimonium Chloride, Sodium Chloride, Glyceryl Undecylenate, Fragrance (Essential Oil Blend)",Shea Moisture African Black Soap Deep Cleansing Shampoo,https://inkeedecoder.com/products/shea-moisture-african-black-soap-deep-cleansing-shampoo
acne,"Tea Tree Oil, Aloe Vera Extract, Licorice Extract, Rosemary Extract, Calendula Extract, Salicylic Acid, Glycolic Acid, Mandelic Acid, Maleic Acid, Azelaic Acid, Niacinamide, Sodium Ascorbate, Vitamin E, Vitamin A, Piroctone Olamine, Zinc Gluconate",Sofam Cleansing Gel For Oily Skin,https://inkeedecoder.com/products/sofam-cleansing-gel-for-oily-skin
acne,"Tea Tree Oil, Shea Butter, Aloe Vera, Almond Oil, Vitamin E, Jojoba Oil, Olive Oil, Fresh Milk, Egms, Cetyl Alcohol, Stearic Acid, Cm 1000, Gms, Carbopol, Tea, Ipm, Glycerine, Dmc, Disodium EDTA, Potassium Sorbate, Phenoxyethanol, Fragrance, Purified Water",St. D'Vence Moisturizer Winter Edition,https://inkeedecoder.com/products/st-dvence-moisturizer-winter-edition
acne,"Tea Tree Oil, Eucalyptus Oil, Peppermint Oil, Vitamin E, Aloe Vera (Usda Organic), Triethanolamine, Allantoin, Disodium Laureth Sulfosuccinate, Sodium Lauroyl Sarcosinate, Acrylates Copolymer, Cocamidopropyl Betaine, Glyceryl Cocoate, Cocodiethanolamide, Lauryl Glucoside, Disodium EDTA, Phenoxyethanol, Glycerine, Hydroxypropyl Methylcellulose, Tween 20, Colour, Purified Water",St. D'Vence Tea Tree Body Wash,https://inkeedecoder.com/products/st-dvence-tea-tree-body-wash
acne,"Certified Organic *Tea Tree (Melaleucs Alternifolia) Oil, *Peppermint (Mentha Piperita) Oil, *Eucalyptus (Eucalyptus Officinalis) Oil, *Rosemary (Rosmarinus Officinalis) Oil, (*Nettle) Urtica Dioica Oil, *Thyme (Thymus Vulgaris) Oil, *Chamomile (Anthemis Nobilis Flower), (Soybean Protein) Glycine Soja Extract (Aqueous), Menthol, Sodium Cocoyl Glutamate, Disodium Cocoamphodiacetate, Cocamidopropyl Betaine, Vegetable Glycerin, Panthenol (Pro-Vitamin B5), Tocopheryl Acetate (Vitamin E), Citric Acid (Corn), Sodium Hydroxymethylglycinate, (Essential Oil) Fragrance",Trader Joe's Tea Tree Tingle Body Wash,https://inkeedecoder.com/products/trader-joes-tea-tree-tingle-body-wash
acne,"Melaleuca Alternifolia (Tea Tree Oil), Allantoin, Vitis Vinifera (Grape Seed), Aloe Barbadensis (Aloe Vera), Rosa (Rose Extract), Fragaria Ananassa (Strawberry) Extract, Citrullus Vulgaris (Watermelon Fruit Extract), Base Q.S",Votre  Advanced Pore Minimising Toner,https://inkeedecoder.com/products/votre-advanced-pore-minimising-toner
acne,"Melaleuca Alternifolia (Tea Tree) Leaf Oil, Rosmarinus Officinalis (Rosemary) Leaf Extract, Chamomilla Recutita (Chamomile) Flower Extract, Aloe Barbadensis (Aloe Vera) Leaf Juice, Tocopherol (Vitamin E), Maris Sal (Dead Sea Salt), Salicylic Acid, Zinc Oxide",juman dead sea Acne Cream,https://inkeedecoder.com/products/juman-acne-cream
acne,"Melaleuca Alternifolia (Tea Tree) Leaf Oil, Gamma-Terpinene, Myrcene, Cineole, Terpinolene, Alpha-Pinenes, Alpha-Terpineol, Beta-Caryophyllene",tea tree oil Tea Tree Essential Oil,https://inkeedecoder.com/products/tea-tree-oil-tea-tree-essential-oil
acne,Melaleuca Alternifolia (Tea Tree) Leaf Oil,tea tree oil Thursday Plantation,https://inkeedecoder.com/products/tea-tree-oil-thursday-plantation
acne,"Ethanol, Melaleuca Alternifolia (Tea Tree) Leaf Oil, Salicylic Acid, Tocopheryl Acetate, Hydrolyzed Hyaluronic Acid, Niacinamide, Oligopeptide-76, Sodium Hydroxide",ACROPASS Trouble Cure Patch,https://inkeedecoder.com/products/acropass-trouble-cure-patch
acne,"Hydrocolloid, Melaleuca Alternifolia (Tea Tree) Leaf Oil, Melaleuca Alternifolia (Tea Tree) Extract, Centella Asiatica Extract",AOA Skin Invisible Acne Patches,https://inkeedecoder.com/products/aoa-skin-invisible-acne-patches
acne,"Simmondsia Chinensis (Jojoba) Seed Oil, Melaleuca Alternifolia (Tea Tree) Leaf Oil",ARGANICARE Tea Tree Oil,https://inkeedecoder.com/products/arganicare-tea-tree-oil
acne,"Caprylic/​Capric Triglyceride, Melaleuca Alternifolia (Tea Tree) Leaf Oil, Tocopherol, Avena Sativa (Oat) Kernel Oil, Oryza Sativa (Rice) Bran Extract, Helianthus Annuus (Sunflower) Extract, Rosmarinus Officinalis (Rosemary) Leaf Extract, Limonene, Linalool",Advanced Clinicals Tea Tree Oil,https://inkeedecoder.com/products/advanced-clinicals-tea-tree-oil
acne,"Water, Melaleuca Alternifolia (Tea Tree) Leaf Oil, Niacinamide, PEG/​PPG-14/​7 Dimethyl Ether, Bacopa Monniera Extract, Potassium Azeloyl Diglycinate, Alcohol, Sodium Hyaluronate, Polyglutamic Acid, Quaternium-73, PPG-10 Methyl Glucose Ether, Camellia Sinensis Leaf Extract, Acrylates/​C10-30 Alkyl Acrylate Crosspolymer, Tocopheryl Succinate, Salicylic Acid, Arginine, Chitosan, Ammonium Acryloyldimethyltaurate/​VP Copolymer, 1,2-Hexanediol, 3-O-Ethyl Ascorbic Acid, Centella Asiatica Extract, Aloe Barbadensis Leaf Extract, Citrus Aurantium Bergamia (Bergamot) Leaf Extract, Inositol, Scutellaria Baicalensis Root Extract, Phellodendron Amurense Bark Extract, Sophora Angustifolia Root Extract, Piper Methysticum Root Extract, Rosmarinus Officinalis (Rosemary) Leaf Extract, Citrus Grandis (Grapefruit) Seed Extract, Lavandula Angustifolia (Lavender) Extract, Belamcanda Chinensis Root Extract, Coptis Chinensis Root Extract, Dryopteris Filix-Mas Root Extract, Portulaca Oleracea Extract, Glycyrrhiza Glabra (Licorice) Root Extract, Calcium Pantothenate, PPG-26-Buteth-26, Polygonum Cuspidatum Root Extract, Hydroxyacetophenone, Dipotassium Glycyrrhizate, Chamomilla Recutita (Matricaria) Flower Extract, Artemisia Princeps Extract, Pyridoxine Hcl, Luffa Cylindrica Fruit Extract, Citrus Limon (Lemon) Peel Oil",Aizen Acnefique Cream V2.0,https://inkeedecoder.com/products/aizen-acnefique-cream-v2-0
acne,"Dead Sea Salts, Tea Tree Oil, Vitamin E, Glycerin, Vitamin C, Citric Acid, Thyme Extract, Licorice Extract, Salicylic Acid, Panthenol, Allantoin",Akren Liquid Cleanser For Combined And Oily Skin,https://inkeedecoder.com/products/akren-liquid-cleanser-for-combined-and-oily-skin
acne,"Hydrocolloid Dressing With, Melaleuca Alternifolia (Tea Tree) Leaf Oil, Hamamelis Virginiana (Witch Hazel) Water, Lens Esculenta (Lentil) Fruit Extract, Petroselinum Sativum (Parsley) Extract",Alba Botanica Acne Dote Pimple Patches,https://inkeedecoder.com/products/alba-botanica-acne-dote-pimple-patches
acne,"Aqua, Tea Tree Oil, Aloe Vera Oil, Provitamin B5, Chamomile Oil, Rose Water, Panthenol, Vit E, Vit C, Niacinamide, Allantoin Panthenol, Hamamelis Virginiana",Alejon Perin Facial Toner,https://inkeedecoder.com/products/alejon-perin-facial-toner
acne,"Aloe Barbadensis (Aloe Vera) Leaf Juice, Melaleuca Alternifolia (Tea Tree) Leaf Oil, Polysorbate 20, Acrylates/​C10-30 Alkyl Acrylate Crosspolymer, Sodium Phytate, Sodium Hydroxide, Phenoxyethanol, Potassium Sorbate, Benzoic Acid, Limonene",Aloe Pura Aloe Vera Gel With Antiseptic Tea Tree Oil,https://inkeedecoder.com/products/aloe-pura-aloe-vera-gel-with-antiseptic-tea-tree-oil
acne,"Aloe Vera Gel, Australian Tea Tree Oil, Eucalyptus Oil, Peppermint Oil, Methyl Salicylate, Allantoin",Aloe Vera Australia Aloe Vera Massage Treatment,https://inkeedecoder.com/products/aloe-vera-australia-aloe-vera-massage-treatment
acne,"Cymbopogon Flexuosus Oil, Melaleuca Alternifolia, Pelargonium Graveolens, Boswellia Carterii, Cymbopogon Nardus, Cananga Odorata, Chamaemelum Nobile, Lavandula Angustifolia, Camellia Sinensis, Rosa Virginiana, Helichrysum Italicum, Simmondsia Chinensis, Helianthus Annus, Vitis Vinifera, Argania Spinosa, Rosa Canina, Alpha Tocopherol, Organic Beeswax",Apotheke Skin Doctor For Women,https://inkeedecoder.com/products/apotheke-skin-doctor-for-women
acne,"Hydrocolloid (Hydrogenated Styrene/​Butadiene Copolymer, Cellulose Gum, Sodium Carboxymethyl Starch), Melaleuca Alternifolia (Tea Tree) Leaf Oil, Calendula Officinalis Flower Oil, Madecassic Acid",Avarelle Cosmetics Acne Cover Patch Original 40,https://inkeedecoder.com/products/avarelle-cosmetics-acne-cover-patch-original-40
acne,"Aqua, Tea Tree Oil, Salicylic Acid, Glycerin, Ethylhexylglycerin, Arbutin, Nicotinamide, Glycyrrhiza Inflata Root Extract, Sophora Angustifolia Root Extract, Centella Asiatica Extract, Carbomer, Triethanolamine, Sodium Hyaluronate",Breylee Acne Scar Removal Gel,https://inkeedecoder.com/products/breylee-acne-scar-removal-gel
acne,"Water, Melaleuca Alternifolia (Tea Tree) Leaf Oil, Glycerin, Propylene Glycol, Diazolidinyl Urea, Methylparaben, Propylparaben, Triethanolamine, Carbomer, Acrylates/​C10-30 Alkyl Acrylate Crosspolymer, Disodium EDTA, Octoxynol-9",Care Science Natural Wound Gel With Tea Tree,https://inkeedecoder.com/products/care-science-natural-wound-gel-with-tea-tree
acne,"Aqua, Tea Tree Oil, Retinol, Rose Extract, Shea Butter, Collagen, Rosehip Seed Oil, Olive Oil, Burdock, Milk Thistle, Sophora Root Extract, Squalene, Isopropyl Myristate, Hemp Seed Extract, Salicylic Acid, Vitamin E, Argan Oil, Dl-Menthol, Hyaluronic Acid, Grape Seed Extract",Cota Skin Cbd Cream,https://inkeedecoder.com/products/cota-skin-cbd-cream
acne,"Petrolatum, Melaleuca Alternifolia (Tea Tree) Oil, Prunus Amygdalus (Sweet Almond) Dulcis Oil, Persea Gratissima (Avocado) Oil, Helianthus Annuus (Sunflower) Seed Oil, Simmondsia Chinensis (Jojoba) Seed Oil, Sesamum Indicum (Sesame) Seed Oil, Triticum Vulgare (Wheat) Germ Oil, Carthamus Tinctorius (Safflower) Seed Oil, Gossypium Herbaceum (Cotton) Seed Oil, Benzyl Benzoate, Coumarin, Parfum (Fragrance)",DAX Supergro For Men,https://inkeedecoder.com/products/dax-supergro-for-men
acne,melaleuca-alternifolia-leaf-oil,Next page >>,https://inkeedecoder.com/ingredients/melaleuca-alternifolia-leaf-oil?uoffset=1
acne,"Water (Aqua), Niacinamide 20.0%, Pentylene Glycol (Solvent/​Texture Enhancer), Butylene Glycol (Slip Agent/​Hydration), Glycerin (Skin-Replenishing), Acetyl Glucosamine (Skin-Replenishing), Ascorbyl Glucoside (Vitamin C/​Antioxidant), Glycyrrhiza Glabra (Licorice) Root Extract (Skinsoothing/​Antioxidant), Spiraea Ulmaria (Meadowsweet) Extract (Antioxidant), Portulaca Oleracea (Purslane) Extract (Antioxidant), Camellia Japonica Flower Extract (Antioxidant), Epigallocatechin Gallate (Green Tea-Derived Antioxidant), Boerhavia Diffusa Root Extract (Skin-Soothing), Camellia Sinensis (Green Tea) Leaf Extract (Antioxidant), Allantoin (Skinsoothing), Lecithin (Skin-Replenishing), Pullulan (Texture Enhancer), Panthenol (Hydration), Silica (Absorbent), Xanthan Gum (Thickener), Sclerotium Gum (Thickener), Propanediol (Hydration), Sodium Phytate (Chelating Agent), Phenoxyethanol (Preservative), Ethylhexylglycerin (Preservative)","20.0% | Clinical Niacinamide 20% Treatment
        

            Paula's Choice",https://inkeedecoder.com/products/paulas-choice-clinical-niacinamide-20-treatment
acne,"Water, Niacinamide 10.0%, Butylene Glycol, PEG-8, Propylene Glycol, Poloxamer 407, Tranexamic Acid 3.0%, Laureth-4, Salicylic Acid 1.0%, Carbomer, Dipotassium Glycyrrhizate, Bisabolol, Methylparaben, Phenoxyethanol","10.0% | Rejuvenating Brightening Essence
        

            BRODA® PRO",https://inkeedecoder.com/products/broda-r-pro-rejuvenating-brightening-essence
acne,"Organic Aloe Barbadensis Leaf Extract (Aloe), Niacinamide 10.0%, Propanediol, Glycerin, 1,2-Hexanediol, Zinc Pca 1.0%, Sodium Hyaluronate, Allantoin, Dipotassium Glycyrrhizate, Organic Hamamelis Virginiana (Witch Hazel) Leaf Extract, Organic Rosmarinus Officinalis (Rosemary) Extract, Organic Eucalyptus Globulus (Eucalyptus) Leaf Extract, Organic Thymus Vulgaris (Thyme) Extract, Organic Aspalathus Linearis (Rooibos) Extract","10.0% | Niacinamide 10 Serum
        

            Cos De BAHA",https://inkeedecoder.com/products/cos-de-baha-niacinamide-10-serum
acne,"Aqua (Water/​Eau), Butylene Glycol, Niacinamide 10.0%, Azelaic Acid 5.0%, Dicaprylyl Carbonate, Glycerin, Ethoxydiglycol, Cetearyl Alcohol, Dimethyl Isosorbide, Bakuchiol 1.0%, Tapioca Starch, Benzyl Alcohol, Allantoin, Sodium Stearoyl Glutamate, Xanthan Gum, Phenoxyethanol, Hydroxypinacolone Retinoate 0.2%, Disodium EDTA, Dehydroacetic Acid, Polymethylsilsesquioxane","10.0% | Flawless Nightly Serum
        

            Dr. Sam Bunting Skincare",https://inkeedecoder.com/products/dr-sam-bunting-skincare-flawless-nightly-serum
acne,"Water (Aqua/​Eau), Niacinamide 10.0%, Glycerin, Propanediol, Butylene Glycol, Squalane, Leuconostoc/​Radish Root Ferment Filtrate, Hyaluronic Acid, Phenoxyethanol, Hydroxyethyl Acrylate/​Sodium Acryloyldimethyl Taurate Copolymer, Hydroxyethylcellulose, Phospholipids, Xanthan Gum, Glycine Soja (Soybean) Extract, Allantoin, Disodium EDTA, Polysorbate 60, Panthenol, Glycolipids, Glycine Soja (Soybean) Sterols, Disodium Phosphate, Citric Acid, Sodium Phosphate","10.0% | Niacinamide
        

            The Inkey List",https://inkeedecoder.com/products/the-inkey-list-niacinamide
acne,"Aqua (Water), Niacinamide 10.0%, Pentylene Glycol, Zinc Pca 1.0%, Dimethyl Isosorbide, Tamarindus Indica Seed Gum, Xanthan Gum, Isoceteth-20, Ethoxydiglycol, Phenoxyethanol, Chlorphenesin","10.0% | Niacinamide 10% + Zinc 1%
        

            The Ordinary",https://inkeedecoder.com/products/the-ordinary-niacinamide-10-zinc-1-serum1
acne,"Aqua, Niacinamide 10.0%, Methylpropanediol, Pentylene Glycol, Salicylic Acid 1.0%, 3-O-Ethyl Ascorbic Acid, Carnosine, Opuntia Streptacantha Stem Extract, Glycine Max (Soybean) Seed Extract, Rhamnose, Amylopectin, Dextrin, Xanthan Gum, Trehalose, Tapioca Starch, Glycerin, Citric Acid, Hydroxyethylcellulose, 1,2-Hexanediol","10.0% | Pore Refining & Spot Correcting Concentrate
        

            dermistry⁺",https://inkeedecoder.com/products/dermistry-pore-refining-spot-correcting-concentrate
acne,"Aqua (Water), Niacinamide 5.0%, Tranexamic Acid 3.0%, PEG-11 Methyl Ether Dimethicone, Caprylyl Methicone, Caprylic/​Capric Triglyceride, 1-Methylhydantoin-2-Imide, 1,2-Hexanediol, PEG-12 Dimethicone, Propanediol, PEG-12 Dimethicone/​PPG-20 Crosspolymer, Tocopheryl Acetate, Morus Alba Root Extract, Brassica Campestris (Rapeseed) Seed Oil, Althaea Officinalis Root Extract, Glycyrrhiza Glabra (Licorice) Root Extract, Polyglyceryl-3 Diisostearate, Oryza Sativa (Rice) Bran Extract, Vaccinium Angustifolium (Blueberry) Fruit Extract, Panthenol, Allantoin, Sodium Hyaluronate, Phenoxyethanol, Aminomethyl Propanediol, Carbomer, Ethylhexylglycerin, Sodium Polyacrylate, Dimethicone, Cyclopentasiloxane, Glycerin, Trideceth-6, PEG/​PPG-18/​18 Dimethicone, Disodium EDTA","5.0% | Star Light Spot Corrector
        

            Acaderma",https://inkeedecoder.com/products/acaderma-star-light-spot-corrector
acne,"Aqua (Water), Azelaic Acid 10.0%, Caprylic/​Capric Triglyceride, Niacinamide 5.0%, Dicaprylyl Carbonate, Ascorbyl Glucoside 2.0%, Cetearyl Alcohol, Glycerin, Glyceryl Stearate SE, Cetearyl Olivate, Bakuchiol 1.0%, Sorbitan Olivate, Benzyl Alcohol, Xanthan Gum, Phenoxyethanol, Sodium Hydroxide, Disodium EDTA, Dehydroacetic Acid","5.0% | Flawless Brightly Serum
        

            Dr Sam Bunting",https://inkeedecoder.com/products/dr-sam-bunting-flawless-brightly-serum
acne,"Aqua (Water/​Eau), Butyrospermum Parkii (Shea) Butter, Cyclopentasiloxane, Niacinamide 5.0%, Propanediol, Dimethicone, Glycerin, Cetyl Alcohol, Caprylic/​Capric Triglyceride, Glyceryl Stearate Se, Panthenol, Xylitylglucoside, Polysilicone-11, Stearic Acid, Anhydroxylitol, Phenoxyethanol, Carbomer, Allantoin, Sodium Hyaluronate, Xylitol, Sodium Hydroxymethylglycinate, Sodium Stearoyl Glutamate, Sodium Hydroxide, Disodium Edta, Ethylhexylglycerin, Citric Acid","5.0% | Flawless Moisturiser
        

            Dr. Sam Bunting Skincare",https://inkeedecoder.com/products/dr-sam-bunting-skincare-flawless-moisturiser
acne,"Water, Niacinamide 5.0%, Arbutin 2.0%, Acetyl Glucosamine 2.0%, Bis-Ethoxydiglycol Cyclohexane 1,4-Dicarboxylate 1.0%, Pentylene Glycol, Butylene Glycol, Sophora Flavescens Root Extract**, Glycyrrhiza Inflata Root Extract**, Scutellaria Baicalensis Root Extract**, Dimethicone, Sodium Polyacrylate, C18-21 Alkane, Trideceth-6, 1,2-Hexanediol, Hydroxyacetophenone, Chlorphenesin","5.0% | Lab. Restoring Brightening Serum
        

            Purid",https://inkeedecoder.com/products/purid-lab-restoring-brightening-serum
acne,"Water, Aloe Vera Juice Extract, Niacinamide 5.0%, Cyclodextrin, Caprylic/​Capric Triglyceride, Gluconolactone, Terminalia Ferdinandiana (Kakadu Plum) Fruit Extract 5.0%, Carnitine (L), Vegetable Glycerin, Polysorbate 20, Retinaldehyd 0.5%, (Symwhite) Phenylethyl Resorcinol, Tocopheryl Acetate (D-Alpha), Bisabolol (L-Alpha), Hydrolyzed Marine Collagen, Porphyra Umbilicalis (Red Algae) Extract, Vaccinium Macrocarpon (Cranberry) Fruit Extract, Lactic Acid, Rubus Chamaemorus Seed Oil, Citrus Aurantium Bergamia (Bergamot) Fruit Oil, Michelia Alba (Magnolia) Flower Oil, Maltodextrin, Sodium Lactate, Lonicera Caprifolium (Honeysuckle) Flower Extract, Japonica (Honeysuckle) Flower Extract, Lecithin, Citrus Aurantium Dulcis (Orange) Fruit Extract, Jojoba Oil, Glycine Soja (Soybean) Oil, Apple Fruit Extract, Mangosteen Fruit Extract, Sorbitol, Beta-Glucan, Aloe Vera, Allantoin, Calendula Officinalis Flower Extract, Chamomile, Hyaluronic Acid, Hyaluronic Acid Hmw, Colloidal Oatmeal (Avena Sativa), Canadian Willow Herb Extract, Coenzyme Q10, Butylene Glycol, Phenoxyethanol, Caprylyl Glycol, Ethylhexylglycerin, Pentylene Glycol, Potassium Sorbate, Green Tea Leaf Extract, Alcohol, Citric Acid, Xanthan Gum, Sclerotium Gum, Pullulan, Sodium Benzoate, Benzoic Acid, 1,2-Hexanediol, Sodium Phytate","5.0% | Abc Repair & Restore Antioxidant Serum Rx2
        

            RejuAus",https://inkeedecoder.com/products/rejuaus-abc-repair-restore-antioxidant-serum-rx2
acne,niacinamide,Show all >>,https://inkeedecoder.com/ingredients/niacinamide?koffset=1
acne,"Acrylates Copolymer, Phellodendron Amurense Bark Extract, Coptis Chinensis (Goldthread) Root Extract, Scutellaria Baicalensis (Baikal Skullcap) Root Extract, Sciadopitys Verticillata (Umbrella Pine) Root Extract, Kochia Scoparia (Summer Cypress) Fruit Extract, Canavalia Gladiata (Sword Bean) Fruit Extract, Chamaecyparis Obtusa (Hinoki Cypress) Leaf Extract, Melaleuca Alternifolia (Tea Tree) Leaf Water, Butylene Glycol, Aqua (Water, Eau), 1,2-Hexanediol, Salicylic Acid",Oh K SOS Clear Cover Blemish Patches,https://inkeedecoder.com/products/oh-k-sos-clear-cover-blemish-patches
acne,"Acrylates Copolymer, Phellodendron Amurense Bark Extract, Coptis Chinensis Root Extract, Scutellaria Baicalensis Root Extract, Sciadopitys Verticillata Root Extract, Melaleuca Alternifolia (Tea Tree) Leaf Water, Kochia Scoparia Fruit Extract, Canavalia Gladiata Fruit Extract, Chamaecyparis Obtusa Leaf Extract, Salicylic Acid",The Creme Shop What Acne? Invisible Makeup Patches,https://inkeedecoder.com/products/the-creme-shop-what-acne-invisible-makeup-patches
acne,"Purified Water, Butylene Glycol (Skin-Conditioning Agent), Phellodendron Amurense Bark Extract, Glycolic Acid, PEG-60 Hydrogenated Castor Oil, Salix Alba Bark Extract, Rehmannia Chinensis Root Extract, Chinaberry (Melia Azedarach) Leaf Extract, Scutellaria Baicalensis Root Extract, Houttuynia Cordata Extract, Soybean (Glycine Soja) Extract, Lactobacillus/​Pear Juice Ferment Filtrate, Glyceryl Caprylate (Skin-Conditioning Agent), Ethylhexylglycerin (Skin-Conditioning Agent), 0-Cymen-5-Ol, Betaine, Witch Hazel (Hamamelis Virginiana) Extract, Hyaluronic Acid (Sodium Hyaluronate), Olive Oil PEG-7 Esters (Olive Oil Derived), Sodium Benzoate, Potassium Sorbate, Hydroxyethyl Urea, Polysorbate 20, Acacia Senegal Gum, Xanthan Gum, Phenoxyethanol, Ethylhexylglycerin, Allantoin (Comfrey Plant Derived), Green Tea (Camellia Sinensis) Leaf Extract, Aloe Vera (Aloe Barbadensis) Leaf Extract, Cucumber (Cucumis Sativus) Extract, Rosemary (Rosmarinus Officinalis) Extract, Roman Chamomile (Anthemis Nobilis) Extract, Neem (Azadirachta Indica) Extract, Passion Fruit (Passiflora Edulis) Seed Cold Pressed Oil, Tea Tree (Melaleuca Altemifolia) Leaf Essential Oil, Lavender (Lavandula Officinalis) Essential Oil, Peppermint (Mentha Piperita)",Oriental Botanics Australian Tea Tree Anti Acne Serum,https://inkeedecoder.com/products/oriental-botanics-australian-tea-tree-anti-acne-serum
acne,"Purified Water, Butylene Glycol, Phellodendron Amurense Bark Extract, Glycolic Acid, PEG-60 Hydrogenated Castor Oil, Salix Alba Bark Extract, Rehmannia Chinensis Root Extract, Melia Azadirachta Leaf Extract, Scutellaria Baicalensis Root Extract, Houttuynia Cordata Extract, Glycine Soja (Soybean) Seed Extract, Lactobacillus/​Pear Juice Ferment Filtrate, Glyceryl Caprylate, Ethylhexylglycerin, O-Cymen-5-Ol, Salicylic Acid, Propylene Glycol, Propanediol, Betaine, Nelumbo Nucifera (White Lotus) Flower Extract, Torreya Nucifera (Yugdugu) Extract, Olea Europaea (Olive) Leaf Extract, Sodium Lactate, Sodium Gluconate, Hydroxyethyl Urea, Phenoxyethanol, Sodium Hyaluronate, Sodium Benzoate, Potassium Sorbate, Saccharide Isomerate, Citric Acid, Sodium Citrate, Panthenol, Allantoin",Pilgrim 2% Salicylic Acid Face Serum For Anti-acne,https://inkeedecoder.com/products/pilgrim-2-salicylic-acid-face-serum-for-anti-acne
acne,"Water, Dipropylene Glycol, Phellodendron Amurense Bark Extract, Glycerin, Paeonia Lactiflora Bark/​Sap Extract, Scutellaria Baicalensis Root Extract, Butylene Glycol, Mentha Arvensis Extract, Hydroxyacetophenone, C12-14 Alketh-12, 1,2-Hexanediol, Ethylhexylglycerin, Disodium EDTA, Sodium Citrate, Citrus Aurantium Dulcis (Orange) Peel Oil, Citrus Aurantium Bergamia (Bergamot) Fruit Oil, Pelargonium Graveolens Oil, Butyrospermum Parkii (Shea) Butter, Squalane, Caprylic/​Capric Triglyceride, Ceramide NP, Adansonia Digitata Seed Oil, Hydrogenated Lecithin, Pentylene Glycol, Melaleuca Alternifolia (Tea Tree) Leaf Extract, Sodium Hyaluronate, Tocopherol, Caprylyl Glycol, Sodium Hyaluronate Crosspolymer, Ceramide NS, Ceramide AS, Hydrolyzed Hyaluronic Acid, Ceramide EOP, Ceramide AP, Centella Asiatica Extract, Hyaluronic Acid, Lonicera Japonica (Honeysuckle) Flower Extract, Hydrolyzed Sodium Hyaluronate, Asiatic Acid, Asiaticoside, Madecassic Acid, Madecassoside, Limonene, Citronellol, Linalool, Geraniol",Pyunkang Yul Get Ready Quick Clear Mist,https://inkeedecoder.com/products/pyunkang-yul-get-ready-quick-clear-mist
acne,"Water, Glycerin, Phellodendron Amurense Bark Extract, Cetearyl Alcohol, Paeonia Lactiflora Bark/​Sap Extract, Cetyl Alcohol, Glyceryl Stearate, Scutellaria Baicalensis Root Extract, Stearyl Alcohol, Caprylic/​Capric Triglyceride, Cetyl Ethylhexanoate, Mentha Arvensis Extract, Dipropylene Glycol, Hydroxyacetophenone, Carbomer, Palmitic Acid, Stearic Acid, 1,2-Hexanediol, Arginine, Myristyl Alcohol, Ethylhexylglycerin, Lauryl Alcohol, Citrus Aurantium Dulcis (Orange) Peel Oil, Citrus Aurantium Bergamia (Bergamot) Fruit Oil, Mentha Piperita (Peppermint) Oil, Myristic Acid, Squalane, Butyrospermum Parkii (Shea) Butter, Lonicera Japonica (Honeysuckle) Flower Extract, Butylene Glycol, Ceramide NP, Adansonia Digitata Seed Oil, Hydrogenated Lecithin, Pentylene Glycol, Melaleuca Alternifolia (Tea Tree) Leaf Extract, Sodium Hyaluronate, Tocopherol, Caprylyl Glycol, Sodium Hyaluronate Crosspolymer, Ceramide NS, Ceramide AS, Hydrolyzed Hyaluronic Acid, Centella Asiatica Extract, Ceramide EOP, Ceramide AP, Hyaluronic Acid, Hydrolyzed Sodium Hyaluronate, Madecassoside, Madecassic Acid, Asiaticoside, Asiatic Acid, Limonene, Citronellol, Geraniol, Linalool",Pyunkang Yul Ultimate Calming Solution Cream,https://inkeedecoder.com/products/pyunkang-yul-ultimate-calming-solution-cream
acne,"Green Tea (Camellia Sinensis Leaf Extract), Silk Protein, Phellodendron Amurense Bark Extract, Olea Europaea Leaf Extract, Prunus Yedoensis Leaf Extract, Camellia Japonica Seed Extract, Angelica Acutiloba Root Extract, Hibiscus Esculentus Fruit Extract, Citrus Junos Peel Extract, Pyrus Malus Fruit Extract, Laminaria Japonica Extract, Alpinia Speciosa Leaf Extract, Angelica Keiskei Leaf/​Stem Extract",Suqqu The Cream Foundation,https://inkeedecoder.com/products/suqqu-the-cream-foundation
acne,"Nelumbo Nucifera Flower Water, Niacinamide, Phellodendron Amurense Bark Extract, Dioscorea Japonica Root Extract, Acmella Oleracea Extract, Theobroma Cacao (Coc Qa) Seed Extract, Piper Methysticum Leaf/​Root/​Stem Extract, Centella Asiatica Extract, Panax Ginseng Berry Extract, Asparagus Officinalis Stem Extract, Lepidium Meyenii Root Extract, Rubus Fruticosus (Blackb Erry) Leaf Extract, Persea Gratissima (Avocado) Fruit Extract, Camellia Sinensis Leaf Water, Hydrogenated Lecithin, Rosa Damascena Flower Oil, Soluble Collagen, Sodium Hyaluronate, Bee Venom, Bifida Ferment Lysate, Adenosine, Hydrolyzed Corn Starch, Beta-Glucan, Hydrolyzed Collagen, Schizosaccharomyces Ferment Filtrate, Phytosqualane, Panthenol, Folic Acid, Snail Secretion Filtrate, Ceramide NP, Sodium Ascorbyl Phosphate, Tocopheryl Acetate, Dipeptide Diaminobutyroyl Benzylamide Diacetate, Hydrolyzed Lupine Protein, Palmitoyl Pentapeptide-4, Acetyl Hexapeptide-8, Ceramide AS, Ceramide AP, Ceramide NS, Ceramide EOP, Copper Tripeptide-1, Cholesterol",Vella Necessary Neck Cream,https://inkeedecoder.com/products/vella-necessary-neck-cream
acne,"Hordeum Distichon (Barley) Extract, Santalum Album (Sandalwood) Extract, Phellodendron Amurense Bark Extract, Glyceryl Stearate, Acacia Decurrens/​Jojoba/​Sunflower Seed Wax/​Polyglyceryl-3 Esters, Caprylic/​Capric Triglyceride, Glyceryl Myristate, Glyceryl Palmitate, Glyceryl Ricinoleate, Juniperus Virginiana (Cedarwood) Wood Oil, Lavandula Angustifolia (Lavender) Oil, Melaleuca Alternifolia (Melaleuca) Leaf Oil, Physalis Angulata Extract, Plukenetia Volubilis Seed Oil, Boswellia Carterii (Frankincense) Oil, Helichrysum Italicum (Helichrysm) Flower Oil, Rosa Canina Fruit Oil, Zingiber Officinale (Ginger) Root Extract, Elaeis Guineensis (Palm) Oil, Gossypium Herbaceum (Cotton) Seed Oil, Bidens Pilosa Extract, Bisabolol, Linum Usitatissimum (Linseed) Seed Oil, Linoleic Acid, Phospholipids, Glyceryl Eicosanedioate, Glycine Soja (Soybean) Sterols, Dextrin Palmitate, Stearyl Glycyrrhetinate",doTERRA Correct-X,https://inkeedecoder.com/products/doterra-correct-x-essential-ointment
acne,"Coptis Chinensis Root Extract, Scutellaria Baicalensis Root Extract, Gardenia Jasminoides Extract, Phellodendron Amurense Bark Extract, Water, Glycerin, Propanediol, Sodium Hyaluronate, 1,2-Hexanediol, Butylene Glycol, Dipropylene Glycol, Glycereth-26, Peg-60 Hydrogenated Castor Oil, Panthenol, Allantoin, Cananga Odorata Oil﻿",Atoclassic Real Tonic Soothing Moist Mist,https://inkeedecoder.com/products/atoclassic-real-tonic-soothing-moist-mist
acne,"Purified Water, Betaine, Butylene Glycol, Phellodendron Amurense Bark Extract, Glycolic Acid, PEG-60 Hydrogenated Castor Oil, Salix Alba Bark Extract, Rehmannia Chinensis Root Extract, Melia Azadirachta Leaf Extract, Scutellaria Baicalensis Root Extract, Houttuynia Cordata Extract, Glycine Soja Seed Extract, Lactobacillus/​Pear Juice Ferment Filtrate, Glyceryl Caprylate, Ethylhexylglycerin, O-Cymen-5-Ol, Polysorbate 20, Cucumis Sativus Fruit Extract, Glycyrrhiza Glabra Extract, Morus Alba Extract, Hamamelis Virginiana Extract, Phenoxyethanol, Perfume, Triethanolamine, Disodium EDTA, Color",DermDoc Gentle Exfoliating Toner with Glycolic Acid,https://inkeedecoder.com/products/dermadoc-glycolic-acid-toner
acne,"Aqua (Water), Cetearyl Alcohol, Santalum Album (Sandalwood) Wood Extract, Phellodendron Amurense (Amur Corktree) Bark Extract, Hordeum Distichon (Barley) Extract, Butylene Glycol, Cetearyl Methicone, Dimethicone, Linoleic Acid, Glycine Soja (Soybean) Sterols, Phospholipids, Polyglyceryl-2 Stearate, Glucosamine Hcl, Algae Extract, Yeast Extract, Urea, Glycerin, Carbomer, Polysorbate 20, Palmitoyl Hexapeptide-12, Palmitoyl Tetrapeptide-3, Squalane, C12-15 Alkyl Benzoate, Tribehenin, Ceramide 2, PEG-10 Phytosterol, Vitis Vinifera (Grape) Seed Oil, Punica Granatum (Pomegranate) Extract, Camellia Sinensis (White Tea) Leaf Extract, Hydrogenated Lecithin, Tocopheryl Acetate, Tetrahexyldecyl Ascorbate, Xanthan Gum, Ammonium Acryloyldimethyltaurate/​VP Copolymer, Sodium Hydroxide, Phenoxyethanol, Methylparaben, Ethylparaben, Propylparaben, Butylparaben, Isobutylparaben",Dermadoctor Wrinkle Revenge Rescue & Protect Facial Cream,https://inkeedecoder.com/products/dermadoctor-wrinkle-revenge-rescue-protect-facial-cream
acne,"Niacinamide, Chrysanthemum Indicum Flower Extract, Portulaca Oleracea Extract, Phellodendron Amurense Bark Extract, Glycine Soja (Soybean) Seed Extract, Trichosanthes Kirilowii Root Extract, Oenothera Biennis (Evening Primrose) Flower Extract, Mirabilis Jalapa Flower/​Leaf/​Stem Extract, Ipomoea Purpurea Extract, Theobroma Cacao (Cocoa) Seed Extract, Citrus Limon (Lemon) Peel Oil, Citrus Aurantium Bergamia (Bergamot) Fruit Oil, Citrus Aurantium Dulcis (Orange) Peel Oil, Citrus Aurantifolia (Lime) Oil, Pinus Sylvestris Leaf Oil, Adenosine, Eucalyptus Globulus Leaf Oil",Dr. Jart+ Every Sun Day Tone Up Sun Screen Spf 50+ Pa+++,https://inkeedecoder.com/products/dr-jart-every-sun-day-tone-up-sun-screen-spf-50-pa
acne,"Aqua, Glycerin, Acnebuster, Phellodendron Amurense Bark Extract, Salix Alba Bark Extract, Rehmannia Chinensis Root Extract, Melia Azadirachta Leaf Extract, Houttuynia Cordata Extract, Glycine Soja (Soyabean) Seed Extract, Lactobacillus/​Pear Juice Ferment Filtrate, Niacinamide, Propylene Glycol, Aloe Vera Juice, Cremophor Rh 40, Tween 20, Biopol 10, Neem Extract, Tea Tree Oil, Triethanolamine, Zinc Pca, Allantoin, Disodium EDTA",Dreamax D-clin Gel With Acnebuster Complex,https://inkeedecoder.com/products/dreamax-d-clin-gel-with-acnebuster-complex
acne,"Purified Water, Propylene Glycol (Skinconditioning Agent), Butylene Glycol (Skin-Conditioning Agent), Phellodendron Amurense Bark Extract, Glycolic Acid, PEG-60 Hydrogenated Castor Oil, Salix Alba Bark Extract, Rehmannia Chinensis Root Extract, Chinaberry (Melia Azedarach) Leaf Extract, Scutellaria Baicalensis Root Extract, Houttuynia Cordata Extract, Soybean (Glycine Soja) Extract, Lactobacillus/​Pear Juice Ferment Filtrate, Glyceryl Caprylate, Ethylhexylglycerin (Skinconditioning Agent), O-Cymen-5-Ol, Hyaluronic Acid (Sodium Hyaluronate), Polysorbate 20, Sodium Benzoate, Potassium Sorbate, Green Tea (Camellia Sinensis) Leaf Extract, Aloe Vera, Aloe Barbadensis) Leaf Extract, Cucumber (Cucumis Sativus) Extract, Rosemary (Rosmarinus Officinalis) Leaf Extract, Aroma, Chamomile (Anthemis Nobilis) Extract, Neem (Azadirachta Indica) Extract, Witch Hazel (Hamamelis Virginiana) Extract, Phenoxyethanol, Ethylhexylglycerin, Triethanolamine, Tea Tree (Melaleuca Alternifolia) Leaf Essential Oil, Lavender (Lavandula Officinalis) Essential Oil, Passion Fruit (Passiflora Edulis) Seed Cold Pressed Oil, Peppermint (Mentha Piperita), Color",Oriental Botanics Tea Tree Toner,https://inkeedecoder.com/products/oriental-botanics-tea-tree-toner
acne,"Purified Water, Niacinamide, Butylene Glycol, Phellodendron Amurense Bark Extract, Glycolic Acid, PEG-60 Hydrogenated Castor Oil, Salix Alba Bark Extract, Rehmannia Chinensis Root Extract, Melia Azadirachta Leaf Extract, Scutellaria Baicalensis Root Extract, Houttuynia Cordata Extract, Glycine Soja (Soybean) Seed Extract, Lactobacillus/​Pear Juice Ferment Filtrate, Glyceryl Caprylate, Ethylhexylglycerin, 0-Cymen-5-Ol, Propanediol, Salicylic Acid, Carbomer, Dextran, Tripeptide-1, Epilobium Fleischeri Extract, Citric Acid, Potassium Sorbate, Glycerin, Zinc Pca, Heptyl Glucoside, Phenoxyethanol, Sodium Benzoate, Sodium Gluconate, Mentha Piperita Oil, Melaleuca Alternifolia (Tea Tree) Leaf Oil, Anthemis Nobilis (Chamomile) Flower Oil",Pilgrim Zit Zapper Anti-acne Gel,https://inkeedecoder.com/products/pilgrim-zit-zapper-anti-acne-gel
acne,"Water, Glycerin, Methylpropanediol, Phellodendron Amurense Bark Extract, Paeonia Lactiflora Bark/​Sap Extract, Scutellaria Baicalensis Root Extract, Mentha Arvensis Extract, Butylene Glycol, Dipropylene Glycol, Betaine, Hydroxyacetophenone, Acrylates/​C10-30 Alkyl Acrylate Crosspolymer, Arginine, 1,2-Hexanediol, Xanthan Gum, Citric Acid, PEG-60 Hydrogenated Castor Oil, Ethylhexylglycerin, Citrus Aurantium Dulcis (Orange) Peel Oil, Citrus Aurantium Bergamia (Bergamot) Fruit Oil, Pelargonium Graveolens Oil, Allantoin, Gluconolactone, Mentha Piperita (Peppermint) Oil, Squalane, Butyrospermum Parkii (Shea) Butter, Lonicera Japonica (Honeysuckle) Flower Extract, Caprylic/​Capric Triglyceride, Ceramide NP, Adansonia Digitata Seed Oil, Hydrogenated Lecithin, Pentylene Glycol, Melaleuca Alternifolia (Tea Tree) Leaf Extract, Sodium Hyaluronate, Tocopherol, Caprylyl Glycol, Sodium Hyaluronate Crosspolymer, Ceramide NS, Ceramide AS, Hydrolyzed Hyaluronic Acid, Centella Asiatica Extract, Ceramide EOP, Ceramide AP, Hyaluronic Acid, Hydrolyzed Sodium Hyaluronate, Madecassoside, Madecassic Acid, Asiaticoside, Asiatic Acid, Limonene, Citronellol, Linalool, Geraniol",Pyunkang Yul Ultimate Calming Serum,https://inkeedecoder.com/products/pyunkang-yul-ultimate-calming-serum
acne,"Mannitol, Trehalose, Phellodendron Bark Extract, Bamboo Charcoal",Sofina iP Pore Clearing Gel Wash,https://inkeedecoder.com/products/sofina-ip-pore-clearing-gel-wash
acne,"Aloe Barbadensis (Aloe Vera) Leaf Juice, Propylene Glycol, Salicylic Acid, Lactobacillus/​Pear Juice Ferment Filtrate, Phellodendron Amurense Bark Extract, Salix Alba (Willow) Bark Extract, Rehmannia Chinensis Root Extract, Melia Azadirachta (Neem) Leaf Extract, Scutellaria Baicalensis Root Extract, Houttuynia Cordata Extract, Glycine Soja (Soybean) Seed Extract, Silanetriol, Hyaluronic Acid, Sodium Chloride, Centella Asiatica (Cica) Leaf Extract, Camellia Sinensis (Green Tea) Leaf Extract, Melaleuca Alternifolia (Tea Tree) Leaf Oil, Mentha Piperita (Peppermint) Oil, Menthol, Aloe Barbadensis (Aloe Vera) Extract, Allantoin, Panthenol, Sodium Hydroxide, Polysorbate 20, Benzyl Alcohol, Ethylhexylglycerin, Tocopherol",Dot & Key Cica Salicylic Back & Body Acne Spray With Tea Tree Oil,https://inkeedecoder.com/products/dot-key-cica-salicylic-back-body-acne-spray-with-tea-tree-oil
acne,"Melaleuca Alternifolia (Tea Tree) Leaf Oil, Salvia Sclarea (Clary Sage) Oil, Lactobacillus/​Pear Juice Ferment Filtrate, Salix Alba (Willow) Bark Extract, Phellodendron Amurense Bark Extract, Rehmannia Chinensis Root Extract, Melia Azadirachta (Neem) Leaf Extract, Scutellaria Baicalensis Root Extract, Houttuynia Cordata Extract, Glycine Soja (Soybean) Seed Extract, Silanediol Salicylate",Dot & Key Skin Clarifying Face Serum,https://inkeedecoder.com/products/dot-key-skin-clarifying-face-serum
acne,"Purified Water, Dimethicone, Dimethicone Crosspolymer, Pear Juice Ferment Filtrate, Phellodendron Amurense Bark Extract, Rehmannia Chinensis Root Extract, Melia Azadirachta Leaf Extract, Scutellaria Baicalensis Root Extract, Houttuynia Cordata Extract, Glycine Soja (Soybean) Seed Extract, Acrylates/​Beheneth-25 Methacrylate Copolymer, Cyclopentasiloxane, Dimethiconol, Silanediol Salicylate, Phenoxyethanol, Methylisothiazolinone, Sodium Hydroxide, Hydroxyethyl Cellulose, Tocopheryl Acetate, Tea Tree Oil, Clary Sage Oil, Perfum",Dot & Key Zit Zapping Skin Clarifying Face Serum,https://inkeedecoder.com/products/dot-key-zit-zapping-skin-clarifying-face-serum
acne,"Water (Aqua), Magnesium Silicate, Butyrospermum Parkii (Shea) Butter, Santalum Album (Sandalwood) Extract, Phellodendron Amurense Bark Extract, Hordeum Distichon (Barley) Extract, Isononyl Isononanoate, Caprylic/​Capric Triglycerides, Glycerin, Decapeptide-16, Oligopeptide-59, Dicaprylyl Ether, Butylene Glycol, Oryza Sativa (Rice Bran) Extract, Aluminum Starch Octenylsuccinate, Propylene Glycol, Sorbitan Stearate, Polysorbate 60, Cetyl Alcohol, Dimethicone, Aloe Barbadensis (Aloe), Phenoxyethanol, Triethanolamine, Carbomer, Potassium Cetyl Phosphate, Methylisothiazolinone, Iodopropynyl Butylcarbamate",Lamelle Serra Lipid Recovery Mask,https://inkeedecoder.com/products/lamelle-serra-lipid-recovery-mask
acne,"Propylene Glycol, Silanediol Salicylate, Water, Butylene Glycol, Phellodendron Amurense Bark Extract, Glycolic Acid, PEG-60 Hydrogenated Castor Oil, Rehmannia Chinensis Root Extract, Scutellaria Baicalensis Root Extract, Houttuynia Cordata Extract, Glycine Soja (Soybean) Seed Extract, Lactobacillus/​Pear Juice Ferment Filtrate, Glyceryl Caprylate, Ethylhexylglycerin, O-Cymen-5-Ol, Niacinamide, Potassium Hydroxide, Polysorbate 20, Carbomer, Aqua, Hydrolyzed Rhodophyceae Extract, Phenoxyethanol, Sodium Sulfite, Sodium Gluconate",Leeford Alite Anti Acne Gel,https://inkeedecoder.com/products/leeford-alite-anti-acne-gel
acne,"Aqua, Glycerin, Diethylhexyl Carbonate, Butylene Glycol, Phellodendron Amurense Bark Extract, Glycolic Acid, Salix Alba (White Willow) Bark Extract, Rehmannia Chinensis Root Extract, Melia Azadirachta (Neem) Leaf Extract, Scutellaria Baicalensis Root Extract, Houttuynia Cordata Extract, Glycine Soja (Soybean) Seed Extract, Lactobacillus/​Pear Juice Ferment Filtrate, Glyceryl Caprylate, Ethylhexylglycerin, O-Cymen-5-Ol, Arachidyl Alcohol, Behenyl Alcohol, Arachidyl Glucoside, Ammonium Polyacryloyldimethyl Taurate, Neopentyl Glycol Diheptanoate, Pentaerythrityl Distearate, Salicylic Acid (<2%), Polyacrylate-13, Polyisobutene, Polysorbate 20, Maltodextrin, Punica Granatum Pericarp (Pomegranate) Extract, Xanthan Gum, Phenoxyethanol, Trisodium Ethylenediamine Disuccinate, Ifra Certified Allergen Free Fragrance",Mamaearth Bye Bye Acne Face Cream,https://inkeedecoder.com/products/mamaearth-bye-bye-acne-face-cream
acne,"Water, Disodium Cocoyl Glutamate, PEG-40 Glyceryl Cocoate, Lauramidopropyl Betaine, Phellodendron Amurense Bark Extract, Sophora Flavescens Extract, Aloe Vera Leaf Extract, Cnidium Monnieri Fruit Extract, Lavandula Angustifolia Oil, Tocopherol, Olea Europaea Leaf Oil, Prunus Amygdalus Dulcis Oil, Ormenis Multicaulis Flower Extract, Peach Juice, Inulin, Phenoxyethanol",Muun pH Balanced Feminine Wash,https://inkeedecoder.com/products/muun-ph-balanced-feminine-wash
acne,"Water, Glycerin, Butylene Glycol, Dipropylene Glycol, Phellodendron Amurense Bark Extract, Paeonia Lactiflora Bark/​Sap Extract, Scutellaria Baicalensis Root Extract, Betaine, Mentha Arvensis Extract, Hydroxyacetophenone, Acrylates/​C10-30 Alkyl Acrylate Crosspolymer, Arginine, 1,2-Hexanediol, C12-14 Alketh-12, Ethylhexylglycerin, Citric Acid, Gluconolactone, PEG-60 Hydrogenated Castor Oil, Mentha Piperita (Peppermint) Oil, Citrus Aurantium Dulcis (Orange) Peel Oil, Citrus Aurantium Bergamia (Bergamot) Fruit Oil, Pelargonium Graveolens Oil, Squalane, Butyrospermum Parkii (Shea) Butter, Lonicera Japonica (Honeysuckle) Flower Extract, Caprylic/​Capric Triglyceride, Ceramide NP, Adansonia Digitata Seed Oil, Hydrogenated Lecithin, Pentylene Glycol, Melaleuca Alternifolia (Tea Tree) Leaf Extract, Sodium Hyaluronate, Tocopherol, Caprylyl Glycol, Sodium Hyaluronate Crosspolymer, Ceramide NS, Ceramide AS, Hydrolyzed Hyaluronic Acid, Centella Asiatica Extract, Ceramide EOP, Ceramide AP, Hyaluronic Acid, Hydrolyzed Sodium Hyaluronate, Madecassoside, Madecassic Acid, Asiaticoside, Asiatic Acid, Limonene",Pyunkang Yul Ultimate Calming Solution Toner,https://inkeedecoder.com/products/pyunkang-yul-ultimate-calming-solution-toner
acne,"Sodium Acetylated Hyaluronate, Acetyl Glucosamine, Hydrolyzed Hyaluronic Acid, Sodium Hyaluronate, Phellodendron Amurense Bark Extract, Water, Butylene Glycol, Glycerin, Niacinamide, Hydrogenated Poly (C6-12 Olefin), Caprylic/​Capric Triglyceride, Pentylene Glycol, Limnanthes Alba (Meadowfoam) Seed Oil, Diglycerin, Dimethicone, Glyceryl Stearate, PEG-20 Sorbitan Isostearate, Behenyl Alcohol, Beheneth-30, PEG-60 Hydrogenated Castor Oil, Butyrospermum Parkii (Shea) Butter, PEG-32, Phenoxyethanol, Acrylates/​C10-30 Alkyl Acrylate Crosspolymer, Cetyl Alcohol, Disodium EDTA, Xanthan Gum, Triethanolamine, Polyquaternium-51",Rohto Mentholatum Hada Labo Facial Moisturizer Gokujyun Aging Milk,https://inkeedecoder.com/products/rohto-mentholatum-hada-labo-facial-moisturizer-gokujyun-aging-milk
acne,"Aqua, Glycine Soja (Soybean) Protein, Rehmannia Chinensis Root Extract, Lactobacillus/​Pear Juice Ferment Filtrate, Salix Alba (Willow) Bark Extract, Phellodendron Amurense Bark Extract (Oubaku), Melia Azadirachta Leaf Extract (Neem), Houttuynia Cordata Extract, Scutellaria Baicalensis Root Extract, Melaleuca Alternifolia, Lavender Oil",CUURA On-The-Spot (Acne Spot Treatment),https://inkeedecoder.com/products/cuura-on-the-spot-acne-spot-treatment
acne,"Water\Aqua\Eau, Sodium Laureth Sulfate, Lauryl Glucoside, Lauramidopropyl Betaine, PEG-7 Glyceryl Cocoate, Phellodendron Amurense Bark Extract, Laminaria Saccharina Extract, Dipotassium Glycyrrhizate, Butylene Glycol, Copper Pca, PEG-120 Methyl Glucose Dioleate, Sodium Chloride, Citric Acid, BHT, Fragrance (Parfum), Linalool, Butylphenyl Methylpropional, Limonene, Benzyl Salicylate, Disodium EDTA, Methylchloroisothiazolinone, Methylisothiazolinone, Phenoxyethanol",Darphin Purifying Foam Gel,https://inkeedecoder.com/products/darphin-purifying-foam-gel
acne,"Aqua/​Water/​Eau, Dipropylene Glycol, Butylene Glycol, Propanediol, Betaine, Phellodendron Amurense Bark Extract, Salix Alba (Willow) Bark Extract, Rehmannia Chinensis Root Extract, Melia Azadirachta Leaf Extract, Scutellaria Baicalensis Root Extract, Houttuynia Cordata Extract, 1,2-Hexanediol, Acrylates/​C10-30 Alkyl Acrylate Crosspolymer, Triethanolamine, PEG-33, PEG-8 Dimethicone, Dipotassium Glycyrrhizate, PEG-14, Glycolic Acid, PEG-60 Hydrogenated Castor Oil, Sodium Hyaluronate, PEG-40 Hydrogenated Castor Oil, Borneol, Glyceryl Caprylate, Lactobacillus/​Pear Juice Ferment Filtrate, Melaleuca Alternifolia (Tea Tree) Leaf Oil, Quaternium-73, O-Cymen-5-Ol, Glycine Soja (Soybean) Protein, Phenoxyethanol, Chlorphenesin",MINISO Tea Tree,https://inkeedecoder.com/products/miniso-tea-tree
acne,"Purified Water, Decyl Glucoside (Plant-Derived), Cocamidopropyl Betaine (Coconut Oil Derived), Glycerin, Butylene Glycol (Skin-Conditioning Agent), Phellodendron Amurense Bark Extract, Glycolic Acid, PEG-60 Hydrogenated Castor Oil, Salix Alba Bark Extract, Rehmannia Chinensis Root Extract, Chinaberry Leaf Extract, Scutellaria Baicalensis Root Extract, Houttuynia Cordata Extract, Soybean Seed Extract, Lactobacillus/​Pear Juice Ferment Filtrate, Glyceryl Caprylate, Ethylhexylglycerin (Skin-Conditioning Agent), O-Cymen-5-Ol, Caprylyl/​Capryl Glucoside, Rosemary Leaf Extract, Aroma, Chamomile Extract, Neem Extract, Witch Hazel Extract, Sodium-Olivoyl-Cocoyl-Amino-Acids-Fructoside, Betaine, Hyaluronic Acid (Sodium Hyaluronate), Green Tea Leaf Extract, Aloe Vera Leaf Extract, Cucumber Extract, Polysorbate 20, Polyquaternium-39, Sodium Benzoate, Potassium Sorbate, Sodium PEG-7 Olive Oil Carboxylate, Phenoxyethanol, Ethylhexylglycerin, Tea Tree Leaf Essential Oil, Passion Fruit Seed Cold Pressed Oil, Lavender Essential Oil, Color",Oriental Botanics Australian Tea Tree Foaming Face Wash,https://inkeedecoder.com/products/oriental-botanics-australian-tea-tree-foaming-face-wash
acne,"Aqua, Nicotinamide, Butylene Glycol, Arginine, Salicylic Acid, Phellodendron Amurense Bark Extract, Populus Tremuloides Bark Extract, Salix Alba Bark Extract, Portulaca Oleracea Extract, Beta-Glucan, Glycyrrhiza Glabra Root Extract, Platinum Powder, Melaleuca Alternifolia Leaf Oil, Centella Asiatica Extract, Sodium Hyaluronate, Acrylates/​C10-30 Alkyl Acrylate Crosspolymer, PPG-26-Buteth-26, Dipotassium Glycyrrhizate, PEG-40 Hydrogenated Castor Oil, Citrus Aurantium Dulcis Oil, Dextrin, Silver, 1,2-Hexanediol, Pentylene Glycol, Caprylyl Glycol, Lecithin, Cholesterol, Sodium Stearate, Polysorbate 80, Denatonium Benzoate",Skin Advanced Platinum Anti-Acne & Repairing Treatment Essence,https://inkeedecoder.com/products/watsons-skin-advanced-platinum-acne-care-repair-serum
acne,"Purified Water, Decyl Glucoside (Plant-Derived), Cocamidopropyl Betaine (Coconut Oil Derived), Glycerin, Butylene Glycol (Skin-Conditioning Agent), Phellodendron Amurense Bark Extract, Glycolic Acid, PEG-60 Hydrogenated Castor Oil, Salix Alba Bark Extract, Rehmannia Chinensis Root Extract, Chinaberry Leaf Extract, Scutellaria Baicalensis Root Extract, Houttuynia Cordata Extract, Soybean Seed Extract, Lactobacillus/​Pear Juice Ferment Filtrate, Glyceryl Caprylate, Ethylhexylglycerin (Skin-Conditioning Agent), O-Cymen-5-Ol, Caprylyl/​Capryl Glucoside, Rosemary Leaf Extract, Roman Chamomile Extract, Neem Extract, Witch Hazel Extract, Sodium Olivoyl/​Cocoyl Amino Acids, Betaine, Hyaluronic Acid (Sodium Hyaluronate), Green Tea Leaf Extract, Aloe Vera Leaf Extract, Cucumber Extract, Polysorbate 20, Polyquaternium-39, Sodium Benzoate, Potassium Sorbate, Sodium PEG-7 Olive Oil Carboxylate, Phenoxyethanol, Ethylhexylglycerin, Tea Tree Leaf Essential Oil, Passion Fruit Seed Cold Pressed Oil, Lavender Essential Oil, Ci 19140, Ci 42090",StBotanica Australian Tea Tree Foaming Face Wash,https://inkeedecoder.com/products/stbotanica-australian-tea-tree-foaming-face-wash
acne,"Acrylates Copolymer, Butylene Glycol, Melaleuca Alternifolia (Tea Tree) Leaf Water, Salicylic Acid, 1,2-Hexanediol, Phellodendron Amurense Bark Extract, Coptis Chinensis Root Extract, Scutellaria Baicalensis Root Extract, Sciadopitys Verticillata Root Extract, Canavalia Gladiata Fruit Extract, Chamaecyparis Obtusa Leaf Extract, Glycerin, Kochia Scoparia Fruit Extract",Youth Lab Blemish Dot,https://inkeedecoder.com/products/youth-lab-blemish-dot
acne,"Willow Bark Extract (Salix Alba Bark Extract, Melia Azadirachta, Propylene Glycol, Silanediol Salicylate, Water, Butylene Glycol, Phellodendron Amurense Bark Extract, Glycolic Acid, PEG-60 Hydrogenated Castor Oil, Rehmannia Chinensis Root Extract, Scutellaria Baicalensis Root Extract, Houttuynia Cordata Extract, Glycine Soja (Soybean) Seed Extract, Lactobacillus/​Pear Juice Ferment Filtrate, Glyceryl Caprylate, Ethylhexylglycerin, O-Cymen-5-Ol, Niacinamide, Potassium Hydroxide, Polysorbate 20, Carbomer, Aqua, Hydrolyzed Rhodophyceae Extract, Phenoxyethanol, Sodium Sulfite, Sodium Gluconate",Alite Anti Acne Gel,https://inkeedecoder.com/products/alite-anti-acne-gel
acne,"Aluminum Chlorohydrate (18%), Water, PPG-11 Stearyl Ether, Steareth-2, Steareth-20, Sodium Silver Aluminum Silicate, Phellodendron Amurense Bark Extract, Santalum Album (Sandalwood) Extract, Hordeum Distichon (Barley) Extract",Ban Roll-On Antiperspirant Deodorant,https://inkeedecoder.com/products/ban-roll-on-antiperspirant-deodorant
acne,"Helianthus Annuus (Sunflower) Seed Oil, Brassica Campestris/​Aleurites Fordi Oil Copolymer, Simmondsia Chinensis (Jojoba) Seed Oil, Santalum Album (Sandalwood) Extract, Hordeum Distichon (Barley) Extract, Aleurites Moluccana Seed Oil, Phellodendron Amurense Bark Extract, Rosa Canina Fruit Oil, Oenothera Biennis (Evening Primrose) Oil, Squalene, Glycolipids, Phytosterols, Tocopheryl Acetate, Borago Officinalis Seed Oil, Tetrahexyldecyl Ascorbate, Azulene, Lavandula Intermedia Flower/​Leaf/​Stem Oil, Zea Mays (Corn) Oil, Retinyl Palmitate, Tocopherol, Cholecalciferol, Vanilla Planifolia Fruit Extract, Eugenia Caryophyllus (Clove) Flower Oil, Citrus Aurantium Dulcis (Orange) Peel Oil, Citrus Reticulata (Tangerine) Leaf Oil, Amyris Balsamifera Bark Oil, Styrax Benzoin Resin Extract",Beauty Society Liquid Luxury,https://inkeedecoder.com/products/beauty-society-liquid-luxury
acne,"Aqua, Glycerin, Melaleuca Alternifolia Leaf Oil, Hamamelis Virginiana Extract, Glycereth-26, Niacinamide, Phellodendron Amurense Bark Extract, Salix Alba Bark Extract, Rehmannia Chinensis Root Extract, Melia Azadirachta Leaf Extract, Scutellaria Baicalensis Root Extract, Houttuynia Cordata Extract, Lactobacillus/​Pear Juice Ferment Filtrate, Panthenol, Glycolic Acid, Glycine Soja Protein, Polyacrylate Crosspolymer-6, Glyceryl Caprylate, Salicylic Acid, PEG-60 Hydrogenated Castor Oil, Sodium Hyaluronate, Menthyl Lactate, 1,2-Hexanediol, Hydroxyacetophenone, O-Cymen-5-Ol",Breylee Tea Tree Acne Facial Toner,https://inkeedecoder.com/products/breylee-tea-tree-acne-facial-toner
acne,"Centella Asiatica Extract (87%), Methylpropanediol, 2,3-Butanediol, Niacinamide, Pentylene Glycol, Portulaca Oleracea Extract, Phellodendron Amurense Bark Extract, Ficus Carica (Fig) Fruit Extract, Camellia Sinensis Leaf Extract, Melia Azadirachta Branch/​Leaf Extract, Piper Methysticum Leaf/​Root/​Stem Extract, Melaleuca Alternifolia (Tea Tree) Leaf Extract, Rosmarinus Officinalis (Rosemary) Leaf Extract, Melia Azadirachta Flower Extract, Pinus Thunbergii Leaf Extract, Sansevieria Trifasciata Leaf Extract, Origanum Vulgare Leaf Extract, Chamaecyparis Obtusa Leaf Extract, Salix Alba (Willow) Bark Extract, Lactobacillus/​Soybean Ferment Extract, Cinnamomum Cassia Bark Extract, Scutellaria Baicalensis Root Extract, Mentha Arvensis Leaf Extract, Eucalyptus Globulus Leaf Extract, Hydrogenated Lecithin, Citrus Aurantium Bergamia (Bergamot) Fruit Oil, Abies Sibirica Oil, Lavandula Hybrida Oil, Citrus Aurantifolia (Lime) Oil, Juniperus Mexicana Oil, Pelargonium Graveolens Flower Oil, Pogostemon Cablin Oil, Litsea Cubeba Fruit Oil, Mentha Spicata Herb Oil, Octyldodeceth-16, Water, Sodium Citrate, Adenosine, Citric Acid, Disodium EDTA, Panthenol, Butylene Glycol, Glycerine, Dipropylene Glycol, Ceramide, Polyglyceryl-10 Oleate, Madecassic Acid (2000Ppb), Asiaticoside, Asiatic Acid, 1,2-Hexanediol, Hydroxyacetophenone, Ethylhexylglycerin, Limonene, Linalool",Centellian24 Madeca Soothing Mist,https://inkeedecoder.com/products/centellian24-madeca-soothing-mist
acne,"Water, Butylene Glycol, Glycerin, Olea Europaea (Olive) Fruit Oil, Caprylic/​Capric Triglyceride, Mangifera Indica Seed Butter, Phellodendron Amurense Bark Extract, Polyglyceryl-3 Methylglucose Distearate, 1,2-Hexanediol, Hydroxyacetophenone, Retinol, Sodium Hyaluronate, Hydroxypropyltrimonium Hyaluronate, Hydrolyzed Hyaluronic Acid, Sodium Acetylated Hyaluronate, Hyaluronic Acid, Hydrolyzed Sodium Hyaluronate, Sodium Hyaluronate Crosspolymer, Potassium Hyaluronate, Sorbitan Stearate, Hydroxyethyl Acrylate/​Sodium Acryloyldimethyl Taurate Copolymer, Ammonium Acryloyldimethyltaurate/​VP Copolymer, Caprylyl Glycol, Undecane, Dipropylene Glycol, Panthenol, Allantoin, Ethylhexylglycerin, Tocopherol, Tridecane, Bakuchiol, Borago Officinalis Extract, Centaurea Cyanus Flower Extract, Chamomilla Recutita (Matricaria) Flower Extract, Hyacinthus Orientalis (Hyacinth) Extract, Lavandula Angustifolia (Lavender) Flower Extract, Salvia Sclarea (Clary) Extract, Disodium EDTA, Adenosine, Polyglyceryl-4 Oleate, Helianthus Annuus Seed Oil, Octyldodecanol, Dipotassium Glycyrrhizate",Coony Retinol Overnight Repair Serum,https://inkeedecoder.com/products/coony-retinol-overnight-repair-serum
acne,"Water\Aqua\Eau, Sodium Laureth Sulfate, Lauryl Glucoside, Lauramidopropyl Betaine, PEG-7, Glyceryl Cocoate, Phellodendron Amurense Bark Extract, Laminaria Saccharina Extract, Dipotassium Glycyrrhizate, Butylene Glycol, Copper, Pca, PEG-120 Methyl Glucose Dioleate, Sodium Chloride, Citric Acid, BHT, Fragrance (Parfum), Linalool, Butylphenyl Methylpropional, Limonene, Benzyl Salicylate, Disodium EDTA, Methylchloroisothiazolinone, Methylisothiazolinone, Phenoxyethanol",Darphin Cleansing Foam Gel,https://inkeedecoder.com/products/darphin-cleansing-foam-gel
acne,"Water\Aqua\Eau, Dimethicone, Butylene Glycol, Arachidyl Alcohol, Imperata Cylindrica Root Extract, Glycerine, Phellodendron Amurense Bark Extract, Laminaria Saccharina Extract, Sodium Polyacrylate, Cetyl Alcohol, Caprylyl Glycol, Arachidyl Glucoside, Copper Pca, Behenyl Alcohol, Acrylates/​C10-30 Alkyl Acrylate Crosspolymer, Zinc Pca, Dipotassium Glycyrrhizate, Magnesium Aluminum Silicate, Tocopheryl Acetate, Hydroxyethylcellulose, Carbomer, Xanthan Gum, Fragrance (Parfum), Linalool, Lecithin, Limonene, Benzyl Salicylate, Butylphenyl Methylpropional, Disodium EDTA, Chlorphenesin, Potassium Sorbate",Darphin Skin Mat Matifying Lotion,https://inkeedecoder.com/products/darphin-skin-mat-matifying-lotion
acne,"Ethoxydiglycol, Propanediol, 1,3 Butylene glycol, Salicylic Acid, Lactobacillus/​Pear Juice Ferment Filtrate, Phellodendron Amurense Bark Extract, Salix Alba (Willow) Bark Extract, Rehmannia Chinensis Root Extract, Melia Azadirachta Leaf Extract, Scutellaria Baicalensis Root Extract, Houttuynia Cordata Extract, Glycine Soja (Soybean) Seed Extract, Benzyl Alcohol, Ethylhexylglycerin, Tocopherol, Sodium Hydroxide, Hydroxypropyl Guar, Sodium Gluconate, Zinc Pca, Disodium EDTA, Allantoin, Gluconolactone, Niacinamide, Xanthan Gum, Hyaluronic Acid, Opuntia Ficus-Indica (Prickly Pear Cactus) Stem Water, Laminaria Digitata Extract, Cetyl-PG Hydroxyethyl Palmitamide, Ceramides, Centella Asiatica (Cica) Extract, Hamamelis Virginiana (Witch Hazel) Extract, Mugwort Extract",Dot & Key Cica 2% Salicylic Acne Control Serum With Zinc,https://inkeedecoder.com/products/dot-key-cica-2-salicylic-acne-control-serum-with-zinc
acne,"Cica Water, Ethoxydiglycol, Propanediol, 1,3 Butylene glycol, Salicylic Acid, Lactobacillus/​Pear Juice Ferment Filtrate, Phellodendron Amurense Bark Extract, Salix Alba (Willow) Bark Extract, Rehmannia Chinensis Root Extract, Melia Azadirachta Leaf Extract, Scutellaria Baicalensis Root Extract, Houttuynia Cordata Extract, Glycine Soja (Soybean) Seed Extract, Benzyl Alcohol, Ethylhexylglycerin, Tocopherol, Sodium Hydroxide, Hydroxypropyl Guar, Sodium Gluconate, Zinc Pca, Disodium EDTA, Allantoin, Gluconolactone, Niacinamide, Xanthan Gum, Hyaluronic Acid, Opuntia Ficus-Indica (Prickly Pear Cactus) Stem Water, Laminaria Digitata Extract, Cetyl-PG Hydroxyethyl Palmitamide, Ceramide I, Centella Asiatica (Cica) Extract, Hamamelis Virginiana (Witch Hazel) Extract, Mugwort Extract",Dot & Key Salicylic Acid Serum,https://inkeedecoder.com/products/dot-key-salicylic-acid-serum
acne,"Purified Water, Propanediol, Ascorbic Acid, 1,2-Hexanediol, Ethyl Ascorbyl Ether, Glutathione, Phellodendron Amurense Bark Extract, Panthenol, Resveratrol, Citrus Junos Seed Extract, Beta-Glucan, Adenosine, Camellia Japonica Flower Extract, Cimicifuga Racemosa Root Extract, Silybum Marianum Extract, Ferulic Acid, Sodium Citrate, Octyldodeceth-16, Tocopherol, Fullerenes, Sodium Sulfate, Cellulose Gum, Glycerin, Benzophenone-9, Butylene Glycol, PVP, Ethylhexylglycerin",HSGN Pure 15% Vitamin C E Ferulic Acid Serum,https://inkeedecoder.com/products/hsgn-pure-15-vitamin-c-e-ferulic-acid-serum
acne,"Purified Water, Niacinamide (Vit B3) (5%), Saccharide Isomerate, Citric Acid, Sodium Citrate, Butylene Glycol, Phellodendron Amurense Bark Extract, PEG-60 Hydrogenated Castor Oil, Salix Alba Bark Extract, Rehmannia Chinensis Root Extract, Melia Azadirachta Leaf Extract, Scutellaria Baicalensis Root Extract, Houttuynia Cordata Extract, Glycine Soja (Soybean) Seed Extract, Lactobacillus/​Pear Juice Ferment Filtrate, Glyceryl Caprylate, Ethylhexylglycerin, Betaine, Propanediol, Glycerin, Sodium Acrylates Copolymer, Lecithin, Coco-Caprylate/​Caprate, Yugdugu Extract, Nelumbo Nucifera Flower (White Lotus) Extract, Sodium Hyaluronate, Sodium Benzoate, Potassium Sorbate, Carbomer, Allantoin, Panthenol, Phenoxyethanol, Perfume",Pilgrim Oil Free Moisturizer,https://inkeedecoder.com/products/pilgrim-oil-free-moisturizer
acne,"Purified Water, Niacinamide, Saccharide Isomerate, Citric Acid, Sodium Citrate, Butylene Glycol, Phellodendron Amurense Bark Extract, Glycolic Acid, PEG-60 Hydrogenated Castor Oil, Salix Alba Bark Extract, Rehmannia Chinensis Root Extract, Melia Azadirachta Leaf Extract, Scutellaria Baicalensis Root Extract, Houttuynia Cordata Extract, Glycine Soja (Soybean) Seed Extract, Lactobacillus/​Pear Juice Ferment Filtrate, Glyceryl Caprylate, Ethylhexylglycerin, O-Cymen-5-Ol, Betaine, Propanediol, Glycerin, Sodium Acrylates Copolymer, Lecithin, Coco-Caprylate/​Caprate, Sodium Hyaluronate, Sodium Benzoate, Potassium Sorbate, Carbomer, Allantoin, Panthenol, Phenoxyethanol, Perfume",Pilgrim Oil-free Gel Moisturiser,https://inkeedecoder.com/products/pilgrim-oil-free-gel-moisturiser-2
acne,"Dryopteris Filix-Mas Root Extract, Silica, Niacinamide, Polyglutamic Acid, Bacopa Monniera Extract, Centella Asiatica Extract, Phellodendron Amurense Extract, Coptis Chinensis Root Extract, Luffa Cylindrica Fruit Extract, Tea Tree Leaf Oil, Salicylic Acid",TISHA Ac7 Spot Serum,https://inkeedecoder.com/products/tisha-ac7-spot-serum
acne,"Cetyl Ethylhexanoate, Caprylic/​Capric Triglyceride, PEG-20 Glyceryl Triisostearate, Triethylhexanoin, Dextrin Palmitate/​Ethylhexanoate, Anemarrhena Asphodeloides Root Extract, Phellodendron Amurense Bark Extract, Prunus Armeniaca (Apricot) Kernel Extract, Macadamia Ternifolia Seed Oil, Water, Dimethicone, Tocopheryl Acetate, Fragrance (Parfum)",The History of Whoo Jinyulhyang Essential Cleansing Oil,https://inkeedecoder.com/products/the-history-of-whoo-jinyulhyang-essential-cleansing-oil
acne,"Aqua/​Water/​Eau, Sodium Laureth Sulfate, Cocamidopropyl Betaine, Sodium Lauroyl Oat Amino Acids, Glycerin, Pterocarpus Soyauxii Wood Extract, Phellodendron Amurense Bark Extract, Hordeum Distichon/​Barley Extract/​Extrait D'Orge À Deux Rangs, Spiraea Ulmaria Leaf Extract, Camellia Sinensis Leaf Extract, Artemisia Vulgaris Extract, Plantago Lanceolata Leaf Extract, Crithmum Maritimum Extract, Fragrance (Parfum), Limonene, Linalool, Sodium Chloride, Butylene Glycol, Ethylhexylglycerin, Phenoxyethanol, Blue 1 (Ci 42090), Red 33 (Ci 17200)",Zo skin health Gentle Cleanser,https://inkeedecoder.com/products/zo-skin-health-gentle-cleanser
acne,phellodendron-amurense-bark-extract,Next page >>,https://inkeedecoder.com/ingredients/phellodendron-amurense-bark-extract?uoffset=1
acne,"Aqua, Butylene Glycol, Tranexamic Acid 3.0%, 3-O-Ethyl Ascorbic Acid, Diglucosyl Gallic Acid 0.5%, Ectoin 0.5%, Glycerin, Epigallocatechin Gallatyl Glucoside 0.5%, Sea Whip Extract 0.5%, Phytosphingosine 0.2%, Tetrahydropiperine, Beta-Glucan, Squalane, Arginine, Sodium Hyaluronate Crosspolymer, Sodium Hyaluronate, Sodium Acetylated Hyaluronate, Hydrolyzed Sodium Hyaluronate, Pentylene Glycol, Ethylhexylglycerin, Citrus Limon (Lemon) Peel Powder, Sclerotium Gum, Acrylates/​C10-30 Alkyl Acrylate Crosspolymer, Hydroxyethyl Acrylate/​Sodium Acryloyldimethyl Taurate Copolymer, Methylpropanediol, Hexylene Glycol, Hydroxyacetophenone, Caprylhydroxamic Acid, EDTA","0.2% | Tranexamic Acid Essence
        

            Spring Letter",https://inkeedecoder.com/products/spring-letter-tranexamic-acid-essence
acne,"Water, Rosa Damascena Floral Water, Polylysine, Glycerine, Sodium Anisate, Sodium Levulinate, Glycerin, Dextran, Trifluoroacetyl Tripeptide-2, Aqua, Tetradecyl Aminobutyroylvalylaminobutyric Urea Trifluoroacetate, Magnesium Chloride, Betaine, Sodium Hyaluronate, Xanthan Gum, Lecithin, Sclerotium Gum, Pullulan, Glycogen",Sensora Contour Serum – Jawline Remodelling,https://inkeedecoder.com/products/sensora-contour-serum-jawline-remodelling
acne,"Copper Tripeptide-1, Water, Rosa Damascena (Rose) Flower Water, Polylysine, Glycerine, Sodium Anisate, Sodium Levulinate, Betaine, Taurine, D-Ribose, Sodium Hyaluronate, Gluconolactone, Xanthan Gum, Lecithin, Sclerotium Gum, Pullulan, Potassium Sorbate, Citric Acid, Ci 42090",SR-Skincare Ghk Copper Peptide Serum,https://inkeedecoder.com/products/sr-skincare-ghk-copper-peptide-serum
acne,"Water, Glycerin, Caprylyl Glycol, Ethylhexylglycerin, Polylysine, Disodium EDTA, Actinidia Chinensis (Kiwi) Fruit Extract, Honey Extract, Prunus Amygdalus Dulcis (Sweet Almond) Fruit Extract, Yeast Beta-Glucan, Butylene Glycol, 1,2-Hexanediol",Bebesup Nature Zero,https://inkeedecoder.com/products/bebesup-nature-zero
acne,"Camellia Sinensis (Green Tea) Leaf Extract, Bakuchiol, Niacinamide, Glabridin, Lactobacillus Ferment Filtrate, Polylysine, Trifolium Pratense (Clover) Extract, Aloe Barbadensis (Aloe Vera) Leaf Juice, Bentonite, Calendula Officinalis Flower Extract, Sodium Stearoyl Glutamate, Chamomilla Recutita (Matricaria) Flower Extract, Lecithin, Allantoin, Zinc Pca, Glycerin, Piperonyl Glucoside, Biosaccharide Gum-2, Leuconostoc/​Radish Root Ferment Filtrate, Lactobacillus, Cocos Nucifera (Coconut) Fruit Extract, Bifida Ferment Filtrate, Alpha-Glucan Oligosaccharide, Potassium Sorbate, Epilobium Fleischeri Extract, Pullulan, Avena Sativa Kernel Flour, Sodium Ascorbyl Phosphate, Sodium Benzoate, Tocopheryl Acetate, Sclerotium Gum, Vitis Vinifera (Grape) Seed Oil, Propanediol, Butylene Glycol, Xanthan Gum, Citric Acid, Water",Functional Care Sérum Anti Acne E Anti Vermelhidão,https://inkeedecoder.com/products/functional-care-serum-anti-acne-e-anti-vermelhidao
acne,"Aqua, Citrus Aurantium Amara (Bitter Orange) Flower Water, Nelumbo Nucifera Root Water, Lactobacillus Ferment, Glycerin, Polylysine, Sodium Hydroxide, Geraniol, Farnesol, Limonene, Linalool, Citronellol",Pai Lotus & Orange Blossom Bioaffinity Toner,https://inkeedecoder.com/products/pai-lotus-orange-blossom-bioaffinity-toner
acne,"Water (Aqua), Pentylene Glycol, Propanediol, Hamamelis Virginiana (Witch Hazel) Water, Azelaic Acid, Glycolic Acid, Polylysine, Urea, Yeast Amino Acids, Trehalose, Inositol, Taurine, Betaine, Allantoin, Glycerin, Leuconostoc/​Radish Root Ferment Filtrate, Tetrasodium Glutamate Diacetate, Sodium Hydroxide, Benzoic Acid",Murad Retexturizing Body Pads,https://inkeedecoder.com/products/murad-retexturizing-body-pads
acne,"Aqua, Azelaic Acid, Glycerin, Panthenol, Acetyl Glucosamine, Ectoin, Polylysine, Zinc Pca, Caesalpinia Spinosa Gum, Sphingomonas Ferment Extract",Skinome Azelaic Concentrate,https://inkeedecoder.com/products/skinome-azelaic-concentrate
acne,"Aqua (Water), Propanediol, Azelaic Acid, Squalane, Inulin, Sodium Polyacryloyldimethyl Taurate, Chamomilla Recutita (Matricaria) Flower/​Leaf Extract, Polylysine, Sodium Hyaluronate, Oligopeptide-10, Oryza Sativa (Rice) Bran Extract, Boswellia Serrata Extract, Honey Extract, Coco-Glucoside, Fructose, P-Anisic Acid, Polyglycerin-10, Tocopherol, Glycine Soja (Soybean) Oil, Beta-Sitosterol, Squalene, Ascorbyl Glucoside, Butylene Glycol, Phenoxyethanol, Sodium Phytate, Potassium Sorbate, Sodium Benzoate",Mantle The Spot Solution,https://inkeedecoder.com/products/mantle-the-spot-solution
acne,"Aqua, Butylene Glycol, Propanediol, Mandelic Acid, Salicylic Acid, Betaine, Tranexamic Acid, Polylysine, Mangifera Indica Fruit Extract, Panthenol, Allantoin, Glycerin, Propylene Glycol, Sodium Hydroxide, Tetrasodium Glutamate Diacetate, Ethylhexylglycerin, Phenoxyethanol",Skin first Lozione Pelli Impure,https://inkeedecoder.com/products/skin-first-lozione-pelli-impure
acne,"Aqua/​Water/​Eau, Butylene Glycol, Methylpropanediol, Zinc Pca, Saccharomyces Ferment Lysate Filtrate, Avena Sativa (Oat) Leaf Extract, Silanediol Salicylate, Polylysine, Morinda Citrifolia Extract, Citrus Aurantium Dulcis (Orange) Peel Extract, Citrus Paradisi (Grapefruit) Fruit Extract, Citrus Clementina Peel Oil, Glycerin, Caprylyl Glycol, Potassium Hydroxide, Caprylyl/​Capryl Glucoside, Polyquaternium-80, Citric Acid, 10-Hydroxydecanoic Acid, 1,10-Decanediol, Didecyldimonium Chloride, Sodium Benzoate, Sebacic Acid, Alcohol, Potassium Sorbate, Citrus Limon (Lemon) Fruit Extract, Citrus Reticulata (Tangerine) Peel Extract, Punica Granatum (Pomegranate) Seed Extract, Limonene",Sunday Riley Detox Darling,https://inkeedecoder.com/products/sunday-riley-detox-darling
acne,"Butter, Butyrospermum Parkii (Shea) Butter, Panthenol, Aloe Barbadensis Leaf Juice Powder, Acrylates/​C10-30 Alkyl Acrylate Crosspolymer, Xanthan Gum, Bisabolol, Polylysine, Sodium Hydroxide, Disodium EDTA, PEG-30 Dipolyhydroxystearate, Trideceth-6, Avena Sativa Kernel Extract/​Avena Sativa (Oat) Kernel Extract, Sodium Chloride, Citric Acid",The Body Shop Soothing Night Cream Aloe,https://inkeedecoder.com/products/the-body-shop-soothing-night-cream-aloe
acne,"Aqua, Propanediol (Humectant), Cocamidopropyl Dimethylamine (Surfactant), Glycerin (Humectant), Salicylic Acid (BHA), Lactic Acid (AHA), Centella Asiatica (Gotu Kola) Flower/​Leaf/​Stem Extract, Polylysine (Microbiome Balancing Dendrimer)",facetheory Saliatica 2% BHA Exfoliant T6,https://inkeedecoder.com/products/facetheory-saliatica-2-bha-exfoliant-t6
acne,"Water/​Eau, Sea Silt Extract, Leuconostoc/​Radish Root Ferment Filtrate, Glycerin, Magnesium Pca, Zinc Pca, Sodium PCA, Manganese Pca, Polylysine, Nelumbo Nucifera Flower Water, Nymphaea Caerulea Flower Water, Biosaccharide Gum-2, Maltodextrin, Ethylhexylglycerin, Citric Acid, Potassium Sorbate, Sodium Gluconate, Sodium Benzoate, 1,2-Hexanediol, Sodium Hydroxide",Cocokind Calming Magnesium Mist,https://inkeedecoder.com/products/cocokind-calming-magnesium-mist
acne,"Aqua, Propanediol (Humectant), Cocamidopropyl Dimethylamine (Surfactant), Glycerin (Humectant), Salicylic Acid (BHA), Lactic Acid (AHA), Centella Asiatica (Gotu Kola) Flower/​Leaf/​Stem Extract, Sodium Hydroxide (Ph Balancing), Polylysine (Microbiome Balancing Dendrimer)",facetheory Saliatica 2% BHA Toner T6,https://inkeedecoder.com/products/facetheory-saliatica-2-bha-toner-t6
acne,"Aqua, Methylpropanediol, Butylene Glycol, Ethoxydiglycol, Dimethyl Isosorbide, Salicylic Acid, Glycerin, Marrubium Vulgare Extract, Pentylene Glycol, Polylysine, Sodium Hyaluronate, Epigallocatechin Gallatyl Glucoside, Hydroxyethylcellulose, Xanthan Gum, Lecithin, Sclerotium Gum, Pullulan, Phenoxyethanol, Lactic Acid, Isoceteth-20, Trisodium Ethylenediamine Disuccinate, Ethylhexylglycerin, Oligopeptide-10, Sodium Hydroxide",Be Minimalist Salicylic Acid 02%,https://inkeedecoder.com/products/be-minimalist-salicylic-acid-2-2
acne,"Water\Aqua\Eau, Dimethicone, Phenyl Trimethicone, Cetearyl Alcohol, Cetyl Alcohol, Transglutaminase, Malachite, Behentrimonium Chloride, Sapphire Powder, Polylysine, Glycerin, Pearl Powder, Panthenol, Polyquaternium-11, Caprylyl Glycol, Laureth-4, Tourmaline, Maltodextrin, Phenoxyethanol, Hexyl Cinnamal, Linalool, Butylphenyl Methylpropional, Limonene, Benzyl Salicylate, Citronellol, Benzyl Alcohol, Geraniol, Coumarin, Fragrance (Parfum)",Bumble And Bumble Bb Straight Blow Dry,https://inkeedecoder.com/products/bumble-and-bumble-bb-straight-blow-dry
acne,"Water\Aqua\Eau, Dimethicone, Phenyl Trimethicone, Cetearyl Alcohol, Cetyl Alcohol, Transglutaminase, Malachite, Behentrimonium Chloride, Sapphire Powder, Polylysine, Glycerin, Pearl Powder, Panthenol, Polyquaternium-11, Caprylyl Glycol, Laureth-4, Tourmaline, Maltodextrin, Phenoxyethanol, Hexyl Cinnamal, Linalool, Limonene, Benzyl Salicylate, Citronellol, Benzyl Alcohol, Coumarin, Fragrance (Parfum), BHT",Bumble And Bumble Straight Blow Dry Cream,https://inkeedecoder.com/products/bumble-and-bumble-straight-blow-dry-cream
acne,"Aqua (Water), Glycerin, Tamarindus Indica Seed Polysaccharide, Hyaluronic Acid, Tephrosia Purpurea Seed Extract, Hydrolyzed Glycosaminoglycans, P-Anisic Acid, Caprylyl/​Capryl Glucoside, Parfum (Fragrance), Polylysine, Propanediol, Glucose",Fiori di cipria Nuovo Siero Viso Re-age Nutrive Ultra Concentrato,https://inkeedecoder.com/products/fiori-di-cipria-nuovo-siero-viso-re-age-nutrive-ultra-concentrato
acne,"Water, Caulerpa Lentillifera Extract, Algae Extract, Artemisia Vulgaris Extract, Centella Asiatica (Gotu Kola) Extract, Glycerine, Hyaluronic Acid, Ethylhexylglycerin, Caprylyl Glycol, Polylysine",Huangisoo Green caviar facial toner,https://inkeedecoder.com/products/huangisoo-green-caviar-facial-toner
acne,"Water, Ethylhexyl Palmitate, Cetyl Ethylhexanoate, C18-21 Alkane, 1,2-Hexanediol, Glycereth-26, Isohexadecane, Diethoxyethyl Succinate, Butylene Glycol, Polylysine, Honey Extract, Hippophae Rhamnoides Fruit Extract, Pentylene Glycol, Caprylyl Glycol, Ethylhexyl Glycerine, Acetyl Hexapeptide-8, Copper Tripeptide-1",Mediheal Peelosoft Eyes & Lip Cleansing Duo,https://inkeedecoder.com/products/mediheal-peelosoft-eyes-lip-cleansing-duo
acne,"Aqua (Water), Butylene Glycol, Glycereth-26, Potassium Azeloyl Diglycinate, Alpha-Glucan Oligosaccharide, Saccharide Isomerate, Tranexamic Acid, Zinc Pca, Tetrasodium Tetracarboxymethyl Naringeninchalcone, Polylysine, 1,2-Hexanediol, Acrylates/​C10-30 Alkyl Acrylate Crosspolymer, Glycerin, Xanthan Gum, Hydroxyacetophenone, Sodium Hydroxide, Citric Acid, Sodium Citrate, Parfum (Fragrance)",Sensilis Azelaic [peel],https://inkeedecoder.com/products/sensilis-azelaic-peel
acne,"Aqua (Water), Lactococcus Ferment Lysate, Propanediol, Potassium Azeloyl Diglycinate, Carnitine, Acetyl Glucosamine, Sarcosine, Ectoin, Adenosine, Polylysine, Silanetriol, Glycerin, Pentylene Glycol, Sclerotium Gum, Xanthan Gum, Isoceteth-20, Citric Acid, Sodium Citrate, Trisodium Ethylenediamine Disuccinate, Sodium Chloride, Ethylhexylglycerin, Sodium Benzoate, Phenoxyethanol, Chlorphenesin",The Ordinary Balancing & Clarifying Serum,https://inkeedecoder.com/products/the-ordinary-balancing-clarifying-serum
acne,"Glycerin, Propanediol, Silica Silylate (Nano), Sulfur, Aqua/​Water/​Eau, Carnitine, Niacinamide, Acacia Senegal Gum, Kaolin, Polylysine, Citric Acid, Sodium Citrate, Ethylhexylglycerin, Phenoxyethanol, Chlorphenesin",The Ordinary Sulfur 10% Powder-to-cream Concentrate,https://inkeedecoder.com/products/the-ordinary-sulfur-10-powder-to-cream-concentrate
acne,"Aqua, Caulerpa Lentillifera Extract, Algae (Seaweed) Extract, Artemisia Princeps Extract, Centella Asiatica (Gotu Kola) Extract, Glycerine, Hyaluronic Acid, Ethylhexylglycerin, Caprylyl Glycol, Polylysine","huangjisoo Green Caviar, Comfort Balancing Facial Toner",https://inkeedecoder.com/products/huangjisoo-green-caviar-comfort-balancing-facial-toner
acne,"Water (Aqua/​Eau), Isohexadecane, Dipropylene Glycol, C18-21 Alkane, 1,2-Hexanediol, Glycerin, Sodium Chloride, Betaine, Disodium EDTA, Rosemary (Rosmarinus Officinalis) Leaf Oil, Polylysine, False Daisy (Eclipta Prostrata) Extract, Butylene Glycol, Malic Acid, Lactic Acid, Glycolic Acid, Neem (Melia Azadirachta) Leaf Extract, Rose Flower Oil, Moringa (Moringa Oleifera) Seed Oil, Cabbage Rose (Rosa Centifolia) Flower Water, Ethylhexylglycerin, Hydrolyzed Collagen, Acetyl Hexapeptide-8, Asiatic Pennywort (Centella Asiatica) Extract",Mediheal AQUHA Rose AHA Skin Tonic,https://inkeedecoder.com/products/mediheal-aquha-rose-aha-skin-tonic
acne,"Caprylic/​Capric Triglyceride, Glycerin, Perlite, Water/​Aqua/​Eau, Sucrose Laurate, Xylitol, Glycolic Acid, Lactoferrin, Dunaliella Salina Extract, Tocopherol, Squalane, Polylysine, Arginine, Sodium Hydroxide, Ethylhexylglycerin, Phenoxyethanol, Synthetic Fluorphlogopite, Manganese Violet (Ci 77742), Tin Dioxide (Ci 77861), Titanium Dioxide (Ci 77891)",Alastin Skincare Resurface Skin Polish,https://inkeedecoder.com/products/alastin-skincare-resurface-skin-polish
acne,"Water/​Aqua, Methylpropanediol, Propylene Glycol, Dimethyl Isosorbide, Glycolic Acid, Ethoxydiglycol, Salicylic Acid, Glycerin, Sodium Hydroxide, Pentylene Glycol, Marrubium Vulgare Extract, Polylysine, Sodium Hyaluronate, Epigallocatechin Gallatyl Glucoside, Polysorbate 20, Hydroxyethylcellulose, Xanthan Gum, Lecithin, Sclerotium Gum, Pullulan, Phenoxyethanol, Lactic Acid, Citric Acid, Silica, Oligopeptide-10, Ethylhexylglycerin, Trisodium Ethylenediamine Disuccinate",Be Minimalist Salicylic Acid 02%,https://inkeedecoder.com/products/be-minimalist-salicylic-acid-02
acne,"Water/​Aqua, Methylpropanediol, Propylene Glycol, Dimethyl Isosorbide, Glycolic Acid, Ethoxydiglycol, Salicylic Acid, Glycerin, Sodium Hydroxide, Pentylene Glycol, Marrubium Vulgare Extract, Polylysine, Sodium Hyaluronate, Epigallocatechin Gallatyl Glucoside, Polysorbate 20, Hydroxyethylcellulose, Xanthan Gum, Lecithin, Sclerotium Gum, Pullulan, Phenoxyethanol, Lactic Acid, Oligopeptide-10, Ethylhexylglycerin, Trisodium Ethylenediamine Disuccinate",Be Minimalist Salicylic Acid 2% Face Serum,https://inkeedecoder.com/products/be-minimalist-salicylic-acid-2-face-serum
acne,"Water, Hamamelis Virginiana Extract, Chamomilla Recutita Extract, Calamine, Butylene Glycol, Panthenol, Allantoin, PEG-40 Hydrogenated Castor Oil, Tocopheryl Acetate, Sodium Hyaluronate, Citrus Grandis Seed Extract, Polylysine, Fragrance, Ci 15985, Ci 14720",By Eggs Watermelon Boost Face Toner,https://inkeedecoder.com/products/by-eggs-watermelon-boost-face-toner
acne,"Aqua (Water), Propanediol, Glycerin, Isopentyldiol, Sodium Hyaluronate, Xanthan Gum, Biosaccharide Gum-1, Davidsonia Jerseyana (Davidson Plum) Fruit Extract, Trifolium Pratense (Clover) Flower Extract, Althaea Officinalis (Marshmallow) Root Extract, Lycium Chinense (Goji Berry) Fruit Extract, Polylysine, Phenoxyethanol, Polysorbate 20, Ethylhexylglycerin, Polysorbate 80, Parfum (Fragrance), Citric Acid, Ci 75810",Paullie Reset Hydrating Serum,https://inkeedecoder.com/products/paullie-reset-hydrating-serum
acne,"Aqua, Butylene Glycol, Niacinamide (3%), Pentylene Glycol, Methyl Gluceth-20, Propylene Glycol, Salicylic Acid (2%), 1,2-Hexanediol, Camellia Sinensis Leaf Extract, Centella Asiatica Leaf Extract, Cladosiphon Okamuranus Extract, Willow Bark Extract, Polylysine, Decyl Glucoside, Sodium Hyaluronate, Coffea Arabica (Coffee) Seed Extract, Panthenol, Tripeptide-1, Sclerotium Gum, Pullulan, Citrus Aurantium Bergamia (Bergamot) Leaf Extract, Pinus Densiflora Leaf Extract, Dextran, Glycerin, Xanthan Gum, Hydroxyethyl Cellulose, Lecithin, Phenoxyethanol, Ethylhexylglycerin, Sodium Benzoate, Potassium Sorbate, Sodium Hydroxide",Proven Honest Derma (PHD) 2% Salicylic Acid Anti-acne Serum,https://inkeedecoder.com/products/proven-honest-derma-phd-2-salicylic-acid-anti-acne-serum
acne,"Aqua, Dimethicone, Glycerin, 1,3 Butylene glycol, Niacinamide (3%), Coco-Caprylate/​Caprate, Pentylene Glycol, Amp, Hema, Crosspolymer, C13-15 Alkane, Stearic Acid, Polylysine, Ammonium Acryloyldimethyltaurate/​VP Copolymer, Camellia Sinensis Leaf Extract, Centella Asiatica Leaf Extract, Cladosiphon Okamuranus Extract, Willow Bark Extract, Sodium Hyaluronate, Anhydroxylitol, Sodium Acrylates Copolymer, Dextran, Tripeptide-1, Xylitol, Xylitylglucoside, Salicylic Acid, Decyl Glucoside, Coffea Arabica (Coffee) Seed Extract, 1,2-Hexanediol, Lecithin, Citrus Aurantium Bergamia (Bergamot) Leaf Extract, Pinus Densiflora Leaf Extract, Phenoxyethanol, Ethylhexylglycerin, Sodium Gluconate, Coco-Glucoside",Proven Honest Derma (PHD) 3% Niacinamide Oil-free Mositurizer,https://inkeedecoder.com/products/proven-honest-derma-phd-3-niacinamide-oil-free-mositurizer
acne,"Aqua (Water), Glycereth-26, Isodecyl Neopentanoate, Sodium Polyacrylate, Butylene Glycol, Alpha-Glucan Oligosaccharide, Zinc Pca, Mannitol, Chondrus Crispus (Carrageenan) Powder, Methylsilanol Mannuronate, Retinal, Sodium Carboxymethyl Beta-Glucan, Polylysine, Nicotiana Benthamiana Hexapeptide-40 SH-Polypeptide-76, 1,2-Hexanediol, Glycerin, Silica, Phosphatidylcholine, Sclerotium Gum, Cetyl Alcohol, Methylpropanediol, Pentylene Glycol, Xanthan Gum, Sodium Chloride, Hydroxyacetophenone, Citric Acid, Potassium Sorbate, Sodium Benzoate, Parfum (Fragrance)",Sensilis Pure Age Perfection [retinal],https://inkeedecoder.com/products/sensilis-pure-age-perfection-retinal
acne,"Aqua, Cocamidopropyl Betaine, Decyl Glucoside, Caprylyl/​Capryl Glucoside, Coco-Glucoside, Glycerin, Polyquaternium-7, Glyceryl Oleate, PEG/​Ppg-120/​10 Trimethylolpropane Trioleate, Laureth-2, Sodium Cocoyl Apple Amino Acids, Polylysine, Phenoxyethanol, Ethylhexylglycerin, Parfum, Sodium Chloride, Arginine, Sodium Hydroxide",Soulsisters Gel Cleanser,https://inkeedecoder.com/products/soulsisters-gel-cleanser
acne,"Aqua, Caprylic/​Capric Triglyceride, Niacinamide, Propanediol, Alcohol, PEG-100 Stearate, Glyceryl Stearate, Creatine, Undecylenoyl Phenylalanine, Glycerin, Phenylethyl Resorcinol, Hamamelis Virginiana Leaf Extract, Polylysine, Pentylene Glycol, Phenoxyethanol, 1-Methylhydantoin-2-Imide, Caprylyl Glycol, Acrylates/​C10-30 Alkyl Acrylate Crosspolymer, Silica, Lavandula Oil, Extract, Disodium EDTA, Xanthan Gum, Parfum, Tetramethyl Acetyloctahydronaphthalenes, Linalyl Acetate, Sodium Hydroxide, Coumarin, Geranyl Acetate",The Joy Lab Power Clarity Serum Clareador,https://inkeedecoder.com/products/the-joy-lab-power-clarity-serum-clareador
acne,"Water, Propanediol, Pentylene Glycol, Glycerin, Glyceryl Glucoside, Tetrasodium Glutamate Diacetate, Xylitol, 1,2-Hexanediol, Hydroxyacetophenone, Saccharomyces/​Barley Seed Ferment Filtrate, Zingiber Officinale Root Extract, Ectoin, Polylysine, Allantoin, Caprylyl Glycol, Bacillus/​Soybean Ferment, Saccharomyces/​Rice Ferment Filtrate, Alpha-Glucan Oligosaccharide, Biosaccharide Gum-4, Vitis Vinifera Fruit Extract, Boswellia Serrata Resin Extract, Saccharide Isomerate, Citric Acid, Sodium Citrate, Lactic Acid, Gluconolactone, Sodium Hydroxide, Phenoxyethanol",Zakka Naturals Toner Probiotic Dual Effect,https://inkeedecoder.com/products/zakka-naturals-toner-probiotic-dual-effect
acne,"Aqua, Salicylic Acid, Oligopeptide-10, Egcg, Methylpropanediol, Butylene Glycol, Ethoxydiglycol, Dimethyl Isosorbide, Glycerin, Marrubium Vulgare Extract, Pentylene Glycol, Polylysine, Sodium Hyaluronate, Epigallocatechin Gallatyl Glucoside, Hydroxyethylcellulose, Xanthan Gum, Lecithin, Sclerotium Gum, Pullulan, Phenoxyethanol, Lactic Acid, Isoceteth-20, Trisodium Ethylenediamine Disuccinate, Ethylhexylglycerin, Sodium Hydroxide",minimalist Salicylic Acid,https://inkeedecoder.com/products/minimalist-salicylic-acid
acne,"Aqua, Cetearyl Alcohol, Behentrimonium Chloride, Aminoethylaminopropyl Dimethicone, Steartrimonium Chloride, Trideceth-12, DMDM Hydantoin, Paraffinum Liquidum, PEG-20 Stearate, Cyclopentasiloxane, Dimethicone, Aminopropyl Dimethicone, Parfum, Polylysine, Lysine Thiazolidine Carboxylate, Theobroma Cacao(Cocoa) Seed Butter, Hydrolyzed Wheat Protein, Methylparaben, Propylparaben, Lactic Acid, Methylchloroisothiazolinone, Methylisothiazolinone, Magnesium Nitrate, Magnesium Chloride, Panthenol",Bremod Performance Cocoa Butter Conditioner,https://inkeedecoder.com/products/bremod-performance-cocoa-butter-conditioner
acne,"Water (Aqua), Sodium Hydroxide, PEG-100 Stearate, Glycerin, Cetyl Alcohol, Potassium Cetyl Phosphate, Sodium PCA, Zinc Pca, Carbomer, Propanediol, Potassium Azeloyl Diglycinate, Bakuchiol, Niacinamide, Polylysine, Sodium Hyaluronate, Hydrolyzed Algin, Aloe Barbadensis Leaf Juice Powder, Maclura Cochinchinensis Leaf Prenylflavonoids, Zinc Sulfate, Maltodextrin, Glyceryl Caprylate, Citric Acid, Dehydroacetic Acid, Phenoxyethanol, Benzyl Alcohol",Dermal Therapy Acne Control Lotion,https://inkeedecoder.com/products/dermal-therapy-acne-control-lotion
acne,"Aqua*, Pentylene Glycol*, Triethyl Citrate*, Glycolic Acid, Hydroxyethyl Acrylate/​Sodium Acryloyldimethyl Taurate Copolymer, Sodium Hydroxide, Saccharomyces Ferment*, Glycerin*, Lactic Acid*, Niacinamide*, Allantoin, Epilobium Fleischeri Extract*, Lauroyl Lysine*, Polylysine, Polysorbate 60, Sorbitan Isostearate, Polyacrylate Crosspolymer-6, Sodium Magnesium Silicate*, Xanthan Gum*, Parfum, Potassium Sorbate, Citric Acid*",Placentor Végétal Corrective Serum Combination To Oily Skin,https://inkeedecoder.com/products/placentor-vegetal-corrective-serum-combination-to-oily-skin
acne,"Water, Disodium Cocoamphodiacetate, Glycerin, Sodium Lauroyl Sarcosinate, Propylene Glycol, PEG-7 Glyceryl Cocoate, Cocamidopropyl Betaine, PEG-75, PEG-120 Methyl Glucose Dioleate, Potassium Cocoyl Glycinate, Sodium Chloride, Butylene Glycol, Fragrance, Polylysine, Citric Acid, Betaine, Disodium EDTA, Tocopheryl Acetate, Saccharomycopsis Ferment Filtrate, Rosa Centifolia Flower Water, Honey Extract, Phenoxyethanol, Sodium Hyaluronate, Ginkgo Biloba Nut Extract, Angelica Gigas Root Extract, Paeonia Lactiflora Bark/​Sap Extract, Camellia Sinensis Leaf Extract, Zizyphus Jujuba Fruit Extract, Panax Ginseng Root Extract, Laminaria Japonica Extract, Punica Granatum Fruit Extract, Glycyrrhiza Glabra (Licorice) Root Extract, Artemisia Vulgaris Extract, Yeast Extract",Secret Key Starting Treatment Rose Foam Cleanser,https://inkeedecoder.com/products/secret-key-starting-treatment-rose-foam-cleanser
acne,"Aqua (Water), Glycerin, Butylene Glycol, Mandelic Acid, Propylene Glycol, Sodium Polyacrylate, Sodium Hydroxide, Alpha-Glucan Oligosaccharide, Copper Pca, Zinc Pca, Ganoderma Lucidum (Mushroom) Extract, Centella Asiatica Extract, Dipotassium Glycyrrhizate, Polylysine, Nicotiana Benthamiana Hexapeptide-40 SH-Polypeptide-76, 1,2-Hexanediol, Polyacrylate Crosspolymer-6, Hydroxyethylcellulose, Propanediol, Caprylyl Glycol, T-Butyl Alcohol, Xanthan Gum, Hydroxyacetophenone, Tetrasodium Glutamate Diacetate, Parfum (Fragrance)",Sensilis Pure Age Perfection [cicacne Serum],https://inkeedecoder.com/products/sensilis-pure-age-perfection-cicacne-serum
acne,"Aqua (Water/​Eau), Azelaic Acid, Propanediol, Hydroxyethyl Acrylate/​Sodium Acryloyldimethyl Taurate Copolymer, Phenoxyethanol, Allantoin, Glycerin, Acacia Senegal Gum, Xanthan Gum, Ethylhexylglycerin, Polysorbate 60, Sorbitan Isostearate, Sodium Hydroxide, Polylysine",The Inkey List Azelaic Acid Serum,https://inkeedecoder.com/products/the-inkey-list-azelaic-acid-serum
acne,"Glycerin, Water (Aqua), Propanediol, Butylene Glycol, 1,2-Hexanediol, Cucumber (Cucumis Sativus) Extract, Disodium EDTA, Xanthan Gum, Aloe Vera (Aloe Barbadensis) Leaf Juice, Potassium Sorbate, Citric Acid, Phenoxyethanol, Mentha Arvensis (Horse Mint) Leaf Oil, Polylysine",ZIIP Clear Gel,https://inkeedecoder.com/products/ziip-clear-gel
acne,"Aqua, Caprylic/​Capric Triglyceride, Isosorbide Dicaprylate, Glyceryl Stearate Citrate, Glycerin, Shikimic Acid, Squalane, Ceramide NP, Sphingomonas Ferment Extract, Tocopheryl Linoleate/​Oleate, Hexylresorcinol, Linoleic Acid, Oleic Acid, Polylysine, Linolenic Acid, Euterpe Oleracea (Cabbage Palm) Sterols, Glyceryl Glucoside, Cetearyl Alcohol, Ethyl Linoleate, Glyceryl Stearate, Hydroxyacetophenone, 1,2-Hexanediol, Propylheptyl Caprylate, Caprylyl Glycol, Helianthus Annuus (Sunflower) Seed Oil, Tocopherol, Sodium Citrate, Cellulose Gum, Sodium Stearoyl Glutamate, Microcrystalline Cellulose, Citric Acid",colibri skincare Clarifying Night Moisturizer,https://inkeedecoder.com/products/colibri-skincare-clarifying-night-moisturizer
acne,"Water (Aqua), Glycerin, Propanediol, Gluconolactone, Squalane, Mandelic Acid, Isopentyldiol, Ammonium Acryloyldimethyltaurate/​VP Copolymer, Sodium Hydroxide, Undecane, Ascorbyl Glucoside, Allantoin, Salicylic Acid, Avena Sativa (Oat) Kernel Flour, Polylysine, Hydrolyzed Pea Protein, Sodium Hyaluronate, Tremella Fuciformis Sporocarp Extract, Trifolium Pratense (Clover) Flower Extract, Sodium Citrate, Caprylhydroxamic Acid, Isostearamidopropyl Dimethylamine, Isostearamidopropyl Ethyldimonium Ethosulfate, Isostearic Acid, Glucose, 1,2-Hexanediol, Tridecane, PEG-8, Citric Acid, Carnosine, Panthenol, Diglucosyl Gallic Acid, Lactic Acid, Salix Nigra (Willow) Bark Extract, Propylene Glycol, Carthamus Tinctorius (Safflower) Seed Oil, Olea Europaea (Olive) Fruit Oil, Sodium Chloride, Sodium Succinate, Tocopherol",Dermwel Daily Dose,https://inkeedecoder.com/products/dermwel-daily-dose
acne,"Aqua (Water), Glycerin, Propanediol, Lactic Acid, Inulin, Alpha-Glucan Oligosaccharide, Acetum (Vinegar), Maris Aqua (Sea Water), Arginine, Fructose, Glucose, Hibiscus Sabdariffa Flower Extract, Laminaria Digitata Extract, Chlorella Vulgaris Extract, Polylysine, Cellulose Gum, Caprylyl Glycol, Xanthan Gum, Cellulose, Phenethyl Alcohol, Saccharide Isomerate, Tetrasodium Glutamate Diacetate, Sodium Hydroxide, Sodium Benzoate, Potassium Sorbate",GALLINÉE Vinegar Gelée,https://inkeedecoder.com/products/gallinee-vinegar-gelee
acne,"Aloe Barbadensis Leaf Juice, Hexylene Glycol, Aqua/​Water/​Eau, Glycerin, Poloxamer 184, Agave Tequilana Leaf Extract, Cannabis Sativa (Hemp) Seed Extract, Caffeine, Niacinamide, Disodium Cocoamphodiacetate, Citric Acid, 1,2-Hexanediol, Caprylyl Glycol, Glycolipids, Polylysine, Sodium Hydroxide, Sodium Hyaluronate, Phenoxyethanol, Sodium Benzoate, Potassium Sorbate",Milk Makeup Hydro Ungrip Makeup Remover + Cleansing Water,https://inkeedecoder.com/products/milk-makeup-hydro-ungrip-makeup-remover-cleansing-water
acne,"Water, Propanediol, Niacinamide, 1,2-Hexanediol, Erythritol, Glycerin, Camellia Sinensis (Green Tea) Leaf Extract, Pinus Densiflora Bark Extract, Pinus Palustris Leaf Extract, Glycyrrhiza Glabra (Licorice) Root Extract, Propolis Extract, Zinc Pca, Lactobacillus Ferment, Allantoin, Polylysine, Aloe Barbadensis Leaf Extract, Ulmus Davidiana Root Extract, Pueraria Lobata Root Extract, Cynanchum Atratum Extract, Chamomilla Recutita (Matricaria) Flower Extract, Butylene Glycol, Fomes Officinalis (Mushroom) Extract, Rosmarinus Officinalis (Rosemary) Leaf Extract, Oenothera Biennis (Evening Primrose) Flower Extract, Sodium Citrate, Melaleuca Alternifolia (Tea Tree) Leaf Extract, Citric Acid, Caprylyl Glycol",Peach slices Oil Control Mist,https://inkeedecoder.com/products/peach-slices-oil-control-mist
acne,"Aqua (Water), Pentylene Glycol, Propanediol, Polyacrylate Crosspolymer-6, Curcuma Longa (Turmeric) Root Extract, Glycerin, Caprylyl/​Capryl Glucoside, Parfum (Fragrance), Levulinic Acid, Citric Acid, Melia Azadirachta (Neem) Seed Oil, Sodium Phytate, O-Cymen-5-Ol, Sodium Levulinate, Sodium Hydroxide, Polylysine",Embryolisse Anti-blemish Serum,https://inkeedecoder.com/products/embryolisse-anti-blemish-serum
acne,polylysine,Next page >>,https://inkeedecoder.com/ingredients/polylysine?uoffset=1
acne,"Aqua, Propylene Glycol, Azelaic Acid 15.0%, Tetrahydroxypropyl Ethylenediamine, Potassium Azeloyl Diglycinate 5.0%, Polyacrylate Crosspolymer-6, Salicylic Acid 2.0%, Lactobionic Acid, Bisabolol, Gluconolactone, Arginine, Quaternium-73, Dipotassium Glycyrrhizate, 1,2-Hexanediol, Isopentyldiol, O- Cymen-5-Ol, Hydroxyacetophenone","5.0% | Azelaic Acid Control Facial Acne Gel
        

            Aisuanis",https://inkeedecoder.com/products/aisuanis-empowerment-azelaic-acid-control-facial-acne-gel
acne,"Propylene Glycol, PEG-75, PEG-8, Water, Salicylic Acid 9.0%, Glycerin, Avena Sativa (Oat) Kernel Extract, Butylene Glycol, Boerhavia Diffusa Root Extract, Sea Whip Extract, Arginine, Polysorbate 20, Disodium EDTA","9.0% | Resist Bha 9
        

            Paula's Choice",https://inkeedecoder.com/products/paulas-choice-resist-bha-9
acne,"Salicylic Acid 6.0%, Resorcinol 2.0%, Phenol 1.0%, Methyl Salicylate 0.003%, Glycerin 0.003%, Alcohol, Water","6.0% | Compound Salicylic Acid Liniment
        

            Sanyi",https://inkeedecoder.com/products/sanyi-compound-salicylic-acid-liniment
acne,"Aqua, Propylene Glycol, Azelaic Acid 15.0%, Tetrahydroxypropyl Ethylenediamine, Potassium Azeloyl Diglycinate 5.0%, Polyacrylate Crosspolymer-6, Salicylic Acid 2.0%, Lactobionic Acid, Bisabolol, Gluconolactone, Arginine, Quaternium-73, Dipotassium Glycyrrhizate, 1,2-Hexanediol, Isopentyldiol, O- Cymen-5-Ol, Hydroxyacetophenone","2.0% | Azelaic Acid Control Facial Acne Gel
        

            Aisuanis",https://inkeedecoder.com/products/aisuanis-empowerment-azelaic-acid-control-facial-acne-gel
acne,"Water, Poloxamer 407, Laureth-40, PEG-8, Glycerin, Salicylic Acid 2.0%, Bisabolol, Dipotassium Glycyrrhizate","2.0% | Nuorishing Spa Mask
        

            BRODA® PRO",https://inkeedecoder.com/products/broda-r-pro-nuorishing-spa-mask
acne,"Aqua (Water), Propylene Glycol, Ammonium Polyacryloyldimethyl Taurate, Azelaic Acid 5.0%, Squalane 5.0%, Salicylic Acid 2.0%, Glyceryl Stearate, Disodium EDTA, PEG-100 Stearate, Sodium Hydroxide, Bakuchiol 0.5%","2.0% | Flawless Neutralising Gel
        

            Dr. Sam Bunting Skincare",https://inkeedecoder.com/products/dr-sam-bunting-skincare-flawless-neutralising-gel
acne,"Salicylic Acid 2.0%, Neem Oil (Anti-Bacterial), Tea Tree Oil (Anti-Acne), Niacinamide (Brightening, Anti-Redness), Green Tea Extract (Conditioning, Calming), (Wheat And Oat) Sugar (Hydration - Gluten Free), Allantoin (Healing), Lavender Oil (Calming), Glycerin (Humectant), Propylene Glycol (Humectant, Penetration Enhancer), Polyacrylate Crosspolymer - 6 (Co-Gelling Agent), Acacia Senegal Gum (Gelling Agent), Xanthan Gum (Gelling Agent), Disodium EDTA (Heavy Metal Remover), Sodium Hydroxide (Ph Adjuster), Polysorbate 20 (Emulsifier), Phenoxyethanol (Preservative), (Double Distilled And Demineralized) Water","2.0% | Neem & BHA Spot Clarifying Serum
        

            Dr. Sheth's",https://inkeedecoder.com/products/dr-sheths-neem-bha-spot-clarifying-serum
acne,"Propanediol, Spring Water, Salicylic Acid 2.0%, Dehydroxanthan Gum","2.0% | Salicylic Acid 2% Serum
        

            Garden of Wisdom",https://inkeedecoder.com/products/garden-of-wisdom-salicylic-acid-serum
acne,"Salicylic Acid 2.0%, Water (Aqua), Alcohol, Hamamelis Virginiana (Witch Hazel) Water, Propanediol, Pentylene Glycol, Glycerin, Silica, Butylene Glycol, Polyacrylate Crosspolymer-6, C12-15 Alkyl Lactate, Aesculus Hippocastanum (Horse Chestnut) Seed Extract, Avena Sativa (Oat) Kernel Extract, Urea, Yeast Amino Acids, Trehalose, Inositol, Taurine, Betaine, Thymol, Terpineol, Hydroxyphenyl Propamidobenzoic Acid, Shea Butter Ethyl Esters, 4-T-Butylcyclohexanol, Disodium EDTA, Sodium Hydroxide","2.0% | Rapid Relief Acne Spot Treatment
        

            Murad",https://inkeedecoder.com/products/murad-rapid-relief-acne-spot-treatment
acne,"Salicylic Acid 2.0%, Water, Alcohol Denat, Hamamelis Virginiana (Witch Hazel) Water, Butylene Glycol, Glycereth-7, Methyl Gluceth-20, Alcohol, Fragrance, Propylene Glycol, Benzophenone-4, Aloe Barbadensis Leaf Extract, Chamomilla Recutita (Matricaria) Flower Extract, Blue 1","2.0% | Clear Pore Oil-Eliminating Astringent
        

            Neutrogena",https://inkeedecoder.com/products/neutrogena-clear-pore-oil-eliminating-astringent
acne,"Water (Aqua), Dipropylene Glycol, Pentylene Glycol, Salicylic Acid 2.0%, Polysorbate 20, Butylene Glycol, Glycerin, Sodium Hyaluronate, Dipotassium Glycyrrhizate, Allantoin, Panthenol, PEG/​PPG-17/​6 Copolymer, Methyl Gluceth-20, Glycereth-26, Bis-PEG-18 Methyl Ether Dimethyl Silane, Sodium Hydroxide, Tetrasodium EDTA, Sodium Metabisulfite","2.0% | Clear Regular Strength Anti-Redness Exfoliating Solution With 2% Salicylic Acid
        

            Paula's Choice",https://inkeedecoder.com/products/paulas-choice-clear-regular-strength-anti-redness-exfoliating-solution-with-2-salicylic-acid
acne,"Water (Aqua), Dipropylene Glycol, Salicylic Acid 2.0%, Pentylene Glycol, Butylene Glycol, Polysorbate 20, Palmitoyl Tripeptide-1, Palmitoyl Tetrapeptide-7, Dipotassium Glycyrrhizate, Nordihydroguaiaretic Acid, Oleanolic Acid, Sodium Hyaluronate, Allantoin, Trehalose, Panthenol, Glycerine, PEG-60 Almond Glycerides, Sodium Metabisulfite, PEG/​PPG-17/​6 Copolymer, Methyl Gluceth-20, Bis-PEG-18 Methyl Ether Dimethyl Silane, Glycereth-26, Sodium Hydroxide, Carbomer, Disodium EDTA, Caprylyl Glycol","2.0% | Resist Daily Pore-Refining Treatment 2% Bha
        

            Paula's Choice",https://inkeedecoder.com/products/paulas-choice-resist-daily-pore-refining-treatment-2-bha
acne,"Salicylic Acid 2.0%, Water/​Aqua/​Eau, Dimethicone, Propanediol, Caprylic/​Capric Triglyceride, Glycerin, Jojoba Esters, Isodecyl Neopentanoate, Cetearyl Alcohol, Panthenol, Polysilicone-11, Cordyceps Sinensis Extract, Trametes Versicolor (Mushroom) Extract, Helianthus Annuus (Sunflower) Seed Wax, Sodium Hydroxide, Hydroxyethyl Acrylate/​Sodium Acryloyldimethyl Taurate Copolymer, Polyacrylate Crosspolymer-6, Ceteareth-20, Isohexadecane, Tocopheryl Acetate, Hydrogenated Lecithin, Aloe Barbadensis Leaf Juice, Butylene Glycol, Allantoin, Disodium EDTA, Sodium Hyaluronate, Acacia Decurrens Flower Wax, Polyglycerin-3, Phenoxyethanol, Polysorbate 60, Sodium PCA, Sodium Citrate, Sorbitan Isostearate, Maclura Cochinchinensis Leaf Prenylflavonoids, T-Butyl Alcohol, Glycosaminoglycans, Potassium Sorbate, Sodium Benzoate, Ethylhexylglycerin, Citric Acid, Trisodium EDTA","2.0% | Acne-Clear Oil-Free Matte Moisturizer
        

            Peter Thomas Roth",https://inkeedecoder.com/products/peter-thomas-roth-acne-clear-oil-free-matte-moisturizer
acne,salicylic-acid,Show all >>,https://inkeedecoder.com/ingredients/salicylic-acid?koffset=1
acne,"Water, Sodium Ascorbyl Phosphate 10.0%, Coco-Caprylate, Glycerin, Niacinamide, Cetearyl Olivate, Citric Acid, Sorbitan Olivate, Glyceryl Caprylate, Xanthan Gum, Saccharide Isomerate, Vitamin E, Jojoba Esters, Bisabolol, Ginger Root Extract, Sunflower Seed Oil, Kakadu Plum Extract, Sodium Hyaluronate, Rosemary Leaf Extract, Polyglycerin-3, Sodium Citrate, Caprylhydroxamic Acid, Lecithin, Sclerotium Gum, Sodium Phytate, Ethanol, Silica, Pullulan, Sunflower Seed Wax, Natural Fragrance","10.0% | Much Brighter Skin
        

            Go-To Skincare",https://inkeedecoder.com/products/go-to-skincare-much-brighter-skin
acne,"Aqua, Sodium Ascorbyl Phosphate 10.0%, Methylpropanediol, Ferulic Acid, Sodium Hyaluronate, Tocopheryl Acetate, Xanthan Gum, Acacia Senegal Gum, Caprylyl Glycol, Disodium EDTA, Citric Acid, Polysorbate 60, Polysorbate 20, Phenoxyethanol","10.0% | Superba C
        

            Skintegra",https://inkeedecoder.com/products/skintegra-superba-c
acne,"Aqua (Water/​Eau), Propanediol, Sodium Ascorbyl Phosphate 5.0%, Salicylic Acid 2.0%, Ammonium Acryloyldimethyltaurate/​VP Copolymer, Phenoxyethanol, Caprylyl/​Capryl Glucoside, Xanthan Gum, Glycerin, Sodium Hydroxide, Madecassoside, Ethylhexylglycerin, Hydroxyacetophenone, Sodium Gluconate, Sodium Metabisulfite, Lecithin, Ascorbyl Palmitate, Nelumbo Nucifera Flower Extract, Nymphaea Coerulea Flower Extract, Tocopherol, Helianthus Annuus (Sunflower) Seed Oil","5.0% | C-50 Blemish Night Treatment
        

            The Inkey List",https://inkeedecoder.com/products/the-inkey-list-c-50-blemish-night-treatment
acne,"Sulfur (10%), Purified Water, Kaolin, Bentonite, Propylene Glycol, Magnesium Silicate, Zinc Oxide, Polysorbate 20, Titanium Dioxide, Caprylyl Glycol, Diazolidinyl Urea, Sorbic Acid, Ethylhexylglycerin, Chloroxylenol",Acne Expert Skincare Calming Acne Mask,https://inkeedecoder.com/products/acne-expert-skincare-calming-acne-mask
acne,"Sulfur (3.5%), Acacia Senegal Gum, Bentonite, Butylene Glycol, Cellulose, Copper Gluconate, Ethylhexylglycerin, Hydroxypropyl Methylcellulose, Kaolin, Magnesium Aluminum Silicate, Magnesium Aspartate, Magnesium Stearate, Mannitol, Menthyl Lactate, Methylisothiazolinone, Phenoxyethanol, Sodium Ascorbyl Phosphate, Sodium Cocoyl Isethionate, Spiraea Ulmaria Extract, Tetrasodium EDTA, Titanium Dioxide, Ultramarines, Water, Zinc Gluconate, Zinc Pca",AcneFree Acne Clearing Sulfur Mask 3.5% Sulfur Acne Treatment,https://inkeedecoder.com/products/acnefree-acne-clearing-sulfur-mask-3-5-sulfur-acne-treatment
acne,"Sulfur (3.5 % - Acne Treatment), Acacia Senegal Gum, Bentonite, Butylene Glycol, Cellulose, Copper Gluconate, Ethylhexylglycerin, Hydroxypropyl Methylcellulose, Kaolin, Magnesium Aluminum Silicate, Magnesium Aspartate, Magnesium Stearate, Mannitol, Menthyl Lactate, Methylisothiazolinone, Phenoxyethanol, Sodium Ascorbyl Phosphate, Sodium Cocoyl Isethionate, Spiraea Ulmaria Flower Extract, Tetrasodium EDTA, Titanium Dioxide, Ultramarines (Cl 77007), Water (Aqua), Zinc Gluconate, Zinc Pca",AcneFree Therapeutic Sulfur Mask,https://inkeedecoder.com/products/acnefree-therapeutic-sulfur-mask
acne,"Sulfur (10%), Aqua/​Water/​Eau, Glycerin, Kaolin, Bentonite, Propylene Glycol, Niacinamide, Sorbitol, Titanium Dioxide (Ci 77891), Phenoxyethanol, Hamamelis Virginiana (Witch Hazel) Water, Acacia Senegal Gum, Xanthan Gum, Alpha-Glucan Oligosaccharide, Carbomer, Polyglyceryl-4 Caprate, Polyglyceryl-6 Caprylate, Chromium Oxide Green (Ci 77288), Butylene Glycol, Potassium Sorbate, Sodium Benzoate, Glycyrrhiza Glabra (Licorice) Root Extract, Salix Nigra (Willow) Bark Extract, Camellia Sinensis (Green Tea) Leaf Extract, Benzoic Acid",Banu 10% Sulfur Pimple And Acne Treatment,https://inkeedecoder.com/products/banu-10-sulfur-pimple-and-acne-treatment
acne,"Sulfur (5%), Water (Aqua, Eau), Kaolin, Cetearyl Alcohol, Glyceryl Stearate SE, Glycerin, Butylene Glycol, Bentonite, Acacia Senegal Gum, Phenoxyethanol, Niacinamide, Maltodextrin, Ethylhexylglycerin, Sodium PCA, Xanthan Gum, Tocopheryl Acetate, Syringa Vulgaris (Lilac) Extract, Quartz, Dipotassium Glycyrrhizate, Centella Asiatica Extract, Hibiscus Rosa-Sinensis Flower Extract, Lavandula Angustifolia (Lavender) Extract, Origanum Vulgare Leaf Extract, Thymus Vulgaris (Thyme) Extract",Bioelements Spot Defy,https://inkeedecoder.com/products/bioelements-spot-defy
acne,"Sulfur (5%), Water, Kaolin, Glycerin, Lactic Acid, Glycolic Acid, Caprylic/​Capric Triglyceride, Cetearyl Alcohol, Cetyl Alcohol, Niacinamide, Sodium Hydroxide, Gum Arabic, Bentonite, Cetearyl Olivate, Xanthan Gum, Sodium Stearoyl Glutamate, Sorbitan Olivate, Caprylhydroxamic Acid, Hydrolyzed Gardenia Florida Extract, Aloe Barbadensis Leaf Juice, Cannabis Sativa (Hemp) Seed Oil, Lavandula Angustifolia (Lavender) Oil, Vanilla Planifolia Fruit Extract, Zinc Oxide, Tocopheryl Acetate, Glyceryl Caprylate, Triethyl Citrate, Maltodextrin, Sodium PCA, Citric Acid",CLEARSTEM Skincare Sulfur Spot&mask,https://inkeedecoder.com/products/clearstem-skincare-sulfur-spot-mask
acne,"Sulfur (10%), Water, Aloe Barbadensis Leaf Juice, Kaolin, Bentonite, Glycerin, Propylene Glycol, Zinc Oxide, Titanium Dioxide, Magnesium Aluminum Silicate, Cetyl Alcohol, Glyceryl Stearate, PEG-100 Stearate, Triticum Vulgare (Wheat) Germ Oil, Simmondsia Chinensis (Jojoba) Seed Oil, Chamomilla Recutita (Matricaria) Flower Extract, Eucalyptus Globulus Leaf Oil, Phenoxyethanol, Methylisothiazolinone",Control Corrective Sulfur Calming Mask,https://inkeedecoder.com/products/control-corrective-sulfur-calming-mask
acne,"(Ultrafine Precipitated) Sulfur (10%), Sodium Palmate, Sodium Cocoate (Palm And Coconut Extracts), Water, Glycerin, Antioxidant (<0.1%>), Pentasodium Pentetate",CuticareMD 10% Sulfur Bar Soap,https://inkeedecoder.com/products/cuticaremd-10-sulfur-bar-soap
acne,"(Precipitated) Sulfur (6%), Aloe Vera, Petroleum, Shea Butter, (Volcanic) Water",CuticareMD 6% Sulfur Ointment,https://inkeedecoder.com/products/cuticaremd-6-sulfur-ointment
acne,"Sulfur (10%), Polyethylene Glycol",De La Cruz Sulfur Ointment,https://inkeedecoder.com/products/de-la-cruz-sulfur-ointment
acne,"Sulfur (10%), Aqua (Water), Kaolin, Magnesium Aluminum Silicate, Glycerin, Bentonite, Boswellia Serrata Extract, Butylene Glycol, PEG-60 Almond Glycerides, Caprylyl Glycol, Carbomer, Nordihydroguaiaretic Acid, Oleanolic Acid, Citric Acid, Phenoxyethanol, Ethylhexylglycerin, Zinc Oxide, Evodia Rutaecarpa Extract, Titanium Dioxide, Chamomilla Recutita (Matricaria) Flower Extract, Allantoin, Phytosphingosine, Salix Nigra (Willow) Bark Extract, Xanthan Gum, Panthenol, Potassium Sorbate, Camellia Sinensis (Japanese White Tea) Leaf Extract, Propylene Glycol, BHT, Hamamelis Virginiana (Witch Hazel) Extract, Avena Sativa (Oat) Kernel Extract, Citrus Medica Limonum (Lemon) Peel Oil, Fragrance",Dermadoctor Ain'T Misbehavin' Intensive 10% Sulfur Acne Mask & Emergency Spot Treatment,https://inkeedecoder.com/products/dermadoctor-aint-misbehavin-intensive-10-sulfur-acne-mask-emergency-spot-treatment
acne,"Sulfur (5%), Salicylic Acid (2%), Saponified Oils, [Sodium Palmate, Sodium Cocoate, Sodium Palm Kernelate], Water, Sulfur, Glycerin, Sodium Chloride (Table Salt), Elaeis Guineensis (Palm) Extract, Pentasodium Pentetate",Dermaharmony 5% Sulfur 2% Salicylic Acid Bar Soap,https://inkeedecoder.com/products/dermaharmony-5-sulfur-2-salicylic-acid-bar-soap
acne,"Sulfur, Water/​Aqua/​Eau, Kaolin, Cetearyl Alcohol, Glycerin, Polysorbate 20, Butylene Glycol, Acacia Senegal Gum, Zinc Oxide, Bentonite, Carthamus Tinctorius (Safflower) Seed Oil, Farnesol, Opuntia Tuna Flower/​Stem Extract, Salix Alba (Willow) Bark Extract, Bisabolol, Retinol, Phenylethyl Resorcinol, Glycyrrhiza Glabra (Licorice) Root Extract, Aloe Barbadensis Leaf Juice, Tocopheryl Acetate, Glycine Soja (Soybean) Oil, Sodium PCA, Ethylhexylglycerin, Allantoin, Rosmarinus Officinalis (Rosemary) Leaf Oil, Phenoxyethanol, Sodium Benzoate, Potassium Sorbate",Dr Dennis Gross Drx Blemish Solutions™ Clarifying Mask,https://inkeedecoder.com/products/dr-dennis-gross-drx-blemish-solutions-tm-clarifying-mask
acne,"Sulfur, Aloe Ferox (Cape Aloe) Extract",Dr s wong Sulfur Soap,https://inkeedecoder.com/products/dr-s-wong-sulfur-soap
acne,"Sulfur Praecipitatum (10%), Petrolatum",Dr. Sana Sulfur Ointment 10%,https://inkeedecoder.com/products/dr-sana-sulfur-ointment-10
acne,"Sulfur (10%), Avena Sativa (Oat) Kernel Colloidal Oatmeal, Bentonite, Butyrospermum Parkii (Shea) Butter, Cetearyl Glucoside, Citric Acid, Glycerin, Glyceryl Stearate, Helianthus Annuus (Sunflower) Seed Oil, Hydrogenated Castor Oil, Phenoxyethanol, Potassium Sorbate, Purified Water, Sodium Stearoyl Glutamate, Xanthan Gum",Earth’s Care Acne Spot Treatment,https://inkeedecoder.com/products/earths-care-acne-spot-treatment
acne,"Sulfur (5%), Avena Sativa (Oat) Kernel Colloidal Oatmeal, Bentonite, Butyrospermum Parkii (Shea) Butter, Cetearyl Glucoside, Citric Acid, Glycerin, Glyceryl Stearate, Helianthus Annuus (Sunflower) Seed Oil, Hydrogenated Castor Oil, Kaolin, Phenoxyethanol, Potassium Sorbate, Purified Water, Sodium Stearoyl Glutamate, Xanthan Gum","Earth’s Care Acne Treatment Mask, Sulfur 5%",https://inkeedecoder.com/products/earths-care-acne-treatment-mask-sulfur-5
acne,"Sulfur (6%), Aqua (Water), Butylene Glycol, Acacia Senegal Gum, Carbomer, Palmitoyl Tripeptide-8, Bisabolol (L-Alpha), Allantoin, Glycerin, Ethylhexylglycerin, Caprylhydroxamic Acid, Dextran, Sodium Hydroxide, Benzyl Alcohol, Phenoxyethanol",Face Reality Sulfur Spot Treatment,https://inkeedecoder.com/products/face-reality-sulfur-spot-treatment
acne,"Sulfur (10%), Water(Aqua), Zea Mays (Com) Starch, Stearyl Alcohol, Glycerin, Cetearyl Alcohol, Glyceryl Stearate, Magnesium Aluminum Silicate, Hydroxyethyl Acrylate/​Sodium Acryloyldimethyl Taurate Copolymer, Ceteareth-20, Isohexadecane, 1,2-Hexanediol, Caprylyl Glycol, Hydroxyacetophenone, PEG-100 Stearate, Pentylene Glycol, Tocopheryl Acetate, Polysorbate 60, Sodium Citrate, Sodium Phytate, Citric Acid, Sorbitan Isostearate, Titanium Dioxide",GLAM UP Spotless Sulfur Treatment (acne-prone Skin) 10% Sulfur Treatment 15 ml,https://inkeedecoder.com/products/glam-up-spotless-sulfur-treatment-acne-prone-skin-10-sulfur-treatment-15-ml
acne,"Sulfur (10.0%), Aqua (Water), Bentonite, Caprylyl Glycol, Chlorphenesin, Citrus Paradisi (Grapefruit) Peel Oil, Glycerin, Imidazolidinyl Urea, Kaolin, Phenoxyethanol, Propylene Glycol, Talc, Tetrasodium EDTA",Glymed Plus Mattifying Sulfur Masque,https://inkeedecoder.com/products/glymed-plus-mattifying-sulfur-masque
acne,"Sulfur (8.0%), Resorcinol (2.0%), Acetone, Chloroxylenol, Fragrance (Parfum), Iron Oxides, Isopropyl Alcohol, Magnesium Aluminum Silicate, Octoxynol-9, Propylene Glycol, Titanium Dioxide, Water (Aqua), Xanthan Gum",Glytone Acne Tinted Spot Treatment,https://inkeedecoder.com/products/glytone-acne-tinted-spot-treatment
acne,"Sulfur (6.4%), Bentonite, Isopropyl Alcohol, Kaolin, Zinc Oxide, Water, Glycerin, Calcium Oxide, Sodium Lauryl Sulfate, Cocamide MIPA, Fragrance, Methylparaben",Glytone Acne Treatment Mask,https://inkeedecoder.com/products/glytone-acne-treatment-mask
acne,"Sulfur, Salicylic Acid, Elaeis Guineensis Kernel Oil, Stearic Acid, Zea Mays Starch, Calcium Carbonate, Talc, BHT, Disodium Distyrylbiphenyl Disulfonate, Ci 74160, Etidronic Acid",Granado Sabonete Barra Granado Facial Enxofre Antiacne,https://inkeedecoder.com/products/granado-sabonete-barra-granado-facial-enxofre-antiacne
acne,"Sulfur (10%), Corn Starch, Fragrance, Lanolin, Polysorbate 80, Sodium Cocoate, Sodium Lauryl Sulfate, Sodium Tallowate, Tetrasodium EDTA",Grisi Sulfur Soap,https://inkeedecoder.com/products/grisi-sulfur-soap
acne,"Sulfur (3.3%), Water (Aqua/​Eau), Cocamidopropyl Hydroxysultaine, Bentonite, Sodium Laurylglucosides Hydroxypropylsulfonate, Glycerin, Disodium Cocoyl Glutamate, Sodium Chloride, Sodium Cocoyl Isethionate, Acacia Senegal Gum, Pyrus Malus (Apple) Fruit Extract, Caprylyl Glycol, Glutamic Acid, Malic Acid, Glycolic Acid, Lactic Acid, Coconut Acid, Xanthan Gum, Sodium Cocoyl Glycinate, Caprylhydroxamic Acid, Trisodium Ethylenediamine Disuccinate, Quartz, Citric Acid, Sodium Benzoate",Honest Beauty Get Clarity Foaming Acne Cleanser,https://inkeedecoder.com/products/honest-beauty-get-clarity-foaming-acne-cleanser
acne,"Sulfur, Acrylates Copolymer, Aminomethyl Propanol, Caprylyl Glycol, Cocamide MEA, Cocamidopropyl Betaine, Coco-Betaine, Decylene Glycol, Disodium EDTA, Fragrance, Glycerin, Glycol Distearate, Laureth-10, Lauroyl/​Myristoyl Methyl Glucamide, PEG-150, Phenoxyethanol, Polysorbate 80, Sodium Chloride, Sodium Laureth Sulfate, Water",Isispharma Sulfur Grisi,https://inkeedecoder.com/products/isispharma-sulfur-grisi
acne,"Sulphur, Tea Tree Extract, Glycolic Acid, Rosemary Extract, Vitamin C, Salicylic Acid, Vitamin E, Retinol, Panthenol, Lavender Oil, Liquorice Extract, Glycerin, Peppermint Extract",Jackodan Jackodan Gel,https://inkeedecoder.com/products/jackodan-jackodan-gel
acne,"Sulphur (2.0%), Salicylic Acid (2.0%), Aqua (Water), Sodium Cocoyl Isethionate, Disodium Cocoamphodiacetate, Stearic Acid, Potassium Cocoyl Glutamate, Glycerin, Sodium Lauroyl Sarcosinate, Cetyl Alcohol, Cocamidopropyl Betaine, Hydrolyzed Wheat Protein, Olea Europaea (Olive) Fruit Oil*, Pogostemon Cablin (Patchouli) Oil, Rosmarinus Officinalis (Rosemary) Leaf Oil, Simmondsia Chinensis (Jojoba) Seed Oil*, Camphor, Dimethyl Sulfone**, Menthol, Methyl Salicylate, Potassium Hydroxide, Sodium PCA, Xanthan Gum, Benzyl Alcohol, Capryloyl Glycine, Undecylenoyl Glycine, Amyl Cinnamal, Benzyl Benzoate, Hexyl Cinnamal, Hydroxycitronellal, Linalool, Limonene, Fragrance (Parfum)",Jason Dandruff Relief Treatment Shampoo,https://inkeedecoder.com/products/jason-dandruff-relief-treatment-shampoo
acne,"Sulfur (3.0%), Aqua/​Water/​Eau, Sodium Cocoyl Isethionate, Coco-Glucoside, Acrylates Copolymer, Coconut Alcohol, Glycereth-18 Ethylhexanoate, Glycereth-8, Stearyl Alcohol, Mel/​Honey Extract/​Extrait De Miel, Oryza Sativa (Rice) Bran Extract, Avena Sativa (Oat) Kernel Extract, Oligopeptide-10, Boswellia Serrata Extract, Behenyl Alcohol, Glycerin, Xanthan Gum, Caprylyl Glycol, Hexylene Glycol, Butylene Glycol, Phenoxyethanol, Parfum/​Fragrance, Citric Acid, Sodium Hydroxide, Ethylhexylglycerin, Disodium EDTA, Disodium Carboxyethyl Siliconate, Linalool, Potassium Sorbate, Sodium Benzoate, Ci 77891/​Titanium Dioxide, Ci 77489 (Lron Oxides)",Kate Somerville Eradicate Daily Sulfur Cleanser + Acne Treatment,https://inkeedecoder.com/products/kate-somerville-eradicate-daily-sulfur-cleanser-acne-treatment
acne,"Sulfur (3.0%), Water/​Aqua/​Eau, Sodium Cocoyl Isethionate, Coco-Glucoside, Acrylates Copolymer, Cetearyl Alcohol, Glycereth-18 Ethylhexanoate, Glycereth-18, Stearyl Alcohol, Honey Extract/​Mel/​Extrait De Miel, Oryza Sativa (Rice) Bran Extract, Avena Sativa (Oat) Kernel Extract, Oligopeptide-10, Boswellia Serrata Extract, Behenyl Alcohol, Glycerin, Xanthan Gum, Caprylyl Glycol, Hexylene Glycol, Butylene Glycol, Phenoxyethanol, Fragrance/​Parfum, Citric Acid, Sodium Hydroxide, Ethylhexylglycerin, Disodium EDTA, Disodium Carboxyethyl Siliconate, Linalool, Potassium Sorbate, Sodium Benzoate, Titanium Dioxide (Ci 77891), Iron Oxides (Ci 77491)",Kate Somerville Eradikate,https://inkeedecoder.com/products/kate-somerville-eradikate
acne,"Sulfur (3.0%), Water/​Aqua/​Eau, Sodium Cocoyl Isethionate, Coco-Glucoside, Acrylates Copolymer, Cetearyl Alcohol, Glycereth-18 Ethylhexanoate, Glycereth-18, Stearyl Alcohol, Honey Extract/​Mel/​Extrait De Miel, Oryza Sativa (Rice) Bran Extract, Avena Sativa (Oat) Kernel Extract, Oligopeptide-10, Boswellia Serrata Extract, Behenyl Alcohol, Glycerin, Xanthan Gum, Caprylyl Glycol, Hexylene Glycol, Butylene Glycol, Phenoxyethanol, Fragrance/​Parfum, Citric Acid, Sodium Hydroxide, Ethylhexylglycerin, Disodium EDTA, Disodium Carboxyethyl Siliconate, Linalool, Potassium Sorbate, Sodium Benzoate, Titanium Dioxide (Ci 77891), Iron Oxides (Ci 77491)",Kate Somerville Eradikate 3% Sulfur Daily Foaming Cleanser,https://inkeedecoder.com/products/kate-somerville-eradikate-3-sulfur-daily-foaming-cleanser
acne,"Sulfur, Water, Niacinamide, Zea Mays (Corn) Starch, Glycolic Acid, Stearyl Alcohol, Glycerin, Octyldodecyl Myristate, Cetearyl Alcohol, Glyceryl Stearate, Magnesium Aluminum Silicate, Phenoxyethanol, Polyacrylamide, Ceteareth-20, Sodium Hydroxide, PEG-100 Stearate, Phenylethyl Resorcinol, Tocopheryl Acetate, C13-14 Isoparaffin, Disodium EDTA, Laureth-7, Allantoin, Aloe Barbadensis Leaf Juice, Hydrogenated Lecithin, Ethylhexylglycerin, Glycyrrhiza Glabra (Licorice) Root Extract",Kiehl’s Breakout Control Targeted Blemish Spot Treatment,https://inkeedecoder.com/products/kiehls-breakout-control-targeted-blemish-spot-treatment
acne,"Sulfur (3%), Water, Illite, Glycerin, Propanediol, Magnesium Aluminum Silicate, Kaolin, Ethyl Linoleate, Glyceryl Stearate, Cetearyl Alcohol, Ceteareth-20, PEG-100 Stearate, Microcrystalline Wax, Potassium Azeloyl Diglycinate, Morinda Citrifolia Extract, Citrullus Lanatus (Watermelon) Fruit Extract, Menthol, Camellia Sinensis Leaf Extract, Pyrus Malus (Apple) Fruit Extract, Lens Esculenta (Lentil) Fruit Extract, Sodium Lactate, Sodium PCA, Citrus Aurantium Bergamia (Bergamot) Peel Oil, Polyisobutene, Caprylyl/​Capryl Glucoside, Sorbitan Oleate, Sodium Acrylate/​Sodium Acryloyldimethyl Taurate Copolymer, Caprylyl Glycol, Ethylhexylglycerin, Potassium Chloride, Citric Acid, Disodium EDTA, Xanthan Gum, Chlorphenesin, Potassium Sorbate, Sodium Benzoate, Phenoxyethanol, Chromium Oxide Green",LANCER Clarifying Detox Mask with Green Tea + 3% Sulfur,https://inkeedecoder.com/products/lancer-clarifying-detox-mask-with-green-tea
acne,"Sulfur (10%), Isopropyl Alcohol, Water (Aqua), Zinc Oxide, Salicylic Acid, Camphor, Magnesium Aluminum Silicate, Iron Oxide(Ci 77491)",M.A.D Skincare Acne Drying Lotion 10%,https://inkeedecoder.com/products/m-a-d-skincare-acne-drying-lotion-10
acne,"Sulfur (10%), Isopropyl Alcohol, Aqua|Water|Eau, Zinc Oxide, Camphor, Salicylic Acid, Magnesium Aluminum Silicate",MALIN + GOETZ 10 % Sulfur Paste Acne Treatment,https://inkeedecoder.com/products/malin-goetz-acne-treatment
acne,"Sulfur (4.0%), Water (Aqua), Kaolin, Bentonite, Butylene Glycol, Glycerin, Glyceryl Stearate SE, Zinc Oxide, Talc, Titanium Dioxide, Cetyl Alcohol, Dicaprylyl Maleate, Salicylic Acid, Urea, Yeast Amino Acids, Trehalose, Inositol, Taurine, Betaine, Hydroxyacetophenone, Lecithin, Tocopherol, Magnesium Ascorbyl Phosphate, Vitis Vinifera (Grape) Seed Extract, Dipotassium Glycyrrhizate, Allantoin, Disodium EDTA, Phenoxyethanol, Decylene Glycol, 1,2-Hexanediol, Camphor, Geraniol, Limonene, Linalool, Lavandula Angustifolia (Lavender) Oil",Murad Clarifying Mask,https://inkeedecoder.com/products/murad-clarifying-mask
acne,"Sulfur (1X Hpus), Aqua, Citric Acid, Cocamidopropyl Betaine, Cocos Nucifera (Coconut Oil), Glycerin, Glyceryl Laurate, Lavender Oil, Pentasodium Pentetate, Propylene Glycol, Sodium Chloride, Sodium Citrate, Sodium Laurate, Sodium Myristate, Sodium Oleate, Sodium Stearate, Sodium Thiosulfate, Sorbitol, Tetrasodium Etidronate, Titanium Dioxide, Trisodium Sulfosuccinate",Naturasil Tinea Versicolor Relief Soap,https://inkeedecoder.com/products/naturasil-tinea-versicolor-relief-soap
acne,"Sulfur (10%), Isopropyl Alcohol, Water, Calamine, Niacinamide, Zinc Oxide, Zea Mays (Corn) Starch, Magnesium Aluminum Silicate, Salicylic Acid, Titanium Dioxide",Neutrogena Stubborn Acne Spot Drying Lotion,https://inkeedecoder.com/products/neutrogena-stubborn-acne-spot-drying-lotion
acne,"Sulphur (10%), Acrylates, Aloe Barbadensis Leaf Juice, Diazolidinyl Urea, Lactose, Methylparaben, Propylene Glycol, Propylparaben, Tetrasodium EDTA, Triethanolamine, Water",PROSACEA Medicated Rosacea Gel,https://inkeedecoder.com/products/prosacea-prosacea-medicated-rosacea-gel
acne,"Sulphur, Chrysarobinum, Acrylates/​C10-30 Alkyl Acrylate Crosspolymer, Diazolidinyl Urea, Lactose, Methylparaben, Propylene Glycol, Propylparaben, Tetrasodium EDTA, Triethanolamine, Water",PROSACEA Rosacea Gel,https://inkeedecoder.com/products/prosacea-rosacea-gel
acne,"Sulphur (3%), Sodium Palmate, Sodium Cocoate (Or), Sodium Palm Kernelate, Water (Aqua), Glycerin, Tocopherol, Sodium Chloride, Titanium Dioxide/​ Ci 77891 (Cl 77891), Tetrasodium Etidronate, Pentasodium Pentetate, Disodium Distyrylbiphenyl Disulfonate, Fragrance (Parfum), Benzyl Alcohol, Benzyl Benzoate, Linalool","Palmer's Skin Success Anti-Acne Medicated Complexion Bar,",https://inkeedecoder.com/products/palmers-skin-success-anti-acne-medicated-complexion-bar
acne,"Sulfur (10%), Water/​Aqua/​Eau, Propylene Glycol, Glycerin, Bentonite, Kaolin, Aloe Barbadensis Leaf Juice, Titanium Dioxide, Zinc Oxide, Phenoxyethanol, Carbomer, Polysorbate 20, Potassium Sorbate, Sodium Benzoate, Triethoxycaprylylsilane, Fragrance/​Parfum, Citric Acid, Sodium Hyaluronate, Ethylhexylglycerin",Peter Thomas Roth Sulfur Mask,https://inkeedecoder.com/products/peter-thomas-roth-sulfur-mask
acne,"Sulfur (10%), Water/​Aqua/​Eau, Bentonite, Kaolin, Propylene Glycol, Talc, Glycerin, Aloe Barbadensis Leaf Juice, Zinc Oxide (Ci 77947), Polysorbate 20, Titanium Dioxide (Ci 77891), Carbomer, Fragrance (Parfum), Sodium Hydroxide, Diazolidinyl Urea, Methylparaben, Propylparaben",Peter Thomas Roth Therapeutic Sulfur Mask,https://inkeedecoder.com/products/peter-thomas-roth-therapeutic-sulfur-mask
acne,"Sulfur (6%), Water, Kaolin, Glycereth-26, Linoleic Acid, Cetearyl Alcohol, Magnesium Aluminum Silicate, Synthetic Wax, Ceteareth-20, Sodium Lauroyl Sarcosinate, Linolenic Acid, Tocopherol, Tocopheryl Acetate, Melaleuca Alternifolia (Tea Tree) Leaf Oil, Cymbopogon Schoenanthus Extract, Geranium Maculatum Extract, Hydrated Silica, Ethoxydiglycol, Tetrasodium EDTA, Sodium Sulfate, Butylene Glycol, Phenoxyethanol, Fragrance, Titanium Dioxide, Zinc Oxide, Chromium Hydroxide Green",Proactiv Skin Purifying Mask,https://inkeedecoder.com/products/proactiv-skin-purifying-mask
acne,"Sulfur (6%), Butylene Glycol, Ceteareth-20, Cetearyl Alcohol, Chromium Hydroxide Green, Cymbopogon Schoenanthus Extract, Ethoxydiglycol, Fragrance, Geranium Maculatum Extract, Glycereth-26, Hydrated Silica, Kaolin, Linoleic Acid, Linolenic Acid, Magnesium Aluminum Silicate, Melaleuca Alternifolia (Tea Tree) Leaf Oil, Paraffin, Phenoxyethanol, Sodium Lauroyl Sarcosinate, Titanium Dioxide, Tocopheryl Acetate, Water, Zinc Oxide",Proactiv Skin Purifying Mask,https://inkeedecoder.com/products/proactiv-skin-purifying-mask-3
acne,"(10%)Sulfur, Water, Kaolin, Glycerin, Pentylene Glycol, Titanium Dioxide (Ci 77891), Magnesium Aluminum Silicate, Microcrystalline Cellulose, Butylene Glycol, Avena Sativa (Oat) Bran Extract, Melaleuca Alternifolia (Tea Tree) Leaf Oil, Phaeodactylum Tricornutum Extract, Algin, Naringenin, Simethicone, Hydroxypropyl Methylcellulose, Sodium Acryloyldimethyltaurate/​Vp Crosspolymer, Acrylates Copolymer, Mannitol, Silica, Xanthan Gum, Ascorbyl Palmitate, Panthenyl Triacetate, Hydroxyphenyl Propamidobenzoic Acid, Aluminum Hydroxide, Caprylic/​Capric Glycerides, Polysorbate 20, Ultramarines (Ci 77007), 1,2-Hexanediol, Hydroxyacetophenone, T-Butyl Alcohol, Phenoxyethanol, Barium Sulfate, Iron Oxides (Ci 77499), Red 30 (Ci 73360)",Rodan + Fields Unblemish Clarifying Mask,https://inkeedecoder.com/products/rodan-fields-unblemish-clarifying-mask
acne,"Sulfur, Quaternium-73, Stearyl Glycyrrhetinate, Stearic Acid, Glycerin, Potassium Hydroxide, Propylene Glycol, Sucrose, Sodium, Methylal, Lauryl Laurate, Olive Oil, Myristic Acid, Hydrogenated Coconut Oil, Sorbitol, Lauric Acid, Lauramide, Tea, PEG-10 Glyceryl Stearate, Ceteth-2, Sodium Phosphate, Lecithin, Cellulose Gum, Parabens, Fragrance",Rosette Cleansing Pasta (dry Skin),https://inkeedecoder.com/products/rosette-cleansing-pasta-dry-skin
acne,"(82%) Sulfur, Hot Spring Water, Dimethyl Sulfone (Msm), Ceramide NP, Panthenol, Hyaluronic Acid Complex",SINSURU Watery Sulfur 82 Soothing Serum,https://inkeedecoder.com/products/sinsuru-watery-sulfur-82-soothing-serum
acne,"Sulfur, Polysorbate 80, Salicylic Acid, Aloe Barbadensis Leaf Juice, Glyceryl Polymethacrylate, Propylene Glycol, Soap Base, PEG-350, Titanium Dioxide, Disodium EDTA, Fragrance",Siegfried Kinatopic Sulfur Barra,https://inkeedecoder.com/products/siegfried-kinatopic-sulfur-barra
acne,"Sulfur (10%), Water, Kaolin, Bentonite, Dipropylene Glycol, Zinc Pca, Glycerin, Aloe Barbadensis Leaf Juice, Arnica Montana Flower Extract, Salicylic Acid, Dipotassium Glycyrrhizate, Glycolic Acid, Phytic Acid, Melaleuca Alternifolia (Tea Tree) Leaf Oil, Glyceryl Caprylate, Carbomer, Sodium Hydroxide, Phenoxyethanol, Ethylhexylglycerin",Soft Services Clearing Clay Multi-use Breakout Treatment,https://inkeedecoder.com/products/soft-services-clearing-clay-multi-use-breakout-treatment
acne,sulfur,Next page >>,https://inkeedecoder.com/ingredients/sulfur?uoffset=1
acne,"Zinc Gluconate, Calendula Officinalis Flower Extract, Madecassoside, Panthenol, Copper Gluconate",Hema Multi Purpose Cream,https://inkeedecoder.com/products/hema-multi-purpose-cream-2
acne,"Salicylic Acid (1%), Zinc Gluconate, Magnesium Aspartate, Copper Gluconate, Alpha Bisabolol Natural (Natural), Allantoin, Aloe Vera, Hydroxyethyl Acrylate/​Sodium Acryloyldimethyl Taurate Copolymer, Propylene Glycol, Dccb-3031 Fluid, Fragrance",Glowderma Sebonac Gel,https://inkeedecoder.com/products/glowderma-sebonac-gel
acne,"Zinc Oxide, Zinc Gluconate, Zinc Lactate, Water, Houttuynia Cordata Extract, Butylene Glycol, Glycerin, C13-16 Isoparaffin, Betaine, C12-14 Isoparaffin, Pentylene Glycol, 1,2-Hexanediol, Hydrogenated Polydecene, Vinyl Dimethicone, Caprylyl Methicone, Hydroxyethyl Acrylate/​Sodium Acryloyldimethyl Taurate Copolymer, Panthenol, Acrylates/​C10-30 Alkyl Acrylate Crosspolymer, Dimethicone/​Vinyl Dimethicone Crosspolymer, Dimethiconol, Tromethamine, Dipotassium Glycyrrhizate, Xanthan Gum, Ethylhexylglycerin, Glyceryl Acrylate/​Acrylic Acid Copolymer, Disodium EDTA, Melia Azadirachta Flower Extract, Melia Azadirachta Leaf Extract, Silica, Madecassoside, Curcuma Longa (Turmeric) Root Extract, Dextrin, Ocimum Sanctum Leaf Extract, Theobroma Cacao (Cocoa) Seed Extract, Ocimum Basilicum (Basil) Oil, Corallina Officinalis Extract, Asiaticoside, Citrus Aurantium Dulcis (Orange) Peel Oil, Lavandula Angustifolia (Lavender) Oil, Centella Asiatica Leaf Extract, Tocopherol",Goodal Heartleaf Calming Mineral Filter Sun Cream,https://inkeedecoder.com/products/goodal-heartleaf-calming-mineral-filter-sun-cream-2
acne,"Aqua/​Water, Zinc Gluconate, Hydroxypropyl Starch Phosphate, Quaternium-87, Stearyl Alcohol, Amodimethicone, Behentrimonium Chloride, Propylene Glycol, Phenoxyethanol, Caprylyl Glycol, Candelilla Cera/​Candelilla Wax, Polysorbate 20, Isopropyl Alcohol, Trideceth-6, 2-Oleamido-1,3-Octadecanediol, Oryza Sativa Bran Oil /​ Rice Bran Oil, Ethylhexyl Methoxycinnamate, Glycine Soja Oil /​ Soybean Oil, Tocopherol, Limonene, Chlorhexidine Digluconate, Linalool, Cetrimonium Chloride, Hexyl Cinnamal, Citronellol, Butylene Glycol, Benzyl Alcohol, Sodium Citrate, Geraniol, BHT, Litchi Chinensis Pericarp Extract, Citrus Junos Fruit Extract, Parfum/​Fragrance",Kerastase Fondant Chromatique Conditioner,https://inkeedecoder.com/products/kerastase-fondant-chromatique-conditioner
acne,"Magnesium Aspartate, Zinc Gluconate, Copper Gluconate, Sodium Hyaluronate, Panthenol, Saccharomyces Lysate, Methylsilanol Mannuronate, Glycoproteins, Aqua (Water), Propylene Glycol, Acrylates/​C10-30 Alkyl Acrylate Crosspolymer, Triethanolamine, DMDM Hydantoin, Iodopropynyl Butylcarbamate, Diazolidinyl Urea, Methylparaben, Propylparaben, Citric Acid, Polysorbate 20, Parfum (Fragance), Ci 15985, Ci 14700, Ci 17200",Levinia Serum Recuperador,https://inkeedecoder.com/products/levinia-serum-recuperador
acne,"Sage Extract, Zinc Gluconate, Aloe Barbadensis Leaf Extract, Tea Tree Oil, Niacinamide, Vitamin E, Panthenol, Glycerin, Salicylic Acid, Allantoin",Leylak Cleansing Gel,https://inkeedecoder.com/products/leylak-cleansing-gel
acne,"Deionized Water, Zinc Gluconate, Taurine, Methylparaben, Propylparaben",Maxiguard Oral Cleansing Wipes,https://inkeedecoder.com/products/maxiguard-oral-cleansing-wipes
acne,"Aqua, Zinc Gluconate, Zinc Pca, Zinc Lactate, Nitrogen",Novexpert Trio-Zinc Mist,https://inkeedecoder.com/products/novexpert-trio-zinc-mist
acne,"Niacinamide, Zinc Gluconate, Salicylic Acid, Phytic Acid, Melaleuca Alternifolia Leaf Oil, Thymus Vulgaris Extract, Glycyrrhiza Glabra Leaf Extract, Glycerin, Butylene Glycol, Melia Azadirachta Leaf Extract, Arctium Lappa Root Extract, Lecithin, Oleanolic Acid, Nordihydroguaiaretic Acid, Carbomer, Caprylyl Glycol, PEG-60 Almond Glycerides, Pseudoalteromonas Ferment Extract, Ricinus Communis Seed Oil, Simmondsia Chinensis Seed Oil, Acetyl Glucosamine, Portulaca Oleracea Extract, Phenoxyethanol, Alpha-Arbutin, Citrus Sunki Seed Oil, Hydrolyzed Wheat Bran, Extract, SH-Octapeptide-3, Allantoin, Cucumis Melo Juice, Erythritol, Aloe Arborescens Leaf Extract, Aqua",See lit Advance Serum Niacinamide,https://inkeedecoder.com/products/see-lit-advance-serum-niacinamide
acne,"Water (Aqua), Zinc Gluconate, Magnesium Aspartate, Echinacea Angustifolia (Organic Cone Flower) Extract, Copper Gluconate, Chamomilla Recutita Flower (Organic Chamomile) Essential Oil, Althaea Officinalis Root (Marsh Mallow) Extract, Alcohol (Organic), Trimethylsiloxyamodimethicone, Polysorbate 20, PEG-40 Castor Oil, Citrus Grandis (Pomelo Grapefruit) Seed Oil, C11-15 Pareth-7, C12-16 Pareth-9, Phenoxyethanol, Glycerin, Panthenol (Pro-Vitamin B5), Rosmarinus Officinalis (Rosemary) Leaf Extract, Lycium Barbarum (Goji) Fruit Extract, Camellia Sinensis (White Tea) Leaf Extract, Helianthus Annuus (Sunflower) Flower Extract, Ethylhexylglycerin, Camellia Sinensis (Green Tea) Leaf Extract, Prunus Amygdalus Dulcis (Sweet Almond) Seedcake Extract, Citric Acid",Seven Rinzu UV Spray,https://inkeedecoder.com/products/seven-rinzu-uv-spray
acne,"Aqua (Water), Magnesium Aspartate, Zinc Gluconate, Copper Gluconate, Calcium Gluconate, Allantoin, Pentylene Glycol, Sodium Hyaluronate, Hydrolyzed Collagen, Glycerin, Panthenol, Magnolia Officinalis Bark Extract, Xanthan Gum",1STLY Skincare Electrolyte Energetic Serum,https://inkeedecoder.com/products/1stly-skincare-electrolyte-energetic-serum
acne,"Water, Magnesium Aspartate, Zinc Gluconate, Copper Gluconate, Carthamus Tinctorius (Safflower) Seed Oil, Caprylic/​Capric Triglycerides, Glycerin, Tetrapeptide-17, Butylene Glycol, Sodium Hyaluronate, Xylitol, Copper Tripeptide-1, Inositol, Panthenol, Dimethicone, Allantoin, Tocopheryl Acetate, Pentylene Glycol, 1, 3-Propanediol, Caprylyl Glycol, Ethylhexylglycerin",Clear Skin Collective Peptide Restore Calming Cream,https://inkeedecoder.com/products/clear-skin-collective-peptide-restore-calming-cream
acne,"Water, Sodium Chloride, Zinc Gluconate, Mannitol, Xylitol, Propylene Glycol, Tetrasodium EDTA, Lactic Acid, Propanediol, Aqua, Alcohol, Iris Florentina Root Extract, Zinc Sulfate, Retinyl Palmitate, Cetrimonium Bromide, Polyaminopropyl Biguanide, Ethylhexylglycerin, Ci 42051, PEG-6 Caprylic/​Capric Glycerides, Parfum",Eximia Aqua Mat Micelar,https://inkeedecoder.com/products/eximia-aqua-mat-micelar
acne,"Aqua/​Water, Hydroxypropyl Starch Phosphate, Zinc Gluconate, Quaternium-87, Stearyl Alcohol, Behentrimonium Chloride, Amodimethicone, Propylene Glycol, Caprylyl Glycol, Phenoxyethanol, Candelilla Cera/​Candelilla Wax, Isopropyl Alcohol, Trideceth-6, Sodium Citrate, Oryza Sativa Bran Oil /​ Rice Bran Oil, Ethylhexyl Methoxycinnamate, Glycine Soja Oil /​ Soybean Oil, Tocopherol, Limonene, Linalool, Cetrimonium Chloride, Hexyl Cinnamal, Citronellol, Butylene Glycol, Benzyl Alcohol, 2-Oleamido-1,3-Octadecanediol, Geraniol, Ci 17200/​Red 33, BHT, Litchi Chinensis Pericarp Extract, Citrus Junos Fruit Extract, Parfum/​Fragrance",Kerastase Reflection Masque Chromatique Fine Hair,https://inkeedecoder.com/products/kerastase-reflection-masque-chromatique-fine-hair
acne,"Water, Magnesium Aspartate, Zinc Gluconate, Copper Gluconate, Carthamus Tinctorius (Safflower) Seed Oil, Caprylic/​Capric Triglycerides, Glycerin, Tetrapeptide-17, Butylene Glycol, Sodium Hyaluronate, Xylitol, Copper Tripeptide-1, Inositol, Panthenol, Dimethicone, Allantoin, Tocopheryl Acetate (Vitamin E), Pentylene Glycol, Propanediol, Caprylyl Glycol, Ethylhexylglycerin, Citrus Junos Extract",Lilac + Flint Nourish Replenishing Daily Moisturizer,https://inkeedecoder.com/products/lilac-flint-nourish-replenishing-daily-moisturizer
acne,"Aqua, Salicylic Acid, Zinc Gluconate, Camellia Sinensis Leaf Extract, Saccharomyces Ferment Filtrate, Panthenol, Glycerin, Allantoin, Xanthan Gum, Ammonium Acryloyldimethyltaurate/​Carboxyethyl Acrylate Crosspolymer, Parfum, Phenoxyethanol, Ethylhexylglycerin, Polysorbate 20, PEG-40 Hydrogenated Castor Oil, Linalool, Butylene Glycol, 1,2-Hexanediol",Modum SOS-gel,https://inkeedecoder.com/products/modum-sos-gel
acne,"Aqua (Water), Niacinamide, Zinc Gluconate, Hydroxyacetophenone, 1,2-Hexanediol, Caprylyl Glycol, Sodium Benzoate, Sodium Citrate, Xanthan Gum, Ceratonia Siliqua (Carob) Gum, Citric Acid, Glucose",SEPHORA COLLECTION Anti-imperfections Tonic - Purifying,https://inkeedecoder.com/products/sephora-collection-anti-imperfections-tonic-purifying
acne,"Aqua (Water), Niacinamide, Zinc Gluconate, Hydroxyacetophenone, 1,2-Hexanediol, Caprylyl Glycol, Sodium Benzoate, Sodium Citrate, Ceratonia Siliqua (Carob) Gum, Xanthan Gum, Citric Acid",SEPHORA COLLECTION Clarifying Toner With Niacinamide And Zinc,https://inkeedecoder.com/products/sephora-collection-clarifying-toner-with-niacinamide-and-zinc
acne,"Aqua (Water), Diglycerin, Zinc Gluconate, 1,2-Hexanediol, Calcium Pca, Magnesium Pca, Manganese Pca, Sodium PCA, Glucomannan, Sodium Levulinate, Potassium Sorbate, Citric Acid, Sodium Hydroxide",Typology Sensitive Skin Serum 5 Mineral Complex,https://inkeedecoder.com/products/typology-sensitive-skin-serum-5-mineral-complex
acne,"Aqua, Copper Gluconate, Zinc Gluconate, Magnesium Aspartate, Lysine, Histidine, Arginine, Aspartic Acid, Threonine, Serine, Glutamic Acid, Proline, Glycine, Alanine, Valine, Methionine, Isoleucine, Leucine, Tyrosine, Phenylalanine, Cysteine, Camellia Sinensis (Green Tea) Leaf Extract (Certified Organic), Pueraria Lobata (Kudzu) Root Extract, Bis(Tripeptide-1) Copper Acetate, Ceramide NP, Ceramide AP, Ceramide EOP, Phytosphingosine, Cholesterol, Sodium Lauroyl Lactylate, Mannitol, Ammonium Glycyrrhizate, Caffeine, Aesculus Hippocastanum (Horse Chestnut) Seed Extract, Polyacrylate Crosspolymer-6, Benzyl Alcohol, Phenoxyethanol",hair and skin science Hair Regrow Serum,https://inkeedecoder.com/products/hair-and-skin-science-hair-regrow-serum
acne,"Aqua, Glycerin, Magnesium Aspartate, Zinc Gluconate, Copper Gluconate, Sodium Hyaluronate, Ubiquinone, Lecithin, Silk Amino Acids, Sorbitol, D-Panthenol, Glucose, Trilaureth-4 Phosphate, Benzyl Alcohol, Magnesium Pca, Pyridoxine, Algae Extract, Ginseng Root Extract, Carbomer, Perfluorodecalin, Simmondsia Chinensis Seed Oil, Sucrose Palmitate, Ceramide NP, Xanthan Gum, Triethanolamine, Phenoxyethanol, Caprylyl Glycol, Parfum",APIS Oxy O2 Terapis Oxygenating Gel Mask,https://inkeedecoder.com/products/apis-oxy-o2-terapis-oxygenating-gel-mask
acne,"Aqua, Propylene Glycol, Niacinamide, Zinc Gluconate, Monolaurin, Behenyl Olivate, Sodium Lactate, Sodium Gluconate, Glyceryl Stearate, PEG-100 Stearate, Polyglyceryl-10 Pentastearate, Behenyl Alcohol, Sodium Stearoyl Lactylate, Propanediol, Glucono Delta Lactone, Krameria Triandra (Rhatany) Dry Extract, Polyamide-5, Triethanolamine, Picea Abies Extract, Xanthan Gum, Sodium Benzoate, Alcohol, Calcium Gluconate, Tetrasodium Ethylenediaminetetraacetic Acid",Acneed Acne Control Lotion,https://inkeedecoder.com/products/acneed-acne-control-lotion
acne,"Aqua (Water), Kaolin, Pentylene Glycol, Zinc Gluconate, Charcoal Powder, Distarch Phosphate, Euterpe Oleracea Fruit Extract, Tocopherol, Coco-Caprylate, Glycerin, Caprylic/​Capric Triglyceride, Cetearyl Glucoside, Acacia Senegal Gum, Xanthan Gum, Gellan Gum, Chondrus Crispus (Carrageenan), Cetearyl Alcohol, Benzyl Alcohol, Sodium Polyphosphate",BIO VÉGANE Bio Acai Refine Clay Mask,https://inkeedecoder.com/products/bio-vegane-bio-acai-refine-clay-mask
acne,"Water, PEG-6 Caprylic/​Capric Glycerides, Sodium Citrate, Zinc Gluconate, Copper Sulfate, Ginkgo Biloba Leaf Extract, Mannitol, Xylitol, Rhamnose, Fructooligosaccharides, Propylene Glycol, Citric Acid, Disodium EDTA, Cetrimonium Bromide, Fragrance",Bioderma Sebium Micellar Water,https://inkeedecoder.com/products/bioderma-sebium-micellar-water
acne,"Water, Magnesium, Aspartame, Zinc Gluconate, Copper Gluconate, Alcohol Denat, Glycolic Acid, Dimethyl MEA, Ellagic Acid, Tetrahexyldecyl Ascorbate, Tocotrienols, Tocopherol, Pyridoxine Hcl, Phenoxyethanol, Caprylyl Glycol, Sorbic Acid, Fragrance",Derma-ceutix Hydrating Vitamin Mist,https://inkeedecoder.com/products/derma-ceutix-hydrating-vitamin-mist
acne,"Avène Thermal Spring Water, Dipropylene Glycol, Sd Alcohol 39-C, Zinc Gluconate, Fragrance, Glyceryl Laurate, PEG-40 Hydrogenated Castor Oil, PPG-26-Buteth-26, Salicylic Acid, Silica, Stearalkonium Hectorite, Triethanolamine, Water",Eau Thermale Avène Cleanance MAT Mattifying Toner,https://inkeedecoder.com/products/eau-thermale-avene-cleanance-mat-mattifying-toner
acne,"Aqua, Glyserin, Biosaccharide Gum-1, Zinc Gluconate, Butylene Glycol, Phenoxyethanol, Salicylic Acid, Amylopectin, Dextrin, Xanthan Gum, Chlorphenesin, Allantoin, Disodium EDTA, Aminomethyl Propanol, Trideceth-9, Hamamelis Virginiana Witch Hazel Extract, PEG-40 Hydrogenated Castor Oil, Fragrance, Polysorbate 20, Epilobium Angustifolium Extract, Sodium Metabisulfite",Emina Ms. Pimple Exfoliating Toner,https://inkeedecoder.com/products/emina-ms-pimple-exfoliating-toner
acne,"Aqua, Glycerin, PEG-40 Hydrogenated Castor Oil, Zinc Gluconate, Allantoin, Methyl Gluceth-20, Panthenol, Propylene Glycol, Salicylic Acid, Xanthan Gum, Hamamelis Virginiana Extract, Methylparaben, Sodium Hydroxide, Ethanol, Disodium EDTA, Butylene Glycol, Fragrance (Parfum) Components, Finished Fragrances, Aloe Barbadensis Leaf Extract, Matricaria (Chamomilla Recutita) Extract",Erha Acne Act Acne Blemish Toner Witch Hazel & Chamomile,https://inkeedecoder.com/products/erha-acne-act-acne-blemish-toner-witch-hazel-chamomile
acne,"Aqua, Glycerin, PEG-40 Hydrogenated Castor Oil, Zinc Gluconate, Allantoin, Methyl Gluceth-20, Panthenol, Propylene Glycol, Salicylic Acid, Xanthan Gum, Hamamelis Virginiana Extract, Methylparaben, Sodium Hydroxide, Disodium EDTA, Butylene Glycol, Ethanol, Fragrance, Aloe Barbadensis Leaf Extract, Matricaria (Chamomilla Recutita) Extract",Erha Acne Act Witch Hazel And Chamomile Acne Blemish Toner,https://inkeedecoder.com/products/erha-acne-act-witch-hazel-and-chamomile-acne-blemish-toner
acne,"Allantoin, Hydrolyzed Silk Protein, Piroctone Olamine, Zinc Gluconate, Niacinamide, Salicylic Acid (BHA), Menthol",Erhair Scalperfect Allantoin & Silk Protein Scalp Soothing Serum,https://inkeedecoder.com/products/erhair-scalperfect-allantoin-silk-protein-scalp-soothing-serum
acne,"Aqua, Bentonite Clay, Copper Gluconate, Zinc Gluconate, Magnesium Aspartate, PEG-12, Glycerin, Titanium Dioxide, Kaolin Clay, Emulsifying Wax NF, Sodium Citrate, PEG-7 Glyceryl Cocoate, Salicylic Acid, Polyquaternium-67, Glyceryl Stearate, Cocamidopropyl Dimethylamine, Zea Mays Starch, Hydrolyzed Corn Starch Octenylsuccinate, Xanthan Gum, Hydroxypropyl Methylcellulose, Tetrasodium Glutamate Diacetate, Lavandula Officinalis (Lavender) Oil, Retinyl Palmitate, Phenoxyethanol, Ethylhexylglycerin",Fundamentals Skincare Rejuvinating Masque,https://inkeedecoder.com/products/fundamentals-skincare-rejuvinating-masque
acne,"Filtered Water, Silicon, Zinc Gluconate, Copper Gluconate, Magnesium Citrate",Ion Skin Support,https://inkeedecoder.com/products/ion-skin-support
acne,"Aqua, Vitamin B3 (Niacinamide), Propylene Glycol, Zinc Gluconate, Disodium EDTA, Glycerin, Xanthan Gum, Phenoxyethanol, Ethylhexylglycerin",Keve Niacinamide 10% Serum,https://inkeedecoder.com/products/keve-niacinamide-10-serum
acne,"Water, Niacinamide, Propanediol, Zinc Gluconate, Glycerin, Glyceryl Caprylate, Polyglyceryl-4 Caprate, Glyceryl Undecylenate, Pentylene Glycol, Xanthan Gum, Benzyl Alcohol",LaSaponaria Niacinamide + Zinco,https://inkeedecoder.com/products/lasaponaria-niacinamide-zinco
acne,"Aqua (Water), Butylene Glycol, Betaine, Zinc Gluconate, Glycerin, Polyglycerin-6, Azelaic Acid, Sodium Hyaluronate, Rhodiola Rosea (Roseroot) Root Extract, Spiraea Ulmaria (Meadowsweet) Extract, Phenoxyethanol, Polyglyceryl-10 Laurate, Propanediol, Chondrus Crispus (Carrageenan), Xanthan Gum, Ethylhexylglycerin, Sodium Hydroxide, Parfum (Fragrance)",Lumene Tyyni Kuorintaneste,https://inkeedecoder.com/products/lumene-tyyni-kuorintaneste
acne,"Aqua, Glycerin, Glycolic Acid, Zinc Gluconate, Sodium Hydroxide, Salicylic Acid, Gluconolactone, Lactic Acid, Xanthan Gum, Maltol, Polyquaternium-80","MATH scientific Active Serum ""Anti-acne SOS""",https://inkeedecoder.com/products/math-scientific-active-serum-anti-acne-sos
acne,"Aqua, Glycerin, Glycolic Acid, Zinc Gluconate, Salicylic Acid, Sodium Hydroxide, Disodium Cocoamphodiacetate, Gluconolactone, Xanthan Gum, Maltol, Sodium Chloride, Polyquaternium-80",MATH scientific Deep Cleansing Gel Wash To Fight Acne And Blemishes,https://inkeedecoder.com/products/math-scientific-deep-cleansing-gel-wash-to-fight-acne-and-blemishes
acne,"Aqua, Niacinamide, Butylene Glycol, Zinc Gluconate, Ethoxydiglycol, Phenoxyethanol, Caprylyl Glycol, Hydroxyethylcellulose, Citric Acid, Sodium Hydroxide",ME+ Niacinamide & Zinc Booster,https://inkeedecoder.com/products/me-niacinamide-zinc-booster
acne,"Aqua, Niacinamide, Propanediol, Zinc Gluconate, Lonicera Japonica Flower Extract, Magnesium Aspartate, Copper Gluconate, Lonicera Caprifolium Flower Extract, Lactic Acid, Xanthan Gum",Macrolibrarsi Attivi Puri Niacinamide + Zinco,https://inkeedecoder.com/products/macrolibrarsi-attivi-puri-niacinamide-zinco
acne,"Panax Ginseng, Arginine, Calcium Pantothenate, Zinc Gluconate, Niacinamide, Biotin, Aesculus Hippocastanum Seed Extract, Rosmarinus Officinalis Extract, Urtica Dioica Extract, Apigenin, Biotinoyl Tripeptide-1, Panthenol",Medihealth Edapil Shampoo,https://inkeedecoder.com/products/medihealth-edapil-shampoo
acne,"Polybutene, Silica Dimethyl Silylate, Magnesium Aspartate, Zinc Gluconate, Copper Gluconate, Musa Paradisiaca (Banana) Fruit Juice, Aloe Barbadensis Leaf Extract, Cocos Nucifera Seed Oil (Sunflower), Tocopherol, Glycerin, Sodium Saccharin, Aqua/​Water/​Eau, Lactic Acid, Potassium Sorbate, Sodium Benzoate, Phenoxyethanol, Flavor (Aroma), Rose Ketone-4, Vanillin, Titanium Dioxide (Ci 77891), Red 6 (Ci 15850), Red 7 (Ci 15850)",Milk Makeup Balmade Electrolyte Lip Balm,https://inkeedecoder.com/products/milk-makeup-balmade-electrolyte-lip-balm
acne,"Polybutene, Silica Dimethyl Silylate, Magnesium Aspartate, Zinc Gluconate, Copper Gluconate, Musa Paradisiaca (Banana) Fruit Juice, Aloe Barbadensis Leaf Extract, Cocos Nucifera (Coconut) Fruit Extract, Helianthus Annuus (Sunflower) Seed Oil, Tocopherol, Glycerin, Sodium Saccharin, Aqua/​Water/​Eau, Lactic Acid, Potassium Sorbate, Sodium Benzoate, Phenoxyethanol, Flavor (Aroma), Titanium Dioxide (Ci 77891), Red 28 Lake (Ci 45410), Yellow 5 Lake (Ci 19140)",Milk Makeup Balmade Hydrating Tinted Lip Balm With Electrolytes,https://inkeedecoder.com/products/milk-makeup-balmade-hydrating-tinted-lip-balm-with-electrolytes
acne,"Aqua (Water), Butylene Glycol, Alcohol Denat, Zinc Gluconate, Magnesium Aspartate, Copper Gluconate, Calcium Gluconate, Hydrolyzed Soy Protein, Glycerin, Sodium Chloride, PPG-26-Buteth-26, Sodium Benzoate, PEG-40 Hydrogenated Castor Oil, Sodium Dehydroacetate, Phenoxyethanol, Sorbic Acid, Parfum",Oxynergy Power Infuse Toning Mist,https://inkeedecoder.com/products/oxynergy-power-infuse-toning-mist
acne,"Aqua, Pentylene Glycol, Glycerin, Zinc Gluconate, Niacinamide, Salicylic Acid, Maris Sal (Dead Sea Salt), Glycyrrhiza Glabra (Licorice) Root Extract, Menthol, Menthyl Lactate, Xanthan Gum, Propylene Glycol, Magnesium Aluminum Silicate, Sodium Hyaluronate, Phenoxyethanol",Salthouse Natural Minerals Anti Pickel Akut Ice Gel,https://inkeedecoder.com/products/salthouse-natural-minerals-anti-pickel-akut-ice-gel
acne,"Water (Aqua), Hamamelis Virginiana (Witch Hazel) Water, PEG-12 Dimethicone, Zinc Gluconate, Copper Gluconate, Magnesium Aspartate, Linoleamidopropyl Pg-Dimonium Chloride Phosphate Dimethicone, Sodium Lactate, Glycereth-5 Lactate, Glycerin, Salix Nigra (Willow) Bark Extract, Rubus Idaeus (Raspberry) Leaf Extract, Epilobium Fleischeri Extract, Ribes Nigrum (Black Currant) Leaf Extract, Ethylhexylglycerin, Fragrance (Parfum), Phenoxyethanol, Potassium Sorbate, Sorbic Acid, Citric Acid",Skindinavia The Post-Makeup Recovery Spray,https://inkeedecoder.com/products/skindinavia-the-post-makeup-recovery-spray
acne,"Aqua (Water), Propanediol, Niacinamide, Zinc Gluconate, Panthenol, Glycerin, Sodium Chloride, Caesalpinia Spinosa Gum, Sodium Benzoate, Albatrellus Confluens (Mushroom) Extract, Citric Acid, Rhodomyrtus Tomentosa Fruit Extract, Sodium Hyaluronate, Bioflavonoids",Violette_FR Sérum Superlatif Blemish Rescue (breakout Calming Serum),https://inkeedecoder.com/products/violette-fr-serum-superlatif-blemish-rescue-breakout-calming-serum
acne,"Aqua, Propylene Glycol, Glycerin, Zinc Gluconate, Phenoxyethanol, Butylene Glycol, PEG-40 Hydrogenated Castor Oil, Trideceth-9, Aloe Vera (Leaf) Extract, Disodium EDTA, Ethylhexylglycerin, Fragrance, Menthyl Lactate, PPG-26-Buteth-26, Polysorbate 20, Hamamelis Virginiana (Witch Hazel) Extract, Potassium Sorbate, Sodium Benzoate",Wardah Acnederm Pore Refining Toner,https://inkeedecoder.com/products/wardah-acnederm-pore-refining-toner-2
acne,"Aqua (Water), Niacinamide, Cellulose Gum, Zinc Gluconate, Aloe Barbadensis Leaf Juice, Sodium Hyaluronate, Phenethyl Alcohol, Caprylyl Glycol",bioearth Zinc + Niacinamide 11%,https://inkeedecoder.com/products/bioearth-zinc-niacinamide-11
acne,"Aqua, Glycolic Acid (10%), Lactic Acid (5%), Zinc Gluconate, Glycerine, Propylene Glycol, Hyaluronic Acid, Xanthan Gum, Potassium Sorbate, EDTA, Sodium Benzoate, Phenoxyethanol",tersus Glycolic Acid 10% + Lactic Acid 5% Serum,https://inkeedecoder.com/products/tersus-glycolic-acid-10-lactic-acid-5-serum
acne,"Aqua, Sodium Hyaluronate, Glycerin, Magnesium Aspartate, Zinc Gluconate, Copper Gluconate, Propylene Glycol, Aloe Extract, Phenoxyethanol, Caprylyl Glycol, PEG-40 Hydrogenated Castor Oil, Parfum, Ci 77891, Titanium Dioxide, Mica, Tin Oxide",APIS Hyaluronic Water Oxygenating Mist,https://inkeedecoder.com/products/apis-hyaluronic-water-oxygenating-mist
acne,zinc-gluconate,Next page >>,https://inkeedecoder.com/ingredients/zinc-gluconate?uoffset=1
acne,"Organic Aloe Barbadensis Leaf Extract (Aloe), Niacinamide 10.0%, Propanediol, Glycerin, 1,2-Hexanediol, Zinc Pca 1.0%, Sodium Hyaluronate, Allantoin, Dipotassium Glycyrrhizate, Organic Hamamelis Virginiana (Witch Hazel) Leaf Extract, Organic Rosmarinus Officinalis (Rosemary) Extract, Organic Eucalyptus Globulus (Eucalyptus) Leaf Extract, Organic Thymus Vulgaris (Thyme) Extract, Organic Aspalathus Linearis (Rooibos) Extract","1.0% | Niacinamide 10 Serum
        

            Cos De BAHA",https://inkeedecoder.com/products/cos-de-baha-niacinamide-10-serum
acne,"Aqua (Water), Niacinamide 10.0%, Pentylene Glycol, Zinc Pca 1.0%, Dimethyl Isosorbide, Tamarindus Indica Seed Gum, Xanthan Gum, Isoceteth-20, Ethoxydiglycol, Phenoxyethanol, Chlorphenesin","1.0% | Niacinamide 10% + Zinc 1%
        

            The Ordinary",https://inkeedecoder.com/products/the-ordinary-niacinamide-10-zinc-1-serum1
