problem,ingredient,product name,product link
comedo,"Tomato Extract, Ginseng Extract, Charcoal Extract, Aloe Vera Extract, Glycyrrhiza Glabra Root Extract, Hamamelis Virginiana Extract, Dimethicone, Biosaccharide Gum-1, Scutellaria Baicalensis Root Extract, Paeonia Suffruticosa Root Extract, Saxifraga Sarmentosa Extract, Acetyl Tyrosine, Arbutin, Glutathione, Aminopropyl Ascorbyl Phosphate, Acrylate/​C10-30 Alkyl Acrylate Crosspolymer, Disodium, Ethylenediaminetetraacetic Acid, Triethanolamine, Glycerin, Propylene Glycol, Betaine, Sodium Hyaluronate, Niacinamide, Allantoin, DMDM Hydantoin, Methylisothiazolinone, Methylchloroisothiazolinone, Xylitylglucoside, Anhydroxylitol, Xylitol, Methylpropanediol, PPG-26-Buteth-26, PEG-40 Hydrogenated Castor Oil, Perfume",The Face Shop Real Nature Aloe Vera Sheet Mask,https://inkeedecoder.com/products/the-face-shop-real-nature-aloe-vera-sheet-mask
comedo,"Water, Moringa Extract, Mint Extract, Charcoal Extract, Aqua, Chondrus Crispus Extract, Aloe Vera Extract, Glycyrrhiza Glabra Root Extract, Hamamelis Virginiana Extract, Acrylate/​C10-30 Alkyl Acrylate Crosspolymer, Disodium Ethylenediaminetetraacetic Acid, Triethanolamine, Glycerin, Propylene Glycol, Betaine, Sodium Hyaluronate, Niacinamide, Allantoin, DMDM Hydantoin, Methylisothiazolinone, Methylchloroisothiazolinone, Xylitylglucoside, Anhydroxylitol, Xylitol, Methylpropanediol, Dimethicone, Biosaccharide Gum-1, PPG-26-Buteth-26, PEG-40 Hydrogenated Castor Oil, Perfume",masking Charcoal Facial Sheet Mask,https://inkeedecoder.com/products/masking-charcoal-facial-sheet-mask
comedo,"Aqua (Purified Water), Glycerin (Plant Origin), Dipropylene Glycol, Butylene Glycol, Charcoal Extract, Phenoxyethanol, Ethylhexylglycerin, PEG-60 Hydrogenated Castor Oil, Panthenol (Pro-Vitamin B5), Niacinamide (Vitamin B3), Sodium Hyaluronate, Adenosine, Hydrolyzed Extensin, 1,2-Hexanediol, Bambusa Vulgaris Extract, Caprylyl Glycol, Oryza Sativa (Rice) Extract, Aloe Barbadensis (Aloe Vera) Leaf Extract, Camellia Sinensis (Green Tea) Leaf Extract, Rosmarinus Officinalis (Rosemary) Extract, Charcoal Powder, Tocopheryl (Vitamin E) Acetate, Disodium EDTA, Arginine, Carbomer, Hydroxyethylcellulose (Thickening Agent), Benzyl Glycol, Raspberry Ketone, Parfum (Fragrance)",7th Heaven Charcoal Tonic Mask,https://inkeedecoder.com/products/7th-heaven-charcoal-tonic-mask
comedo,"Water, Glycerin, Dipropylene Glycol, PEG/​PPG-17/​6 Copolymer, Niacinamide, Charcoal Extract (0.97%), PEG-60 Hydrogenated Castor Oil, Trehalose, Erythritol, Cellulose Gum, Betaine, Portulaca Oleracea Extract, Butylene Glycol, Caprylyl Glycol, Carbomer, Panthenol, Tromethamine, Vitis Vinifera (Grape) Fruit Extract, Allantoin, Diospyros Kaki Leaf Extract, Polygonum Cuspidatum Root Extract, Coffea Arabica (Coffee) Seed Extract, Carthamus Tinctorius (Safflower) Flower Extract, Caprylhydroxamic Acid, Xanthan Gum, Zanthoxylum Schinifolium Leaf Extract, Castanea Crenata (Chestnut) Shell Extract, Disodium EDTA, Camellia Sinensis Leaf Extract, 1,2-Hexanediol, Sodium Hyaluronate, Ethylhexylglycerin, Phenoxyethanol, Fragrance",Mirabelle Charcoal Sheet Mask,https://inkeedecoder.com/products/mirabelle-charcoal-sheet-mask
comedo,"Aqua (Water), Glycerin, Butylene Glycol, Propylene Glycol, Diospyros Kaki Leaf Extract, Charcoal Extract, Chamomilla Recutita (Matricaria) Extract, Castanea Crenata (Chestnut) Shell Extract, Centella Asiatica Extract, Portulaca Oleracea Extract, Illicium Verum (Anise) Fruit Extract, Carthamus Tinctorius (Safflower) Flower Extract, Coffea Arabica (Coffee) Seed Extract, Vitis Vinifera (Grape) Fruit Extract, Polygonum Cuspidatum Root Extract, Chamaecyparis Obtusa Water, Dipotassium Glycyrrhizate, Betaine, Sodium Hyaluronate, Isopentyldiol, Arginine, Xanthan Gum, Carbomer, Polysorbate 80, Propanediol, Allantoin, Disodium EDTA, Ethylhexylglycerin, 1,2-Hexanediol, Chlorphenesin, Phenoxyethanol, Parfum",Stay Well Classic Mask Purifying Charcoal,https://inkeedecoder.com/products/stay-well-classic-mask-purifying-charcoal
comedo,"Water (Aqua, Eau), Sodium C14-16 Olefin Sulfonate, Cocamidopropyl Hydroxysultaine, Cocamide MIPA, Cocamidopropyl Betaine, Panthenol (Vitamin B5), Charcoal Extract, Camellia Sinensis (Green Tea) Leaf Extract, Kaolin, Glycol Distearate, Sodium Stearoyl Lactylate, Glycerin, Hydroxypropyl Methylcellulose, Sodium Hydroxypropylphosphate Decylglucoside Crosspolymer, Polysorbate 20, PEG-150 Distearate, Phenoxyethanol, Disodium EDTA, Citric Acid, Sodium Chloride, Fragrance (Parfum), Green 5 (Ci 61579), Yellow 6 (Ci 15985)",b.fresh Get It Squeaky Clean Deep Cleansing Shampoo,https://inkeedecoder.com/products/b-fresh-get-it-squeaky-clean-deep-cleansing-shampoo
comedo,"Water, Butylene Glycol, Glycerin, Alcohol, Betaine, Allantoin, Lilium Tigrinum Extract, Charcoal Extract, Carbomer, Xanthan Gum, Tromethamine, PEG-60 Hydrogenated Castor Oil, Sodium Hyaluronate, Phenoxyethanol, Disodium EDTA, Hippophae Rhamnoides Extract, Rosmarinus Officinalis (Rosemary) Extract, Methylparaben, Fragrance",Dearboo Lily & Charcoal Everyday Mask,https://inkeedecoder.com/products/dearboo-lily-charcoal-everyday-mask
comedo,"Water, Alcohol Denat, Glycerin, Propanediol, Carbomer, Quaternium-60, Propylene Glycol, Charcoal Extract, Mentha Viridis (Spearmint) Extract, Mentha Rotundifolia Leaf Extract, Mentha Piperita (Peppermint) Extract, Pinus Palustris Leaf Extract, Ulmus Davidiana Root Extract, Oenothera Biennis (Evening Primrose) Flower Extract, Pueraria Lobata Root Extract, Lavandula Angustifolia (Lavender) Extract, Rosmarinus Officinalis (Rosemary) Extract, Origanum Vulgare Flower/​Leaf/​Stem Extract, Thymus Vulgaris (Thyme) Extract, Ruscus Aculeatus Root Extract, Menthol, Camphor, Peat Water, Acacia Senegal Gum, Citric Acid, Potassium Sorbate, Hydroxypropyl Methylcellulose, Butylene Glycol, Tocopheryl Acetate, Magnesium Sulfate, Ethylhexylglycerin, Cetrimonium Chloride, PEG-60 Hydrogenated Castor Oil, 1,2-Hexanediol, Disodium EDTA, Phenoxyethanol, Parfum",The Saem Care Plus Body Peeling Spray,https://inkeedecoder.com/products/the-saem-care-plus-body-peeling-spray
comedo,"Aqua, Polyvinyl Alcohol, Alcohol Denat, Poloxamer 185, Xanthan Gum, Parfum/​Fragrance, Glycerin, BHT, Charcoal Extract, Vaccinium Vitis-Idaea Fruit Extract, Methylparaben, Ci 77891, Ci 77491, Ci 77492, Ci 77499, Linalool",Avon planet spa Korean Charcoal Cleanse & Refine Peel Off Face Mask,https://inkeedecoder.com/products/avon-planet-spa-korean-charcoal-cleanse-refine-peel-off-face-mask
comedo,"Aqua (Water), Glycerin, Butylene Glycol, Propylene Glycol, Oat Amino Acids, Vegetable Amino Acids, Diospyros Kaki Leaf Extract, Charcoal Extract, Chamomilla Recutita (Matricaria) Extract, Castanea Crenata (Chestnut) Shell Extract, Centella Asiatica Extract, Portulaca Oleracea Extract, Illicium Verum (Anise) Fruit Extract, Carthamus Tinctorius (Safflower) Flower Extract, Coffea Arabica (Coffee) Seed Extract, Vitis Vinifera (Grape) Fruit Extract, Polygonum Cuspidatum Root Extract, Chamaecyparis Obtusa Water, Dipotassium Glycyrrhizate, Betaine, Sodium Hyaluronate, Arginine, Xanthan Gum, Carbomer, Polysorbate 80, Propanediol, Allantoin, Disodium EDTA, Ethylhexylglycerin, 1,2-Hexanediol, Chlorphenesin, Phenoxyethanol, Parfum",Stay Well Classic Mask Firming Pearl & Collagen,https://inkeedecoder.com/products/stay-well-classic-mask-firming-pearl-collagen
comedo,"Water, Glycerin, Carbomer, Triethanolamine, Disodium EDTA, Hydroxyethylcellulose, Betaine, Sodium Hyaluronate, Polysorbate 20, Charcoal Extract (25Mg), Hordeum Vulgare Extract, Daucus Carota Sativa (Carrot) Root Extract, Brassica Oleracea Capitata (Cabbage) Leaf Extract, Vaccinium Angustifolium (Blueberry) Fruit Extract, Pueraria Lobata Root Extract, Ulmus Davidiana Root Extract, Oenothera Biennis (Evening Primrose) Flower Extract, Aloe Barbadensis Flower Extract, Solanum Melongena (Eggplant) Fruit Extract, Citrus Unshiu Peel Extract, Phenoxyethanol, Fragrance",eyeNlip Charcoal Moisture Essence Mask,https://inkeedecoder.com/products/eyenlip-charcoal-moisture-essence-mask
comedo,"Ethylhexyl Palmitate, Caprylic/​Capric Triglyceride, PEG-20 Glyceryl Triisostearate, Cetyl Ethylhexanoate, PEG-12 Diisostearate, Polyethylene, Phenoxyethanol, Aqua, Caprylyl Glycol, Glucosylrutin, Charcoal Extract, Lactic Acid, Mandelic Acid, Malic Acid, Lactobionic Acid, Glycolic Acid, Capryloyl Salicylic Acid, Salicylic Acid, Parfum, Tocopherol, Centella Asiatica Extract, Salix Alba (Willow) Bark Extract, Bixa Orellana Seed Extract, Sodium Hyaluronate",Dear Me Beauty Acne Care Meltaway Balm,https://inkeedecoder.com/products/dear-me-beauty-acne-care-meltaway-balm
comedo,"Tea Tree Leaf Water, Centella Asiatica Extract, Sodium Dna (30,000 Ppm), Glycerin, Butylene Glycol, 1,2-Hexanediol, Niacinamide, Sodium Hyaluronate, Castanea Crenata Shell Extract, Camu Camu Fruit Extract, Charcoal Extract, Green Tea Extract, Licorice Root Extract, Strawberry Extract, Acai Palm Fruit Extract, Cranberry Extract, Betaine, Allantoin, Acetyl Glucosamine, Artichoke Extract, Camellia Japonica Extract, Pine Mushroom Extract, Xanthan Gum, Carbomer, Arginine, Hibiscus Flower Extract, Honey Extract, Bifida Ferment Filtrate, Copper Tripeptide-1, Acetyl Hexapeptide-8, Alanine/​Histidine/​Lysine Polypeptide Copper HCL, SH-Oligopeptide-1, Tripeptide-29, Dipeptide Diaminobutyroyl Benzylamide Diacetate, Tetrapeptide-44, Caprylyl Glycol, Adenosine, Disodium EDTA, Fragrance",Dr. HeAler Sodium D.n.a Activator Ampoule P.d.r.n,https://inkeedecoder.com/products/dr-healer-sodium-d-n-a-activator-ampoule-p-d-r-n
comedo,"Water, Propanediol, Dipropylene Glycol, Glycerin, 1,2-Hexanediol, Hydroxyacetophenone, Portulaca Oleracea Extract, Trehalose, Xanthan Gum, Citrus Limon (Lemon) Juice, Charcoal Extract, Allantoin, Ammonium Acryloyldimethyltaurate/​VP Copolymer, Polyglyceryl-10 Laurate, Butylene Glycol, Tetrasodium Iminodisuccinate, Organic Hamamelis Virginiana (Witch Hazel) Extract, Dipotassium Glycyrrhizate, Sodium Hyaluronate, Ethylhexylglycerin, Ascorbyl Glucoside, Citrus Limon (Lemon) Fruit Oil, Citrus Aurantium Bergamia (Bergamot) Fruit Oil, Citrus Aurantium Dulcis (Orange) Oil, Beta-Glucan, Organic Usnea Barbata (Lichen) Extract, Organic Zanthoxylum Piperitum Fruit Extract, Organic Pulsatilla Koreana Extract",ESW Beauty Raw Juice Korean Beauty Sheet Mask,https://inkeedecoder.com/products/esw-beauty-raw-juice-korean-beauty-sheet-mask
comedo,"Water, Glycerin, PEG-60 Hydrogenated Castor Oil, Phenoxyethanol, Carbomer, Potassium Hydroxide, Fragrance, Cyclohexane, Sodium Hyaluronate, Butylene Glycol, Charcoal Extract",Ever organics Charcoal Purifying Serum Soothing Gel,https://inkeedecoder.com/products/ever-organics-charcoal-purifying-serum-soothing-gel
comedo,"Water (Aqua), Propylene Glycol, Glycerin, Sorbitol, Sodium Stearate, Sodium Cocoyl Isethionate, Sodium Myristate, Sodium Palmitate, Sodium Laurate, Fragrance, Charcoal Extract, Tocopherol, Hyaluronic Acid, Kojic Acid, Pyridoxine",Koji White Kojic Acid & Charcoal Black Soap,https://inkeedecoder.com/products/koji-white-kojic-acid-charcoal-black-soap
comedo,"Aqua/​Water/​Eau, Glycerin, Aloe Barbadensis Leaf Water, Propanediol, Salix Alba (Willow) Bark Extract, Niacinamide, Arginine, Centaurea Cyanus Flower Extract, Hyacinthus Orientalis (Hyacinth) Extract, Viola Tricolor Extract, Charcoal Extract, Cucumis Sativus (Cucumber) Fruit Extract, Allantoin, Betaine, Fructooligosaccharides, Sodium Hyaluronate, Ceramide NP, Glucose, Tocopherol, Ascorbic Acid, Charcoal Powder, Carbomer, Diheptyl Succinate, Pentylene Glycol, Cetearyl Alcohol, 1,2-Hexanediol, Capryloyl Glycerin/​Sebacic Acid Copolymer, C14-22 Alcohols, Arachidyl Alcohol, Silica, Kaolin, Ethylhexylglycerin, Behenyl Alcohol, C12-20 Alkyl Glucoside, Arachidyl Glucoside, Xylose, Caprylyl Glycol, Phenoxyethanol",Pixi Clarity Lotion,https://inkeedecoder.com/products/pixi-clarity-lotion-2
comedo,"Water/​Aqua/​Eau, Stearic Acid, Myristic Acid, Glycerin, Lauric Acid, Potassium Hydroxide, Cocamidopropyl Betaine, Propylene Glycol, Sorbitan Olivate, Glyceryl Stearate, PEG-100 Stearate, Charcoal Extract, Phenoxyethanol, Tocopheryl Acetate, Hydroxyethylcellulose, Disodium EDTA, Fragrance, Camellia Sinensis Leaf Extract, Centella Asiatica Extract, Glycyrrhiza Glabra (Licorice) Root Extract, Chamomilla Recutita (Matricaria) Flower Extract, Polygonum Cuspidatum Root Extract, Rosmarinus Officinalis (Rosemary) Leaf Extract, Scutellaria Baicalensis Root Extract",Ekel Charcoal Foam Cleanser,https://inkeedecoder.com/products/ekel-charcoal-foam-cleanser
comedo,"Purified Water, Palmitic Acid, Stearic Acid, Glycerin, Myristic Acid, Lauric Acid, Potassium Hydroxide, Cocamidopropyl Betaine, Sorbitan Olivate, Cocamide MIPA, Charcoal Powder (150Mg), Charcoal Extract (15Mg), Oryza Sativa (Rice) Extract, Vigna Radiata Seed Extract, Glycine Max (Soybean) Seed Extract, Avena Sativa (Oat) Kernel Extract, Chenopodium Quinoa Seed Extract, Coix Lacryma-Jobi Ma-Yuen Seed Extract, Hydroxyacetophenone, Butylene Glycol, Silica, 1,2-Hexanediol, PEG-14M, Disodium EDTA, Methylparaben, Propylparaben, Fragrance",Esfolio Charcoal Cleansing Foam,https://inkeedecoder.com/products/esfolio-charcoal-cleansing-foam
comedo,"Ethylhexyl Palmitate, PEG-20 Glyceryl Triisostearate, Cetyl Ethylhexanoate, Synthetic Wax, Synthetic Beeswax, Cetyl PEG/​PPG-10/​1 Dimethicone, Silica Dimethyl Silylate, 1,2-Hexanediol, Water, Butylene Glycol, Diisostearyl Malate, Ci 77499 (Iron Oxides), Charcoal Extract, Pentaerythrityl Tetra-Di-T-Butyl Hydroxyhydrocinnamate",Barle Charcoal Melting Cleansing Balm,https://inkeedecoder.com/products/barle-charcoal-melting-cleansing-balm
comedo,"Water (Aqua/​Eau), Myristic Acid, Lauryl Hydroxysultaine, Sorbitol, Potassium Hydroxide, Lauric Acid, Sodium Chloride, Acrylates/​C10-30 Alkyl Acrylate Crosspolymer, Charcoal Powder, Chlorphenesin, Aloe Barbadensis (Aloe Vera) Leaf Juice, Propanediol, Charcoal Extract, Fragrance (Parfum), Butylene Glycol, Palmitic Acid, Camellia Sinensis (Green Tea) Leaf Extract, Volcanic Ash, Melaleuca Alternifolia (Tea Tree) Leaf Extract, Carica Papaya (Papaya) Fruit Extract, Capric Acid, 1,2-Hexanediol, Kaolin, Citric Acid, Potassium Sorbate, Sodium Benzoate, Phenoxyethanol, Caprylyl Glycol, Titanium Dioxide (Ci 77891)",Skin + Purifying Foam Cleanser,https://inkeedecoder.com/products/skin-purifying-foam-cleanser
comedo,"Water, Cyclopentasiloxane, Dipropylene Glycol, Glycerin, Niacinamide, Cetyl PEG/​PPG-10/​1 Dimethicone, Centella Asiatica Extract, Alcohol Denat, Titanium Dioxide, Sodium Chloride, Dimethicone/​Vinyl Dimethicone Crosspolymer, Butylene Glycol, Charcoal Extract, Acrylates/​Ethylhexyl Acrylate/​Dimethicone Methacrylate Copolymer, Adenosine, Disodium EDTA, Chamomilla Recutita (Matricaria) Flower Extract, Sapindus Mukorossi Fruit Extract, Olea Europaea (Olive) Leaf Extract, Triethoxysilylethyl Polydimethylsiloxyethyl Hexyl Dimethicone, 1,2-Hexanediol, Honey Extract, Caprylyl Glycol, Gossypium Herbaceum (Cotton) Extract, Sodium Hyaluronate, Madecassoside, Madecassic Acid, Asiaticoside, Asiatic Acid, Phenoxyethanol, Fragrance",The Creme Shop Cica Mend Cica Balm,https://inkeedecoder.com/products/the-creme-shop-cica-mend-cica-balm
comedo,"Aqua/​Water/​Eau, Glycerin, Dipropylene Glycol, Benzyl Glycol, Chondrus Crispus (Carrageenan) Powder, Ceratonia Siliqua Gum, Xanthan Gum, PEG-60 Hydrogenated Castor Oil, Allantoin, Titanium/​Titanium Dioxide, Niacinamide, Glycogen, Cellulose Gum, Charcoal Extract, Ethylhexylglycerin, Agar, Cyamopsis Tetragonoloba (Guar) Gum, Acacia Senegal Gum, Ricinus Communis (Castor) Seed Oil, Tocopheryl Acetate, Butylene Glycol, Raspberry Ketone, Calcium Lactate, Adenosine, Potassium Chloride, Glucose, Synthetic Fluorphlogopite, Disodium EDTA, Peat Water, 1,2-Hexanediol, Phenoxyethanol, Hydroxypropyl Methylcellulose, Citric Acid, Hydrolyzed Collagen, Sodium Hyaluronate, Lycium Barbarum (Goji Berry/​Baies De Goji) Fruit Extract, Potassium Sorbate, Caprylyl Glycol, Sodium Oleate, Glycine Soja (Soybean/​Soja) Oil, Hydrogenated Lecithin, Diamond Powder, Hexylene Glycol, Acetyl Hexapeptide-8, Ci 77499/​Iron Oxide Black, Ci 77891/​Titanium Dioxide",111SKIN Celestial Black Diamond Lifting And Firming Face Mask - Upper Mask,https://inkeedecoder.com/products/111skin-celestial-black-diamond-lifting-and-firming-face-mask-upper-mask
comedo,"Zea Mays (Corn) Starch, Sodium Cocoyl Isethionate, Microcrystalline Cellulose, Sodium Methyl Cocoyl Taurate, Potassium Laurate, Sodium Lauroyl Glutamate, Charcoal Powder, Citric Acid, Oryza Sativa (Rice) Powder, Maltodextrin, Papain, Water, Butylene Glycol, Charcoal Extract, 1,2-Hexanediol, Lactobacillus Ferment, Aspergillus Ferment, Saccharomyces Ferment, Oenothera Biennis (Evening Primrose) Flower Extract, Pinus Palustris Leaf Extract, Pueraria Lobata Root Extract, Ulmus Davidiana Root Extract",Sunnicorn Microbiome Enzyme Powder Cleanser,https://inkeedecoder.com/products/sunnicorn-microbiome-enzyme-powder-cleanser
comedo,"Aqua, Dicaprylyl Maleate, Hydrogenated Polydecene, Glycerin, PEG-20 Methyl Glucose Sesquistearate, Cetyl Alcohol, Methyl Glucose Sesquistearate, Benzyl Alcohol, Carbomer, Lauramidopropyl Betaine, Parfum, Disodium EDTA, Sodium Hydroxide, Phosphoric Acid, Charcoal Extract, Vaccinium Vitis-Idaea Fruit Extract, Methylparaben, Ci 77491, Ci 77492, Ci 77499, Linalool",Avon Planet Spa Korean Charcoal Cleanse & Refine Deep Cleansing Face Wash,https://inkeedecoder.com/products/avon-planet-spa-korean-charcoal-cleanse-refine-deep-cleansing-face-wash
comedo,"Sodium Tallowate, Sodium Palm Kernelate, Aqua, Parfum, Glycerin, Prunus Amygdalus Dulcis Seed Meal, Sodium Chloride, Salicylic Acid, Triethanolamine, Ci 77499, Ci 77891, Etidronic Acid, Ci 19140, Vaccinium Vitis-Idaea Fruit Extract, Charcoal Extract, Ci 17200",Clearskin Sabonete Purificante Com Carvão Clearskin,https://inkeedecoder.com/products/avon-sabonete-purificante-com-carvao-clearskin
comedo,"Purified Water, Cetyl Alcohol (Vegetable Derived), Glycerin (Vegetable Derived), Glyceryl Stearate Citrate (Vegetable Derived), Glyceryl Stearate (Vegetable Derived), Polysorbate 60, Dimethicone, Cetearyl Glucoside, Sodium Hydroxide, Xanthan Gum, Santalum Album (Sandalwood) Oil, Capryloyl Glycerin/​Sebacic Acid Copolymer, Diheptyl Succinate, Salicylic Acid, Tocopheryl Acetate, Charcoal Extract, Allantoin, Panthenol, Rhodiola Rosea (Rhodiola) Root Extract, Carthamus Tinctorius (Safflower) Seed Oil, Xanthophylls, Panax (Ginseng) Root Extract, Trehalose, Aphanizomenon Flos-Aquae (Blue Green Algae) Powder, Potassium Sorbate, Phenoxyethanol, Ethylhexylglycerin",Derma E Blue Light Shield Concentrated Serum,https://inkeedecoder.com/products/derma-e-blue-light-shield-concentrated-serum
comedo,"Cetyl Ethylhexanoate, Sorbeth-30 Tetraoleate, Sorbitan Sesquioleate, Curcuma Longa (Turmeric)Root Extract, Citrus Aurantium Bergamia (Bergamot) Fruit Oil, Melia Azadirachta Flower Extract, Melia Azadirachta Leaf Extract, Citrus Limon (Lemon) Seed Oil, Corallina Officinalis Extract, Melia Azadirachta Bark Extract, Ocimum Sanctum Leaf Extract, Moringa Oleifera Seed Oil, Hippophae Rhamnoides Oil, Water, Butylene Glycol, Charcoal Extract",Meta Foret Black Lemon Cleansing Oil,https://inkeedecoder.com/products/meta-foret-black-lemon-cleansing-oil
comedo,"Aqua, Glycerin, Sorbitol, Cocamidopropyl Betaine, Sodium Laureth Sulfate, Sodium Chloride, Sodium Methyl Cocoyl Taurate, PEG-120 Methyl Glucose Dioleate, Phenoxyethanol, Caprylyl Glycol, Sodium PCA, Sodium Citrate, Parfum, Disodium EDTA, Citric Acid, Tocopheryl Acetate, Charcoal Extract, Vaccinium Vitis-Idaea Fruit Extract, Camellia Sinensis Leaf Extract, Benzyl Salicylate",Avon Anew  Purifying Jelly Cleanser,https://inkeedecoder.com/products/avon-anew-purifying-jelly-cleanser
comedo,"Water, Butylene Glycol, Glycereth-26, 1,2-Hexanediol, Grape Fruit Extract, Papaya Fruit Extract, Apple Extract, Plum Extract, Birch Sap, Polygonum Multiflorum Root Extract, Sage Leaf Extract, Tea Tree Leaf Extract, Bergamot Leaf Extract, Fig Extract, Mentha Arvensis Leaf Extract, Thuja Orientalis Leaf Extract, Tea Tree Leaf Powder, Charcoal Extract, Panthenol, Hydroxyethyl Urea, Citric Acid, Allantoin, Betaine, Ethylhexylglycerin, Xanthan Gum, Octyldodeceth-16, Disodium EDTA, Sodium Citrate",rovectin Pore Care No-sebum Pad,https://inkeedecoder.com/products/rovectin-pore-care-no-sebum-pad
comedo,"Aqua, Glycerin, Carbomer, Polysorbate 20, 1,2-Hexanediol, Methyl Gluceth-20, Caprylyl Glycol, PEG-40 Hydrogenated Castor Oil, PPG-26-Buteth-26, Sodium Hydroxide, Disodium EDTA, Parfum, Portulaca Oleracea Extract, Tocopheryl Acetate, Phosphoric Acid, Alcohol Denat, Ascorbic Acid, Camellia Sinensis Leaf Extract, Charcoal Extract, Vaccinium Vitis-Idaea Fruit Extract, Pinus Sibirica Seed Extract, Ci 19140, Ci 17200, Ci 42090, Limonene, Linalool",Avon Planet Spa The Harmony Ritual Face Mask,https://inkeedecoder.com/products/avon-planet-spa-the-harmony-ritual-face-mask
comedo,"Aqua, Glycerin, Butylene Glycol, PEG-8, Carbomer, Methyl Gluceth-20, Butyrospermum Parkii (Shea) Butter, 1,2-Hexanediol, Caprylyl Glycol, Mica, Sodium Hydroxide, Disodium EDTA, Hydroxyethyl Acrylate/​Sodium Acryloyldimethyl Taurate Copolymer, Steardimonium Hydroxypropyl Panthenyl PEG-7 Dimethicone Phosphate Chloride, Parfum, Isohexadecane, Polysorbate 60, Tocopheryl Acetate, Phosphoric Acid, Charcoal Extract, Vaccinium Vitis-Idaea Fruit Extract, Ascorbic Acid, Ci 77891, Hexyl Cinnamal, Linalool, Limonene, Benzyl Salicylate, Hydroxycitronellal",Avon Arctic Lingonberry Antioxidant Overnight Face Treatment,https://inkeedecoder.com/products/avon-arctic-lingonberry-antioxidant-overnight-facr-face-treatment
comedo,"Water, Corn Starch, Diatomaceous Earth, Lauryl Glucoside, Glucose, Algin, Calcium Sulfate, 1,2-Hexanediol, Tetrasodium Pyrophosphate, Disodium Laureth Sulfosuccinate, Butylene Glycol, Carrot Root Extract, Ascorbic Acid (Vitamin C), Mandarin Orange Oil, Chamomile Extract, Centella Asiatica Extract, Lavender Oil, Tea Tree Leaf Oil, Tea Tree Extract, Charcoal Extract* + +",Tidalove Calming Facial Beans,https://inkeedecoder.com/products/tidalove-calming-facial-beans
comedo,"Aqua, Hydrated Silica, Ethylhexyl Palmitate, Propylene Glycol, Bentonite, PEG-8, Isoceteth-20, Polysorbate 20, Xanthan Gum, Sodium Methyl Cocoyl Taurate, Ci 77499, Butylene Glycol, Salicylic Acid, Phenoxyethanol, Hamamelis Virginiana Water, Simethicone, Parfum, Sodium Chloride, Hydroxyethylcellulose, Disodium EDTA, Vaccinium Vitis-Idaea Fruit Extract, Charcoal Extract, Eucalyptus Globulus Leaf Extract",clearskin by avon Mascarilla Purificante,https://inkeedecoder.com/products/clearskin-by-avon-mascarilla-purificante
comedo,"Aqua, Hydrated Silica, Ethylhexyl Palmitate, Propylene Glycol, Glycerin, Bentonite, PEG-8, Isoceteth-20, Polysorbate 20, Xanthan Gum, Sodium Methyl Cocoyl Taurate, Butylene Glycol, Ci 77499, Salicylic Acid, Phenoxyethanol, Hamamelis Virginiana Water, Simethicone, Parfum, Sodium Chloride, Hydroxyethylcellulose, Disodium EDTA, Vaccinium Vitis-Idaea Fruit Extract, Charcoal Extract, Eucalyptus Globulus Leaf Extract",AVON Clearskin Máscara Facial Negra Com Carvão Clearskin,https://inkeedecoder.com/products/avon-clearskin-mascara-facial-negra-com-carvao-clearskin
comedo,"Water, Butylene Glycol, Alcohol, 1,2-Hexanediol, Polyglyceryl-10 Laurate, Dipropylene Glycol, Polyglyceryl-4 Laurate, Gluconolactone, Hydroxyethylcellulose, Tromethamine, Disodium EDTA, Salicylic Acid, Citric Acid, Citrus Limon (Lemon) Seed Oil, Melia Azadirachta Flower Extract, Ocimum Sanctum Leaf Extract, Melia Azadirachta Leaf Extract, Citrus Limon (Lemon) Fruit Extract, Hyaluronic Acid, Curcuma Longa (Turmeric) Root Extract, Corallina Officinalis Extract, Ethylhexylglycerin, Charcoal Extract",Meta Foret Black Lemon Peeling Toner Pads,https://inkeedecoder.com/products/meta-foret-black-lemon-peeling-toner-pads
comedo,"Water, Dipropylene Glycol, Glycerin, Isopentyldiol, Betaine, 1,2-Hexanediol, Hydroxyacetophenone, Polyglyceryl-10 Laurate, Hydroxyethyl Urea, Hydroxyethyl Acrylate/​Sodium Acryloyldimethyl Taurate Copolymer, Acrylates/​C10-30 Alkyl Acrylate Crosspolymer, Arginine, Trehalose, Allantoin, Cocos Nucifera (Coconut) Water, Cocos Nucifera (Coconut) Fruit Juice, Butylene Glycol, Dipotassium Glycyrrhizate, Sodium Hyaluronate, Beta-Glucan, Melaleuca Alternifolia (Tea Tree) Leaf Oil, Polysorbate 60, Sorbitan Isostearate, Charcoal Extract",BOSCIA Charcoal Pore-Minimizing Bio-Cellulose Mask,https://inkeedecoder.com/products/boscia-charcoal-pore-minimizing-bio-cellulose-mask
comedo,"Tranexamic Acid, Dipotassium Glycyrrhizate, Water, Butylene Glycol, Ethanolamine, Glycerin, Dipropylene Glycol, Polyacrylic Acid, Polyoxyethylene Lauryl Ether, Sodium Citrate, Glycylglycine, Xanthan Gum, Phytosteryl/​Octyldodecyl Lauroyl Glutamate, Zinc Citrate, Sodium Sulfate, Chlorhexidine Dihydrochloride, Ulmus Campestris (Elm) Extract, Disodium Pyrroloquinolinedione Tricarboxylate, Rosmarinus Officinalis (Rosemary) Extract, Tourmaline Extract, Yeast Extract, Charcoal Extract, Soluble Collagen, Phenoxyethanol, Fragrance, Blue 1",Elixir Balancing Mizu Cream,https://inkeedecoder.com/products/elixir-balancing-mizu-cream
comedo,"Water, Glycerin, Butylene Glycol, Oyster Shell Extract, Niacinamide, 1,2-Hexanediol, Betaine, Caffeine, Allantoin, Hydroxyethyl Acrylate/​Sodium Acryloyldimethyl Taurate, Sodium Hyaluronate, Lactic Acid, Glycolic Acid, Alpha-Arbutin, Caprylyl Glycol, Ethylhexylglycerin, Acer Saccharum (Sugar Maple) Extract, Portulaca Oleracea Extract, Chamomilla Recutita (Matricaria) Flower Extract, Arnica Montana Flower Extract, Artemisia Absinthium Extract, Achillea Millefolium Extract, Gentiana Lutea Root Extract, Chamaecyparis Obtusa Leaf Extract, Charcoal Extract, Fragrance",Asaya D-Tan Sheet Mask,https://inkeedecoder.com/products/asaya-d-tan-sheet-mask
comedo,"Water (Nước), Sodium Laureth Sulfate, Sodium Lauryl Sulfate, Cocamidopropyl Betaine, Citric Acid, Sodium Citrate, Sodium Xylenesulfonate, Fragrance (Hương Liệu), Sodium Chloride, Cocamide MEA, Sodium Benzoate, Tetrasodium EDTA, PEG-60 Almond Glycerides, Trisodium Ethylenediamine Disuccinate, Glycerin, Linoleamidopropyl Pg-Dimonium Chloride Phosphate, Propylene Glycol, Guar Hydroxypropyltrimonium Chloride, Panthenol, Panthenyl Ethyl Ether, Mentha Arvensis Leaf Oil, Mentha Piperita (Peppermint) Oil, Menthol, Niacinamide, Charcoal Extract, Methylchloroisothiazolinone, Methylisothiazolinone",Pantene Pro-v Detox And Cleanser Micellar Shampoo,https://inkeedecoder.com/products/pantene-pro-v-detox-and-cleanser-micellar-shampoo
comedo,"Water, Myristic Acid, Glycerin, Potassium Hydroxide, Lauric Acid, Palmitic Acid, Stearic Acid, PEG-8, Cocamidopropyl Betaine, Cetearyl Alcohol, Polysorbate 20, Glyceryl Stearate, PEG-100 Stearate, Phenoxyethanol, Sodium Chloride, Fragrance, Ethylhexylglycerin, Disodium EDTA, Arachidic Acid, Hamamelis Virginiana (Witch Hazel) Extract, Melaleuca Alternifolia (Tea Tree) Leaf Extract, Capric Acid, Oleic Acid, Butylene Glycol, Charcoal Extract, Kojic Acid, 1,2 - Hexanediol, Hydroxypropyl Cyclodextrin, Glutathione",Some By Mi AHA - BHA - PHA 30 Days Miracle Acne Clear Body Cleanser,https://inkeedecoder.com/products/some-by-mi-aha-bha-pha-30-days-miracle-acne-clear-body-cleanser-4
comedo,"Sd Alcohol 40-B, Water, Lactic Acid, Glycolic Acid, Glycerin, Butylene Glycol, Betaine, Urea, PEG-60 Hydrogenated Castor Oil, Salicylic Acid, Lavandula Angustifolia (Lavender) Extract, Sophora Flavescens Extract, Lonicera Japonica (Honeysuckle) Flower Extract, Camellia Sinensis (Green Tea) Leaf Extract, Disodium EDTA, Citrus Aurantifolia (Lime) Fruit Extract, Portulaca Oleracea (Green Purslane) Extract, Prunus Persica (Peach) Fruit Extract, Pyrus Malus (Apple) Fruit Extract, Punica Granatum (Pomegranate) Extract, Salvia Officinalis (Sage) Extract, Malpighia Glabra (Acerola) Fruit Extract, Citrus Aurantium Dulcis (Orange) Fruit Extract, Rhus Semialata Extract, Ginkgo Biloba (Maidenhair Tree) Leaf Extract, Paeonia Lactiflora Bark/​Sap Extract, Vitis Vinifera (Grape) Fruit Extract, Salix Alba (Willow) Bark Extract, Scutellaria Baicalensis (Baikal Skullcap) Root Extract, Citrus Limon (Lemon) Fruit Extract, Snail Secretion Filtrate, Rosmarinus Officinalis (Rosemary) Extract, Macadamia Ternifolia (Macadamia) Seed Oil, Sargassum Fulvellum Extract, Argania Spinosa (Argan) Kernel Oil, Aloe Barbadensis (Aloe Vera) Leaf Juice, Arginine, Mentha Piperita (Peppermint) Extract, Simmondsia Chinensis (Jojoba) Seed Oil, Ethyl Hexanediol, Tocopheryl Acetate, Charcoal Extract, 1,2-Hexanediol, Caprylyl Glycol, Fragrance, Phenoxyethanol",TonyMoly Shiny Foot Peeling Liquid,https://inkeedecoder.com/products/tony-moly-shiny-foot-peeling-liquid
comedo,"Aloe Barbadensis Leaf Water, Butylene Glycol, 1,2-Hexanediol, Propanediol, Panthenol, Polyglyceryl-10 Laurate, Citric Acid, Gluconolactone, Melaleuca Alternifolia (Tea Tree) Leaf Oil, Chamaecyparis Obtusa Leaf Extract, Menthyl Lactate, Allantoin, Mentha Piperita (Peppermint) Oil, Limonene, Water(Aqua), Dipropylene Glycol, Glycerin, Hamamelis Virginiana (Witch Hazel) Leaf Water, Carbomer, Arginine, Diospyros Kaki Leaf Extract, Niacinamide, Propylene Glycol Dicaprylate/​Dicaprate, Vitis Vinifera (Grape) Fruit Extract, Carthamus Tinctorius (Safflower) Flower Extract, Coffea Arabica (Coffee) Seed Extract, Polygonum Cuspidatum Root Extract, Camellia Sinensis Leaf Extract, Castanea Crenata (Chestnut) Shell Extract, Zanthoxylum Piperitum Fruit Extract, Xanthan Gum, Centella Asiatica Extract, Disodium EDTA, Hamamelis Virginiana (Witch Hazel) Extract, Sodium Hyaluronate, Ethylhexylglycerin, Gluconic Acid, Mandelic Acid, Charcoal Extract, Lavandula Angustifolia (Lavender) Extract, Lactobionic Acid, Sodium Hyaluronate Crosspolymer, Bambusa Vulgaris Water, Fragrance(Parfum)",MBeauty Tannin Complex 2-step Mask,https://inkeedecoder.com/products/mbeauty-tannin-complex-2-step-mask
comedo,"Charcoal Powder, Aloe Vera Leaf Juice, Shea Butter, Cyclodextrin, Polyethylene Glycol, Maltodextrin, Tocopherol (Vitamin E)",Billie Razor,https://inkeedecoder.com/products/billie-razor
comedo,"Activated Bamboo Charcoal (Carbon), Bamboo Extract, Plant-Based Hydrolyzed Collagen, Glycerin, Hyaluronic Acid, Arbutin, Algae Extract, Licorice Extract, Aqua",Blu42 Bright Eye,https://inkeedecoder.com/products/blu42-bright-eye
comedo,"Charcoal, Stearic Acid, Dimethicone, Glycerin",Bo Bana Bobana Charcoal Scrub,https://inkeedecoder.com/products/bo-bana-bobana-charcoal-scrub
comedo,"Charcoal Powder, Lavandula Angustifolia (Lavender)Oil, Lavandula Angustifolia (Lavender) Leaf Powder, Cocos Nucifera (Coconut)Oil, Elaeis Guineensis (Palm)Oil, Leptospermum Petersonii Oil, Tocopherol, Theobroma Cacao(Cocoa) Seed Powder, Glycerin, Hyaluronic Acid, Carbonated Water, Glycyrrhiza Glabra (Licorice) Root Extract, Hydrogenated Jojoba Oil, Olea (Olive) Europaea Fruit Oil, Butyrospermum Parkii (Shea)Butter",Caolion Blackhead O2 Sparkling Soap,https://inkeedecoder.com/products/caolion-blackhead-o2-sparkling-soap
comedo,"Activated Charcoal, Acerola Extract, Basil Water Extract, Ashwagandha Extract, Methi Extract, Cocamidopropyl Betaine, Lauryl Glucoside, Glycerin, Xylitylglucoside, Anhydroxylitol, Xylitol, Sodium Lauroyl Sarcosinate, Cocodiethanolamide, Xanthan Gum, Sodium Polyacryloyldimethyl Taurate, Sodium Gluconate, Ethyl Hexyl Glycerine, Phenoxyethanol, Essential Oils",Khadi essentials Charcoal Face Wash,https://inkeedecoder.com/products/khadi-essentials-charcoal-face-wash
comedo,"Activated Charcoal, Shea Butter, Organic Moroccan Argan Cold Pressed Oil, Avocado Cold Pressed Oil, Golden Virgin Jojoba (Simmondsia Chinensis) Cold Pressed Oil, Sweet Almond Cold Pressed Oil, Organic Virgin Coconut Cold Pressed Oil, Vitamin E, Menthol Crystals, Purified Water, Glycerin, Cetrimonium Chloride, Polyquaternium-73, Cetyl Alcohol, Cetearyl Alcohol, Dimethicone, Behentrimonium Chloride (Hair Conditioning Agent), Guar Hydroxypropyltrimonium Chloride, D-Panthenol (Pro Vitamin B5), Amodimethicone, Trideceth-12, Hydrolyzed Silk Protein, Phenoxyethanol, Hydroxyethyl Cellulose, Methylchloroisothiazolinone, Methylisothiazolinone), Fragrance (Eucalyptus & Spearmint Blend)",Man arden Activated Charcoal Cream Conditioner With Argan Oil,https://inkeedecoder.com/products/man-arden-activated-charcoal-cream-conditioner-with-argan-oil
comedo,"Charcoal Powder, Lecithin, Avena Sativa (Oat) Kernel Extract, Calendula Officinalis Flower Extract, Citrus Grandis (Grapefruit) Fruit Extract, Rosmarinus Officinalis (Rosemary) Leaf Extract",Shills Acne Purifying Peel Off Black Mask,https://inkeedecoder.com/products/shills-acne-purifying-peel-off-black-mask
comedo,"Activated Charcoal, Grape Seed, Oat Extract, Rosmarinus, Calendula, Citrus Nobilis Fruit",Sunatoria Black Mask Charcoal Peel Off Mask,https://inkeedecoder.com/products/sunatoria-black-mask-charcoal-peel-off-mask
comedo,"Charcoal, Salicylic Acid, Water, Glycerin, Cocamidopropyl Betaine, Dipropylene Glycol, Sodium Cocoyl Apple Amino Acids, Methyl Perfluorobutyl Ether, Methyl Perfluoroisobutyl Ether, Sodium Lauroyl Glutamate, Disiloxane, Sodium Chloride, Acrylates Copolymer, Phenoxyethanol, 1,2-Hexanediol, Caprylyl Glycol, Illicium Verum (Anise) Fruit Extract, Propanediol, Butylene Glycol, Sodium Hyaluronate, Camellia Sinensis Leaf Extract, Hamamelis Virginiana (Witch Hazel) Extract, Panax Ginseng Root Extract, Aloe Barbadensis Leaf Extract, Morus Alba Bark Extract, Coix Lacryma-Jobi Ma-Yuen Seed Extract, Cucumis Sativus (Cucumber) Fruit Extract, Disodium EDTA, Ethylhexylglycerin, Triethanolamine, Fragrance",Yesul Bubble. Cleansing Charcoal Mask,https://inkeedecoder.com/products/yesul-bubble-cleansing-charcoal-mask
comedo,"Charcoal Powder, Kaolin, Magnesium Aluminum Silicate, Water (Aqua), Glycerin, Solanum Lycopersicum (Tomato) Fruit Extract, Fragrance (Parfum), Lactobacillus Ferment",yes to tomatoes Clear Skin Charcoal Powder-To-Clay Mask,https://inkeedecoder.com/products/yes-to-tomatoes-clear-skin-charcoal-powder-to-clay-mask
comedo,"Aqua, Charcoal Powder, Kaolin, Zinc Oxide, Caprylic/​Capric Triglyceride, Pentylene Glycol, Octyldodecanol, Dicaprylyl Ether, Magnesium Aluminum Silicate, Arachidyl Alcohol, Cetyl Alcohol, Glyceryl Stearate, Behenyl Alcohol, Myristyl Myristate, Azelaic Acid, Butyl Avocadate, Volcanic Soil Extract, Glycerin, Arachidyl Glucoside, Xanthan Gum, Citric Acid, Phenoxyethanol, Ethylhexylglycerin, Parfum",AA Emoji Charcoal Mask,https://inkeedecoder.com/products/aa-emoji-charcoal-mask
comedo,"Pure Calcium Bentonite Clay, Activated Carbon",Apotheke Detoxifying Face Mask,https://inkeedecoder.com/products/apotheke-detoxifying-face-mask
comedo,"Montmorillonite (Italian Green Clay), Activated Charcoal, Allantoin, Zinc Oxide, Ascorbyl Palmitate (Vitamin C Ester), Aphanizomenon Flos-Aquae (Organic Blue Green Algae) Powder, 2- Dimethylaminoethanol (Dmae)",Banish Activated Charcoal Clay Masque,https://inkeedecoder.com/products/banish-activated-charcoal-clay-masque
comedo,"Chamomile, Activated Carbon Powder, Iron Powder, Sodium Chloride, Vermiculite, Deionized Water",BeautyPro Warming Eye Mask,https://inkeedecoder.com/products/beautypro-warming-eye-mask
comedo,"Water, Charcoal Powder, Glycerin, Bentonite, Kaolin, Propanediol 1,3, Hamamelis Virginiana (Witch Hazel) Extract, Persea Gratissima (Avocado) Oil, Argania Spinosa (Argan) Kernel Oil, Butyrospermum Parkii (Shea) Butter, Helianthus Annuus Seed Oil, Aloe Barbadensis Leaf Extract, Rosmarinus Officinalis Leaf Extract, Cetearyl Alcohol, Glyceryl Stearate, Acrylates/​C10-30 Alkyl Acrylate Crosspolymer, Pentylene Glycol, Caprylyl Glycol, N-Prolyl Palmitoyl Tripeptide-56 Acetate, Sodium PCA, Wheat Amino Acids, Panthenol, Sodium Hyaluronate, Hydroxyproline, Titanium Dioxide, C12-15 Alkyl Benzoate, Polyhydroxystearic Acid, Stearic Acid, Alumina, Phenoxyethanol, Ethylhexylglycerin, Disodium EDTA, Triethanolamine",Buttah Charcoal Detox Mask,https://inkeedecoder.com/products/buttah-charcoal-detox-mask
comedo,"Coconut Oil, Charcoal, Tea Tree Oil, Vit E, Shea Butter, Glycerine, Propylene Glycol, Niacinamide, Vitamin B3, Aloe Vera, Cocamidopropyl Betaine, Butylated Hydroxytoluene, Phenoxyethanol, Fragrance",COSHI BEAUTI Niacinamide Soap,https://inkeedecoder.com/products/coshi-beauti-niacinamide-soap
comedo,"Coconut Oil, Charcoal, Tea Tree Oil, Vit E, Shea Butter, Glycerine, Propylene Glycol, Niacinamide, Vitamin B3, Aloe Vera, Cocamidopropyl Betaine, Butylated Hydroxytoluene, Phenoxyethanol, Fragrance",Cosmibeauti Niacinamide Soap For Men,https://inkeedecoder.com/products/cosmibeauti-niacinamide-soap-for-men
comedo,"Water, Charcoal, Lactic Acid, Cetostearyl Alcohol, Ammonium Chloride, Methylparaben, Fragrance",De-artistic Charcoal Treatment,https://inkeedecoder.com/products/de-artistic-charcoal-treatment
comedo,"Bambusa Arundinacea Stem Extract, Charcoal Powder, Microcrystalline Cellulose, Mannitol, Zea Mays (Corn) Starch, Potassium Sorbate",Drunk Elephant Bamboo Booster,https://inkeedecoder.com/products/drunk-elephant-bamboo-booster
comedo,"Cellulose, Charcoal Powder, Water, Citrus Aurantium Amara (Bitter Orange) Flower Water, Glycerin, Methyl Perfluorobutyl Ether, Isododecane, Butylene Glycol, Ammonium Lauryl Sulfate, Cocamidopropyl Betaine, Phenoxyethanol, Polysilicone-11, Xanthan Gum, Vaccinium Myrtillus Fruit Extract, Sodium Chloride, Saccharum Officinarum (Sugar Cane) Extract, Allantoin, Sodium Hydroxide, Fragrance, Citrus Limon (Lemon) Fruit Extract, Citrus Aurantium Dulcis (Orange) Fruit Extract, Benzyl Alcohol, Benzoic Acid, Decyl Glucoside, Acer Saccharum (Sugar Maple) Extract, Aloe Barbadensis Leaf Juice Powder, Caprylyl Glycol, Hexylene Glycol, Dehydroacetic Acid, Citric Acid",Ella Baché Charcoal Foaming Mask,https://inkeedecoder.com/products/ella-bache-charcoal-foaming-mask
comedo,"Avena Sativa (Oatmeal) Kernel Flour, Charcoal Powder, Glycerin, Kaolin, Sodium Chloride, Sodium Cocoate, Sodium Olivate, Sodium Stearate, Tetrasodium Glutamate Diacetate","Ethique Unscented Charcoal, Kaolin, & Oatmeal Soap Bar",https://inkeedecoder.com/products/ethique-unscented-charcoal-kaolin-oatmeal-soap-bar
comedo,"Sodium Bicarbonate, Charcoal Powder, Calcium Powder, Diatomaceous Earth, Magnesium Carbonate, Dicalcium Phosphate^, Tartaric Acid^, Peppermint Oil*^, Vitamin E^, Limonene*^",Georganics Mineral Toothpaste Powder - Activated Charcoal,https://inkeedecoder.com/products/georganics-mineral-toothpaste-powder-activated-charcoal
comedo,"Aqua (Water, Eau), Charcoal Powder, Ammonium Styrene/​Acrylates Copolymer, Butylene Glycol, 1,2-Hexanediol, Glycerin, Campsis Grandiflora Flower Extract, Eclipta Prostrata Extract, Paeonia Suffruticosa Root Extract, Panthenol, Pentylene Glycol, Caprylyl Glycol, Ethylhexylglycerin, Sodium Dilauramidoglutamide Lysine, Iodopropynyl Butylcarbamate",HAUS LABS Clear Cut Liquid Eyeliner,https://inkeedecoder.com/products/haus-labs-clear-cut-liquid-eyeliner
comedo,"Aqua/​Water/​Eau, Charcoal Powder, Styrene/​Acrylates Copolymer, Butylene Glycol, 1,2-Hexanediol, Diglycerin, Polyglyceryl-10 Isostearate, Polyglyceryl-10 Laurate, Pentylene Glycol, Phenoxyethanol, Citric Acid, Caprylyl Glycol, Ethylhexylglycerin",Ilia Clean Lime Liquid Eyeliner,https://inkeedecoder.com/products/ilia-clean-lime-liquid-eyeliner
comedo,"Aqua, Activated Charcoal, Pure Honey, Glycerin, Cocamidopropyl Betaine, Sodium Hydroxide, Gold, Mica",Kayman Beauty Coal Face Soap,https://inkeedecoder.com/products/kayman-beauty-coalface-soap
comedo,"Aloe Barbadensis (Aloe Vera) Leaf Juice, Activated Charcoal, Sodium Cocoyl Hydrolyzed Rice Protein, Glycerin, Lactobacillus, Bambusa Vulgaris (Bamboo) Extract, Equisetum Arvense (Horsetail) Extract, Xanthan Gum, Acacia Gum, Panthenol (Vitamin B5), Tetrasodium Glutamate Diacetate, Sclerotium Gum, Mentha Piperita (Peppermint) Essential Oil, Citric Acid",Luna Nectar Obsidian Volumizing & Anti-Pollution Hair Jelly,https://inkeedecoder.com/products/luna-nectar-obsidian-volumizing-anti-pollution-hair-jelly
comedo,"Aqua (Eau), Charcoal Powder, Pentylene Glycol, Polyacrylate-21, Polyglyceryl-10 Stearate, Polyglyceryl-10 Myristate, Polyglyceryl-10, Glycerin, Sodium Levulinate, Butylene Glycol, Sodium Anisate, Ammonium, Trideceth-6 Phosphate, Citric Acid, Sodium Dehydroacetate, Caprylyl Glycol, Dipropylene Glycol, Caprylic/​Capric Glycerides, Xanthan Gum, Sodium Citrate",Pacifica Liquid Lines Pen Tip Eye Liner,https://inkeedecoder.com/products/pacifica-liquid-lines-pen-tip-eye-liner
comedo,"Coconut, Charcoal, Aqua (Di Water), Acrylates/​C10-30 Alkyl Acrylate Crosspolymer, Disodium EDTA, Glycerine, Decyl Glucoside, Propylene Glycol, Diazolidinyl Urea, Methylparaben, Propylparaben, Polysorbate 20, Fragrance",Prevense Charcoal Face Wash,https://inkeedecoder.com/products/prevense-charcoal-face-wash
comedo,"Polysorbate 20, Charcoal Powder, Glycerin, Sodium Benzoate, Aloe Barbadensis Extract, Dehydroacetic Acid, Perfume, Phenoxyethanol, Tocopheryl Acetate, Citric Acid, Benzoic Acid",Skin techniques Activated Charcoal,https://inkeedecoder.com/products/skin-techniques-activated-charcoal
comedo,"Niacinamide, Bamboo Charcoal Powder, Aloe Vera Extract, Vitamin E Acetate, Aqua, Cocamidopropyl Betaine, Acrylates Copolymer, Sodium Lauroyl Sarcosinate, Sodium Cocoamphoacetate, Disodium Cocoamphodiacetate, Decyl Glucoside, Aloe Barbadensis Leaf Extract, Glycerin, Lauryl Glucoside, Charcoal Powder, Ethylhexylglycerin, Phenoxyethanol, Disodium EDTA, Tocopheryl Acetate, Sodium Hydroxide, Fragrance",Underated Active Charcol Face Wash,https://inkeedecoder.com/products/underated-active-charcol-face-wash
comedo,"Water, Charcoal Powder, Butylene Glycol, Acrylates/​Ethylhexyl Acrylate Copolymer, Alcohol, Pentylene Glycol, AMP-Acrylates Copolymer, Ammonium Acrylates Copolymer, Sodium Dehydroacetate, Caprylyl Glycol, Bentonite, Citric Acid, PVP, Sodium Citrate, Silica, Iron Oxides (Ci 77499)",Wyn Beauty Glideline Waterproof Liquid Eyeliner,https://inkeedecoder.com/products/wyn-beauty-glideline-waterproof-liquid-eyeliner
comedo,"Colloidal Oatmeal (Avena Sativa Kernel Flour)*, Oryza Sativa (Brown Rice) Powder*, Activated Charcoal, Theobroma Cacao (Raw Cacao) Powder*, Cocoa Pod Ash, Plantain Peel Ash, Palm Kernel Oil, Camwood Bark, Aloe Barbadensis Leaf Extract, Butyrospermum Parkii (Shea Butter), Vitamin E (Mixed Tocopherols), Zinc Oxide, Ferric Oxide, Curcuma Longa (Turmeric) Root Powder*, Manuka Honey Powder*, Tapioca Starch, Salix Alba Extract (White Willow Bark Extract)*, Simmondsia Chinensis (Jojoba) Seed Oil*, Sucrose Cocoate (Naturally Derived Cleanser From Coconut Oil- Ecocert Approved), Sodium Cocoyl Isethionate(Coconut Derived Surfectant), Melaleuca Alternifolia (Tea Tree Oil)*, Caffeine Anhydrous, Lavandula Angustifolia (Lavender) Oil*",Ausceuticals Dark Star Powder To Foam Cleanser,https://inkeedecoder.com/products/ausceuticals-dark-star-powder-to-foam-cleanser
comedo,"Zea Mays (Corn) Starch, Sodium Bicarbonate, Charcoal Powder, Ocimum Tenuiflorum (Holy Basil) Oil, Lavandula Angustifolia (Lavender) Oil, Rosmarinus Officinalis (Rosemary) Leaf Oil, Citrus Paradisi (Grapefruit) Peel Oil, Aroma (Flavour)",BareSoul Wow Dry Shampoo,https://inkeedecoder.com/products/baresoul-wow-dry-shampoo
comedo,"Aqua/​Water/​Eau, Kaolin, Charcoal Powder, Magnesium Aluminum Silicate, Illite, Glycerin, Pyrus Malus (Apple) Fruit Extract, Tetrahexyldecyl Ascorbate, Xanthan Gum, Camellia Sinensis (Green Tea) Leaf, Olea Europaea (Olive) Seed Powder, Zingiber Officinale (Ginger) Root Powder, Salicylic Acid, Caprylyl Glycol, Pentylene Glycol, Mentha Piperita (Peppermint) Extract, Allantoin, Lactic Acid, Ethylhexylglycerin, Mentha Piperita (Peppermint) Oil*, Sodium Hyaluronate, Sodium Hydroxide, Chlorphenesin, Phenoxyethanol",Beauty Counter Counter+ Charcoal Facial Mask,https://inkeedecoder.com/products/beauty-counter-counter-charcoal-facial-mask
comedo,"Aqua (Water), Glycerin, Charcoal Powder, Xanthan Gum, Hydroxyacetophenone, Chondrus Crispus (Carrageenan) Powder, Chlorphenesin, Glucomannan, Algin, Sodium Hyaluronate, Phenoxyethanol, Potassium Chloride, Citric Acid, Potassium Citrate, Parfum (Fragrance)",Blaq Hyaluronic Acid Eye Mask,https://inkeedecoder.com/products/blaq-hyaluronic-acid-eye-mask
comedo,"Avena Sativa (Oat) Kernel Flour, Kaolin, Charcoal Powder, Cocos Nucifera (Coconut) Shell Powder, Eleutherococcus Senticosus (Siberian Ginseng) Root Extract, Nelumbo Nucifera (Lotus) Seed Powder, Papain (Papaya Enzyme), Cymbopogon Martini (Palmarosa) Oil, Ribes Nigrum (Black Currant) Fruit Extract",Bybi Detox Dust Purifying Powder Mask,https://inkeedecoder.com/products/bybi-detox-dust-purifying-powder-mask
comedo,"Aqua/​Water/​Eau, Kaolin, Charcoal Powder, Magnesium Aluminum Silicate, Bentonite, Glycerin*, Cetearyl Alcohol, Coco-Glucoside, Camellia Sinensis Leaf, Olea Europaea (Olive) Seed Powder, Zingiber Officinale (Ginger) Root Powder, Salicylic Acid, Coconut Alcohol, Xanthan Gum, Caprylyl Glycol, Dipotassium Glycyrrhizate, Lactic Acid, Tetrasodium Glutamate Diacetate, Sodium Hyaluronate, Citric Acid, Ethylhexylglycerin, Chlorphenesin, Phenoxyethanol",C'est Moi Purifying Charcoal Clay Facial Mask,https://inkeedecoder.com/products/cest-moi-purifying-charcoal-clay-facial-mask
comedo,"(Sparkling) Water (Natural), Oat Flour, Charcoal Powder, Volcanic Ash, Sunflower Oil, Olive Oil, Green Tea Leaf Extract",Caolion Pore Cleansing Blackhead Steam,https://inkeedecoder.com/products/caolion-pore-cleansing-blackhead-steam
comedo,"Microcrystalline Cellulose, Sodium Cocoyl Isethionate, Bamboo Charcoal Powder, Magnesium Silicate, Tourmaline Crystal, Colloidal Oatmeal, Rice Starch (Oryza Sativa), Yogurt Powder, Menthyl Pca, Salicylic Acid, Titanium Dioxide, Allantoin, Grapefruit (Citrus Grandis) Oil, Cucumber Seed (Cucumis Sativus) Oil, Avocado (Persea Americana) Oil, Grapefruit Extract, Papain, Ginkgo (Ginko
Biloba) Biloba Extract, Green Tea (Camellia Sinensis) Extract, Licorice (Glycyrrhiza Glabra) Extract, Tea Tree (Melaleuca Alternifolia) Oil",Dermafix Dermapolish+ Activated Charchoal,https://inkeedecoder.com/products/dermafix-dermapolish-activated-charchoal
comedo,"Purified Water, Kaolin, Activated Charcoal, Titanium Dioxide, Emulsifying Wax, Glycerin, Cetyl Alcohol, Niacinamide, Calcium Pantothenate, Sodium Ascorbyl Phosphate, Tocopheryl Acetate, Pyridoxine Hcl, Maltodextrin, Sodium Starch Octenylsuccinate, Silica, Phenoxyethanol, Methylisothiazolinone, Fragrance, Sodium Caproyl/​Lauroyl Lactylate, Triethyl Citrate, Hydrolyzed Jojoba Esters, Hydroxyethylcellulose, Peppermint Oil, Disodium EDTA, Tea Tree Oil",Dot & Key Underarm Detox Charcoal Mask,https://inkeedecoder.com/products/dot-key-underarm-detox-charcoal-mask
comedo,"Aqua, Kaolin, Activated Charcoal, Emulsifying Wax, Cetyl Alcohol, Glycerine, Titanium Dioxide, Niacinamide, Calcium Pantothenate, Sodium Ascorbyl Phosphate, Tocopheryl Acetate, Pyridoxine Hcl, Maltodextrin, Sodium Starch Octenylsuccinate, Silica, Melaleuca Alternifolia (Tea Tree) Leaf Oil, Bisabolol, Mentha Piperita (Peppermint) Oil, Hydrolyzed Jojoba Esters, Sodium Caproyl/​Lauroyl Lactylate, Triethyl Citrate, Triethanolamine, Hydroxyethylcellulose, Disodium EDTA, Phenoxyethanol, Methylisothiazolinone, Ifra Certified Allergen Free Fragrance",Dot & Key Underarm Detox Charcoal Mask,https://inkeedecoder.com/products/dot-key-underarm-detox-charcoal-mask-2
comedo,"Bamboo Vinegar, Tourmaline Powder, Charcoal Powder",Fighting Girl Foot Pads,https://inkeedecoder.com/products/fighting-girl-foot-pads
comedo,"Organic Lavandula Augustifolia (Lavender Distillate), Organic Aloe Barbadensis (Leaf), Activated Bamboo Charcoal (Bamboo Charcoal Powder), Organic Salix Alba (Willow Bark), Kosher Vegetable Glycerin, Guar Gum, Methylsulfonylmethane (Msm), Saponified Oils Of Cocos Nucifera (Coconut Oil), Organic Helianthus Annuus (Sunflower), Organic Castor Seed, Hamamelis Virginiana (Witch Hazel), Sodium Ascorbyl Phosphate (Vitamin C), Eugenia Caryophyllata (Clove Essential Oil), Organic Juniperus Communis (Juniper), Organic Capsicum Annuum Var Aannuum (Cayenne), Panthenol (Vitamin B5), Citric Acid, Rosemary Seed Extract, Mentha Piperita (Peppermint) Leaf Extract, **Cucumis Sativus (Cucumber) Fruit Extract**",Fitglow Detox Cleanser,https://inkeedecoder.com/products/fitglow-detox-cleanser
comedo,"Aqua (Water), Glycerin, Charcoal Powder, Xanthan Gum, Hydroxyacetophenone, Chondrus Crispus (Carrageenan) Powder, Chlorphenesin, Glucomannan, Algin, Sodium Hyaluronate, Phenoxyethanol, Potassium Chloride, Citric Acid, Potassium Citrate, Parfum (Fragrance)",Generation Skin Revitalizing Hyaluronic Acid Eye Patches,https://inkeedecoder.com/products/generation-skin-revitalizing-hyaluronic-acid-eye-patches
comedo,"Water (Aqua), Canadian Glacial Clay, Charcoal, Glycerin, Aloe Barbadensis (Vera) Leaf Juice, Matricaria Recutita (Chamomile) Flower Extract, Camellia Sinensis (Green Tea) Leaf Extract, Olea Europaea (Olive) Leaf Extract, Acrylates Copolymer, Citrus Aurantium Dulcis (Orange) Oil, Broad Spectrum Hemp Extract, Caprylic/​Capric Triglyceride, Caprylyl Glycol, Iodopropynyl Butylcarbamate, Phenoxyethanol",HUGS WELLNESS CBD Chamomile Clay Mask,https://inkeedecoder.com/products/hugs-wellness-cbd-chamomile-clay-mask
comedo,"Glycerin, Avena Sativa (Oat) Kernel Powder, Charcoal Powder, Babassu Oil Polyglyceryl-4-Esters, Oryza Sativa Powder, Kaolin, Coco-Glucoside, Leuconostoc/​Radish Root Ferment Filtrate, Hydrogenated Farnesene, Cocos Nucifera Fruit Extract, Sodium Alginate, Copaifera Reticulata Balsam Oil, Camellia Sinensis Leaf Extract, Rosmarinus Officinalis Leaf Oil, Lavandula Angustifolia Oil, Citrus Limon Peel Oil, Linalool*, Limonene*, Geraniol*, Citral*",IOSSI Charcoal. Purifying Facial Cleansing Paste,https://inkeedecoder.com/products/iossi-charcoal-purifying-facial-cleansing-paste
comedo,"PVP, Water, Charcoal Powder, Acacia Senegal Gum, Glycerin, Polyglyceryl-10 Laurate, Polyglyceryl-10 Myristate, Kaolin, Propylene Glycol, Titanium Dioxide, Hydroxyacetophenone, Butylene Glycol, Melaleuca Alternifolia (Tea Tree) Leaf Extract, Pinus Palustris Leaf Extract, Ulmus Davidiana Root Extract, Oenothera Biennis (Evening Primrose) Flower Extract, Pueraria Lobata Root Extract, Ethylhexylglycerin, Citrus Limon (Lemon) Fruit Extract",Lumin Charcoal Cleansing Pore Strip,https://inkeedecoder.com/products/lumin-charcoal-cleansing-pore-strip
comedo,"Water, Salicylic Acid, Activated Charcoal, Organic Coconut Oil, Potassium Hydroxide, Organic Palm Kernel Oil, Organic Olive Oil, Mentha Arvensis, Organic Hemp Oil, Organic Jojoba Oil, Mentha Piperita, Citric Acid, Tocopherol",Matte Purifying Face Wash,https://inkeedecoder.com/products/matte-purifying-face-wash
comedo,"Organic Aloe Barbadensis Leaf (Organic
Aloe Vera) Juice, Coco-Glucoside, Activated Charcoal, Decyl Glucoside, Glycerin, Disodium Cocoamphodiacetate, Sodium Cocoyl Glutamate, Inulin, Phospholipids, Hydrolyzed Wheat Protein, Salix Nigra (Willow) Bark Extract, Gaultheria Procumbens (Wintergreen) Extract, Vaccinium Myrtillus (Bilberry) Extract, Saccharum Officinarum (Sugar Cane) Extract, Acer Saccharum (Sugar Maple) Extract, Citrus Aurantium Dulcis (Orange) Fruit, Citrus Limon (Lemon) Fruit Extract, Tocopherol, Retinyl Palmitate, Ascorbyl Palmitate, Beta-Carotene, Panthenol, Lavandula Angustifolia (Lavender) Oil, Anthemis Nobilis (Chamomile) Oil, Melaleuca Alternifolia (Tea Tree) Leaf Oil, Acrylates/​C10-30 Alkyl Acrylate Crosspolymer, Sodium Phytate, Dehydroacetic Acid, Sodium Hydroxide",Michael Todd Beauty Charcoal Detox,https://inkeedecoder.com/products/michael-todd-beauty-charcoal-detox
comedo,"Kaolinite (White Clay), Avena Sativa (Rolled Oats), Charcoal, Rosa Centifolia (Rose Petals), Essential Oil Blend",Midnight Paloma Charcoal + Rose Detox Mask,https://inkeedecoder.com/products/midnight-paloma-charcoal-rose-detox-mask
comedo,charcoal-powder,Next page >>,https://inkeedecoder.com/ingredients/charcoal-powder?uoffset=1
comedo,"Adapalene 0.1%, Carbomer Homopolymer, Edetate Disodium, Methylparaben, Poloxamer 182, Propylene Glycol, Purified Water, Sodium Hydroxide","0.1% | Effaclar Adapalene Gel 0.1% Acne Treatment
        

            La Roche-Posay",https://inkeedecoder.com/products/la-roche-posay-effaclar-adapalene-gel-0-1-acne-treatment
comedo,"Water, Azelaic Acid 20.0%, Ascorbic Acid, Tocopherol, Collagen, Ubiquinone, Carbomer, Squalane, Centella Asiatica Extract, Curcuma Longa Root Extract, Glycolic Acid, Sodium Hydroxide, EDTA, Potassium Sorbate","20.0% | Azelaic Acid
        

            Derma Forte",https://inkeedecoder.com/products/derma-forte-azelaic-acid
comedo,"Aqua, Propylene Glycol, Azelaic Acid 15.0%, Tetrahydroxypropyl Ethylenediamine, Potassium Azeloyl Diglycinate 5.0%, Polyacrylate Crosspolymer-6, Salicylic Acid 2.0%, Lactobionic Acid, Bisabolol, Gluconolactone, Arginine, Quaternium-73, Dipotassium Glycyrrhizate, 1,2-Hexanediol, Isopentyldiol, O- Cymen-5-Ol, Hydroxyacetophenone","15.0% | Azelaic Acid Control Facial Acne Gel
        

            Aisuanis",https://inkeedecoder.com/products/aisuanis-empowerment-azelaic-acid-control-facial-acne-gel
comedo,"Aqua, Dipropylene Glycol, Cyclopentasiloxane, Azelaic Acid 10.0%, Lauryl PEG-9 Polydimethylsiloxyethyl Dimethicone, Dimethicone, Phenyl Trimethicone, Polyglyceryl-4 Isostearate, Sodium Hydroxide, Squalane, Salicylic Acid 1.0%, Mandelic Acid, Potassium Azeloyl Diglycinate, Panthenol, Niacinamide, Stephania Tetrandra Extract, Beta-Sitosterol, Arginine, Tremella Fuciformis (Mushroom) Extract, Butylene Glycol, Sodium Hyaluronate, Magnesium Stearate, Hydroxyacetophenone, 1,2-Hexanediol, Quaternium-73, Pentylene Glycol, Hydroxyphenyl Propamidobenzoic Acid","10.0% | Empowerment Azelaic Acid Sebamed Clear Face Facial Cream
        

            Aisuanis",https://inkeedecoder.com/products/aisuanis-empowerment-azelaic-acid-sebamed-clear-face-facial-cream
comedo,"Aqua (Water), Propylene Glycol, Azelaic Acid 10.0%, Caprylic/​Capric Triglyceride, Stearyl Alcohol, Betaine, Glycerin, Ceteareth-20, Allantoin, Polyacrylate Crosspolymer-6, Disodium EDTA, Methylparaben","10.0% | Professional 10% Azelaic Acid Face Serum
        

            Bielenda",https://inkeedecoder.com/products/bielenda-professional-10-azaleic-acid-face-serum
comedo,"Aloe Barbadensis Leaf Extract, Propylene Glycol, Azelaic Acid 10.0%, Polysorbate 20, 1,2-Hexanediol, Propanediol, Panthenol, Niacinamide, Sodium Hyaluronate 0.2%, Hamamelis Virginiana (Witch Hazel) Leaf Extract, Rosmarinus Officinalis (Rosemary) Extract, Eucalyptus Globulus Leaf Extract, Thymus Vulgaris (Thyme) Extract, Aspalathus Linearis Extract","10.0% | Azelaic Acid 10% Serum
        

            Cos De BAHA",https://inkeedecoder.com/products/cos-de-baha-azelaic-acid-10-serum
comedo,"Aqua (Water), Azelaic Acid 10.0%, Caprylic/​Capric Triglyceride, Niacinamide 5.0%, Dicaprylyl Carbonate, Ascorbyl Glucoside 2.0%, Cetearyl Alcohol, Glycerin, Glyceryl Stearate SE, Cetearyl Olivate, Bakuchiol 1.0%, Sorbitan Olivate, Benzyl Alcohol, Xanthan Gum, Phenoxyethanol, Sodium Hydroxide, Disodium EDTA, Dehydroacetic Acid","10.0% | Flawless Brightly Serum
        

            Dr Sam Bunting",https://inkeedecoder.com/products/dr-sam-bunting-flawless-brightly-serum
comedo,"Aqua (Water), Isodecyl Neopentanoate, Dimethicone, Azelaic Acid 10.0%, Dimethicone/​Bis-Isobutyl PPG-20 Crosspolymer, Dimethyl Isosorbide, Hydroxyethyl Acrylate/​Sodium Acryloyldimethyl Taurate Copolymer, Polysilicone-11, Isohexadecane, Tocopherol, Trisodium Ethylenediamine Disuccinate, Isoceteth-20, Polysorbate 60, Triethanolamine, Ethoxydiglycol, Phenoxyethanol, Chlorphenesin","10.0% | Azelaic Acid Suspension 10%
        

            The Ordinary",https://inkeedecoder.com/products/the-ordinary-azelaic-acid-suspension-10
comedo,"Aqua (Water), Propylene Glycol, Ammonium Polyacryloyldimethyl Taurate, Azelaic Acid 5.0%, Squalane 5.0%, Salicylic Acid 2.0%, Glyceryl Stearate, Disodium EDTA, PEG-100 Stearate, Sodium Hydroxide, Bakuchiol 0.5%","5.0% | Flawless Neutralising Gel
        

            Dr. Sam Bunting Skincare",https://inkeedecoder.com/products/dr-sam-bunting-skincare-flawless-neutralising-gel
comedo,"Aqua (Water/​Eau), Butylene Glycol, Niacinamide 10.0%, Azelaic Acid 5.0%, Dicaprylyl Carbonate, Glycerin, Ethoxydiglycol, Cetearyl Alcohol, Dimethyl Isosorbide, Bakuchiol 1.0%, Tapioca Starch, Benzyl Alcohol, Allantoin, Sodium Stearoyl Glutamate, Xanthan Gum, Phenoxyethanol, Hydroxypinacolone Retinoate 0.2%, Disodium EDTA, Dehydroacetic Acid, Polymethylsilsesquioxane","5.0% | Flawless Nightly Serum
        

            Dr. Sam Bunting Skincare",https://inkeedecoder.com/products/dr-sam-bunting-skincare-flawless-nightly-serum
comedo,Calcium Bentonite Clay,ANCIENT HEALING CLAY Deep Facial Cleanser,https://inkeedecoder.com/products/ancient-healing-clay-deep-facial-cleanser
comedo,"Pure Calcium Bentonite Clay, Activated Carbon",Apotheke Detoxifying Face Mask,https://inkeedecoder.com/products/apotheke-detoxifying-face-mask
comedo,Bentonite (Sodium Bentonite),Australian Wholesale Oils Bentonite Clay,https://inkeedecoder.com/products/australian-wholesale-oils-bentonite-clay
comedo,Calcium Bentonite (Green) Clay,Aztec Secret Indian Healing Clay,https://inkeedecoder.com/products/aztec-secret-indian-healing-clay
comedo,"Bentonite, Zinc Oxide, Kaolin, Menthol, Camphor, Witch Hazel Extract, Chamomile",Dr. Duval Máscara De Fango,https://inkeedecoder.com/products/dr-duval-mascara-de-fango
comedo,"Bentonite, Kaolin","Freeman Instant, Deep Cleansing Facial + Body Powder To Clay Mask",https://inkeedecoder.com/products/freeman-instant-deep-cleansing-facial-body-powder-to-clay-mask
comedo,"Bentonite, Sodium Cocoyl Isethionate, Kaolin, Oryza Sativa (Rice) Bran Powder, Hibiscus Sabdariffa Flower Powder, Maltodextrin, Bambusa Arundinacea Stem Extract, Zea Mays (Corn) Starch, 3-O-Ethyl Ascorbic Acid, Papain, Bromelain, Glycyrrhiza Glabra (Licorice) Root Powder, Kojic Acid, Aloe Barbadensis (Aloe Vera) Leaf Juice Powder, Cocos Nucifera (Coconut) Liquid Endosperm, Camellia Sinensis (Green Tea) Leaf Powder, Chamomilla Recutita (Matricaria) Flower Powder, Rubus Idaeus (Raspberry) Seed Powder, Vaccinium Corymbosum (Blueberry) Seed Powder, Sodium Hyaluronate, Acacia Senegal (Acacia) Gum",Holifrog Sunapee Sacred C Powder Wash,https://inkeedecoder.com/products/holifrog-sunapee-sacred-c-powder-wash
comedo,"Bentonite, Sodium Cocoyl Isethionate, Kaolin, Oryza Sativa (Rice) Bran Powder, Bambusa Arundinacea (Bamboo) Stem Powder, Zea Mays (Corn) Starch, L Ascorbic Acid (Vitamin C), Papain, Kojic Acid, Bromelain, Sodium Hyaluronate, Cocos Nucifera (Coconut) Milk Powder, Glycyrrhiza Glabra (Licorice) Root Powder, Aloe Barbadensis (Aloe Vera) Leaf Juice, Camellia Sinensis (Green Tea) Leaf Powder, Chamomilla Recutita (Matricaria) Flower Powder, Rubus Idaeus (Raspberry) Seed Powder, Vaccinium Corymbosum (Blueberry) Seed, Tocopheryl Acetate (Vitamin E), Tapioca, Maltodextrin, Acacia Senegal (Acacia) Gum, Potassium Sorbate, Gluconolactone, Sodium Benzoate",Holifrog Sunapee Sacred-C Brightening Powder Wash,https://inkeedecoder.com/products/sunapee-sacred-c-brightening-powder-wash
comedo,"Bentonite Clay, Organic Matcha Powder, Organic Peppermint Leaf",Honey Belle Diy Detox Mask Matcha Mint,https://inkeedecoder.com/products/honey-belle-diy-detox-mask-matcha-mint
comedo,"Organic Pink Clay, Organic Diatomaceous Earth Clay, Organic Ashwagandha Leaf Botanical Powder, Organic Aloe Vera Leaf Botanical Powder, Organic Sea Buckthorn Botanical Powder, Organic Pink Rose Petal Flower Botanical Powder, Organic Rosehip Botanical Powder, Organic Chamomile Botanical Powder, Organic Calendula Botanical Powder, Methyl Sulfonyl Methane (Msm), Organic Marshmallow Root Botanical Powder, Organic Lavender Flower Botanical Powder, Organic Bromelain Botanical Powder, Organic Cordycep Mushroom Botanical Powder, Organic Reishi Mushroom Botanical Powder, Organic Schizandra Berry Botanical Powder, Organic Slippery Elm Bark Botanical Powder, Organic Turmeric Root Botanical Powder, Organic Bee Propolis Botanical Powder, Probiotic Powder, Organic Yarrow Botanical Powder, Panthenol, Ylang Ylang Organic Essential Oil, Basil Organic Essential Oil, Yarrow Organic Essential Oil, Chamomile Organic Essential Oil",Illuminate Skin Therapies Mend Restoration Mask,https://inkeedecoder.com/products/illuminate-skin-therapies-mend-restoration-mask
comedo,"Bentonite Clay, Purified Water, Rosa Damascena (Rose) Flower Water, Avena Sativa (Oat) Seed Oil, Brassica Oleracea Italica (Broccoli) Seed Oil, Hippophae Rhamnoides (Sea Buckthorn) Oil, Benzyl Alcohol, Salicylic Acid, Glycerin, Sorbic Acid (At .6% Of Formulation For Natural Preservation.)",K'Pure Naturals Goal Digger,https://inkeedecoder.com/products/kpure-naturals-goal-digger
comedo,"Bentonite (New Zealand Glacial Clay), Rum Complex, [Oryza Sativa Seed Extract - Rice, Vigna Mungo Seed Extract - Urad, Lens Culinaris Seed Extract - Masoor], Purified Water, Rosa Damascena Water (Rose), Erythritol, C12-15 Alkyl Benzoate, Chamomilla Recutita Extract (Chamomile), Jasmine Extract, Glycerine, Propanediol, Betaine, Arachidyl Alcohol, Linoleic Acid, Phenoxyethanol, Glyceryl Caprylate, Behenyl Alcohol, Arthrospira Platensis (Spirulina), Chlorophyll, Fragrance, Arachidyl Glucoside, Ethyl Hexyl Glycerine, Trisodium Ethylenediamine Disuccinate, Tocopherol (Vitamin E), Xanthan Gum, Allantoin, Glyceryl Undecylenate, Aloe Vera Extract, Caprylyl Glycol, Pentaerythrityl Tetra-Di-T-Butyl Hydroxyhydrocinnamate, Potassium Sorbate",Light Up Beauty Beam Glacial Glow Mud,https://inkeedecoder.com/products/light-up-beauty-beam-glacial-glow-mud
comedo,(100% Pure And Premium Calcium) Bentonite Clay,Luxe Organix Bentonite Indian Healing Clay,https://inkeedecoder.com/products/luxe-organix-bentonite-indian-healing-clay
comedo,Bentonite Clay,Malinca Clay Face Mask,https://inkeedecoder.com/products/malinca-clay-face-mask
comedo,"Bentonite, Spirulina Platensis Powder, Melaleuca Alternifolia Leaf Oil, Limonene",Manna Szépítő Arcpakolás,https://inkeedecoder.com/products/manna-mattito-taplalo-pakolas-zsiros-borre-kek-agyaggal
comedo,"Bentonite, Calcium Sulfate, Algin, Diatomaceous Earth, Mica, Silica, Charcoal Powder, Polymethylsilsesquioxane, Trisodium Phosphate, Carnosine, Terminalia Chebula Fruit Extract, Alumina, Triethoxycaprylylsilane, Hydroxypropyl Methylcellulose, Colloidal Platinum, Boswellia Carterii (Frankincense) Oil, Citrus Aurantium Amara (Bitter Orange) Flower Oil, Lavandula Angustifolia (Lavender) Herb Oil, Pullulan, Porphyridium Cruentum Extract, Linalool, Limonene, Ci 77891 (Titanium Dioxide)",Medik8 Age Defying Platinum Mask,https://inkeedecoder.com/products/medik8-age-defying-platinum-mask
comedo,Bentonite (100%),Nacomi Black Clay,https://inkeedecoder.com/products/nacomi-black-clay
comedo,"(Calcium Bentonite Clay Ingredients:) (Calcium Montmorillonite (Green) Clay) Bentonite, Water, Lactic Acid, Potassium Lactate, Hamamelis Virginiana (Witch Hazel) Leaf Water, Phenoxyethanol, Ethylhexylglycerin",Open Formula Bentonite Clay Mask (100% Bentonite Clay) + 13% AHA Solution,https://inkeedecoder.com/products/open-formula-bentonite-clay-mask-100-bentonite-clay-13-aha-solution
comedo,"Bentonite Clay, Rhassoul Clay, Rice Bran, Rice Starch, Adzuki Bean Powder, Chickpea Powder, Corn Starch, Coconut Milk, Starch, Buttermilk Starch, Ocimum Tenuiflorum (Tulsi) Extract, Lysine, Orange Peel Extract, Colloidal Oatmeal, Tapioca Starch, Honey Powder, Ashwagandha, Salicylic Acid, Papain, Ginseng, Vitamin C (L-Ascorbic Acid), Orange Fruit Extract, Lime Fruit Extract, Magnesium Ascorbyl Phosphate, Arbutin, Kojic Acid, Beta-Glucan, Licorice Root Extract, Tea Tree Oil",Prana Spaceuticals Resurfacing Micro-Therapy Powder,https://inkeedecoder.com/products/prana-spaceuticals-resurfacing-micro-therapy-powder
comedo,(100% Pure) Sodium Bentonite Clay,Pure Body Naturals Bentonite Clay,https://inkeedecoder.com/products/pure-body-naturals-bentonite-clay
comedo,"Bentonite Clay, Water (Aqua), Denatured Alcohol, Zinc Oxide, Castor Oil (Ricinus Communis Seed), Tea Tree (Melaleuca Alternifolia Leaf) Oil",Rosen Skincare Tingling Mud Mask,https://inkeedecoder.com/products/rosen-skincare-tingling-mud-mask
comedo,"Bentonite Clay, Organic Moringa, Organic Kelp Powder",Sea-el Diy Superfood Mask,https://inkeedecoder.com/products/sea-el-diy-superfood-mask
comedo,"Bentonite, Adansonia Digitata (Baobab) Fruit Powder*, Macadamia Integrifolia (Macadamia Shell) Powder**, Agathosma Betulina (Buchu) Leaf Extract*, Ascorbyl Palmitate, Pelargonium Graveolens (Rose Geranium) Oil*, Pogostemon Cablin (Patchouli) Oil*, Cananga Odorata (Ylang Ylang) Flower Oil*, Citrus Aurantium Amara (Petitgrain) Leaf/​Twig Oil*, Linalool**, Limonene**, Geranial**",Skin Creamery Deep Cleansing Powder,https://inkeedecoder.com/products/skin-creamery-deep-cleansing-powder
comedo,"Bentonite, Butyloctyl Salicylate, Coco-Caprylate, Dicaprylyl Carbonate, Diisopropyl Adipate, Isopropyl Palmitate, Propylene Carbonate, Stearalkonium Hectorite, Titanium Oxide, Tocopherol, Triacontanyl Pvp, Cocos Nucifera (Coconut) Oil, Aloe Leaf Extract, Coconut Sweetie Hypoallergenic Aroma",Skinnies The Green Collective Sg Skinnies Kids SPF 50,https://inkeedecoder.com/products/skinnies-kids-spf50
comedo,Pure Bentonite Clay,Sky Organics 100% Pure Bentonite Clay,https://inkeedecoder.com/products/sky-organics-100-pure-bentonite-clay
comedo,Pure Bentonite Clay,"Sky Organics Indian Healing Clay, 100% Pure And Natural Grade A",https://inkeedecoder.com/products/sky-organics-indian-healing-clay-100-pure-and-natural-grade-a
comedo,Bentonite Clay,The Vitamin Shoppe 100% Natural Bentonite Clay,https://inkeedecoder.com/products/the-vitamin-shoppe-100-natural-bentonite-clay
comedo,"Bentonite Clay, Tea Tree Water, Witch Hazel, Peppermint Water, Spearmint Water, Spearmint Essential Oil, Pink Grapefruit Essential Oil, Lemon Essential Oil, Tea Tree Essential Oil, Aloe Vera","TreeActiv Cystic Acne Spot Treatment, Bentonite Clay & Tea Tree Essential Oil",https://inkeedecoder.com/products/treeactiv-cystic-acne-spot-treatment-bentonite-clay-tea-tree-essential-oil
comedo,"Calcium Bentonite Clay, Japanese Pearl Powder, Zinc Oxide, French Green Clay, Arrowroot, Kaolin Clay, Turmeric Powder, Calendula Crushed Flowers, Moringa Powder",VO BEAUTY 5 Minute Facial,https://inkeedecoder.com/products/vo-beauty-5-minute-facial
comedo,Natural Calcium Bentonite,Wildleaf 100% Natural Healing Clay Mask,https://inkeedecoder.com/products/wildleaf-100-natural-healing-clay-mask
comedo,"Zinc Oxide (12 %), Bentonite, Butyloctyl Salicylate, Caprylhydroxamic Acid, Caprylyl Glycol, Carthamus Tinctorius (Safflower) Seed Oil, Cetearyl Alcohol, Coco-Glucoside, Vegetable Glycerin, Heptyl Undecylenate, Ilex Paraguariensis (Yerba Mate) Leaf Extract, Jojoba Ester, Methyl Dihydroabietate, Water",100% Pure Yerba Mate Mist SPF 30,https://inkeedecoder.com/products/100-pure-yerba-mate-mist-spf-30
comedo,"Aqua (Water), Bentonite, Aloe Barbadensis Leaf Juice, Dimethicone, Phenoxyethanol, Algae Extract, Mugwort (Artemisia Vulgaris) Extract, Green Tea, Calcium, L-Ascorbic, Sorbitol, Glycerin, Magnesium Ascorbyl Phosphate, Dimethyl MEA, Sea Salt (Maris Sal), Tocopheryl Acetate, Eugenia Caryophyllus (Clove) Flower Extract, Dioscorea Villosa (Wild Yam) Root Extract, Caprylyl Glycol, Chlorphenesin",24K Donna Bella Dmae Instant Lifting Mask,https://inkeedecoder.com/products/24k-donna-bella-dmae-instant-lifting-mask
comedo,"Sodium Chloride, Bentonite, Dermawhite, Aqua, Tartaric Acid, Disodium EDTA, Sodium Sulfite, Sodium Metabisulfite, Glycerin, Butylene Glycol, Saxifraga Sarmentosa Extract, Carica Papaya (Papaya) Fruit Extract, Psidium Guajava Fruit Extract, Kaolin, Allantoin, Hydrolysed Milk Protein, Cmc Carboxy, Methyl Hydroxyethylcellulose, Corn Starch",A BONNÉ Spa Milk Salt,https://inkeedecoder.com/products/a-bonne-spa-milk-salt
comedo,"Aqua, Bentonite, Kaolin, Glycerin, (Vegetable) Aspalathus Linearis, (Rooibos) Hypoxis Hemerocallidea, (African Potato) Xanthan Gum, Hectorite, Aloe Barbadensis Leaf Extract, Magnesium, Sclerocarya Birrea Seed Oil, Niacin (Vit B3), Pelargonium Graveolens (Geranium) Flower Oil, Boswellia Carteri (Frankincense) Oil, Sodium Phytate (Chelation), Gluconolactone, Sodium Benzoate",Africology Clay Masque,https://inkeedecoder.com/products/africology-clay-masque
comedo,"Aqua (Water), Bentonite, Pentylene Glycol, Kaolin, Moroccan Lava Clay, Propanediol, Glyceryl Ricinoleate, Glycerin, Caprylic/​Capric Triglyceride, Glyceryl Stearate SE, Salicylic Acid, Mandelic Acid, Honey (Mel), Stearic Acid, Caprylyl Glycol, Leuconostoc/​Radish Root Ferment Filtrate, Punica Granatum Seed Oil, Euterpe Oleracea Fruit Oil, Vitis Vinifera Seed Oil, Punica Granatum Extract, Euterpe Oleracea Fruit Extract, Vaccinium Angustifolium Fruit Extract, Ceramide NP, Panthenol, Allantoin, Bisabolol, Tocopherol, Sodium Gluconate, Cocamidopropyl Hydroxysultaine, Sodium Hydroxide, Citric Acid, Phenoxyethanol",Allies of Skin Rhassoul & BHA Antioxidants Purifying Mask,https://inkeedecoder.com/products/allies-of-skin-rhassoul-bha-antioxidants-purifying-mask
comedo,"Aqua, Bentonite, Kaolin, Glycerin, Cetyl Alcohol, Carthamus Tinctorius (Safflower) Seed Oil, Stearyl Alcohol, Steareth-21, Iron Oxide Ci 77492, Titanium Dioxide, Glyceryl Stearate, PEG-100 Stearate, Mannitol, Hydrogenated Lecithin, Acrylates/​Ammonium Methacrylate Copolymer, Triethyl Citrate, Myrciaria Dubia Fruit Extract, Organic Salix Alba (Willow) Bark Extract, Organic Cucumis Sativus (Cucumber) Fruit Extract, Organic Honey, Organic Glycyrrhiza Glabra (Licorice) Root Extract, Coconut Alkanes, Polyhydroxystearic Acid, Stearic Acid, Alumina, Coco-Caprylate/​Caprate, Laminaria Japonica (Seaweed) Extract, Panthenol, Allantoin, Cellulose Gum, Carbomer, Sodium Dehydroacetate, Phenoxyethanol, Capryl Glycol, Ethylhexylglycerin, Hexylene Glycol, Fragrance",Avinichi Camuglow Transforming Mask,https://inkeedecoder.com/products/avinichi-camuglow-transforming-mask
comedo,"Zinc Oxide (14.5%), Bentonite, Bisabolol, Butyloctyl Salicylate, Calendula Officinalis Flower Extract, Caprylhydroxamic Acid, Caprylic/​Capric Triglyceride, Caprylyl Glycol, Carthamus Tinctorius (Safflower) Seed Oil, Cellulose Gum, Cetearyl Alcohol, Chamomilla Recutita (Matricaria) Flower Extract, Coco-Glucoside, Glycerin, Helianthus Annuus (Sunflower) Oil, Jojoba Esters, Methyl Dihydroabietate, Microcrystalline Cellulose, Nasturtium Officinale Flower/​Leaf Extract, Polyhydroxystearic Acid, Propanediol, Pueraria Lobata Root Extract, Spiraea Ulmaria Flower Extract, Tetradecane, Tocopherol, Water (Aqua)","Babo Botanicals Baby Skin Mineral Sunscreen Pump Spray, Spf 30",https://inkeedecoder.com/products/babo-botanicals-baby-skin-mineral-sunscreen-pump-spray-spf-30
comedo,"Montmorillonite (French Red Clay), Bentonite, Rosa Canina (Rosehip) Extract, Ananas Sativus (Pineapple) Fruit Extract, Citrus Aurantium Dulcis (Orange) Fruit Extract, Carica Papaya (Papaya) Fruit Extract",BajaZen C-Boost Raw Mask Vitamin C,https://inkeedecoder.com/products/bajazen-e-boost
comedo,"Aqua/​Water, Bentonite, Kaolin, Propylene Glycol, Magnesium Aluminium Silicate, Titanium Dioxide, Ethylhexyl Stearate, Cetearyl Alcohol, Paraffinum Liquidum, Panthenol, Cocamidopropyl Betaine, Glyceryl Laurate, Saccharomyces Cerevisiae Extract, Sodium Hyaluronate, Wheat (Triticum Vulgare) Germ Extract, Xanthan Gum, Alumina, Stearic Acid, Phenoxyethanol, Ethylhexylglycerin",Bandi Professional Astringent Cream Mask,https://inkeedecoder.com/products/bandi-professional-astringent-cream-mask
comedo,"Non-Nano Zinc Oxide 14.0 %, Bentonite, Butyloctyl Salicylate, C12-20 Alkyl Glucoside, C14-22 Alcohols, Caprylhydroxamic Acid, Caprylyl Glycol, Cellulose Gum, Cetearyl Alcohol, Citrus Aurantium Dulcis (Orange) Peel Oil, Citrus Limon (Lemon) Peel Oil, Citrus Reticulata (Tangerine) Peel Oil, Coco-Glucoside, Daucus Carota Sativa (Carrot) Seed Oil, Glycerin, Jojoba Esters, Mentha Piperita (Peppermint) Oil, Methyl Dihydroabietate, Microcrystalline Cellulose, Mimosa Tenuiflora Bark Extract, Octyldodecyl Oleate, Polyester-8, Rubus Idaeus (Raspberry) Seed Oil, Shea Butter Ethyl Esters, Tocopherol, Vitis Vinifera (Grape) Seed Oil, Water",Bare Republic Citrus Cooler SPF 30,https://inkeedecoder.com/products/bare-republic-citrus-cooler
comedo,"Cetyl PEG/​PPG-10/​1 Dimethicone, Bentonite, Stearic Acid, Simmondsia Chinensis(Jojoba) Butter, Cyclopentasiloxane, Diisostearyl Malate, Tocopherol, Water, Sodium Hyaluronate, Propylene Glycol, Ethylhexylglycerin, Ci 77891",Beauty Glazed Full Coverage Concealer,https://inkeedecoder.com/products/beauty-glazed-full-coverage-concealer
comedo,"Water, Bentonite, Titanium Dioxide, Zinc Oxide, Hamamelis Virginiana (Witch Hazel) Extract, Butylene Glycol, Xanthan Gum, Polysorbate 80, Sulphur, Phenoxyethanol, Tetrasodium EDTA, Ethylhexylglycerin",Beauty Society Let's Face It,https://inkeedecoder.com/products/beauty-society-lets-face-it
comedo,"Zinc Oxide, Bentonite, Butyloctyl Salicylate, Caprae Lac, Caprylhydroxamic Acid, Capryloyl Glycerin/​Sebacic Acid Copolymer, Caprylyl Glycol, Carthamus Tinctorius (Safflower) Oleosomes, Cetearyl Alcohol, Citric Acid, Cocos Nucifera (Coconut) Extract, Cyclodextrin, Diheptyl Succinate, Glycerin, Glyceryl Stearate Citrate, Glyceryl Caprylate, Hydrolyzed Milk Protein, Hydrolyzed Wheat Protein/​PVP Crosspolymer, Propanediol, Shea Butter Ethyl Esters, Sodium Gluconate, Sodium Stearoyl Glutamate, Tocopherol, Water (Aqua)",Beekman 1802 Triple Milk Primer Spf 35,https://inkeedecoder.com/products/beekman-1802-triple-milk-primer-spf-35
comedo,"Water (Aqua), Bentonite, Kaolin, Propylene Glycol, Triticum Vulgare (Wheat) Germ Oil, Zea Mays (Corn) Oil, Sodium PCA, Pentylene Glycol, Xanthan Gum, Allantoin, Polyacrylamide, Disodium EDTA, C13-14 Isoparaffin, Caprylyl Glycol, Panthenol, Tocopheryl Acetate, Laureth-7",Biologique Recherche Biomagic Mask,https://inkeedecoder.com/products/biologique-recherche-biomagic-mask
comedo,"Water (Aqua) (Eau), Bentonite, Glycerin, Sodium Lauroyl Sarcosinate, Magnesium Aluminum Silicate, Kaolin, Lauryl Glucoside, Cocamidopropyl Hydroxysultaine, Salix Nigra (Willow) Bark Extract, Camellia Sinensis Leaf Extract, Hippophae Rhamnoides Extract, Melaleuca Alternifolia (Tea Tree) Leaf Oil, Citrus Nobilis (Mandarin Orange) Peel Oil, Menthol, Sodium Cocoyl Apple Amino Acids, Shea Butteramidopropyl Betaine, Acacia Senegal Gum, Xanthan Gum, Zinc Gluconate, Copper Gluconate, Magnesium Aspartate, Caprylyl/​Capryl Glucoside, Propanediol, Hexylene Glycol, Tetrasodium Glutamate Diacetate, Phenoxyethanol, Ethylhexylglycerin, Benzoic Acid, Sodium Citrate, Citric Acid, Limonene, Titanium Dioxide (C177891), Blue 1 (Ci 42090)",Bliss Pore Patrol Cleanser,https://inkeedecoder.com/products/bliss-pore-patrol-cleanser
comedo,"(Plant-Derived) Glycerine, (Natural Blue Clay) Bentonite, Aqua, (Leuconostoc)Radish Root Ferment Filtrate, Lactobacillus, Urtica Dioica (Nettle) Root Powder, Indigofera Tinctoria Leaf Powder, Cocos Nucifera (Coconut) Fruit Extract",Bloomtown Blue Clay Mask Soothing Bentonite & Indigo Leaf,https://inkeedecoder.com/products/bloomtown-blue-clay-mask-soothing-bentonite-indigo-leaf
comedo,"Water/​Eau (Aqua), Bentonite (Ci 77004), Propylene Glycol, Iron Oxides (Ci 77491, Ci 77492, Ci 77499), Prunus Amygdalus Dulcis (Sweet Almond) Oil, Persea Gratissima (Avocado) Oil, Rhodiola Rosea (Arctic) Root Extract, Eleutherococcus Senticosus (Siberian Ginseng) Root Extract, Rhaponticum Carthamoides (Maral) Root Extract, Inonotus Obliquus (Mushroom) Extract, Selaginella Lepidophylla Extract, Sea Salt (Maris Sal), Fragrance (Parfum), Hydrolyzed Collagen, Hyaluronic Acid, Collagen Amino Acids, Adenosine Triphosphate, Sodium Sulfate, Sodium Chloride, Sodium Carbonate, Potassium Chloride, Polysorbate 20, Magnesium Aluminum Silicate, Cellulose Gum, Hydroxyethylcellulose, Sodium Acetate, Cellulose, Trisodium EDTA, Montmorillonite, Phenoxyethanol, Caprylyl Glycol, Sorbic Acid, Chromium Oxide Green (Ci 77289), Titanium Dioxide (Ci 77891), Sodium Benzoate, Quartz",Borghese Advanced Fango Active Purifying Mud Mask,https://inkeedecoder.com/products/borghese-advanced-fango-active-purifying-mud-mask
comedo,"Aqua, Bentonite, Kaolin, Cetearyl Alcohol, Pentaerythrityl Tetraethylhexanoate, Propanediol, 1,2-Hexanediol, Polyglyceryl-3 Methylglucose Distearate, Glycerin, Charcoal Powder, Acer Saccharum Extract, Citrus Limon Fruit Extract, Pogostemon Cablin Oil, Citric Acid, Citrus Aurantium Bergamia Fruit Oil, Saccharum Officinarum Extract, Pistacia Lentiscus Gum, Salvia Officinalis Oil, Pelargonium Graveolens Flower Oil, Rosmarinus Officinalis Leaf Extract, Vaccinium Myrtillus Fruit Extract, Camellia Sinensis Leaf Extract, Citrus Aurantium Dulcis Fruit Extract, Camellia Sinensis Leaf Water, Camellia Sinensis Seed Extract, Dipotassium Glycyrrhizate, Panthenol, Allantoin, Camellia Sinensis Flower Extract, Sodium Polyacryloyldimethyl Taurate, Caprylic/​Capric Triglyceride, Tocopherol, Betaine, Caprylic/​Capric Glycerides, Chlorphenesin, Hydrogenated Polydecene, Hydrogenated Lecithin, Trideceth-10, Xanthan Gum, Ethylhexylglycerin, Disodium EDTA, Butylene Glycol, Phenethyl Alcohol, Linalool, Limonene",Bubu skincare #stripitoff Exfoliating Mask,https://inkeedecoder.com/products/bubu-skincare-stripitoff-exfoliating-mask
comedo,"Water\Aqua\Eau [], Bentonite [], Glycerin [], Sodium Cocoyl Isethionate [], Kaolin [], Propanediol [], Sodium Methyl Cocoyl Taurate [], Magnesium Aluminum Silicate [], Lactic Acid [], Maltooligosyl Glucoside [], Citrus Paradisi (Grapefruit) Seed Extract [], Panthenol [], Hydrogenated Starch Hydrolysate [], Coconut Acid [], Sodium Chloride [], Polyacrylate Crosspolymer-6 [], Polyquaternium-80 [], Sodium Hydroxide [], Xanthan Gum [], Salicylic Acid [], Sodium Isethionate [], Ethylhexylglycerin [], Sodium Phytate [], Quartz [], Fragrance (Parfum) [], Benzyl Salicylate []",Bumble & Bumble BB. Sunday Purifying Clay Wash,https://inkeedecoder.com/products/bumble-bumble-bb-sunday-purifying-clay-wash
comedo,"Water, Bentonite, Kaolin, Propylene Glycol, Glycerin, Glyceryl Stearate SE, Titanium Dioxide (Ci 77891), Magnesium Aluminum Silicate, Polysorbate 20, Sea Salt, Plankton Extract, Sea Water, Algae Extract, Xanthan Gum, PEG-100 Stearate, Glyceryl Stearate, Tocopheryl Acetate, Potassium Cetyl Phosphate, Citric Acid, Disodium EDTA, Benzophenone-5, Blue 1 (Ci 42090), Yellow 5 (Ci 19140), Chlorphenesin, Illicium Verum (Anise) Fruit Extract, Propanediol, 1,2-Hexanediol, Caprylyl Glycol, Phenoxyethanol, Fragrance",CVS Dead Sea Minerals Anti-stress Clay Facial Mask,https://inkeedecoder.com/products/cvs-dead-sea-minerals-anti-stress-clay-facial-mask
comedo,bentonite,Next page >>,https://inkeedecoder.com/ingredients/bentonite?uoffset=1
comedo,"Benzoyl Peroxide 5.0%, Water (Aqua), Propylene Glycol (Hydration/​Penetration Enhancer), Bisabolol, Allantoin (Skin-Soothing), Acrylates/​ C10- 30 Alkyl Acrylate Crosspolymer (Texture-Enhancing), Hydroxyethylcellulose (Texture-Enhancing), Sodium Citrate (Stabilizer), Laureth-4 (Stabilizer), Caprylyl Glycol, Hexylene Glycol (Preservatives), Sodium Hydroxide (Ph Adjuster), Disodium EDTA (Stabilizer), Phenoxyethanol (Preservative)","5.0% | Clear Extra Strength Daily Skin Clearing Treatment With 5% Benzoyl Peroxide
        

            Paula's Choice",https://inkeedecoder.com/products/paulas-choice-clear-extra-strength-daily-skin-clearing-treatment-with-5-benzoyl-peroxide
comedo,"Benzoyl Peroxide 4.0%, Water, Glycerin, Propylene Glycol, Cocamidopropyl Hydroxysultaine, Sodium C14-16 Olefin Sulfonate, Xanthan Gum, Potassium Hydroxide, Ceramide NP, Ceramide AP, Ceramide EOP, Carbomer, Niacinamide, Glycolic Acid, Sodium Chloride, Sodium Citrate, Sodium Hyaluronate, Sodium Lauroyl Lactylate, Sodium Hydroxide, Cholesterol, Phenoxyethanol, Propanediol, Citric Acid, Tetrasodium EDTA, Diethylhexyl Sodium Sulfosuccinate, Phytosphingosine, Ethylhexylglycerin, Benzoic Acid","4.0% | Acne Foaming Cleanser
        

            CeraVe",https://inkeedecoder.com/products/cerave-acne-foaming-cleanser
comedo,"Benzoyl Peroxide 3.5%, Bentonite, Benzyl Alcohol, Citric Acid, Disodium EDTA, Glycerin, Kaolin, Menthol, Parfum, Sodium Citrate, Sodium Hydroxide, Sodium Methyl Cocoyl Taurate, Titanium Dioxide, Water (Eau), Xanthan Gum","3.5% | Rapid Clear Stubborn Acne Cleanser
        

            Neutrogena",https://inkeedecoder.com/products/neutrogena-rapid-clear-stubborn-acne-cleanser
comedo,"Benzoyl Peroxide 2.5%, Water, Butylene Glycol, Carbomer, Potassium Sorbate, Phenoxyethanol, Diazolidinyl Urea, Sodium Hydroxide","2.5% | Treatment (2.5% Benzoyl Peroxide)
        

            Acne.org",https://inkeedecoder.com/products/acne-org-treatment-2-5-benzoyl-peroxide
comedo,"Benzoyl Peroxide 2.5%, Water (Aqua), Propylene Glycol, Bisabolol, Allantoin, Acrylates/​C10-30 Alkyl Acrylate Crosspolymer, Hydroxyethylcellulose, Sodium Citrate, Laureth-4, Caprylyl Glycol, Hexylene Glycol, Sodium Hydroxide, Disodium EDTA, Phenoxyethanol","2.5% | Clear Regular Strength Daily Skin Clearing Treatment With 2.5% Benzoyl Peroxide
        

            Paula's Choice",https://inkeedecoder.com/products/paulas-choice-clear-regular-strength-daily-skin-clearing-treatment-with-2-5-benzoyl-peroxide
comedo,"Water, Salicylic Acid, Amylopectin, Glycolic Acid 1.8%, Lactobionic Acid 1.6%, Gluconolactone 1.5%, Capryloyl Salicylic Acid 0.9%, Mandelic Acid 0.7%, Glycerin, Cyclodextrin, Hydroxyethylcellulose, Biosaccharide Gum-1, Biosaccharide Gum-2, Acrylates/​C10-30 Alkyl Acrylate Crosspolymer, Quaternium-73, Poloxamer 407, Aloe Barbadensis Leaf Extract, Mentha Piperita Extract, Portulaca Oleracea Extract, Saccharide Isomerate, Dipotassium Glycyrrhizate, Propanediol, Beta-Glucan, 1,2-Hexanediol, Xanthan Gum, Caprylhydroxamic Acid, Butylene Glycol, Allantoin, O-Cymen-5-Ol, Disodium EDTA","0.9% | Compound Six Acid Nourishing Conditioning Biofilm
        

            Aisuanis",https://inkeedecoder.com/products/aisuanis-compound-six-acid-nourishing-conditioning-biofilm
comedo,"Water, Gluconolactone 30.0%, Lactic Acid 15.0%, Glycerin, Sodium Hydroxide, Propanediol, Polyacrylate Crosspolymer-6, Dipropylene Glycol, Boswellia Serrata Gum, Beta-Glucan, Anthocyanins (Ipomoea Batatas Root Extract), Maltodextrin","30.0% | Baby Steps Acid Treatment
        

            Chemist Confessions",https://inkeedecoder.com/products/chemist-confessions-baby-steps-acid-treatment
comedo,"Water (Aqua), Gluconolactone 15.0%, C12-15 Alkyl Benzoate, Propylene Glycol, Isododecane, Peg-40 Stearate, Sorbitan Stearate, Isocetyl Alcohol, Stearyl Alcohol, Polyglyceryl-2 Diisostearate, Cyclomethicone, Triethanolamine, Palmitic Acid, Stearic Acid, Ethoxydiglycol, Dimethicone, Butylene Glycol, Tocopheryl (Vitamin E) Acetate, Arginine, Disodium EDTA, Myristic Acid, Magnesium Aluminum Silicate, Xanthan Gum, Methylparaben, Chlorphenesin, Propylparaben","15.0% | Bio-Hydrating Cream
        

            Neostrata",https://inkeedecoder.com/products/neostrata-bio-hydrating-cream
comedo,"Aqua (Purified Water), Gluconolactone 14.0%, Dicaprylyl Carbonate, Niacinamide 4.0%, Propanediol, Dimethicone, Glycerin, Sodium Hydroxide, Pseudoalteromonas Ferment Extract, Biosaccharide Gum-4, Camellia Japonica Flower Extract, Cetearyl Dimethicone Crosspolymer, Crithmum Maritimum Extract, Pentaerythrityl Tetra-Di-T-Butyl Hydroxyhydrocinnamate, Sclerotium Gum, Sodium Hyaluronate, Tocopherol, 1,2-Hexanediol, Caprylic/​Capric Triglyceride, Cetearyl Alcohol, Glyceryl Stearate, Hydrogenated Vegetable Oil, Methyl Methacrylate Crosspolymer, PEG-100 Stearate, Coco-Glucoside, Sodium Salicylate, Parfum (Fragrance)","14.0% | Sebiaclear Serum
        

            SVR",https://inkeedecoder.com/products/svr-sebiaclear-serum
comedo,"Aqua (Water), Cyclopentasiloxane, Gluconolactone 8.0%, Lactobionic Acid 4.0%, Propylene Glycol, Ethylhexyl Hydroxystearate, Glycerin, Triethanolamine, Arginine, C12-15 Alkyl Ethylhexanoate, Ethoxydiglycol, Glycol Distearate, Hydrogenated Vegetable Oil, Limnanthes Alba (Meadowfoam) Seed Oil, Octyldodecyl Myristate, PEG-100 Stearate, Stearyl Alcohol, Glyceryl Stearate, Butylene Glycol, Dimethylpolysiloxane, Petrolatum, Hydrogenated Lecithin, Algae Extract, Sodium Hyaluronate, Caprylic/​Capric/​Stearic Triglyceride, Sodium Bisulfite, Sodium Sulfite, Myristic Acid, Steareth-2, Palmitic Acid, Laureth-7, Stearic Acid, Hydroxyethylcellulose, Xanthan Gum, Cetyl Alcohol, Disodium EDTA, Arachidyl Alcohol, C13-14 Isoparaffin, Polyacrylamide, Butylparaben, Ethylparaben, Isobutylparaben, Propylparaben, Phenoxyethanol, Methylparaben, Chlorphenesin","8.0% | Bionic Face Cream
        

            Neostrata",https://inkeedecoder.com/products/neostrata-bionic-face-cream
comedo,"Aqua (Water), Gluconolactone 5.5%, Glycerin, Hydrolyzed Opuntia Ficus-Indica Flower Extract, Euterpe Oleracea Fruit Extract, Aloe Barbadensis Leaf Juice, Sodium Hydroxide, Sodium Citrate, Hydroxyacetophenone, Phenoxyethanol, Ethylhexylglycerin, Potassium Sorbate, Sodium Benzoate","5.5% | Press And Glow Toner
        

            Medik8",https://inkeedecoder.com/products/medik8-press-and-glow-toner
comedo,"Water, Salicylic Acid, Amylopectin, Glycolic Acid 1.8%, Lactobionic Acid 1.6%, Gluconolactone 1.5%, Capryloyl Salicylic Acid 0.9%, Mandelic Acid 0.7%, Glycerin, Cyclodextrin, Hydroxyethylcellulose, Biosaccharide Gum-1, Biosaccharide Gum-2, Acrylates/​C10-30 Alkyl Acrylate Crosspolymer, Quaternium-73, Poloxamer 407, Aloe Barbadensis Leaf Extract, Mentha Piperita Extract, Portulaca Oleracea Extract, Saccharide Isomerate, Dipotassium Glycyrrhizate, Propanediol, Beta-Glucan, 1,2-Hexanediol, Xanthan Gum, Caprylhydroxamic Acid, Butylene Glycol, Allantoin, O-Cymen-5-Ol, Disodium EDTA","1.5% | Compound Six Acid Nourishing Conditioning Biofilm
        

            Aisuanis",https://inkeedecoder.com/products/aisuanis-compound-six-acid-nourishing-conditioning-biofilm
comedo,"Water (Aqua), Glycolic Acid 20.0%, Pentylene Glycol, Isopropyl Palmitate, Caprylic/​Capric Triglyceride, Ammonium Hydroxide, Cetyl Alcohol, Glyceryl Stearate, PEG-100 Stearate, Potassium Cetyl Phosphate, Butyrospermum Parkii (Shea) Oil, Sodium Hyaluronate, Tocopherol, Glycerin, Aloe Barbadensis Leaf Juice Powder, Vaccinium Myrtillus Fruit/​Leaf Extract, Chamomilla Recutita (Matricaria) Flower Extract, Camellia Sinensis Leaf Extract, Saccharum Officinarum (Sugar Cane) Extract, Citrus Aurantium Dulcis (Orange) Fruit Extract, Citrus Limon (Lemon) Fruit Extract, Acer Saccharum (Sugar Maple) Extract, Simmondsia Chinensis (Jojoba) Seed Oil, Magnesium Aluminum Silicate, Stearic Acid, Sorbitan Stearate, Ethylhexylglycerin, Xanthan Gum, Dimethicone, Hydroxyethylcellulose, Disodium EDTA, Phenoxyethanol","20.0% | Aha Resurfacing Lotion 20 Intensive Exfoliating Treatment
        

            DCL",https://inkeedecoder.com/products/dcl-aha-resurfacing-lotion-20-50ml-intensive-exfoliating-treatment
comedo,"Purified Water, Glycolic Acid 20.0%, C12-15 Alkyl Benzoate, Cyclopentasiloxane, Ammonium Hydroxide, Stearyl Alcohol, Glyceryl Stearate, Cetearyl Alcohol, Polyacrylamide, C13-14 Isoparaffin, Dimethicone, Squalane, Tocopheryl Acetate, Camellia Sinensis (Green Tea)Leaf Extract, Ubiquinone (Coenzyme Q-10), Hydrolyzed Glycosaminoglycans, Phospholipids, Retinyl Palmitate, Ascorbyl Palmitate, Cetearyl Glucoside, PEG-100 Stearate, Laureth-7, Disodium EDTA, Methylparaben, Propylparaben, Imidazolidinyl Urea","20.0% | Glycolix Elite Facial Cream 20%
        

            Topix",https://inkeedecoder.com/products/topix-glycolix-elite-facial-cream-20
comedo,"Aqua/​Water/​Eau, Alcohol Denat, Glycolic Acid 15.0%, Propylene Glycol, Ammonium Hydroxide, Polyquaternium-10, Tetrasodium EDTA","15.0% | Clarify Gel Plus
        

            Neostrata",https://inkeedecoder.com/products/neostrata-gel-plus
comedo,"Aqua, PEG-40 Hydrogenated Castor Oil, Glycolic Acid 10.0%, Gluconolactone, Propanediol, Boerhavia Diffusa Root Extract, Hexylresorcinol, Simmondsia Chinensis Seed Oil, Phenoxyethanol, Sucrose Palmitate, Butylene Glycol, Glyceryl Linoleate, Prunus Amygdalus Dulcis (Sweet Almond) Oil, Glycyrrhiza Glabra (Licorice) Root Extract, Magnesium Ascorbyl Phosphate, Undaria Pinnatifida Extract, Ubiquinone, Xanthan Gum, Ethylhexylglycerin, Benzyl Alcohol, Potassium Sorbate, Propylene Glycol, Ascorbyl Palmitate, Glyceryl Stearate, Glyceryl Distearate, Citric Acid, BHT","10.0% | MelaBlok
        

            Dermasence",https://inkeedecoder.com/products/dermasence-melablok
comedo,"Aqua/​Water/​Eau, Glycolic Acid 10.0%, Glycerin, Alcohol Denat, Sodium Hydroxide, Aloe Barbadensis Leaf Juice, Sodium Hyaluronate, Hydroxyethylcellulose, Ascorbyl Glucoside, Citric Acid, Potassium Sorbate, Sodium Benzoate","10.0% | Revitalift Derm Intensives 10% Pure Glycolic Acid Serum
        

            L'Oreal Paris",https://inkeedecoder.com/products/loreal-paris-10-pure-glycolic-acid-serum
comedo,"Water (Aqua), Methylpropanediol, Glycolic Acid 10.0%, Butylene Glycol, Sodium Hydroxide, Camellia Sinensis (Green Tea) Leaf Extract, Aloe Barbadensis Leaf Juice, Sodium Ascorbyl Phosphate, Dipotassium Glycyrrhizate, Glycyrrhiza Glabra Licorice) Root Extract, Vitis Vinifera (Grape) Seed Extract, Arctium (Burdock) Lappa Root Extract, Avena Sativa (Oat) Kernel Extract, Borago Officinalis (Borage) Extract, Boerhavia Diffusa Root Extract, Chamomilla Recutita (Matricaria) Flower Extract, Salix Nigra (Willow) Bark Extract, Ulmus Fulva Bark Extract, Glycerin, Allantoin, Propylene Glycol, Tetrasodium EDTA, Phenoxyethanol","10.0% | Resist Weekly Resurfacing Treatment 10% Aha
        

            Paula's Choice",https://inkeedecoder.com/products/paulas-choice-resist-weekly-resurfacing-treatment-10-aha
comedo,"Aqua, Glycolic Acid 6.0%, Sodium Hydroxide, Isopentyldiol, Methyl Gluceth-20, Potassium Azeloyl Diglycinate, Zinc Pca, Saccharum Officinarum (Sugarcane) Extract**, Vaccinium Myrtillus Extract**, Citrus Aurantium Dulcis Fruit Extract**, Acer Saccharum (Sugar Maple) Extract**, Citrus Medica Limonum Fruit Extract**, Betaine, Camellia Sinensis Leaf Extract, Gallic Acid, Citrus Reticulata (Tangerine) Peel Extract, Dipropylene Glycol, Allantoin, Dipotassium Glycyrrhizate, Sodium Hyaluronate, Hydrolyzed Sodium Hyaluronate, Acetyl Hydroxyproline, Arginine/​Lysine Polypeptide, Colloidal Platinum, Silica, Pentylene Glycol, 4-T-Butylcyclohexanol, Sodium Citrate, Arginine, 1,10-Decanediol, 10-Hydroxydecanoic Acid, Decylene Glycol, Glycereth-26, Glycerin, 1,2-Hexanediol, Hydroxyacetophenone, PEG-40 Hydrogenated Castor Oil, Potassium Hydroxide, Phenoxyethanol","6.0% | Energy Complex Ahas Exfoliating Toner
        

            Aisuanis",https://inkeedecoder.com/products/aisuanis-energy-complex-ahas-exfoliating-toner
comedo,"Water, Salicylic Acid, Amylopectin, Glycolic Acid 1.8%, Lactobionic Acid 1.6%, Gluconolactone 1.5%, Capryloyl Salicylic Acid 0.9%, Mandelic Acid 0.7%, Glycerin, Cyclodextrin, Hydroxyethylcellulose, Biosaccharide Gum-1, Biosaccharide Gum-2, Acrylates/​C10-30 Alkyl Acrylate Crosspolymer, Quaternium-73, Poloxamer 407, Aloe Barbadensis Leaf Extract, Mentha Piperita Extract, Portulaca Oleracea Extract, Saccharide Isomerate, Dipotassium Glycyrrhizate, Propanediol, Beta-Glucan, 1,2-Hexanediol, Xanthan Gum, Caprylhydroxamic Acid, Butylene Glycol, Allantoin, O-Cymen-5-Ol, Disodium EDTA","1.8% | Compound Six Acid Nourishing Conditioning Biofilm
        

            Aisuanis",https://inkeedecoder.com/products/aisuanis-compound-six-acid-nourishing-conditioning-biofilm
comedo,"Kaolin, Avena Sativa (Oat) Kernel Flour, Corn Starch, Sodium Cocoyl Isethionate, Maltodextrine, Azelaic Acid, Camellia Sinensis Leaf Extract, Allantoin, Papain, Bromelain, Betaine",ART&FACT. Enzyme Powder,https://inkeedecoder.com/products/art-fact-enzyme-powder
comedo,"Kaolin, Avena Sativa (Oat) Kernel Flour, Corn Starch, Maltodextrine, Sodium Cocoyl Isethionate, Azelaic Acid, Camellia Sinensis Leaf Extract, Allantoin",ART&FACT. Enzyme Powder (Regeneration & Cleansing),https://inkeedecoder.com/products/art-fact-enzyme-powder-regeneration-cleansing
comedo,"Kaolin, Maltodextrin, Sodium Cetearyl Sulfate, Sodium Ascorbyl Phosphate, Acrylates/​C10-C30 Alkyl Acrylate Crosspolymer, Papain, Centella Asiatica Extract, Silica, Sodium Bicarbonate, Parfum",Afrodita professional Clean Up Enzimski Piling Za Lice I Ruke,https://inkeedecoder.com/products/afrodita-professional-clean-up-enzimski-piling-za-lice-i-ruke
comedo,"Kaolin, Silt (Dead Sea Mud), Aqua (Mineral Spring Water), Cocamide MEA, Dmdm Hydantoin, Sodium Lauroamphoacetate, Sodium Trideceth Sulfate, Propanediol (Corn Derived Glycol), Glyceryl Stearate, Ethylhexyl Palmitate, Aloe Barbadensis Leaf Extract, Propylene Glycol, Glycerin, Simmondsia Chinensis (Jojoba) Seed Oil, Ceteareth-30, Cetearyl Alcohol, Maris Sal (Dead Sea Water), Sodium Lactate, Zinc Oxide, Caprylyl Glycol, Chlorphenesin, Phenoxyethanol, Panthenol (Pro Vitamin B5), Chamomilla Recutita (Matricaria) Flower Oil, Stearyl Alcohol, Magnesium Aluminum Silicate, Hydroxyethylcellulose, PEG-40 Stearate, Allantoin, Lactic Acid, Dimethicone, Sorbitan Tristearate, Xanthan Gum, PEG-5 Cocoate, PEG-8 Dicocoate, PEG-9, Iodopropynyl Butylcarbamate, Triclosan, Methylisothiazolinone, BHA, Tocopherol (Vitamin E)",Ahava Time To Clear Purifying Mud Mask,https://inkeedecoder.com/products/ahava-time-to-clear-purifying-mud-mask
comedo,"Kaolin, Glycerin, Aqua (Water), Sorbitan Isostearate, Sodium Cocoyl Isethionate, Polysorbate 60, Polyglyceryl-6 Polyricinoleate, Butylene Glycol, Theobroma Cacao (Cocoa) Fruit Powder, C12-15 Alkyl Benzoate, Triethyl Citrate, Carthamus Tinctorius (Safflower) Seed Oil, Silica, Cocamidopropyl Hydroxysultaine, Sodium Stearoyl Glutamate, Polysorbate 20, Lactobacillus, Salicylic Acid, Manuka Honey (Umf 17+), Moroccan Lava Clay, Carnitine (L), Fomes Officinalis (Mushroom) Extract, Hexanoyl Dipeptide-3 Norleucine Acetate, Cannabis Sativa (Hemp) Seed Oil, Theobroma Cacao (Cocoa) Extract, Cocos Nucifera (Coconut) Fruit Extract, Sodium Hyaluronate (L), Laminaria Digitata Extract, Saccharomyces Cerevisiae Extract, Epilobium Angustifolium Flower/​Leaf/​Stem Extract, Colloidal Silver, Avena Sativa (Oat) Kernel Flour, Glucosamine Hcl, Lecithin, Vanillin, Urea, Dimethyl Isosorbide, Caprylic/​Capric Triglyceride, Ethylhexylglycerin, Polyglyceryl-6 Palmitate/​Succinate, Cetearyl Alcohol, Glyceryl Stearate, Sodium Gluconate, Phenoxyethanol",Allies of Skin Fresh Slate Purifying Cleanser + Masque,https://inkeedecoder.com/products/allies-of-skin-fresh-slate-purifying-cleanser-masque
comedo,"Kaolin, Polyglyceryl-2 Triisostearate, C12-15 Alkyl Ethylhexanoate, Cyclopentasiloxane, Ceresin, Paraffin, Trimethylsiloxysilicate, Ethylhexyl Methoxycinnamate, Hydrogenated Vegetable Oil, Synthetic Wax, Microcrystalline Wax, Euphorbia Cerifera (Candelilla) Wax, Dimethicone/​Vinyl Dimethicone Crosspolymer, Glyceryl Caprylate, Fragrance, Caprylyl Glycol, Olea Europaea (Olive) Fruit Oil, Persea Gratissima (Avocado) Oil +, Titanium Dioxide (Ci 77891), Ci 45410, Ci 15850, CI 15850:1, Ci 12085, Ci 19140, Ci 15985, Iron Oxide Red (Cl 77491), Iron Oxide Yellow (Ci 77492), Iron Oxide Black (Ci 77499), Rosin, Barium Sulfate, Aluminum Hydroxide",Anjo Professional Black #4,https://inkeedecoder.com/products/anjo-professional-black-4
comedo,"Kaolin, Dodecane, Coconut Alkanes, Sclerocarya Birrea Seed Oil, Hydrogenated Vegetable Oil, Helianthus Annuus Seed Cera, Coco-Caprylate/​Caprate, Jojoba Esters, Glyceryl Caprylate, Rhus Verniciflua Peel Cera, Shorea Robusta Resin, Tocopherol, Linalool, Acacia Decurrens Flower Cera, Polyglycerin-3, Ascorbyl Palmitate, Limonene, Ci 77491",Annemarie Börlind Liquid Lipstick Matt Nude,https://inkeedecoder.com/products/annemarie-borlind-liquid-lipstick-matt-nude
comedo,"Kaolin, Ricinus Communis Seed Oil, Dodecane, Coconut Alkanes, Sclerocarya Birrea Seed Oil, Hydrogenated Vegetable Oil, Helianthus Annuus Seed Cera, Coco-Caprylate/​Caprate, Jojoba Esters, Glyceryl Caprylate, Rhus Verniciflua Peel Cera, Shorea Robusta Resin, Tocopherol, Linalool, Acacia Decurrens Flower Cera, Polyglycerin-3, Ascorbyl Palmitate, Limonene",Annemarie Börlind Liquid Lipstick Matt Rosewood,https://inkeedecoder.com/products/annemarie-borlind-liquid-lipstick-matt-rosewood
comedo,"Kaolin, Avena Sativa Kernel Meal*, Lavandula Angustifolia Flower, Linum Usitatissimum (Linseed) Seed Oil, Citrus Aurantium Dulcis Peel Oil, Lavendula Officinalis Oil, Citrus Aurantium Dulcis Oil, Tocopherol",Anointment Exfoliating Clay Cleanser,https://inkeedecoder.com/products/anointment-natural-skin-care-exfoliating-clay-cleanser
comedo,"Kaolin, Mica, Magnesium Stearate, Dimethylimidazolidinone Rice Starch, Zea Mays (Corn) Starch, Zinc Oxide, Phytosqualane, Silica, Diisostearyl Malate, Calcium Carbonate, Bambusa Arundinacea Stem Extract, Helianthus Annuus (Sunflower) Seed Oil, Portulaca Oleracea Extract, Salvia Officinalis (Sage) Oil, Anthemis Nobilis Flower Oil, Santalum Album (Sandalwood) Oil, 1,2-Hexanediol, Glyceryl Caprylate, Myristic Acid, Stearic Acid, Allantoin, Panthenol, Myristoyl/​Palmitoyl Oxostearamide/​Arachamide MEA",Atopalm Derma Soothing Powder,https://inkeedecoder.com/products/atopalm-derma-soothing-powder
comedo,Kaolin,Australian Wholesale Oils White Kaolin French Clay,https://inkeedecoder.com/products/australian-wholesale-oils-white-kaolin-french-clay
comedo,"Kaolin, Water (Aqua), Dipropylene Glycol, Pentaerythrityl Tetraethylhexanoate, Magnesium Aluminum Silicate, Sodium Methyl Cocoyl Taurate, Allantoin, Argania Spinosa Kernel Oil, Glycosyl Trehalose, Sesamum Indicum (Sesame) Seed Oil (Sesamum Indicum), Honey, Honey Extract, Sodium Hyaluronate, Propolis Extract, Whey Protein, Royal Jelly, Royal Jelly Extract, Spring Water, Hydrogenated Starch Hydrolysate, Saccharum Officinarum (Sugar Cane) Extract, Charcoal Powder, Butylene Glycol, Xanthan Gum, Citric Acid, Sodium Citrate, Glycerin, Polyethylene, Moroccan Lava Clay, Coco-Glucoside, Phenoxyethanol, Methylparaben, Fragrance (Parfum), Iron Oxides (Ci 77499)",BCL Tsururi Ghassoul Mineral Clay Pack,https://inkeedecoder.com/products/bcl-tsururi-ghassoul-mineral-clay-pack
comedo,"Kaolin, Aqua, Silt, Propylene Glycol, Disodium Cocoamphodiacetate, Glycerin, Glyceryl Stearate SE, Wooded Charcoal, Cetearyl Alcohol, Ceteareth-30, Olea Europaea Fruit Oil, Imidazolidinyl Urea, Benzyl Alcohol, Potassium Sorbate, Perfume, Tocopheryl Acetate, Dunaliella Salina Extract, Methylchloroisothiazolinone, Methylisothiazolinone",BIOSPA Pure Mud & Charcoal Mask,https://inkeedecoder.com/products/biospa-pure-mud-charcoal-mask
comedo,"Kaolin, Crambe Abyssinica Seed Oil, Carthamus Tinctorius Seed Oil, Ricinus Communis Seed Oil, Caryodendron Orinocense Seed Oil, Simmondsia Chinensis Seed Oil, Aqua, Hydrogenated Vegetable Oil, Cetearyl Olivate, Sorbitan Olivate, Olea Europaea Seed Powder, Tocopheryl Acetate, Panthenol, Zinc Oxide, Sodium Benzoate, Citric Acid, Glycerin, Potassium Sorbate, Terminalia Ferdinandiana Fruit Extract, Capryloyl Glycine, Gluconolactone, Citrus Aurantium Amara Flower Oil, Illite, Melaleuca Alternifolia Leaf Extract, Sodium Hyaluronate, Linalool, Limonene, Farnesol, Geraniol",BOGNA SKIN Nutritional Mask&Scrub “Lila Mask”,https://inkeedecoder.com/products/bogna-skin-nutritional-mask-scrub-lila-mask
comedo,"Kaolin Clay, Corn Flour, Honey, Lactic Acid, Vegetable Glycerin, Sodium Lactate, Walnut Shell Powder, Lemon Peel, Olive Leaf, Vitamin B3, Licorice Root Extract, Cucumber, Eucalyptus, Rosemary, Peppermint, Willow Bark, Vitamin C",Beesline 4In1Whitening Cleanser,https://inkeedecoder.com/products/beesline-4in1whitening-cleanser
comedo,"Kaolin, Cetearyl Alcohol, Glycerin, Hydrogenated Starch Hydrolysate, Isopropyl Palmitate, Glyceryl Stearate, PEG-100 Stearate, Paraffinum Liquidum (Mineral Oil), Dimethicone, Hydroxyacetophenone, Phenoxyethanol, Polyacrylamide, C13-14 Isoparaffin, Laureth-7, Fragrance (Parfum), Xanthan Gum, Hibiscus Abelmoschus (Hibiscus) Flower Extract, Cocos Nucifera (Coconut)",Bolero Clay Mask,https://inkeedecoder.com/products/bolero-clay-mask
comedo,"White Kaolin Clay, Oats/​Avoine, Rose Petals/​Pétales De Rose, Bombay Damask Blend Of Pure Essential Oils/​Huile Essentielles",Bombay Beauty Co. No. 04 Detoxify,https://inkeedecoder.com/products/bombay-beauty-co-no-04-detoxify
comedo,"Kaolin, Tapioca Starch, Disodium Lauryl Sulfosuccinate, Bambusa Arundinacea Stem Powder, Oryza Sativa (Rice) Powder, Xanthan Gum, Ananas Sativus (Pineapple) Fruit Extract, Salicylic Acid, Papain (Papaya Enzymes), Sodium Metabisulfite",Bondi Sands Glow Dust Exfoliating Powder,https://inkeedecoder.com/products/bondi-sands-glow-dust-exfoliating-powder
comedo,"Kaolin Clay, Moroccan Lava Clay, Zinc Oxide, Hamamelis Virginiana (Witch Hazel) Distillate, Aroma, Anthemis Nobilis (Chamomile) Flower Water, Butyrospermum Parkii (Shea Butter), Charcoal (Activated), Simmondsia Chinensis (Jojoba) Seed Oil, Lactobacillus/​Punica Granatum Fruit Ferment Extract, Parfum (Essential Oil)",Buck Naked Beauty Mud Pie,https://inkeedecoder.com/products/buck-naked-beauty-mud-pie
comedo,"Kaolin, Coconut Alkanes, Undecane, Helianthus Annuus (Sunflower) Seed Wax, Mica, Tridecane, Ricinus Communis (Castor) Seed Oil, Rhus Verniciflua Peel Wax, Shorea Robusta Resin, Trihydroxystearin, Coco-Caprylate/​Caprate, Helianthus Annuus (Sunflower) Seed Oil, Polyhydroxystearic Acid, Tocopherol, Glycine Soja (Soybean) Oil, Stearoyl Glutamic Acid, Ci 77491, Ci 77492, [Iron Oxides], Jojoba Esters, Parfum [Fragrance]*, Phenoxyethanol, Citronellol",Burt's Bees Eye Shadow Primer,https://inkeedecoder.com/products/burts-bees-eye-shadow-primer
comedo,"Kaolin (French Pink Clay), Rosa Canina (Rosehip Powder), Chamomile Extract (Chamomile Powder), Lavandula Angustifolia (Lavender Powder)",Butt Naked Body Rose Clay Face Mask,https://inkeedecoder.com/products/butt-naked-body-rose-clay-face-mask
comedo,"Kaolin, Quartz, Sodium Cocoyl Isethionate (Coconut), Organic Cocos Nucifera Fruit Powder, Oryza Sativa, Ananas Sativus, Avena Sativa, Banana, Tasmannia Lanceolata, Lentinus Edodes, Maltodextrin",Butt Naked Cleanse Dust Enzyme Powder Cleanser,https://inkeedecoder.com/products/butt-naked-cleanse-dust-enzyme-powder-cleanser
comedo,"Kaolin, Aqua (Water), Hamamelis Virginiana (Witch Hazel) Water, Aloe Barbadensis Leaf Juice, Bentonite, Glycerin, Glyceryl Caprylate, PEG-60 Almond Glycerides, Polysorbate 20 (Coconut Derived), Sodium Citrate, Organic Rosa Canina (Rosehip) Oil, Rubus Idaeus (Raspberry) Seed Oil, Rubus Fruticosus (Blackberry) Fruit Extract, Macropiper Excelsum (Kawakawa) Extract, Lycium Barbarum (Goji Berry) Extract, Phormium Tenax (Harakeke) Extract, Metrosideros Excelsa (Pohutukawa) Extract, Caprylhydroxamic Acid, Parfum (Fragrance), Citronellol*, Hexyl Cinnamal*, Hydroxycitronellal*, Lyral*",By Nature Brightening Clay Mask With Pink Clay + Witch Hazel + Kawakawa Extract,https://inkeedecoder.com/products/by-nature-brightening-clay-mask-with-pink-clay-witch-hazel-kawakawa-extract
comedo,"Kaolin, Aqua, Mentha Piperita Extract*, Butyrospermum Parkii Butter*, Aloe Barbadensis Leaf Extract*, Benzyl Alcohol, Cetearyl Alcohol, Cetearyl Glucoside, Jojoba Alcohol, Parfum, Potassium Jojobate, Propanediol, Sodium Benzoate","Cattier Clay Mask (Pink Clay, Aloe Vera)",https://inkeedecoder.com/products/cattier-clay-mask-pink-clay-aloe-vera
comedo,"Kaolin, Sodium Chloride (Sea Salt), Sodium Chloride (Mineral Salt), Calendula Officinalis Flower Extract, Activated Bamboo Charcoal Powder",ClariSea Sea Salt Solutions Deep Pore Detox,https://inkeedecoder.com/products/clarisea-sea-salt-solutions-deep-pore-detox
comedo,"Kaolin (Clay), Aqua (Water), Polyglyceryl-4 Laurate, Aloe Barbadensis (Aloe Vera) Leaf Juice, Euterpe Oleracea (Açaí Berry) Fruit Extract, Chenopodium Quinoa Seed Extract (Black Quinoa), Hematite Extract, Aluminium Hydroxide, Argilla, Quartz, Sunstone Powder, Glycyrrhiza Glabra (Licorice) Root Extract, Retinyl Palmitate (Vitamin A), Tocopherol (Vitamin E), Undaria Pinnatifida (Kelp) Extract, Punica Granatum (Pomegranate) Sterols, Mangifera Indica (Mango) Seed Butter, Rosmarinus Officinalis (Rosemary) Leaf Extract, Lactic Acid (AHA), Hamamelis Virginiana (Witch Hazel) Bark/​Twig Extract, Glycerine, Phenoxyethanol, Ethylhexylglycerin, Ci 77492",Clay and glow Pink Clay Mask,https://inkeedecoder.com/products/clay-and-glow-pink-clay-mask
comedo,"Kaolin (Pink Clay), Oryza Sativa Powder (Rice Powder), Curcuma Longa Rhizome Extract(Turmeric), Carica Papaya Fruit Extract, Santalum Acuminatum Fruit Extract (Quandong), Aloe Barbadensis Leaf Juice Powder (Aloe Vera), Cocos Nucifera Fruit (Coconut Water Powder), Rubus Idaeus Fruit Extract, Cyamopsis Tetragonoloba Gum",Coast Sydney Botanicals Hero BHA Dream Face Powder Exfoliator,https://inkeedecoder.com/products/coast-sydney-botanicals-hero-bha-dream-face-powder-exfoliator
comedo,"Kaolin, Hydrolyzed Oat Protein, Emblica Officinalis Fruit Powder, Magnesium Ascorbyl Phosphate, Caffeine, Ferulic Acid",Colo Beauty Face Mask,https://inkeedecoder.com/products/colo-beauty-face-mask
comedo,"Kaolin, Helianthus Annuus (Sunflower) Seed Oil, Simmondsia Chinensis (Jojoba) Seed Oil, Ricinus Communis (Castor) Seed Oil, Diethylhexyl Sodium Sulfosuccinate, Silica, Linum Usitatissimum (Linseed) Oil, Sclerocarya Birrea Seed Oil, Spirulina Platensis Powder, Theobroma Cacao (Cocoa) Seed Butter, Camellia Sinensis Leaf Powder, Tocopherol, Glycine Soja (Soybean) Oil",Conserving Beauty Sea Your Glow Mask,https://inkeedecoder.com/products/conserving-beauty-sea-your-glow-mask
comedo,"Kaolin (White Clay), Moroccan Lava (Rhassoul) Clay, Oat (Avena Sativa) Flour, Aloe Barbadensis Leaf Extract, Musa Sapientum (Banana) Fruit Extract, Mangifera Indica (Mango) Fruit Powder",DEMES Mask On-Demand Hydrate Dry Skin,https://inkeedecoder.com/products/demes-mask-on-demand-hydrate-dry-skin
comedo,"Kaolin, Aqua (Water), Dead Sea Mud, Sodium Cocoamphoacetate, Glycerin, Lauryl Glucoside, Sodium Cocoyl Glutamate, Sodium Lauryl Glucose Carboxylate, Propylene Glycol, Glyceryl Stearate SE, Coco-Glucoside, Glyceryl Oleate, Cetearyl Alcohol, Ceteareth-30, Fragrance (Supplement), Dehydroacetic Acid, Benzyl Alcohol, Phenoxyethanol, Gluconolactone, Sodium Benzoate, Calcium Gluconate, Benzoic Acid, Butylphenyl Methylpropional",Danielle Laroche Facial Mud Mask,https://inkeedecoder.com/products/danielle-laroche-facial-mud-mask
comedo,"Kaolin, Aqua, Bentonite (Volcanic Earth), Aloe Barbadensis (Aloe Vera) Leaf Juice, Cannabis Sativa (Hemp) Seed Oil, Diatomaceous (Algal Diatomite) Earth, Fuller’S Earth, Camellia Sinensis (Green Tea) Leaf Extract, Ocimum Sanctum (Tulsi) Leaf Extract, Cucumis Sativus (Cucumber) Fruit Extract, Rosa Centifolia (Rose) Flower Extract, Tocopheryl Acetate, Olea Europaea (Olive) Fruit Oil, Emblica Officinalis (Amla) Fruit Extract, Glycerin, Sodium Benzoate, Potassium Sorbate, Citric Acid (Ph Balancer)",Daughter Earth Hemp + Vitamin E Purifying Mask,https://inkeedecoder.com/products/daughter-earth-hemp-vitamin-e-purifying-mask
comedo,"Kaolin, Aqua, Glycerin, Illite, Bentonite, Phenoxyethanol, Montmorillonite, Melaleuca Alternifolia Leaf Oil, Calcite, Citric Acid, Lavandula Hybrida Grosso Herb Oil, Ethylhexylglycerin, Linalool, Ci 75810","Dayes Europe BV. Facial Mask Green Clay, French Clay & Betonite",https://inkeedecoder.com/products/dayes-europe-bv-facial-mask-green-clay-french-clay-betonite
comedo,"Kaolin, Aqua, Glyceryl Stearate, Sodium Cetearyl Sulfate, Phenoxyethanol, Ethylhexylglycerin, Cananga Odorata Leaf Oil, Glycerin, Cinnamomum Cassia Oil, Cymbopogon Flexuosus Oil, Citral, Cinnamal, Curcuma Longa Root Extract",De Tuinen Gele Klei Curcuma Masker,https://inkeedecoder.com/products/de-tuinen-gele-klei-curcuma-masker
comedo,"Kaolin, Aqua, Illite, Glyceryl Stearate, Sodium Cetearyl Sulfate, Phenoxyethanol, Melaleuca Alternifolia Leaf Oil, Montmorillonite, Lavandula Hybrida Oil, Linalool, Ethylhexylglycerin, Citric Acid, Limonene",De Tuinen Groene Klei Masker,https://inkeedecoder.com/products/de-tuinen-groene-klei-masker-3
comedo,"Kaolin, Aqua, Glyceryl Stearate, Glycerol, Sodium Cetearyl Sulfate, Phenoxyethanol, Ethylhexylglycerin, Sodium Hydroxide",De Tuinen Witte Klei Masker,https://inkeedecoder.com/products/de-tuinen-witte-klei-masker
comedo,"Kaolin, Aqua, Aloe Vera Extract, Avena Sativa Extract, Dehydroacetic Acid",Dermaglin Anti-Acne Mask,https://inkeedecoder.com/products/dermaglin-anti-acne-mask
comedo,"Kaolin, Aqua, Cucumis Sativus, Simmondsia Chinensis (Jojoba) Seed Oil, Propylene Glycol, Diazolidinyl Urea, Methylparaben, Propylparaben",Dermaglin Refreshing Peeling Mask,https://inkeedecoder.com/products/dermaglin-refreshing-peeling-mask
comedo,"Kaolin, Solum Diatomeae, Bentonite, Titanium Dioxide, Carica Papaya Extract, Ananas Sativus Extract",Dermaviduals Enzyme Skin Renewal,https://inkeedecoder.com/products/dermaviduals-enzyme-skin-renewal
comedo,"Kaolin, Ethylhexyl Isononanoate, Titanium Dioxide, Aloe Barbadensis Leaf Juice, Cetearyl Alcohol, Glyceryl Stearate, Pentylene Glycol, Magnesium Aluminium Silicate, Sorbitan Tristearate, Sulfur, Butylene Glycol, Saccharomyces Cerevisiae Extract, Propylene Glycol, Bisabolol, Thymus Vulgaris Oil, Linalool, Benzyl Benzoate, Disodium EDTA, Diazolidinyl Urea, Sodium Benzoate, Potassium Sorbate, Iodopropynyl Butylcarbamate",Dr Kadir Bio Sulfur Mask,https://inkeedecoder.com/products/dr-kadir-bio-sulfur-mask
comedo,"Kaolin, Illite, Hibiscus Sabdariffa Flower Powder, Niacinamide, Inulin, Camellia Oleifera Seed Extract, Solum Fullonum, Ethyl Ferulate, Epigallocatechin Gallate, Fructose, Centella Asiatica Extract, Vigna Radiata Seed Extract, Azadirachta Indica Leaf Extract, Glycyrrhiza Glabra Root Extract, Withania Somnifera Root Extract",Dr. Jetske Ultee Clay Powder,https://inkeedecoder.com/products/dr-jetske-ultee-clay-powder
comedo,"Kaolin Clay, Aqua Deionized Water, Caprylic/​Capric Triglyceride, Cetearyl Alcohol, Cetyl Alcohol, Coco-Caprylate/​Caprate, Glycerin, Glyceryl Stearate, Aloe*, Witch Hazel, Wild Geranium, Raspberry, Schisandra, MSM, Stearyl Alcohol, Rosehip Seed*, Vitamin C, Vitamin E, Jojoba Fibers, Cetearyl Glucoside, Lemon Peel, Petitgrain, Pomegranate, Rose, Green Tea*, Coconut Extract, Apple, Sugar Cane, Frankincense Essential Oil, Geranium Essential Oil, Lemongrass Essential Oil, Bee Balm, Beeswax, Lysolecithin, Phenylpropanol, Propanediol, Pullulan, Sclerotium Gum, Sodium Hydroxide, Sodium Phytate, Xanthan Gum, Phenoxyethanol, Ethylhexylglycerin",Eight Saints No Plans Clay Mask,https://inkeedecoder.com/products/eight-saints-no-plans-clay-mask
comedo,"Kaolin, Potassium Azeloyl Diglycinate, Zinc Oxide",Elyn’s Lab Acne Care Face Mask Base,https://inkeedecoder.com/products/elyns-lab-acne-care-face-mask-base
comedo,Kaolin,Emina Whip Face Wash,https://inkeedecoder.com/products/emina-whip-face-wash
comedo,"Kaolin, Solum Fullonum, Illite, Theobroma Cacao Fruit Powder, Spirulina Maxima Powder, Chlorella Vulgaris Powder, Adansonia Digitata Fruit (Pulp) Powder, Melaleuca Alternifolia Oil*, Pelargonium Graveolens Oil*, Citronellol, Geraniol, Lavandula Angustifolia Flower Water*, Chamomilla Recutita Flower Water*",Eterea Maschera Viso Purificante,https://inkeedecoder.com/products/eterea-maschera-viso-purificante
comedo,"Kaolin Clay, Bentonite Clay, Peppermint Leaf, Green Tea Leaf Extract, Kelp, Peppermint Leaf Oil",Farryn Amber Mint Facial Mask,https://inkeedecoder.com/products/farryn-amber-mint-facial-mask
comedo,"Kaolin Clay, Bentonite Clay, Green Tea Leaf Extract, Kelp, Activated Charcoal (From Coconut Husk), Rose Petal, Rose Geranium Flower Oil",Farryn Amber Rose Facial Mask,https://inkeedecoder.com/products/farryn-amber-rose-facial-mask
comedo,"Kaolin, Cellulose Acetate, Talc, Sodium Cocoyl Isethionate, Mica, Fragrance (Parfum), Water (Aqua), Silica, Titanium Dioxide/​ Ci 77891 (Ci77891)",Galénic Purete Sublime Exfoliating Powder,https://inkeedecoder.com/products/galenic-purete-sublime-exfoliating-powder
comedo,"Pink Kaolin Clay, Calcium Carbonate, Zinc Oxide, Zea Mays Starch, Populus Tremuloides Bark Extract (Aspen Bark)",Garden of Wisdom  (GOW) Pore Cleaning Powder,https://inkeedecoder.com/products/garden-of-wisdom-gow-pore-cleansing-powder
comedo,"Kaolin, Bentonite, Mannitol, Papain, Bromelain, Sodium Carbonate",Gh Peeling Enzimático,https://inkeedecoder.com/products/gh-peeling-enzimatico
comedo,kaolin,Next page >>,https://inkeedecoder.com/ingredients/kaolin?uoffset=1
comedo,"Water, Gluconolactone 30.0%, Lactic Acid 15.0%, Glycerin, Sodium Hydroxide, Propanediol, Polyacrylate Crosspolymer-6, Dipropylene Glycol, Boswellia Serrata Gum, Beta-Glucan, Anthocyanins (Ipomoea Batatas Root Extract), Maltodextrin","15.0% | Baby Steps Acid Treatment
        

            Chemist Confessions",https://inkeedecoder.com/products/chemist-confessions-baby-steps-acid-treatment
comedo,"Water/​Aqua/​Eau, Caprylic/​Capric Triglyceride, Lactic Acid 10.0%, Squalane, Glycerin, Sodium Hydroxide, Cetearyl Olivate, Propanediol, Sorbitan Olivate, Cetearyl Alcohol, Lespedeza Capitata Leaf/​Stem Extract, Polyacrylate Crosspolymer-6, Acacia Senegal Gum, Sodium Gluconate, Xanthan Gum, Phenoxyethanol, Ethylhexylglycerin, Lavandula Angustifolia (Lavender) Oil, Linalool","10.0% | Squalane + 10% Lactic Acid Resurfacing Night Serum
        

            BIOSSANCE",https://inkeedecoder.com/products/biossance-squalane-10-lactic-acid-resurfacing-night-serum
comedo,"Aqua (Water), Lactic Acid 10.0%, Propanediol, Glycerin, Sodium Hydroxide, PPG-26-Buteth-26, Sodium Hyaluronate, Phenoxyethanol, PEG-40 Hydrogenated Castor Oil, Ethylhexylglycerin, Trisodium Ethylenediamine Disuccinate, Agastache Mexicana Flower/​Leaf/​Stem Extract","10.0% | Lactic Acid Serum
        

            The Inkey List",https://inkeedecoder.com/products/the-inkey-list-lactic-acid-serum
comedo,"Aqua (Water), Lactic Acid 5.0%, Glycerin, Pentylene Glycol, Propanediol, Sodium Hyaluronate Crosspolymer, Tasmannia Lanceolata Fruit/​Leaf Extract, Acacia Senegal Gum, Xanthan Gum, Isoceteth-20, Trisodium Ethylenediamine Disuccinate, Sodium Hydroxide, Ethylhexylglycerin, 1,2-Hexanediol, Caprylyl Glycol","5.0% | Lactic Acid 5% + Ha
        

            The Ordinary",https://inkeedecoder.com/products/the-ordinary-lactic-acid-5-ha-2
comedo,"Aqua (Water), Butylene Glycol, Lactobionic Acid 10.0%, Glycerin, Polysorbate 80, Arginine, Retinyl (Vitamin A) Palmitate, Tocopheryl (Vitamin E) Acetate, Tetrahexyldecyl (Vitamin C) Ascorbate, Polyquaternium-10, Disodium EDTA, Chlorphenesin, Methylparaben","10.0% | Bionic Face Serum
        

            Neostrata",https://inkeedecoder.com/products/neostrata-bionic-face-serum-10-bionic
comedo,"Aqua (Water), Cyclopentasiloxane, Gluconolactone 8.0%, Lactobionic Acid 4.0%, Propylene Glycol, Ethylhexyl Hydroxystearate, Glycerin, Triethanolamine, Arginine, C12-15 Alkyl Ethylhexanoate, Ethoxydiglycol, Glycol Distearate, Hydrogenated Vegetable Oil, Limnanthes Alba (Meadowfoam) Seed Oil, Octyldodecyl Myristate, PEG-100 Stearate, Stearyl Alcohol, Glyceryl Stearate, Butylene Glycol, Dimethylpolysiloxane, Petrolatum, Hydrogenated Lecithin, Algae Extract, Sodium Hyaluronate, Caprylic/​Capric/​Stearic Triglyceride, Sodium Bisulfite, Sodium Sulfite, Myristic Acid, Steareth-2, Palmitic Acid, Laureth-7, Stearic Acid, Hydroxyethylcellulose, Xanthan Gum, Cetyl Alcohol, Disodium EDTA, Arachidyl Alcohol, C13-14 Isoparaffin, Polyacrylamide, Butylparaben, Ethylparaben, Isobutylparaben, Propylparaben, Phenoxyethanol, Methylparaben, Chlorphenesin","4.0% | Bionic Face Cream
        

            Neostrata",https://inkeedecoder.com/products/neostrata-bionic-face-cream
comedo,"Water, Salicylic Acid, Amylopectin, Glycolic Acid 1.8%, Lactobionic Acid 1.6%, Gluconolactone 1.5%, Capryloyl Salicylic Acid 0.9%, Mandelic Acid 0.7%, Glycerin, Cyclodextrin, Hydroxyethylcellulose, Biosaccharide Gum-1, Biosaccharide Gum-2, Acrylates/​C10-30 Alkyl Acrylate Crosspolymer, Quaternium-73, Poloxamer 407, Aloe Barbadensis Leaf Extract, Mentha Piperita Extract, Portulaca Oleracea Extract, Saccharide Isomerate, Dipotassium Glycyrrhizate, Propanediol, Beta-Glucan, 1,2-Hexanediol, Xanthan Gum, Caprylhydroxamic Acid, Butylene Glycol, Allantoin, O-Cymen-5-Ol, Disodium EDTA","1.6% | Compound Six Acid Nourishing Conditioning Biofilm
        

            Aisuanis",https://inkeedecoder.com/products/aisuanis-compound-six-acid-nourishing-conditioning-biofilm
comedo,"Vitamin F, Omega 3 & 6, Squalane, Kahai Oil, Caprylic/​Capric Triglyceride, Linoleic Acid, Linolenic Acid, C13-15 Alkane, Caryodendron Orinocense Seed Oil, Oryza Sativa (Rice) Bran Extract, Rosmarinus Officinalis (Rosemary) Leaf Extract, Helianthus Annuus (Sunflower) Extract, Tocopherol",Makari Iykyk By Makari Probiotics Booster For Skin Barrier Support,https://inkeedecoder.com/products/makari-iykyk-by-makari-probiotics-booster-for-skin-barrier-support
comedo,"Glycine Soja Oil, Linoleic Acid, Isoamyl Laurate, Olea Europaea Fruit Oil, Caprylic/​Capric Triglyceride, Tocopheryl Acetate, Betula Alba Leaf Extract, Citrus Grandis Peel Oil, Citrus Aurantium Dulcis Peel Oil Expressed, Citrus Aurantifolia Oil, Alaria Esculenta Extract, Tocopherol, Helianthus Annuus Seed Oil, Helianthus Annuus Hybrid Oil, Linolenic Acid, Limonene, Linalool, Citral",Alterra Anti-Cellulite Hautöl Bio-Birke,https://inkeedecoder.com/products/alterra-anti-cellulite-hautol-bio-birke
comedo,"Prunus Amygdalus Amara (Bitter Almond) Kernel Oil, Linoleic Acid, Oleic Acid, Palmitic Acid, Tocopheryl Acetate, Parfum (Fragrance)",Linarose Cosmetics Bitter Almond Oil,https://inkeedecoder.com/products/linarose-cosmetic-bitter-almond-oil
comedo,"Caprylic/​Capric Triglyceride, Linoleic Acid, Linolenic Acid, Squalane, C13-15 Alkane, Caryodendron Orinocense Seed Oil, Oryza Sativa (Rice) Bran Extract, Rosmarinus Officinalis (Rosemary) Leaf Extract, Helianthus Annuus (Sunflower) Extract, Tocopherol",Medix 5.5 Booster Serum 20% Vitamin F,https://inkeedecoder.com/products/medix-5-5-booster-serum-20-vitamin-f
comedo,"Linoleic Acid, Oleic Acid, Tocopherol (D-Alpha), Geranium Essential Oil, Lavender Essential Oil",Rhonda Allison Drop Of Essence,https://inkeedecoder.com/products/rhonda-allison-drop-of-essence
comedo,"Tocopheryl Acetate, Linoleic Acid, Linolenic Acid, Cocos Nucifera (Coconut) Oil, Olea Europaea (Olive) Fruit Oil, Ethylhexyl Methoxycinnamate, Lavandula Angustifolia (Lavender) Flower Oil, Cyclopentasiloxane, Simmondsia Chinensis (Jojoba) Seed Oil, Perfume",o3+ Professional Damage Remedy Hair Serum,https://inkeedecoder.com/products/o3-professional-damage-remedy-hair-serum
comedo,"Aqua, Dicaprylyl Carbonate, Linoleic Acid, Glycerin, Polyglyceryl-6 Stearate, Prunus Amygdalus Dulcis Oil, Inulin, Phenoxyethanol, Sclerotium Gum, Alpha-Glucan Oligosaccharide, Stearyl Alcohol, Phospholipids, Sodium Benzoate, Xanthan Gum, Potassium Cetyl Phosphate, Ceramide NP, Polyglyceryl-6 Behenate, Cetearyl Alcohol, Linolenic Acid, Ethylhexylglycerin, Ceramide NG, Citric Acid, Tocopherol",Balea Beauty Expert Calming Serum,https://inkeedecoder.com/products/balea-beauty-expert-calming-serum
comedo,"Water (Aqua), Hepes, Linoleic Acid, Oenothera Biennis (Evening Primrose) Oil, Rosmarinus Chinensis (Rosemary) Oil, Gaultheria Procumbens (Wintergreen) Leaf Oil, Phenethyl Propionate, Cinnamomum Zeylanicum (Cinnamon) Leaf Oil, Thymus Zygis(Thyme) Oil, Carbomer, 1,2-Hexanediol, Caprylyl Glycol",Circadia Rose-Ease Relief Cream,https://inkeedecoder.com/products/circadia-rose-ease-relief-cream
comedo,"Squalene, Caprylyl Methicone, Linoleic Acid, Isoamyl Laurate, Persea Gratissima (Avocado) Oil, Carthamus Tinctorius (Safflower) Seed Oil, Silica Dimethyl Silylate, Rosa Canina Flower Extract, Pelargonium Graveolens Flower Oil, Sodium Hyaluronate, Citrus Aurantium Dulcis (Orange) Flower Oil, Tocopheryl Acetate, Ricinus Communis (Castor) Seed Oil, Linolenic Acid, Citronellol, Linalool, Limonene, Farnesol",Cover fx Custom Infusion Drops  F + Neroli,https://inkeedecoder.com/products/cover-fx-custom-infusion-drops-f-neroli
comedo,"Cyclopentasiloxane, Dimethiconol, Linoleic Acid, Cannabis Sativa (Hemp) Seed Oil, Argania Spinosa (Argan) Kernel Oil, Helianthus Annuus (Sunflower) Seed Oil, Parfum (Fragrance), Oleic Acid, Palmitic Acid, Stearic Acid, Linolenic Acid, Beta-Carotene, Limonene, Daucus Carota Sativa (Carrot) Root Extract, Daucus Carota Sativa (Carrot) Seed Oil, Coumarin, Linalool, Alpha-Isomethyl Ionone, Tocopherol, Ascorbyl Palmitate",Helia-D RE Genero Nourishing Serum For Split Ends,https://inkeedecoder.com/products/helia-d-re-genero-nourishing-serum-for-split-ends
comedo,"Squalane (From Olives), Caprylic/​Capric Triglyceride (From Coconut), Linoleic Acid, Phytosterols, Phospholipids (Vegetable- Derived), Tocopherol",Mother Dirt Moisturizer,https://inkeedecoder.com/products/mother-dirt-moisturizer
comedo,"Purified Water, Glycerine, Linoleic Acid, Prickly Pear Oil, Sandalwood Nut Oil, Oleic Acid, Evening Primrose Oil, Vitamin E Natural, Sodium Acrylates Copolymer, Palmitic Acid, Rosehip Oil, Apricot Kernel Oil, Soya Lecithin, Stearic Acid, Disodium EDTA, Bergamot Oil, Xanthan Gum, Lavender Oil, Sunflower Oil, Palmarosa Oil, Alpha Linolenic Acid, Seabuckthorn Fruit Juice Powder, Wheatgrass Extract, Lactic Acid, Sodium Hydroxide, Phenoxyethanol, Ethylhexylglycerin",New Directions Australia Vitamin F Booster,https://inkeedecoder.com/products/new-directions-australia-vitamin-f-booster
comedo,"Aqua (Water), Panthenol, Linoleic Acid, Coco-Caprylate, Glycerin, C15-19 Alkane, Persea Gratissima (Avocado) Oil, Polyglyceryl-6 Distearate, Saccharomyces Ferment, Dimethicone, Glyceryl Stearate, Helianthus Annuus (Sunflower) Seed Oil, Phytonadione Epoxide, Ubiquinone, Linolenic Acid, Lauroyl Lysine, Haematococcus Pluvialis Extract, Squalene, Beta-Sitosterol, Dimethicone/​Vinyl Dimethicone Crosspolymer, Xanthan Gum, Disodium Stearoyl Glutamate, Sclerotium Gum, Tocopherol, Phenoxyethanol, Ethylhexylglycerin",Niche Beauty Lab Theramid Lino-8,https://inkeedecoder.com/products/niche-beauty-lab-theramid-lino-8
comedo,"Glycerin⁠, Linseed Seed Oil⁠, Linoleic Acid⁠, Passiflora Edulis Seed Oil⁠, Salvia Hispanica (Chia) Seed Oil⁠, Ceramide Eop⁠, Ceramide Eos⁠, Ceramide Np⁠, Ceramide Ns⁠, Caprooyl Sphingosine⁠, Caprooyl Phytosphingosine⁠, Sodium Hyaluronate⁠, Cholesterol⁠, Ceramide Ap⁠, Prunus Domestica Seed Oil⁠, Hydrogenated Lecithin⁠, Trehalose⁠, Tetrahexyldecyl Ascorbate⁠",Paula's Choice Omega+ Complex Serum,https://inkeedecoder.com/products/paulas-choice-omega-complex-serum-6
comedo,"Water, Glycerin, Linolenic/​Linoleic Acid, Phragmites Communis Extract, Poria Cocos Extract, Bellis Perennis (Daisy) Flower Extract, Hydrolyzed Corn Starch, Beta Vulgaris (Beet) Root Extract, Sodium Benzoate, Potassium Sorbate, Algin, Aloe Barbadensis (Aloe Vera) Powder*",Pure and Simple Hydration Serum,https://inkeedecoder.com/products/pure-and-simple-hydration-serum
comedo,"Aqua, Melaleuca Alternifolia Leaf Oil, Linoleic Acid, Oleic Acid, BHT, Polysorbate 80, Hydrogenated Olive Oil Unsaponifiables, Hydrogenated Ethylhexyl Olivate, Dibutyl Adipate, Glycereth - 26, Sodium Acrylates Copolymer, Lecithin, Tapioca Starch, Shea Butter Oleyl Esters, Methylsilanol Mannuronate, Diisopropyl Adipate, Dmdm Hydantoin, Oryza Sativa Starch, Butylene Glycol, Fomes Officinalis (Mushroom) Extract, Parfum, Disodium EDTA, Kaolin",Quintal Fluido Hidratante Finalizador Antiacne,https://inkeedecoder.com/products/quintal-fluido-hidratante-finalizador-antiacne
comedo,"Water, Glycerin, Linoleic Acid, Linolenic Acid, Propanediol, Albatrellus Ovinus Extract, Citric Acid, Stearic Acid, Cetyl Alcohol, Menthyl Lactate, Cyclopentasiloxane, Cyclohexasiloxane, Cetearyl Glucoside, Butylene Glycol, C12-15 Alkyl Benzoate, Ceramide NP, Hydrogenated Lecithin, Glyceryl Stearate, Cholesterol, Ceramide NS, Ceramide AS, Ceramide AP, Ceramide EOP, 1,2-Hexanediol, Caprylyl Glycol, Tropolone, Saccharide Isomerate, Sodium Citrate, Carbomer, Dipropylene Glycol, Aminomethyl Propanol, Sodium Hyaluronate, Pca",Suu Balm Cooling Itch Relief Facial Moisturizer,https://inkeedecoder.com/products/suu-balm-cooling-itch-relief-facial-moisturizer
comedo,"Caprylic/​Capric Triglyceride, Helianthus Annuus (Sunflower) Seed Oil, Linoleic Acid, Citrus Paradisi (Grapefruit) Peel Oil, Argania Spinosa (Argan) Kernel Oil, Prunus Amygdalus Dulcis (Sweet Almond) Oil, Simmondsia Chinensis Jojoba) Seed Oil, Daucus Carota (Carrot) Fruit Oil, Tocopheryl Acetate, Zingiber Officinale (Ginger) Root Oil, Linolenic Acid, Cinnamyl Alcohol, Citral, Citronellol, Farnesol, Geraniol, Limonene, Linalool","TODOMODA Beauty Óleo Acondicionador Corporal & Cabello ""natural Glow Signature Collection""",https://inkeedecoder.com/products/todomoda-beauty-oleo-acondicionador-corporal-cabello-natural-glow-signature-collection
comedo,"Helianthus Annuus (Sunflower) Seed Oil, Sodium Lauroyl Lactylate, Linoleic Acid, Squalane, Tocopherol, Prunus Armeniaca (Apricot) Kernel Oil, Glycine Soja (Soybean) Oil, Linolenic Acid",Typology Lipid-replenishing Shower Oil 2.5% Vitamin E + F + Bitter Almond Extract,https://inkeedecoder.com/products/typology-lipid-replenishing-shower-oil-2-5-vitamin-e-f-bitter-almond-extract
comedo,"Simmondsia Chinensis Seed (Jojoba) Oil, Caryodendron Orinocense (Cacay) Nut Oil, Jojoba Oil/​Macadamia Seed Oil Esters, Linoleic Acid, Squalene, Tocopherol, Phytosteryl Macadamiate, Phytosterols, Linolenic Acid, Chamomilla Recutita (Matricaria) Flower Oil, Helianthus Annuus Seed Oil",Boost Lab Jojoba+ Bio-nourishing Face Oil,https://inkeedecoder.com/products/boost-lab-jojoba-bio-nourishing-face-oil
comedo,"Rosa Canina Fruit Oil, Rosmarinus Officinalis Extract, Tocopheryl Acetate, Linoleic Acid, Ascorbyl Palmitate",Botavicos Rosehip Oil,https://inkeedecoder.com/products/botavicos-rosehip-oil
comedo,"Water, Niacinamide, Propanediol, Linoleic Acid, Butylene Glycol, Glycerin, Pentylene Glycol, 1,2-Hexanediol, Carthamus Tinctorius (Safflower) Seed Oil, Chondrus Crispus Extract, Saccharum Officinarum (Sugarcane) Extract, Hydrolyzed Hyaluronic Acid, Melaleuca Alternifolia (Tea Tree) Leaf Oil, Melia Azadirachta Leaf Extract, Melia Azadirachta Flower Extract, Coccinia Indica Fruit Extract, Amber Powder, Solanum Melongena (Eggplant) Fruit Extract, Curcuma Longa (Turmeric) Root Extract, Ocimum Sanctum Leaf Extract, Corallina Officinalis Extract, Moringa Oleifera Seed Oil, Rosa Canina Fruit Oil, Tocopherol, Polyglycerin-3, Polyglyceryl-10 Laurate, Polyacrylate Crosspolymer-6, Isomerized Safflower Glycerides, Tromethamine, Cyamopsis Tetragonoloba (Guar) Gum, Agar, Ethylhexylglycerin, Sodium Phytate, Carbomer, Xanthan Gum",Dr. Different Vitaacnal TX Capsule Serum,https://inkeedecoder.com/products/dr-different-vitaacnal-tx-capsule-serum
comedo,"Octyldodecanol, Dicaprylyl Ether, Tocopheryl Acetate, Linoleic Acid, Argania Spinosa Kernel Oil, Olea Europaea Fruit Oil, Macadamia Ternifolia Seed Oil, Prunus Amygdalus-Dulcis Oil, Olus Oil, Calendula Officinalis Flower Extract, Parfum, Tocopherol, Helianthus Annuus Seed Oil, Benzophenone-3, Linolenic Acid, Butylphenyl Methylpropional, Benzyl Salicylate, Linalool, Alpha-Isomethyl Ionone, Hexyl Cinnamal, Citronellol, Geraniol, Limonene, Farnesol, Ci 26100, Ci 47000, Ci 60725",Hema Hello Mirror Guess My Age Facial Oil,https://inkeedecoder.com/products/hema-hello-mirror-guess-my-age-facial-oil
comedo,"Water, Butylene Glycol, Glycerin, Linoleic Acid, 1,2-Hexanediol, Cetearyl Olivate, Cetearyl Alcohol, Cetyl Ethylhexanoate, Propanediol, Sorbitan Olivate, Caprylic/​Capric Triglyceride, Octyldodecanol, Synthetic Beeswax, Colloidal Oatmeal, Ceramide NP, Ceramide NS, Ceramide AP, Ceramide AS, Ceramide EOP, Lactobacillus Ferment Lysate, Squalane, Hydrolyzed Hyaluronic Acid, Calcium Chloride, Arginine, Methionine, Cysteine, Lysine, Linolenic Acid, Sodium Hyaluronate, Hyaluronic Acid, Palmitic Acid, Oleic Acid, Houttuynia Cordata Extract, Madecassoside, Centella Asiatica Leaf Extract, Hydrogenated Lecithin, Artemisia Capillaris (Mugwort) Extract, Panthenol, Simmondsia Chinensis (Jojoba) Seed Oil, Pantolactone, Hydrolyzed Malt Extract, Glyceryl Stearate, Glutamic Acid, Aspartic Acid, Ethylhexylglycerin, Stearic Acid, Hydrogenated Polyisobutene, Taraxacum Officinale (Dandelion) Leaf Extract, Hydrolyzed Gardenia Florida Extract, Hydrolyzed Viola Tricolor Extract, Polyglyceryl-10 Laurate, Sorbitan Isostearate, Carbomer, Tromethamine, Polyacrylate-13, Ethylhexyl Palmitate, Pentylene Glycol, Tocopherol",Peach & Lily Rescue Party Barrier Comfort Cream,https://inkeedecoder.com/products/peach-lily-rescue-party-barrier-comfort-cream
comedo,"Water, Butylene Glycol, Glycerin, Linoleic Acid, 1,2-Hexanediol, Cetearyl Olivate, Cetearyl Alcohol, Cetyl Ethylhexanoate, Propanediol, Sorbitan Olivate, Caprylic/​Capric Triglyceride, Octyldodecanol, Synthetic Beeswax, Colloidal Oatmeal, Ceramide NP, Ceramide NS, Ceramide AP, Ceramide AS, Ceramide EOP, Lactobacillus Ferment Lysate, Squalane, Hydrolyzed Hyaluronic Acid, Calcium Chloride, Arginine, Methionine, Cysteine, Lysine, Linolenic Acid, Sodium Hyaluronate, [Hyaluronic Acid], Palmitic Acid, Oleic Acid, Houttuynia Cordata Extract, Madecassoside, Centella Asiatica Leaf Extract, Hydrogenated Lecithin, Artemisia Capillaris (Mugwort) Extract, Panthenol, Simmondsia Chinensis (Jojoba) Seed Oil, Pantolactone, Hydrolyzed Malt Extract, Glyceryl Stearate, Glutamic Acid, Aspartic Acid, Ethylhexylglycerin, Stearic Acid, Hydrogenated Polyisobutene, Taraxacum Officinale (Dandelion) Leaf Extract, Hydrolyzed Gardenia Florida Extract, Hydrolyzed Viola Tricolor Extract, Polyglyceryl-10 Laurate, Sorbitan Isostearate, Carbomer, Tromethamine, Polyacrylate-13, Ethylhexyl Palmitate, Pentylene Glycol, Tocopherol",Peach & Lily Rescue Party Barrier Comfort Cream,https://inkeedecoder.com/products/peach-lily-rescue-party-barrier-comfort-cream-2
comedo,"Aqua (Water), Kaolin, Melaleuca Alternifolia Leaf Oil, Linoleic Acid, Oleic Acid, Polysorbate 80, Glycereth-26, Hydroxypropyl Starch Phosphate, PEG-40 Hydrogenated Castor Oil, Xanthan Gum, Dmdm Hydantoin, Parfum, Butylene Glycol, Fomes Officinalis (Mushromm) Extract, Aminomethyl Propane, BHT, Disodium EDTA",Quintal Máscara De Argila Verde,https://inkeedecoder.com/products/quintal-mascara-de-argila-verde
comedo,"Squalane, Xymenynic Acid, Kaempferol, Conjugated Linoleic Acid, Oleamide Serinol",Regimen Lab Barrier Pro Drop,https://inkeedecoder.com/products/regimen-lab-barrier-pro-drop
comedo,"Squalane, Ascorbyl Tetraisopalmitate, Bakuchiol, Linoleic Acid, Linolenic Acid, Tocopherol, Cetyl Ethylhexanoate, Polyglyceryl-3 Laurate, Methyl Glucose Sesquistearate, Acetyl Hexapeptide-8",doa kozmetik Argireline Oil Serum,https://inkeedecoder.com/products/doa-kozmetik-argireline-oil-serum
comedo,"Aqua, Alcohol, Glycerin, Dehydroxanthan Gum, Linoleic Acid, Polyglyceryl-10 Laurate, Levulinic Acid, Sodium Levulinate, Sodium Lactate, Simmondsia Chinensis Seed Oil, Citric Acid, Daucus Carota Sativa Root Extract, Linolenic Acid, Vanilla Planifolia Fruit Extract, Rosmarinus Officinalis Leaf Extract, Parfum, Ci 77891, Ci 77491, Ci 77492",Alterra Carrot Cake Nail Care Serum,https://inkeedecoder.com/products/alterra-carrot-cake-nail-care-serum
comedo,"Water (Aqua), Prunus Amygdalus Dulcis (Sweet Almond) Oil*, Squalane, Pentylene Glycol, Linoleic Acid, Butyrospermum Parkii (Shea) Butter*, Hydrogenated Rapeseed Oil, Lactobacillus/​Eriodictyon Californicum Ferment Extract, Glyceryl Stearate Citrate, Polyglyceryl-2 Stearate, Octyldodecyl Myristate, Cannabis Sativa Seed Oil*, Capparis Spinosa Fruit Extract, Saccharomyces/​Copper Ferment, Saccharomyces/​Iron Ferment, Saccharomyces/​Magnesium Ferment, Saccharomyces/​Silicon Ferment, Saccharomyces/​Zinc Ferment, Inulin, Bisabolol, Alpha-Glucan Oligosaccharide, Saccharide Isomerate, Helianthus Annuus (Sunflower) Seed Oil*, Fragrance (Parfum)+, Lavandula Angustifolia (Lavender) Oil*, Pelargonium Graveolens Oil*, Styrax Benzoin Resin Extract*, Dipteryx Odorata Seed Extract*, Leuconostoc/​Radish Root Ferment Filtrate, Hydrogenated Lecithin, Lysolecithin, Tocopherol, Stearyl Alcohol, Glyceryl Stearate, Polyglyceryl-3 Stearate, Sodium Stearoyl Glutamate, Sclerotium Gum, Linolenic Acid, Pullulan, Xanthan Gum, Bisabolene, Citric Acid, Sodium Citrate, Silica, Linalool+, Citronellol+, Geraniol+, Benzyl Benzoate+, Coumarin+, Limonene+",Amala Hydro Comfort Omega-rich Moisturizer,https://inkeedecoder.com/products/amala-hydro-comfort-omega-rich-moisturizer
comedo,"Water (Aqua), Sodium Lauroyl Sarcosinate, Ceramide NP, Glycine Soja (Soybean) Seed Extract, Linoleic Acid, Linolenic Acid, Aloe Barbadensis Leaf Juice, Beta Vulgaris (Beet) Root Extract, Fructooligosaccharides, Pyrus Malus (Apple) Fruit Extract, Ophiopogon Japonicus Root Extract, Rosmarinus Officinalis (Rosemary) Leaf Extract, Tocopherol, Allantoin, Maltodextrin, Citric Acid, Glycerin, Sodium Levulinate, Sodium Anisate, Sodium Phytate",Cremadex Gentle Foaming Facial Cleanser,https://inkeedecoder.com/products/cremadex-gentle-foaming-facial-cleanser
comedo,"Water (Aqua), Lecithin, Dipalmitoyl Hydroxyproline, Tall Oil Sterol, Linoleic Acid, Tocopherol, Sodium Ascorbate, Mannitol, Butylene Glycol, Centella Asiatica Extract, Echinacea Purpurea Extract, Panthenol, Decarboxy Carnosine Hcl, Glycerin, Methylglucoside Phosphate, Copper Lysinate/​Prolinate, Ferulic Acid, Leontopodium Alpinum Meristem Cell Culture, Xanthan Gum, Yeast Polysaccharides, Phenoxyethanol, Caprylyl Glycol, Ethylhexylglycerin, Hexylene Glycol, Olea Europaea (Olive) Leaf Extract, Glycosaminoglycans, Aloe Barbadensis Leaf Juice Powder, Arabidopsis Thaliana Extract, Plankton Extract, Carbomer, Triethanolamine, Allantoin, Disodium EDTA",Dermaquest Stem Cell Rebuilding Complex,https://inkeedecoder.com/products/dermaquest-stem-cell-rebuilding-complex
comedo,"Aqua, Hydroxyethyl Urea, Urea, Decamethylcyclopentasiloxane, Linoleic Acid, Linolenic Acid, Ethyl Linoleate, Ethyl Linolenate, Ethyl Oleate, C14-22 Alcohols, C15-19 Alkane, C12-20 Alkyl Glucoside, Glycerin, Isosorbide, Propolis Extract, Ceramide NP, C20-22 Alkyl Phosphate, Betaine, Inositol, Xylitol, C20-22 Alcohols, Adenosine, Myristyl Alcohol, Propylene Glycol, Butylene Glycol, Myristyl Glucoside, Cetearyl Alcohol, Ceramide AP, Ceramide EOP, Butyrospermum Parkii (Shea) Butter, Tocopheryl Acetate, Bisabolol, Bis-PEG-18 Methyl Ether Dimethyl Silane, PEG-240/​Hdi Copolymer Bis-Decyltetradeceth-20 Ether, Pinus Palustris Leaf Extract, Camellia Sinensis Leaf Extract, Hydrogenated Lecithin, Aloe Vera Leaf Juice, Snail Secretion Filtrate, Sucrose Stearate, Polyglyceryl-10 Stearate, Phytosphingosine, Cholesterol, Sodium Lauroyl Lactylate, Oat Beta-Glucan, Yeast Beta-Glucan, Glyceryl Acrylate/​Acrylic Acid Copolymer, Potassium Laurate, Tocopherol, Echinacea Purpurea Extract, Olea Europaea (Olive) Leaf Extract, Hydroxyacetophenone, Zingiber Officinale (Ginger) Root Extract, 1,2-Hexanediol, Pentylene Glycol, 4-T-Butylcyclohexanol, Carbomer, Xanthan Gum, Pvm/​Ma Copolymer, Phenoxyethanol, Ethylhexylglycerin, Citric Acid, Sodium Hydroxide, Tetrasodium EDTA, Fragrance",DrCeutics Dual Urea 15% Moisture Replenishing Cream,https://inkeedecoder.com/products/drceutics-dual-urea-15-moisture-replenishing-cream
comedo,"Water/​Aqua/​Eau, Octyldodecanol, Glycerin, Sclerocarya Birrea Seed Butter, Linoleic Acid, Glyceryl Stearate, Palmitic Acid, Pentylene Glycol, Cetearyl Alcohol, Stearic Acid, Sclerocarya Birrea Seed Oil, Persea Gratissima (Avocado) Oil, Avena Sativa (Oat) Kernel Oil, Oenothera Biennis (Evening Primrose) Oil, Linum Usitatissimum (Linseed) Seed Oil, Salvia Hispanica Seed Oil, Simmondsia Chinensis (Jojoba) Seed Oil, Ceramide AP, Ceramide NP, Ceramide EOP, Avena Sativa (Oat) Kernel Extract, Panthenol, Linolenic Acid, Adenosine, Beta-Glucan, Quercetin, Allantoin, Sodium Lauroyl Lactylate, Phytosphingosine, Cholesterol, Xanthan Gum, Tetrasodium Glutamate Diacetate, Propanediol, Citric Acid, Ceteareth-20, Sodium Carbonate, Phenoxyethanol, Sodium Chloride, Caprylyl Glycol, Sodium Hydroxide, Chlorphenesin, Carbomer, Ethylhexylglycerin",Drunk Elephant Ceramighty™ AF Eye Balm,https://inkeedecoder.com/products/drunk-elephant-ceramighty-tm-af-eye-balm
comedo,"Paraffinum Liquidum, Arctium Lappa Root Extract, Trilaureth-4 Phosphate, Ethylhexyl Cocoate, Linoleic Acid, Retinyl Palmitate, Helianthus Annuus Seed Oil, Beta-Carotene, Thymus Vulgaris Oil, Vetiveria Zizanoides Root Oil, BHT, Phenoxyethanol, Methylparaben, Ethylparaben, Butylparaben",Elfa Pharm Rebuilding Burdock Hair Balm-mask,https://inkeedecoder.com/products/elfa-pharm-rebuilding-burdock-hair-balm-mask
comedo,"Aqua (Water), Caprylic/​Capric Triglyceride, Glycerin, Jojoba Esters, Linoleic Acid, Cetyl Alcohol, Glyceryl Stearate, Butyrospermum Parkii (Shea) Butter, Camellia Oleifera Seed Oil, C10-18 Triglycerides, Cera Alba (Beeswax), Helianthus Annuus (Sunflower) Seed Wax, PEG-75 Stearate, Oleic Acid, Ceteth-20, Steareth-20, 1,2-Hexanediol, Caprylyl Glycol, Palmitic Acid, Acrylates/​C10-30 Alkyl Acrylate Crosspolymer, Parfum (Fragrance), Stearic Acid, Tocopherol, Sodium Hyaluronate, Tocopheryl Acetate, Retinyl Palmitate, Sodium Hydroxide, Linolenic Acid, Tropolone",Embryolisse Anti-age Comfort Mask,https://inkeedecoder.com/products/embryolisse-anti-age-comfort-mask
comedo,"Purified Water (Aqua), Cocamidopropyl Betaine, Sodium C14-16 Olefin Sulfonate, Sodium Chloride, Linoleic Acid (Omega-6), Ceramide 3, Ceramide NP, Palmitoyl Oligopeptide, Palmitoyl Tetrapeptide-7, Aloe Barbadensis (Aloe Vera) Leaf Juice, Vaccinium Angustifolium (Blueberry) Fruit Extract, Niacinamide (Vitamin B3), Tocopheryl Acetate (Vitamin E), Sodium Hyaluronate, Glycerin, Polyquaternium-7, PEG-150 Distearate, Citric Acid, Phenoxyethanol, Dehydroacetic Acid, Benzyl Alcohol, Fragrance (Parfum)",Essential Beauty Ultra Hydrating Cleansing Gel,https://inkeedecoder.com/products/essential-beauty-ultra-hydrating-cleansing-gel
comedo,"Aqua, Glycerin, Propanediol, Triheptanoin, Linoleic Acid, Panthenol, Dicaprylyl Carbonate, Squalane, Sodium Polyacrylate, Cetyl Phosphate, Glyceryl Stearate, Caprylic/​Capric Triglyceride, Phenoxyethanol, Parfum, Bisabolol, Butyrospermum Parkii Butter, Arginine, Caprylyl Glycol, Sodium Hyaluronate, Silica, Tocopherol, Glyceryl Polyacrylate, Calendula Officinalis Flower Extract, Ethylhexylglycerin, Helianthus Annuus Seed Oil, Tetrasodium Glutamate Diacetate, Hydrolyzed Algin, Linolenic Acid, Maris Aqua, Chlorella Vulgaris Extract",Helenvita Acnormal Hydra Boost,https://inkeedecoder.com/products/helenvita-acnormal-hydra-boost
comedo,"Aqua, Sodium Hyaluronate, Magnesium Ascorbyl Phosphate, Imperata Cylindrica (Root) Extract, Linoleic Acid, Phospholipids, Caprylic/​Capric Triglyceride, Glycine Soja (Soybean) Sterols, Glyceryl Stearate, Pal­Mitoyl Pentapeptide-4, Acetyl Hexapeptide-8, Citrus Nobilis Peel Oil, Centella Asiatica Extract, Tetrahexyldecyl Ascorbate, Palmitoyl Oligopeptide, Darutoside, Stearyl Glycyrrhetinate, Vitis Vinifera (Grape) Seed Extract, Camellia Sinensis Leaf Extract, Corallina Officinalis Extract, Panthenol, Ascorbyl Palmitate, Ascorbic Acid, Prunus Amygdalus Dulcis (Sweet Almond) Oil, Linoleamidopropyl Pg-Dimonium Chloride Phosphate, Tocopherol, Simmondsia Chinensis (Jojoba) Seed Oil, Squalane, Tocopheryl Acetate, Yeast Polysaccharides, Olea Europaea (Olive) Leaf Extract, Citric Acid, Dipotassium Glycyrrhiza­Te, Spiraea Ulmaria Flower Extract, Phyllanthus Emblica Fruit Extract, Disodium EDTA, Magnesium Alumi­Num Silicate, Glucosamine Hcl, Algae Extract, Saccharomyces Cerevisiae Extract, Aloe Barbaden­Sis Leaf Juice Powder, Polysorbate 20, Xanthan Gum, Leucine, Valine, Tyrosine, Arginine, Lysine",Image Vital C Hydrating Anti-Aging Serum,https://inkeedecoder.com/products/image-vital-c-hydrating-anti-aging-serum
comedo,"Cactus Extract, Beeswax, Sesame Oil, Oleic Acid, Linoleic Acid",Mebo Scar Ointment,https://inkeedecoder.com/products/mebo-scar-ointment
comedo,"Water, Sodium Ascorbyl Phosphate, Tocopheryl Acetate, Panthenol, Linoleic Acid, Linolenic Acid, Cetearyl Alcohol, Ceteareth-20, Propylene Glycol, Glyceryl Stearate, PEG-100 Stearate, Hydrogenated Castor Oil, Myristyl Lactate, Retinyl Palmitate, Glycolic Acid, Polyacrylamide, Cetyl Alcohol, Methylparaben, Disodium EDTA, Propylparaben, Fragrance, BHT",Medihealth Nutrem,https://inkeedecoder.com/products/medihealth-nutrem
comedo,"Glycine Soja Oil, Vanillyl Butyl Ether, Rosmarinus Officinalis Extract, Parfum, Linolenic/​Linoleic Acid, Tocoferol, Retinyl Palmitate, Citrus Limon Oil",Morizo Warming Massage Oil,https://inkeedecoder.com/products/morizo-warming-massage-oil
comedo,"Squalane, Caprylic/​Capric Triglyceride, Aspergillus Ferment, Saccharomyces Ferment, Linoleic Acid, Phytosterols, Phospholipids, Tocopherol",Mother Dirt Probiotic Moisturizing Serum,https://inkeedecoder.com/products/mother-dirt-probiotic-moisturizing-serum
comedo,"Butyrospermum Parkii Butter, Simmondsia Chinensis (Jojoba) Seed Oil, Macadamia Ternifolia Seed Oil, Zinc Oxide, Linoleic Acid, Linolenic Acid, Tocopherol, Rosa Canina (Rosehip) Seed Oil, Calendula Officinalis Extract, Borago Officinalis (Borage) Seed Oil, Chamomilla Recutita Flower Extract",POM POM Botanikuskert Problémamegoldó Krém,https://inkeedecoder.com/products/pom-pom-botanikuskert-problemamegoldo-krem
comedo,"Aqua, Glycerin, Niacinamide, Hydroxyethyl Acrylate/​Sodium Acryloyldimethyl Taurate Copolymer, Linoleic Acid, Phospholipids, Sphingolipids (Ceramides), Tocopherol (Vitamin E), Sodium Hyaluronate, Centella Asiatica (Cica) Leaf Extract, Allantoin, Phenylpropanol, Hydroxyacetophenone, Propanediol, Caprylyl Glycol, Oleic Acid, Palmitic Acid, Polysorbate 60, Sorbitan Isostearate, Stearic Acid, Tetrasodium Glutamate Diacetate, 1,2-Hexanediol, Linolenic Acid, Polylysine, Pentylene Glycol",PanOxyl Balancing Repair Moisturizer,https://inkeedecoder.com/products/panoxyl-balancing-repair-moisturizer
comedo,"Water, Glycerin, Niacinamide, Hydroxyethyl Acrylate/​Sodium Acryloyldimethyl Taurate Copolymer, Linoleic Acid, Phospholipids, Sphingolipids (Ceramides), Tocopherol (Vitamin E), Sodium Hyaluronate, Centella Asiatica (Cica) Leaf Extract, Allantoin, Phenylpropanol, Hydroxyacetophenone, Propanediol, Caprylyl Glycol, Oleic Acid, Palmitic Acid, Polysorbate 60, Sorbitan Isostearate, Stearic Acid, Tetrasodium Glutamate Diacetate, 1,2-Hexanediol, Linolenic Acid, Polylysine",PanOxyl PM Balancing Repair Moisturizer with Niacinamide,https://inkeedecoder.com/products/panoxyl-pm-balancing-repair-moisturizer-with-niacinamide
comedo,"Squalane, Caprylic/​Capric Triglyceride, Euterpe Oleracea Sterols, Ceramide NP, Linoleic Acid, Oleic Acid, Linolenic Acid, Lecithin, Tocopherol",Pipette Baby Oil (2021),https://inkeedecoder.com/products/pipette-baby-oil-2021
comedo,"Marula Seed Oil, Vitamin A, Vitamin E, Oleic Acid, Linoleic Acid, Stearic Acid, Paraffinum Liquidum, Isopropyl Myristate, Tocopherol, Parfum",Portia M Marula Skin Oil,https://inkeedecoder.com/products/portia-m-marula-skin-oil
comedo,"Sulfur (6%), Water, Kaolin, Glycereth-26, Linoleic Acid, Cetearyl Alcohol, Magnesium Aluminum Silicate, Synthetic Wax, Ceteareth-20, Sodium Lauroyl Sarcosinate, Linolenic Acid, Tocopherol, Tocopheryl Acetate, Melaleuca Alternifolia (Tea Tree) Leaf Oil, Cymbopogon Schoenanthus Extract, Geranium Maculatum Extract, Hydrated Silica, Ethoxydiglycol, Tetrasodium EDTA, Sodium Sulfate, Butylene Glycol, Phenoxyethanol, Fragrance, Titanium Dioxide, Zinc Oxide, Chromium Hydroxide Green",Proactiv Skin Purifying Mask,https://inkeedecoder.com/products/proactiv-skin-purifying-mask
comedo,"Citrus Aurantifolia Peel Water, Aqua, Triticum Aestivum Germ Extract, Cetearyl Alcohol, Linoleic Acid, Oenothera Biennis Oil, Polyglyceryl-3 Stearate, Glycine Soja Oil, Hydrolyzed Corn Starch, Beta Vulgaris Root Extract, Behenyl Alcohol, Glycerin, Glyceryl Stearate Citrate, Propanediol, Glyceryl Caprylate, Helianthus Annuus Seed Cera, Hippophae Rhamnoides Fruit Oil, Lavandula Angustifolia Oil, Glyceryl Caprate, Xanthan Gum, Sodium Anisate, Lactic Acid, Sodium Phytate, Tremella Fuciformis Extract, Gluconolactone, Tocopherol, Calendula Officinalis Flower Extract, Helianthus Annuus Seed Oil, P-Anisic Acid, Sodium Benzoate, Phragmites Communis Extract, Poria Cocos Extract, Linolenic Acid, Rosmarinus Officinalis Leaf Oil, Citrus Aurantium Dulcis Oil, Citrus Limon Peel Extract, Ascorbyl Palmitate, Amyris Balsamifera Bark Oil, Boswellia Serrata Oil, Cedrus Deodara Wood Oil, Eucalyptus Globulus Leaf Oil, Salvia Lavandulifolia Leaf Oil, Pogostemon Cablin Oil, Calcium Gluconate, Linalool*, Limonene*, Citral*",Rainpharma Fabulous Day & Night Moist,https://inkeedecoder.com/products/rainpharma-fabulous-day-night-moist
comedo,linoleic-acid,Next page >>,https://inkeedecoder.com/ingredients/linoleic-acid?uoffset=1
comedo,"Water (Aqua), Niacinamide 20.0%, Pentylene Glycol (Solvent/​Texture Enhancer), Butylene Glycol (Slip Agent/​Hydration), Glycerin (Skin-Replenishing), Acetyl Glucosamine (Skin-Replenishing), Ascorbyl Glucoside (Vitamin C/​Antioxidant), Glycyrrhiza Glabra (Licorice) Root Extract (Skinsoothing/​Antioxidant), Spiraea Ulmaria (Meadowsweet) Extract (Antioxidant), Portulaca Oleracea (Purslane) Extract (Antioxidant), Camellia Japonica Flower Extract (Antioxidant), Epigallocatechin Gallate (Green Tea-Derived Antioxidant), Boerhavia Diffusa Root Extract (Skin-Soothing), Camellia Sinensis (Green Tea) Leaf Extract (Antioxidant), Allantoin (Skinsoothing), Lecithin (Skin-Replenishing), Pullulan (Texture Enhancer), Panthenol (Hydration), Silica (Absorbent), Xanthan Gum (Thickener), Sclerotium Gum (Thickener), Propanediol (Hydration), Sodium Phytate (Chelating Agent), Phenoxyethanol (Preservative), Ethylhexylglycerin (Preservative)","20.0% | Clinical Niacinamide 20% Treatment
        

            Paula's Choice",https://inkeedecoder.com/products/paulas-choice-clinical-niacinamide-20-treatment
comedo,"Water, Niacinamide 10.0%, Butylene Glycol, PEG-8, Propylene Glycol, Poloxamer 407, Tranexamic Acid 3.0%, Laureth-4, Salicylic Acid 1.0%, Carbomer, Dipotassium Glycyrrhizate, Bisabolol, Methylparaben, Phenoxyethanol","10.0% | Rejuvenating Brightening Essence
        

            BRODA® PRO",https://inkeedecoder.com/products/broda-r-pro-rejuvenating-brightening-essence
comedo,"Organic Aloe Barbadensis Leaf Extract (Aloe), Niacinamide 10.0%, Propanediol, Glycerin, 1,2-Hexanediol, Zinc Pca 1.0%, Sodium Hyaluronate, Allantoin, Dipotassium Glycyrrhizate, Organic Hamamelis Virginiana (Witch Hazel) Leaf Extract, Organic Rosmarinus Officinalis (Rosemary) Extract, Organic Eucalyptus Globulus (Eucalyptus) Leaf Extract, Organic Thymus Vulgaris (Thyme) Extract, Organic Aspalathus Linearis (Rooibos) Extract","10.0% | Niacinamide 10 Serum
        

            Cos De BAHA",https://inkeedecoder.com/products/cos-de-baha-niacinamide-10-serum
comedo,"Aqua (Water/​Eau), Butylene Glycol, Niacinamide 10.0%, Azelaic Acid 5.0%, Dicaprylyl Carbonate, Glycerin, Ethoxydiglycol, Cetearyl Alcohol, Dimethyl Isosorbide, Bakuchiol 1.0%, Tapioca Starch, Benzyl Alcohol, Allantoin, Sodium Stearoyl Glutamate, Xanthan Gum, Phenoxyethanol, Hydroxypinacolone Retinoate 0.2%, Disodium EDTA, Dehydroacetic Acid, Polymethylsilsesquioxane","10.0% | Flawless Nightly Serum
        

            Dr. Sam Bunting Skincare",https://inkeedecoder.com/products/dr-sam-bunting-skincare-flawless-nightly-serum
comedo,"Water (Aqua/​Eau), Niacinamide 10.0%, Glycerin, Propanediol, Butylene Glycol, Squalane, Leuconostoc/​Radish Root Ferment Filtrate, Hyaluronic Acid, Phenoxyethanol, Hydroxyethyl Acrylate/​Sodium Acryloyldimethyl Taurate Copolymer, Hydroxyethylcellulose, Phospholipids, Xanthan Gum, Glycine Soja (Soybean) Extract, Allantoin, Disodium EDTA, Polysorbate 60, Panthenol, Glycolipids, Glycine Soja (Soybean) Sterols, Disodium Phosphate, Citric Acid, Sodium Phosphate","10.0% | Niacinamide
        

            The Inkey List",https://inkeedecoder.com/products/the-inkey-list-niacinamide
comedo,"Aqua (Water), Niacinamide 10.0%, Pentylene Glycol, Zinc Pca 1.0%, Dimethyl Isosorbide, Tamarindus Indica Seed Gum, Xanthan Gum, Isoceteth-20, Ethoxydiglycol, Phenoxyethanol, Chlorphenesin","10.0% | Niacinamide 10% + Zinc 1%
        

            The Ordinary",https://inkeedecoder.com/products/the-ordinary-niacinamide-10-zinc-1-serum1
comedo,"Aqua, Niacinamide 10.0%, Methylpropanediol, Pentylene Glycol, Salicylic Acid 1.0%, 3-O-Ethyl Ascorbic Acid, Carnosine, Opuntia Streptacantha Stem Extract, Glycine Max (Soybean) Seed Extract, Rhamnose, Amylopectin, Dextrin, Xanthan Gum, Trehalose, Tapioca Starch, Glycerin, Citric Acid, Hydroxyethylcellulose, 1,2-Hexanediol","10.0% | Pore Refining & Spot Correcting Concentrate
        

            dermistry⁺",https://inkeedecoder.com/products/dermistry-pore-refining-spot-correcting-concentrate
comedo,"Aqua (Water), Niacinamide 5.0%, Tranexamic Acid 3.0%, PEG-11 Methyl Ether Dimethicone, Caprylyl Methicone, Caprylic/​Capric Triglyceride, 1-Methylhydantoin-2-Imide, 1,2-Hexanediol, PEG-12 Dimethicone, Propanediol, PEG-12 Dimethicone/​PPG-20 Crosspolymer, Tocopheryl Acetate, Morus Alba Root Extract, Brassica Campestris (Rapeseed) Seed Oil, Althaea Officinalis Root Extract, Glycyrrhiza Glabra (Licorice) Root Extract, Polyglyceryl-3 Diisostearate, Oryza Sativa (Rice) Bran Extract, Vaccinium Angustifolium (Blueberry) Fruit Extract, Panthenol, Allantoin, Sodium Hyaluronate, Phenoxyethanol, Aminomethyl Propanediol, Carbomer, Ethylhexylglycerin, Sodium Polyacrylate, Dimethicone, Cyclopentasiloxane, Glycerin, Trideceth-6, PEG/​PPG-18/​18 Dimethicone, Disodium EDTA","5.0% | Star Light Spot Corrector
        

            Acaderma",https://inkeedecoder.com/products/acaderma-star-light-spot-corrector
comedo,"Aqua (Water), Azelaic Acid 10.0%, Caprylic/​Capric Triglyceride, Niacinamide 5.0%, Dicaprylyl Carbonate, Ascorbyl Glucoside 2.0%, Cetearyl Alcohol, Glycerin, Glyceryl Stearate SE, Cetearyl Olivate, Bakuchiol 1.0%, Sorbitan Olivate, Benzyl Alcohol, Xanthan Gum, Phenoxyethanol, Sodium Hydroxide, Disodium EDTA, Dehydroacetic Acid","5.0% | Flawless Brightly Serum
        

            Dr Sam Bunting",https://inkeedecoder.com/products/dr-sam-bunting-flawless-brightly-serum
comedo,"Aqua (Water/​Eau), Butyrospermum Parkii (Shea) Butter, Cyclopentasiloxane, Niacinamide 5.0%, Propanediol, Dimethicone, Glycerin, Cetyl Alcohol, Caprylic/​Capric Triglyceride, Glyceryl Stearate Se, Panthenol, Xylitylglucoside, Polysilicone-11, Stearic Acid, Anhydroxylitol, Phenoxyethanol, Carbomer, Allantoin, Sodium Hyaluronate, Xylitol, Sodium Hydroxymethylglycinate, Sodium Stearoyl Glutamate, Sodium Hydroxide, Disodium Edta, Ethylhexylglycerin, Citric Acid","5.0% | Flawless Moisturiser
        

            Dr. Sam Bunting Skincare",https://inkeedecoder.com/products/dr-sam-bunting-skincare-flawless-moisturiser
comedo,"Water, Niacinamide 5.0%, Arbutin 2.0%, Acetyl Glucosamine 2.0%, Bis-Ethoxydiglycol Cyclohexane 1,4-Dicarboxylate 1.0%, Pentylene Glycol, Butylene Glycol, Sophora Flavescens Root Extract**, Glycyrrhiza Inflata Root Extract**, Scutellaria Baicalensis Root Extract**, Dimethicone, Sodium Polyacrylate, C18-21 Alkane, Trideceth-6, 1,2-Hexanediol, Hydroxyacetophenone, Chlorphenesin","5.0% | Lab. Restoring Brightening Serum
        

            Purid",https://inkeedecoder.com/products/purid-lab-restoring-brightening-serum
comedo,"Water, Aloe Vera Juice Extract, Niacinamide 5.0%, Cyclodextrin, Caprylic/​Capric Triglyceride, Gluconolactone, Terminalia Ferdinandiana (Kakadu Plum) Fruit Extract 5.0%, Carnitine (L), Vegetable Glycerin, Polysorbate 20, Retinaldehyd 0.5%, (Symwhite) Phenylethyl Resorcinol, Tocopheryl Acetate (D-Alpha), Bisabolol (L-Alpha), Hydrolyzed Marine Collagen, Porphyra Umbilicalis (Red Algae) Extract, Vaccinium Macrocarpon (Cranberry) Fruit Extract, Lactic Acid, Rubus Chamaemorus Seed Oil, Citrus Aurantium Bergamia (Bergamot) Fruit Oil, Michelia Alba (Magnolia) Flower Oil, Maltodextrin, Sodium Lactate, Lonicera Caprifolium (Honeysuckle) Flower Extract, Japonica (Honeysuckle) Flower Extract, Lecithin, Citrus Aurantium Dulcis (Orange) Fruit Extract, Jojoba Oil, Glycine Soja (Soybean) Oil, Apple Fruit Extract, Mangosteen Fruit Extract, Sorbitol, Beta-Glucan, Aloe Vera, Allantoin, Calendula Officinalis Flower Extract, Chamomile, Hyaluronic Acid, Hyaluronic Acid Hmw, Colloidal Oatmeal (Avena Sativa), Canadian Willow Herb Extract, Coenzyme Q10, Butylene Glycol, Phenoxyethanol, Caprylyl Glycol, Ethylhexylglycerin, Pentylene Glycol, Potassium Sorbate, Green Tea Leaf Extract, Alcohol, Citric Acid, Xanthan Gum, Sclerotium Gum, Pullulan, Sodium Benzoate, Benzoic Acid, 1,2-Hexanediol, Sodium Phytate","5.0% | Abc Repair & Restore Antioxidant Serum Rx2
        

            RejuAus",https://inkeedecoder.com/products/rejuaus-abc-repair-restore-antioxidant-serum-rx2
comedo,niacinamide,Show all >>,https://inkeedecoder.com/ingredients/niacinamide?koffset=1
comedo,"Water/​Aqua/​Eau, Glycerin, Coco-Caprylate, Stearic Acid, Coconut Alkanes, Glyceryl Stearate, Niacinamide, Caprylic/​Capric Triglyceride, Cetearyl Alcohol, Pentylene Glycol, Passiflora Edulis Seed Oil, Retinol 1.0%, Simmondsia Chinensis (Jojoba) Seed Oil, Sclerocarya Birrea Seed Oil, Prunus Armeniaca (Apricot) Kernel Oil, Cetyl Ethylhexanoate, Palmitoyl Tripeptide-1, Palmitoyl Tetrapeptide-7, Brassica Oleracea Acephala Leaf Extract, Brassica Oleracea Italica (Broccoli) Extract, Tetrahexyldecyl Ascorbate, Chrysin, Persea Gratissima (Avocado) Oil, Linoleic Acid, Linolenic Acid, Ceramide NP, Xanthophylls, Phytosphingosine, Phytosterols, Jojoba Esters, Physalis Pubescens Fruit Juice, Stearyl Glycyrrhetinate, Oryza Sativa (Rice) Bran Extract, Glycine Soja (Soybean) Oil, Carthamus Tinctorius Seed Oil, Palmitoyl Hexapeptide-12, Cetyl Palmitate, Trehalose, Lauric Acid, Sodium Hyaluronate Crosspolymer, Olea Europaea (Olive) Fruit Oil, Glucosamine Hcl, Tocopheryl Acetate, Coco-Caprylate/​Caprate, Pisum Sativum (Pea) Extract, Tocopherol, Bambusa Vulgaris Leaf/​Stem Extract, Phenoxyethanol, Caprylyl Glycol, Carbomer, Trideceth-6 Phosphate, N-Hydroxysuccinimide, Ceteareth-20, Sodium Hydroxide, Laureth-23, Steareth-20, Propanediol, Chlorhexidine Digluconate, Polysorbate 20, Trisodium Ethylenediamine Disuccinate, Chlorphenesin, Potassium Sorbate, Ethylhexylglycerin","1.0% | A-Passioni Retinol Cream
        

            Drunk Elephant",https://inkeedecoder.com/products/drunk-elephant-a-passioni-retinol-cream
comedo,"Aqua (Water), Phospholipids, Leuconostoc/​Radish Root Ferment Filtrate, Retinol 1.0%, Phenoxyethanol, Benzoic Acid, Glyceryl Laurate, EDTA, Dehydroacetic Acid, Ethylhexylglycerin","1.0% | Night Switch Retinol 1%
        

            Lixir",https://inkeedecoder.com/products/lixir-night-switch-retinol-1
comedo,"Aqua (Water), Cyclomethicone, Allyl Methacrylates Crosspolymer, Polysorbate 20, Retinol 1.0%, BHT, Cyclopentasiloxane, Dimethicone Crosspolymer, Dimethicone, Dimethiconol, Laureth-4, Laureth-23, Hydrogenated Lecithin, Butyrospermum Parkii (Shea Butter), Capric/​Caprylic Triglyceride, Ceramide 2, Ceramide 3, Phytosphingosine, Cholesterol, Hypericum Perforatum Extract, Propylene Glycol, Sodium Polyacrylate, Dimethicone PEG-7 Isostearate, Glycerin, Polyacrylamide, C13-14 Isoparaffin, Laureth-7, Bisabolol, Rosa Canina Leaf Extract, Silybum Marianum Fruit Extract, Passiflora Incarnata Flower Extract, Chamomilla Recutita Leaf Extract (Matricaria), Citric Acid, Methylisothiazolinone, Tetrasodium EDTA","1.0% | Retinol 1.0 Maximum Strength Refining Night Cream
        

            SkinCeuticals",https://inkeedecoder.com/products/skinceuticals-retinol-1-0-maximum-strength-refining-night-cream
comedo,"Squalane, Caprylic/​Capric Triglyceride, Simmondsia Chinensis (Jojoba) Seed Oil, Retinol 1.0%, Solanum Lycopersicum (Tomato) Fruit Extract, Rosmarinus Officinalis (Rosemary) Leaf Extract, Hydroxymethoxyphenyl Decanone, BHT","1.0% | Retinol 1% In Squalane
        

            The Ordinary",https://inkeedecoder.com/products/the-ordinary-retinol-1-in-squalane
comedo,"Carthamus Tinctorius (Safflower) Seed Oil, Caprylic/​Capric Triglyceride, Cyclopentasiloxane, PPG-12/​Smdi Copolymer, Cyclohexasiloxane, Retinol 0.6%, Tocopheryl Acetate, Lecithin, BHT","0.6% | Retinol 6TR Serum
        

            Medik8",https://inkeedecoder.com/products/medik8-retinol-6tr-serum
comedo,"Aqua/​Water/​Eau, Cyclopentasiloxane, Cyclohexasiloxane, Dimethiconol, Alcohol Denat, Pentylene Glycol, Allyl Methacrylates Crosspolymer, Dimethicone PEG-7 Isostearate, Sodium Polyacrylate, Dimethicone Crosspolymer, Dimethicone, Cyclomethicone, Glycerin, Retinol 0.5%, Hydrogenated Lecithin, Polysorbate 20, Polyacrylamide, C13-14 Isoparaffin, Laureth-23, Laureth-4, Bisabolol, BHT, Laureth-7, Trisodium EDTA, Propylene Glycol, Salvia Officinalis Leaf Extract/​Sage Leaf Extract, Chamomilla Recutita Flower Extract, Matricaria Flower Extract, Propyl Gallate","0.5% | Retinol 0.5 Refining Night Cream
        

            SkinCeuticals",https://inkeedecoder.com/products/skinceuticals-retinol-0-5-refining-night-cream
comedo,"Squalane, Caprylic/​Capric Triglyceride, Simmondsia Chinensis (Jojoba) Seed Oil, Retinol 0.5%, Solanum Lycopersicum (Tomato) Fruit Extract, Rosmarinus Officinalis (Rosemary) Leaf Extract, Hydroxymethoxyphenyl Decanone, BHT","0.5% | Retinol 0.5% In Squalane
        

            The Ordinary",https://inkeedecoder.com/products/the-ordinary-retinol-0-5-in-squalane
comedo,"Simmondsia Chinensis (Jojoba) Seed Oil, Cyclopentasiloxane, PPG-12/​Smdi Copolymer, Cyclohexasiloxane, Caprylic/​Capric Triglyceride, Tocopheryl Acetate, Retinol 0.3%, Lecithin, BHT","0.3% | Retinol 3 Tr Serum
        

            Medik8",https://inkeedecoder.com/products/medik8-retinol-3-tr-serum
comedo,"Aqua/​Water, Isostearyl Neopentanoate, Glycerin, Glycine Soja Oil/​Soybean Oil, Propylene Glycol, Acrylamide/​Sodium Acryloyldimethyltaurate Copolymer, Cetearyl Alcohol, Phenoxyethanol, Isohexadecane, Retinol 0.3%, Polysorbate 80, Sodium Hyaluronate, Medicago Sativa Extract/​Alfalfa Extract, Chamomilla Recutita Extract/​Matricaria Flower Extract, Triethanolamine","0.3% | Retinol 0.3
        

            SkinCeuticals",https://inkeedecoder.com/products/skinceuticals-retinol-0-3
comedo,"Aqua/​Water, Glycerin, Dicaprylyl Ether, Isopropyl Isostearate, Octyldodecanol, Sodium Tetrahydrojasmonate, Cetyl Alcohol, Glycine Soja Oil /​ Soybean Oil, Behenyl Alcohol, Dipropylene Glycol, Ci 61570 /​ Green 5, Tocopherol, Sodium Hyaluronate, Sodium Hydroxide, Phenoxyethanol, Adenosine, PEG-100 Stearate, Chlorphenesin, Ammonium Polyacryloyldimethyl Taurate, Limonene, Linalool, Caprylyl Glycol, Carbomer, Cetearyl Alcohol, Methyldihydrojasmonate, Retinol 0.2%, Cetearyl Glucoside, Citronellol, BHT, Parfum/​Fragrance","0.2% | Visionnaire Skin Solutions Retinol Serum
        

            Lancôme",https://inkeedecoder.com/products/lancome-visionnaire-skin-solutions-retinol-serum
comedo,"Water, Pentylene Glycol, Dimethicone, Bis-Ethoxydiglycol Cyclohexane 1,4-Dicarboxylate 1.0%, Sodium Polyacrylate, C18-21 Alkane, Trideceth-6, 1,2-Hexanediol, Haematococcus Pluvialis Extract, Hydroxyacetophenone, Chlorphenesin, Retinol 0.15%, Adenosine 0.13%, Hydroxypropyl Cyclodextrin, Sodium Starch Octenylsuccinate, Ascorbic Acid","0.15% | Lab. Restoring Radiance Serum
        

            Purid",https://inkeedecoder.com/products/purid-lab-restoring-serum
comedo,"Water, Cyclopentasiloxane, Dimethicone Crosspolymer, Ascorbyl Glucoside 2.0%, Ammonium Acryloyldimethyltaurate, Niacinamide, C12-15 Alkyl Benzoate, Dimethicone, Nylon-12, Phenoxyethanol, Glycerin, Portulaca Oleracea Extract, Aluminum Starch Octenylsuccinate, Cyclohexasiloxane, Butylene Glycol, Bisabolol, Laureth-23, Sodium Hydroxide, Methylparaben, Sodium Lactate, Polyacrylamide, Laureth-4, Xanthan Gum, BHT, Disodium EDTA, Propylparaben, C13-14 Isoparaffin, Fragrance, Retinol 0.1%, Sodium PCA, Polysorbate 20, Ascorbic Acid, Propylene Glycol, Ethylparaben, Sorbitol, Laureth-7, Proline, Dipotassium Glycyrrhizate, Hydrolyzed Soy Protein, Lilium Candidum Flower Extract","0.1% | Fine Fairness Brightening Serum
        

            Neutrogena",https://inkeedecoder.com/products/neutrogena-fine-fairness-brightening-serum
comedo,retinol,Show all >>,https://inkeedecoder.com/ingredients/retinol?koffset=1
comedo,"Propylene Glycol, PEG-75, PEG-8, Water, Salicylic Acid 9.0%, Glycerin, Avena Sativa (Oat) Kernel Extract, Butylene Glycol, Boerhavia Diffusa Root Extract, Sea Whip Extract, Arginine, Polysorbate 20, Disodium EDTA","9.0% | Resist Bha 9
        

            Paula's Choice",https://inkeedecoder.com/products/paulas-choice-resist-bha-9
comedo,"Salicylic Acid 6.0%, Resorcinol 2.0%, Phenol 1.0%, Methyl Salicylate 0.003%, Glycerin 0.003%, Alcohol, Water","6.0% | Compound Salicylic Acid Liniment
        

            Sanyi",https://inkeedecoder.com/products/sanyi-compound-salicylic-acid-liniment
comedo,"Aqua, Propylene Glycol, Azelaic Acid 15.0%, Tetrahydroxypropyl Ethylenediamine, Potassium Azeloyl Diglycinate 5.0%, Polyacrylate Crosspolymer-6, Salicylic Acid 2.0%, Lactobionic Acid, Bisabolol, Gluconolactone, Arginine, Quaternium-73, Dipotassium Glycyrrhizate, 1,2-Hexanediol, Isopentyldiol, O- Cymen-5-Ol, Hydroxyacetophenone","2.0% | Azelaic Acid Control Facial Acne Gel
        

            Aisuanis",https://inkeedecoder.com/products/aisuanis-empowerment-azelaic-acid-control-facial-acne-gel
comedo,"Water, Poloxamer 407, Laureth-40, PEG-8, Glycerin, Salicylic Acid 2.0%, Bisabolol, Dipotassium Glycyrrhizate","2.0% | Nuorishing Spa Mask
        

            BRODA® PRO",https://inkeedecoder.com/products/broda-r-pro-nuorishing-spa-mask
comedo,"Aqua (Water), Propylene Glycol, Ammonium Polyacryloyldimethyl Taurate, Azelaic Acid 5.0%, Squalane 5.0%, Salicylic Acid 2.0%, Glyceryl Stearate, Disodium EDTA, PEG-100 Stearate, Sodium Hydroxide, Bakuchiol 0.5%","2.0% | Flawless Neutralising Gel
        

            Dr. Sam Bunting Skincare",https://inkeedecoder.com/products/dr-sam-bunting-skincare-flawless-neutralising-gel
comedo,"Salicylic Acid 2.0%, Neem Oil (Anti-Bacterial), Tea Tree Oil (Anti-Acne), Niacinamide (Brightening, Anti-Redness), Green Tea Extract (Conditioning, Calming), (Wheat And Oat) Sugar (Hydration - Gluten Free), Allantoin (Healing), Lavender Oil (Calming), Glycerin (Humectant), Propylene Glycol (Humectant, Penetration Enhancer), Polyacrylate Crosspolymer - 6 (Co-Gelling Agent), Acacia Senegal Gum (Gelling Agent), Xanthan Gum (Gelling Agent), Disodium EDTA (Heavy Metal Remover), Sodium Hydroxide (Ph Adjuster), Polysorbate 20 (Emulsifier), Phenoxyethanol (Preservative), (Double Distilled And Demineralized) Water","2.0% | Neem & BHA Spot Clarifying Serum
        

            Dr. Sheth's",https://inkeedecoder.com/products/dr-sheths-neem-bha-spot-clarifying-serum
comedo,"Propanediol, Spring Water, Salicylic Acid 2.0%, Dehydroxanthan Gum","2.0% | Salicylic Acid 2% Serum
        

            Garden of Wisdom",https://inkeedecoder.com/products/garden-of-wisdom-salicylic-acid-serum
comedo,"Salicylic Acid 2.0%, Water (Aqua), Alcohol, Hamamelis Virginiana (Witch Hazel) Water, Propanediol, Pentylene Glycol, Glycerin, Silica, Butylene Glycol, Polyacrylate Crosspolymer-6, C12-15 Alkyl Lactate, Aesculus Hippocastanum (Horse Chestnut) Seed Extract, Avena Sativa (Oat) Kernel Extract, Urea, Yeast Amino Acids, Trehalose, Inositol, Taurine, Betaine, Thymol, Terpineol, Hydroxyphenyl Propamidobenzoic Acid, Shea Butter Ethyl Esters, 4-T-Butylcyclohexanol, Disodium EDTA, Sodium Hydroxide","2.0% | Rapid Relief Acne Spot Treatment
        

            Murad",https://inkeedecoder.com/products/murad-rapid-relief-acne-spot-treatment
comedo,"Salicylic Acid 2.0%, Water, Alcohol Denat, Hamamelis Virginiana (Witch Hazel) Water, Butylene Glycol, Glycereth-7, Methyl Gluceth-20, Alcohol, Fragrance, Propylene Glycol, Benzophenone-4, Aloe Barbadensis Leaf Extract, Chamomilla Recutita (Matricaria) Flower Extract, Blue 1","2.0% | Clear Pore Oil-Eliminating Astringent
        

            Neutrogena",https://inkeedecoder.com/products/neutrogena-clear-pore-oil-eliminating-astringent
comedo,"Water (Aqua), Dipropylene Glycol, Pentylene Glycol, Salicylic Acid 2.0%, Polysorbate 20, Butylene Glycol, Glycerin, Sodium Hyaluronate, Dipotassium Glycyrrhizate, Allantoin, Panthenol, PEG/​PPG-17/​6 Copolymer, Methyl Gluceth-20, Glycereth-26, Bis-PEG-18 Methyl Ether Dimethyl Silane, Sodium Hydroxide, Tetrasodium EDTA, Sodium Metabisulfite","2.0% | Clear Regular Strength Anti-Redness Exfoliating Solution With 2% Salicylic Acid
        

            Paula's Choice",https://inkeedecoder.com/products/paulas-choice-clear-regular-strength-anti-redness-exfoliating-solution-with-2-salicylic-acid
comedo,"Water (Aqua), Dipropylene Glycol, Salicylic Acid 2.0%, Pentylene Glycol, Butylene Glycol, Polysorbate 20, Palmitoyl Tripeptide-1, Palmitoyl Tetrapeptide-7, Dipotassium Glycyrrhizate, Nordihydroguaiaretic Acid, Oleanolic Acid, Sodium Hyaluronate, Allantoin, Trehalose, Panthenol, Glycerine, PEG-60 Almond Glycerides, Sodium Metabisulfite, PEG/​PPG-17/​6 Copolymer, Methyl Gluceth-20, Bis-PEG-18 Methyl Ether Dimethyl Silane, Glycereth-26, Sodium Hydroxide, Carbomer, Disodium EDTA, Caprylyl Glycol","2.0% | Resist Daily Pore-Refining Treatment 2% Bha
        

            Paula's Choice",https://inkeedecoder.com/products/paulas-choice-resist-daily-pore-refining-treatment-2-bha
comedo,"Salicylic Acid 2.0%, Water/​Aqua/​Eau, Dimethicone, Propanediol, Caprylic/​Capric Triglyceride, Glycerin, Jojoba Esters, Isodecyl Neopentanoate, Cetearyl Alcohol, Panthenol, Polysilicone-11, Cordyceps Sinensis Extract, Trametes Versicolor (Mushroom) Extract, Helianthus Annuus (Sunflower) Seed Wax, Sodium Hydroxide, Hydroxyethyl Acrylate/​Sodium Acryloyldimethyl Taurate Copolymer, Polyacrylate Crosspolymer-6, Ceteareth-20, Isohexadecane, Tocopheryl Acetate, Hydrogenated Lecithin, Aloe Barbadensis Leaf Juice, Butylene Glycol, Allantoin, Disodium EDTA, Sodium Hyaluronate, Acacia Decurrens Flower Wax, Polyglycerin-3, Phenoxyethanol, Polysorbate 60, Sodium PCA, Sodium Citrate, Sorbitan Isostearate, Maclura Cochinchinensis Leaf Prenylflavonoids, T-Butyl Alcohol, Glycosaminoglycans, Potassium Sorbate, Sodium Benzoate, Ethylhexylglycerin, Citric Acid, Trisodium EDTA","2.0% | Acne-Clear Oil-Free Matte Moisturizer
        

            Peter Thomas Roth",https://inkeedecoder.com/products/peter-thomas-roth-acne-clear-oil-free-matte-moisturizer
comedo,salicylic-acid,Show all >>,https://inkeedecoder.com/ingredients/salicylic-acid?koffset=1
comedo,"Sulfur (10%), Purified Water, Kaolin, Bentonite, Propylene Glycol, Magnesium Silicate, Zinc Oxide, Polysorbate 20, Titanium Dioxide, Caprylyl Glycol, Diazolidinyl Urea, Sorbic Acid, Ethylhexylglycerin, Chloroxylenol",Acne Expert Skincare Calming Acne Mask,https://inkeedecoder.com/products/acne-expert-skincare-calming-acne-mask
comedo,"Sulfur (3.5%), Acacia Senegal Gum, Bentonite, Butylene Glycol, Cellulose, Copper Gluconate, Ethylhexylglycerin, Hydroxypropyl Methylcellulose, Kaolin, Magnesium Aluminum Silicate, Magnesium Aspartate, Magnesium Stearate, Mannitol, Menthyl Lactate, Methylisothiazolinone, Phenoxyethanol, Sodium Ascorbyl Phosphate, Sodium Cocoyl Isethionate, Spiraea Ulmaria Extract, Tetrasodium EDTA, Titanium Dioxide, Ultramarines, Water, Zinc Gluconate, Zinc Pca",AcneFree Acne Clearing Sulfur Mask 3.5% Sulfur Acne Treatment,https://inkeedecoder.com/products/acnefree-acne-clearing-sulfur-mask-3-5-sulfur-acne-treatment
comedo,"Sulfur (3.5 % - Acne Treatment), Acacia Senegal Gum, Bentonite, Butylene Glycol, Cellulose, Copper Gluconate, Ethylhexylglycerin, Hydroxypropyl Methylcellulose, Kaolin, Magnesium Aluminum Silicate, Magnesium Aspartate, Magnesium Stearate, Mannitol, Menthyl Lactate, Methylisothiazolinone, Phenoxyethanol, Sodium Ascorbyl Phosphate, Sodium Cocoyl Isethionate, Spiraea Ulmaria Flower Extract, Tetrasodium EDTA, Titanium Dioxide, Ultramarines (Cl 77007), Water (Aqua), Zinc Gluconate, Zinc Pca",AcneFree Therapeutic Sulfur Mask,https://inkeedecoder.com/products/acnefree-therapeutic-sulfur-mask
comedo,"Sulfur (10%), Aqua/​Water/​Eau, Glycerin, Kaolin, Bentonite, Propylene Glycol, Niacinamide, Sorbitol, Titanium Dioxide (Ci 77891), Phenoxyethanol, Hamamelis Virginiana (Witch Hazel) Water, Acacia Senegal Gum, Xanthan Gum, Alpha-Glucan Oligosaccharide, Carbomer, Polyglyceryl-4 Caprate, Polyglyceryl-6 Caprylate, Chromium Oxide Green (Ci 77288), Butylene Glycol, Potassium Sorbate, Sodium Benzoate, Glycyrrhiza Glabra (Licorice) Root Extract, Salix Nigra (Willow) Bark Extract, Camellia Sinensis (Green Tea) Leaf Extract, Benzoic Acid",Banu 10% Sulfur Pimple And Acne Treatment,https://inkeedecoder.com/products/banu-10-sulfur-pimple-and-acne-treatment
comedo,"Sulfur (5%), Water (Aqua, Eau), Kaolin, Cetearyl Alcohol, Glyceryl Stearate SE, Glycerin, Butylene Glycol, Bentonite, Acacia Senegal Gum, Phenoxyethanol, Niacinamide, Maltodextrin, Ethylhexylglycerin, Sodium PCA, Xanthan Gum, Tocopheryl Acetate, Syringa Vulgaris (Lilac) Extract, Quartz, Dipotassium Glycyrrhizate, Centella Asiatica Extract, Hibiscus Rosa-Sinensis Flower Extract, Lavandula Angustifolia (Lavender) Extract, Origanum Vulgare Leaf Extract, Thymus Vulgaris (Thyme) Extract",Bioelements Spot Defy,https://inkeedecoder.com/products/bioelements-spot-defy
comedo,"Sulfur (5%), Water, Kaolin, Glycerin, Lactic Acid, Glycolic Acid, Caprylic/​Capric Triglyceride, Cetearyl Alcohol, Cetyl Alcohol, Niacinamide, Sodium Hydroxide, Gum Arabic, Bentonite, Cetearyl Olivate, Xanthan Gum, Sodium Stearoyl Glutamate, Sorbitan Olivate, Caprylhydroxamic Acid, Hydrolyzed Gardenia Florida Extract, Aloe Barbadensis Leaf Juice, Cannabis Sativa (Hemp) Seed Oil, Lavandula Angustifolia (Lavender) Oil, Vanilla Planifolia Fruit Extract, Zinc Oxide, Tocopheryl Acetate, Glyceryl Caprylate, Triethyl Citrate, Maltodextrin, Sodium PCA, Citric Acid",CLEARSTEM Skincare Sulfur Spot&mask,https://inkeedecoder.com/products/clearstem-skincare-sulfur-spot-mask
comedo,"Sulfur (10%), Water, Aloe Barbadensis Leaf Juice, Kaolin, Bentonite, Glycerin, Propylene Glycol, Zinc Oxide, Titanium Dioxide, Magnesium Aluminum Silicate, Cetyl Alcohol, Glyceryl Stearate, PEG-100 Stearate, Triticum Vulgare (Wheat) Germ Oil, Simmondsia Chinensis (Jojoba) Seed Oil, Chamomilla Recutita (Matricaria) Flower Extract, Eucalyptus Globulus Leaf Oil, Phenoxyethanol, Methylisothiazolinone",Control Corrective Sulfur Calming Mask,https://inkeedecoder.com/products/control-corrective-sulfur-calming-mask
comedo,"(Ultrafine Precipitated) Sulfur (10%), Sodium Palmate, Sodium Cocoate (Palm And Coconut Extracts), Water, Glycerin, Antioxidant (<0.1%>), Pentasodium Pentetate",CuticareMD 10% Sulfur Bar Soap,https://inkeedecoder.com/products/cuticaremd-10-sulfur-bar-soap
comedo,"(Precipitated) Sulfur (6%), Aloe Vera, Petroleum, Shea Butter, (Volcanic) Water",CuticareMD 6% Sulfur Ointment,https://inkeedecoder.com/products/cuticaremd-6-sulfur-ointment
comedo,"Sulfur (10%), Polyethylene Glycol",De La Cruz Sulfur Ointment,https://inkeedecoder.com/products/de-la-cruz-sulfur-ointment
comedo,"Sulfur (10%), Aqua (Water), Kaolin, Magnesium Aluminum Silicate, Glycerin, Bentonite, Boswellia Serrata Extract, Butylene Glycol, PEG-60 Almond Glycerides, Caprylyl Glycol, Carbomer, Nordihydroguaiaretic Acid, Oleanolic Acid, Citric Acid, Phenoxyethanol, Ethylhexylglycerin, Zinc Oxide, Evodia Rutaecarpa Extract, Titanium Dioxide, Chamomilla Recutita (Matricaria) Flower Extract, Allantoin, Phytosphingosine, Salix Nigra (Willow) Bark Extract, Xanthan Gum, Panthenol, Potassium Sorbate, Camellia Sinensis (Japanese White Tea) Leaf Extract, Propylene Glycol, BHT, Hamamelis Virginiana (Witch Hazel) Extract, Avena Sativa (Oat) Kernel Extract, Citrus Medica Limonum (Lemon) Peel Oil, Fragrance",Dermadoctor Ain'T Misbehavin' Intensive 10% Sulfur Acne Mask & Emergency Spot Treatment,https://inkeedecoder.com/products/dermadoctor-aint-misbehavin-intensive-10-sulfur-acne-mask-emergency-spot-treatment
comedo,"Sulfur (5%), Salicylic Acid (2%), Saponified Oils, [Sodium Palmate, Sodium Cocoate, Sodium Palm Kernelate], Water, Sulfur, Glycerin, Sodium Chloride (Table Salt), Elaeis Guineensis (Palm) Extract, Pentasodium Pentetate",Dermaharmony 5% Sulfur 2% Salicylic Acid Bar Soap,https://inkeedecoder.com/products/dermaharmony-5-sulfur-2-salicylic-acid-bar-soap
comedo,"Sulfur, Water/​Aqua/​Eau, Kaolin, Cetearyl Alcohol, Glycerin, Polysorbate 20, Butylene Glycol, Acacia Senegal Gum, Zinc Oxide, Bentonite, Carthamus Tinctorius (Safflower) Seed Oil, Farnesol, Opuntia Tuna Flower/​Stem Extract, Salix Alba (Willow) Bark Extract, Bisabolol, Retinol, Phenylethyl Resorcinol, Glycyrrhiza Glabra (Licorice) Root Extract, Aloe Barbadensis Leaf Juice, Tocopheryl Acetate, Glycine Soja (Soybean) Oil, Sodium PCA, Ethylhexylglycerin, Allantoin, Rosmarinus Officinalis (Rosemary) Leaf Oil, Phenoxyethanol, Sodium Benzoate, Potassium Sorbate",Dr Dennis Gross Drx Blemish Solutions™ Clarifying Mask,https://inkeedecoder.com/products/dr-dennis-gross-drx-blemish-solutions-tm-clarifying-mask
comedo,"Sulfur, Aloe Ferox (Cape Aloe) Extract",Dr s wong Sulfur Soap,https://inkeedecoder.com/products/dr-s-wong-sulfur-soap
comedo,"Sulfur Praecipitatum (10%), Petrolatum",Dr. Sana Sulfur Ointment 10%,https://inkeedecoder.com/products/dr-sana-sulfur-ointment-10
comedo,"Sulfur (10%), Avena Sativa (Oat) Kernel Colloidal Oatmeal, Bentonite, Butyrospermum Parkii (Shea) Butter, Cetearyl Glucoside, Citric Acid, Glycerin, Glyceryl Stearate, Helianthus Annuus (Sunflower) Seed Oil, Hydrogenated Castor Oil, Phenoxyethanol, Potassium Sorbate, Purified Water, Sodium Stearoyl Glutamate, Xanthan Gum",Earth’s Care Acne Spot Treatment,https://inkeedecoder.com/products/earths-care-acne-spot-treatment
comedo,"Sulfur (5%), Avena Sativa (Oat) Kernel Colloidal Oatmeal, Bentonite, Butyrospermum Parkii (Shea) Butter, Cetearyl Glucoside, Citric Acid, Glycerin, Glyceryl Stearate, Helianthus Annuus (Sunflower) Seed Oil, Hydrogenated Castor Oil, Kaolin, Phenoxyethanol, Potassium Sorbate, Purified Water, Sodium Stearoyl Glutamate, Xanthan Gum","Earth’s Care Acne Treatment Mask, Sulfur 5%",https://inkeedecoder.com/products/earths-care-acne-treatment-mask-sulfur-5
comedo,"Sulfur (6%), Aqua (Water), Butylene Glycol, Acacia Senegal Gum, Carbomer, Palmitoyl Tripeptide-8, Bisabolol (L-Alpha), Allantoin, Glycerin, Ethylhexylglycerin, Caprylhydroxamic Acid, Dextran, Sodium Hydroxide, Benzyl Alcohol, Phenoxyethanol",Face Reality Sulfur Spot Treatment,https://inkeedecoder.com/products/face-reality-sulfur-spot-treatment
comedo,"Sulfur (10%), Water(Aqua), Zea Mays (Com) Starch, Stearyl Alcohol, Glycerin, Cetearyl Alcohol, Glyceryl Stearate, Magnesium Aluminum Silicate, Hydroxyethyl Acrylate/​Sodium Acryloyldimethyl Taurate Copolymer, Ceteareth-20, Isohexadecane, 1,2-Hexanediol, Caprylyl Glycol, Hydroxyacetophenone, PEG-100 Stearate, Pentylene Glycol, Tocopheryl Acetate, Polysorbate 60, Sodium Citrate, Sodium Phytate, Citric Acid, Sorbitan Isostearate, Titanium Dioxide",GLAM UP Spotless Sulfur Treatment (acne-prone Skin) 10% Sulfur Treatment 15 ml,https://inkeedecoder.com/products/glam-up-spotless-sulfur-treatment-acne-prone-skin-10-sulfur-treatment-15-ml
comedo,"Sulfur (10.0%), Aqua (Water), Bentonite, Caprylyl Glycol, Chlorphenesin, Citrus Paradisi (Grapefruit) Peel Oil, Glycerin, Imidazolidinyl Urea, Kaolin, Phenoxyethanol, Propylene Glycol, Talc, Tetrasodium EDTA",Glymed Plus Mattifying Sulfur Masque,https://inkeedecoder.com/products/glymed-plus-mattifying-sulfur-masque
comedo,"Sulfur (8.0%), Resorcinol (2.0%), Acetone, Chloroxylenol, Fragrance (Parfum), Iron Oxides, Isopropyl Alcohol, Magnesium Aluminum Silicate, Octoxynol-9, Propylene Glycol, Titanium Dioxide, Water (Aqua), Xanthan Gum",Glytone Acne Tinted Spot Treatment,https://inkeedecoder.com/products/glytone-acne-tinted-spot-treatment
comedo,"Sulfur (6.4%), Bentonite, Isopropyl Alcohol, Kaolin, Zinc Oxide, Water, Glycerin, Calcium Oxide, Sodium Lauryl Sulfate, Cocamide MIPA, Fragrance, Methylparaben",Glytone Acne Treatment Mask,https://inkeedecoder.com/products/glytone-acne-treatment-mask
comedo,"Sulfur, Salicylic Acid, Elaeis Guineensis Kernel Oil, Stearic Acid, Zea Mays Starch, Calcium Carbonate, Talc, BHT, Disodium Distyrylbiphenyl Disulfonate, Ci 74160, Etidronic Acid",Granado Sabonete Barra Granado Facial Enxofre Antiacne,https://inkeedecoder.com/products/granado-sabonete-barra-granado-facial-enxofre-antiacne
comedo,"Sulfur (10%), Corn Starch, Fragrance, Lanolin, Polysorbate 80, Sodium Cocoate, Sodium Lauryl Sulfate, Sodium Tallowate, Tetrasodium EDTA",Grisi Sulfur Soap,https://inkeedecoder.com/products/grisi-sulfur-soap
comedo,"Sulfur (3.3%), Water (Aqua/​Eau), Cocamidopropyl Hydroxysultaine, Bentonite, Sodium Laurylglucosides Hydroxypropylsulfonate, Glycerin, Disodium Cocoyl Glutamate, Sodium Chloride, Sodium Cocoyl Isethionate, Acacia Senegal Gum, Pyrus Malus (Apple) Fruit Extract, Caprylyl Glycol, Glutamic Acid, Malic Acid, Glycolic Acid, Lactic Acid, Coconut Acid, Xanthan Gum, Sodium Cocoyl Glycinate, Caprylhydroxamic Acid, Trisodium Ethylenediamine Disuccinate, Quartz, Citric Acid, Sodium Benzoate",Honest Beauty Get Clarity Foaming Acne Cleanser,https://inkeedecoder.com/products/honest-beauty-get-clarity-foaming-acne-cleanser
comedo,"Sulfur, Acrylates Copolymer, Aminomethyl Propanol, Caprylyl Glycol, Cocamide MEA, Cocamidopropyl Betaine, Coco-Betaine, Decylene Glycol, Disodium EDTA, Fragrance, Glycerin, Glycol Distearate, Laureth-10, Lauroyl/​Myristoyl Methyl Glucamide, PEG-150, Phenoxyethanol, Polysorbate 80, Sodium Chloride, Sodium Laureth Sulfate, Water",Isispharma Sulfur Grisi,https://inkeedecoder.com/products/isispharma-sulfur-grisi
comedo,"Sulphur, Tea Tree Extract, Glycolic Acid, Rosemary Extract, Vitamin C, Salicylic Acid, Vitamin E, Retinol, Panthenol, Lavender Oil, Liquorice Extract, Glycerin, Peppermint Extract",Jackodan Jackodan Gel,https://inkeedecoder.com/products/jackodan-jackodan-gel
comedo,"Sulphur (2.0%), Salicylic Acid (2.0%), Aqua (Water), Sodium Cocoyl Isethionate, Disodium Cocoamphodiacetate, Stearic Acid, Potassium Cocoyl Glutamate, Glycerin, Sodium Lauroyl Sarcosinate, Cetyl Alcohol, Cocamidopropyl Betaine, Hydrolyzed Wheat Protein, Olea Europaea (Olive) Fruit Oil*, Pogostemon Cablin (Patchouli) Oil, Rosmarinus Officinalis (Rosemary) Leaf Oil, Simmondsia Chinensis (Jojoba) Seed Oil*, Camphor, Dimethyl Sulfone**, Menthol, Methyl Salicylate, Potassium Hydroxide, Sodium PCA, Xanthan Gum, Benzyl Alcohol, Capryloyl Glycine, Undecylenoyl Glycine, Amyl Cinnamal, Benzyl Benzoate, Hexyl Cinnamal, Hydroxycitronellal, Linalool, Limonene, Fragrance (Parfum)",Jason Dandruff Relief Treatment Shampoo,https://inkeedecoder.com/products/jason-dandruff-relief-treatment-shampoo
comedo,"Sulfur (3.0%), Aqua/​Water/​Eau, Sodium Cocoyl Isethionate, Coco-Glucoside, Acrylates Copolymer, Coconut Alcohol, Glycereth-18 Ethylhexanoate, Glycereth-8, Stearyl Alcohol, Mel/​Honey Extract/​Extrait De Miel, Oryza Sativa (Rice) Bran Extract, Avena Sativa (Oat) Kernel Extract, Oligopeptide-10, Boswellia Serrata Extract, Behenyl Alcohol, Glycerin, Xanthan Gum, Caprylyl Glycol, Hexylene Glycol, Butylene Glycol, Phenoxyethanol, Parfum/​Fragrance, Citric Acid, Sodium Hydroxide, Ethylhexylglycerin, Disodium EDTA, Disodium Carboxyethyl Siliconate, Linalool, Potassium Sorbate, Sodium Benzoate, Ci 77891/​Titanium Dioxide, Ci 77489 (Lron Oxides)",Kate Somerville Eradicate Daily Sulfur Cleanser + Acne Treatment,https://inkeedecoder.com/products/kate-somerville-eradicate-daily-sulfur-cleanser-acne-treatment
comedo,"Sulfur (3.0%), Water/​Aqua/​Eau, Sodium Cocoyl Isethionate, Coco-Glucoside, Acrylates Copolymer, Cetearyl Alcohol, Glycereth-18 Ethylhexanoate, Glycereth-18, Stearyl Alcohol, Honey Extract/​Mel/​Extrait De Miel, Oryza Sativa (Rice) Bran Extract, Avena Sativa (Oat) Kernel Extract, Oligopeptide-10, Boswellia Serrata Extract, Behenyl Alcohol, Glycerin, Xanthan Gum, Caprylyl Glycol, Hexylene Glycol, Butylene Glycol, Phenoxyethanol, Fragrance/​Parfum, Citric Acid, Sodium Hydroxide, Ethylhexylglycerin, Disodium EDTA, Disodium Carboxyethyl Siliconate, Linalool, Potassium Sorbate, Sodium Benzoate, Titanium Dioxide (Ci 77891), Iron Oxides (Ci 77491)",Kate Somerville Eradikate,https://inkeedecoder.com/products/kate-somerville-eradikate
comedo,"Sulfur (3.0%), Water/​Aqua/​Eau, Sodium Cocoyl Isethionate, Coco-Glucoside, Acrylates Copolymer, Cetearyl Alcohol, Glycereth-18 Ethylhexanoate, Glycereth-18, Stearyl Alcohol, Honey Extract/​Mel/​Extrait De Miel, Oryza Sativa (Rice) Bran Extract, Avena Sativa (Oat) Kernel Extract, Oligopeptide-10, Boswellia Serrata Extract, Behenyl Alcohol, Glycerin, Xanthan Gum, Caprylyl Glycol, Hexylene Glycol, Butylene Glycol, Phenoxyethanol, Fragrance/​Parfum, Citric Acid, Sodium Hydroxide, Ethylhexylglycerin, Disodium EDTA, Disodium Carboxyethyl Siliconate, Linalool, Potassium Sorbate, Sodium Benzoate, Titanium Dioxide (Ci 77891), Iron Oxides (Ci 77491)",Kate Somerville Eradikate 3% Sulfur Daily Foaming Cleanser,https://inkeedecoder.com/products/kate-somerville-eradikate-3-sulfur-daily-foaming-cleanser
comedo,"Sulfur, Water, Niacinamide, Zea Mays (Corn) Starch, Glycolic Acid, Stearyl Alcohol, Glycerin, Octyldodecyl Myristate, Cetearyl Alcohol, Glyceryl Stearate, Magnesium Aluminum Silicate, Phenoxyethanol, Polyacrylamide, Ceteareth-20, Sodium Hydroxide, PEG-100 Stearate, Phenylethyl Resorcinol, Tocopheryl Acetate, C13-14 Isoparaffin, Disodium EDTA, Laureth-7, Allantoin, Aloe Barbadensis Leaf Juice, Hydrogenated Lecithin, Ethylhexylglycerin, Glycyrrhiza Glabra (Licorice) Root Extract",Kiehl’s Breakout Control Targeted Blemish Spot Treatment,https://inkeedecoder.com/products/kiehls-breakout-control-targeted-blemish-spot-treatment
comedo,"Sulfur (3%), Water, Illite, Glycerin, Propanediol, Magnesium Aluminum Silicate, Kaolin, Ethyl Linoleate, Glyceryl Stearate, Cetearyl Alcohol, Ceteareth-20, PEG-100 Stearate, Microcrystalline Wax, Potassium Azeloyl Diglycinate, Morinda Citrifolia Extract, Citrullus Lanatus (Watermelon) Fruit Extract, Menthol, Camellia Sinensis Leaf Extract, Pyrus Malus (Apple) Fruit Extract, Lens Esculenta (Lentil) Fruit Extract, Sodium Lactate, Sodium PCA, Citrus Aurantium Bergamia (Bergamot) Peel Oil, Polyisobutene, Caprylyl/​Capryl Glucoside, Sorbitan Oleate, Sodium Acrylate/​Sodium Acryloyldimethyl Taurate Copolymer, Caprylyl Glycol, Ethylhexylglycerin, Potassium Chloride, Citric Acid, Disodium EDTA, Xanthan Gum, Chlorphenesin, Potassium Sorbate, Sodium Benzoate, Phenoxyethanol, Chromium Oxide Green",LANCER Clarifying Detox Mask with Green Tea + 3% Sulfur,https://inkeedecoder.com/products/lancer-clarifying-detox-mask-with-green-tea
comedo,"Sulfur (10%), Isopropyl Alcohol, Water (Aqua), Zinc Oxide, Salicylic Acid, Camphor, Magnesium Aluminum Silicate, Iron Oxide(Ci 77491)",M.A.D Skincare Acne Drying Lotion 10%,https://inkeedecoder.com/products/m-a-d-skincare-acne-drying-lotion-10
comedo,"Sulfur (10%), Isopropyl Alcohol, Aqua|Water|Eau, Zinc Oxide, Camphor, Salicylic Acid, Magnesium Aluminum Silicate",MALIN + GOETZ 10 % Sulfur Paste Acne Treatment,https://inkeedecoder.com/products/malin-goetz-acne-treatment
comedo,"Sulfur (4.0%), Water (Aqua), Kaolin, Bentonite, Butylene Glycol, Glycerin, Glyceryl Stearate SE, Zinc Oxide, Talc, Titanium Dioxide, Cetyl Alcohol, Dicaprylyl Maleate, Salicylic Acid, Urea, Yeast Amino Acids, Trehalose, Inositol, Taurine, Betaine, Hydroxyacetophenone, Lecithin, Tocopherol, Magnesium Ascorbyl Phosphate, Vitis Vinifera (Grape) Seed Extract, Dipotassium Glycyrrhizate, Allantoin, Disodium EDTA, Phenoxyethanol, Decylene Glycol, 1,2-Hexanediol, Camphor, Geraniol, Limonene, Linalool, Lavandula Angustifolia (Lavender) Oil",Murad Clarifying Mask,https://inkeedecoder.com/products/murad-clarifying-mask
comedo,"Sulfur (1X Hpus), Aqua, Citric Acid, Cocamidopropyl Betaine, Cocos Nucifera (Coconut Oil), Glycerin, Glyceryl Laurate, Lavender Oil, Pentasodium Pentetate, Propylene Glycol, Sodium Chloride, Sodium Citrate, Sodium Laurate, Sodium Myristate, Sodium Oleate, Sodium Stearate, Sodium Thiosulfate, Sorbitol, Tetrasodium Etidronate, Titanium Dioxide, Trisodium Sulfosuccinate",Naturasil Tinea Versicolor Relief Soap,https://inkeedecoder.com/products/naturasil-tinea-versicolor-relief-soap
comedo,"Sulfur (10%), Isopropyl Alcohol, Water, Calamine, Niacinamide, Zinc Oxide, Zea Mays (Corn) Starch, Magnesium Aluminum Silicate, Salicylic Acid, Titanium Dioxide",Neutrogena Stubborn Acne Spot Drying Lotion,https://inkeedecoder.com/products/neutrogena-stubborn-acne-spot-drying-lotion
comedo,"Sulphur (10%), Acrylates, Aloe Barbadensis Leaf Juice, Diazolidinyl Urea, Lactose, Methylparaben, Propylene Glycol, Propylparaben, Tetrasodium EDTA, Triethanolamine, Water",PROSACEA Medicated Rosacea Gel,https://inkeedecoder.com/products/prosacea-prosacea-medicated-rosacea-gel
comedo,"Sulphur, Chrysarobinum, Acrylates/​C10-30 Alkyl Acrylate Crosspolymer, Diazolidinyl Urea, Lactose, Methylparaben, Propylene Glycol, Propylparaben, Tetrasodium EDTA, Triethanolamine, Water",PROSACEA Rosacea Gel,https://inkeedecoder.com/products/prosacea-rosacea-gel
comedo,"Sulphur (3%), Sodium Palmate, Sodium Cocoate (Or), Sodium Palm Kernelate, Water (Aqua), Glycerin, Tocopherol, Sodium Chloride, Titanium Dioxide/​ Ci 77891 (Cl 77891), Tetrasodium Etidronate, Pentasodium Pentetate, Disodium Distyrylbiphenyl Disulfonate, Fragrance (Parfum), Benzyl Alcohol, Benzyl Benzoate, Linalool","Palmer's Skin Success Anti-Acne Medicated Complexion Bar,",https://inkeedecoder.com/products/palmers-skin-success-anti-acne-medicated-complexion-bar
comedo,"Sulfur (10%), Water/​Aqua/​Eau, Propylene Glycol, Glycerin, Bentonite, Kaolin, Aloe Barbadensis Leaf Juice, Titanium Dioxide, Zinc Oxide, Phenoxyethanol, Carbomer, Polysorbate 20, Potassium Sorbate, Sodium Benzoate, Triethoxycaprylylsilane, Fragrance/​Parfum, Citric Acid, Sodium Hyaluronate, Ethylhexylglycerin",Peter Thomas Roth Sulfur Mask,https://inkeedecoder.com/products/peter-thomas-roth-sulfur-mask
comedo,"Sulfur (10%), Water/​Aqua/​Eau, Bentonite, Kaolin, Propylene Glycol, Talc, Glycerin, Aloe Barbadensis Leaf Juice, Zinc Oxide (Ci 77947), Polysorbate 20, Titanium Dioxide (Ci 77891), Carbomer, Fragrance (Parfum), Sodium Hydroxide, Diazolidinyl Urea, Methylparaben, Propylparaben",Peter Thomas Roth Therapeutic Sulfur Mask,https://inkeedecoder.com/products/peter-thomas-roth-therapeutic-sulfur-mask
comedo,"Sulfur (6%), Water, Kaolin, Glycereth-26, Linoleic Acid, Cetearyl Alcohol, Magnesium Aluminum Silicate, Synthetic Wax, Ceteareth-20, Sodium Lauroyl Sarcosinate, Linolenic Acid, Tocopherol, Tocopheryl Acetate, Melaleuca Alternifolia (Tea Tree) Leaf Oil, Cymbopogon Schoenanthus Extract, Geranium Maculatum Extract, Hydrated Silica, Ethoxydiglycol, Tetrasodium EDTA, Sodium Sulfate, Butylene Glycol, Phenoxyethanol, Fragrance, Titanium Dioxide, Zinc Oxide, Chromium Hydroxide Green",Proactiv Skin Purifying Mask,https://inkeedecoder.com/products/proactiv-skin-purifying-mask
comedo,"Sulfur (6%), Butylene Glycol, Ceteareth-20, Cetearyl Alcohol, Chromium Hydroxide Green, Cymbopogon Schoenanthus Extract, Ethoxydiglycol, Fragrance, Geranium Maculatum Extract, Glycereth-26, Hydrated Silica, Kaolin, Linoleic Acid, Linolenic Acid, Magnesium Aluminum Silicate, Melaleuca Alternifolia (Tea Tree) Leaf Oil, Paraffin, Phenoxyethanol, Sodium Lauroyl Sarcosinate, Titanium Dioxide, Tocopheryl Acetate, Water, Zinc Oxide",Proactiv Skin Purifying Mask,https://inkeedecoder.com/products/proactiv-skin-purifying-mask-3
comedo,"(10%)Sulfur, Water, Kaolin, Glycerin, Pentylene Glycol, Titanium Dioxide (Ci 77891), Magnesium Aluminum Silicate, Microcrystalline Cellulose, Butylene Glycol, Avena Sativa (Oat) Bran Extract, Melaleuca Alternifolia (Tea Tree) Leaf Oil, Phaeodactylum Tricornutum Extract, Algin, Naringenin, Simethicone, Hydroxypropyl Methylcellulose, Sodium Acryloyldimethyltaurate/​Vp Crosspolymer, Acrylates Copolymer, Mannitol, Silica, Xanthan Gum, Ascorbyl Palmitate, Panthenyl Triacetate, Hydroxyphenyl Propamidobenzoic Acid, Aluminum Hydroxide, Caprylic/​Capric Glycerides, Polysorbate 20, Ultramarines (Ci 77007), 1,2-Hexanediol, Hydroxyacetophenone, T-Butyl Alcohol, Phenoxyethanol, Barium Sulfate, Iron Oxides (Ci 77499), Red 30 (Ci 73360)",Rodan + Fields Unblemish Clarifying Mask,https://inkeedecoder.com/products/rodan-fields-unblemish-clarifying-mask
comedo,"Sulfur, Quaternium-73, Stearyl Glycyrrhetinate, Stearic Acid, Glycerin, Potassium Hydroxide, Propylene Glycol, Sucrose, Sodium, Methylal, Lauryl Laurate, Olive Oil, Myristic Acid, Hydrogenated Coconut Oil, Sorbitol, Lauric Acid, Lauramide, Tea, PEG-10 Glyceryl Stearate, Ceteth-2, Sodium Phosphate, Lecithin, Cellulose Gum, Parabens, Fragrance",Rosette Cleansing Pasta (dry Skin),https://inkeedecoder.com/products/rosette-cleansing-pasta-dry-skin
comedo,"(82%) Sulfur, Hot Spring Water, Dimethyl Sulfone (Msm), Ceramide NP, Panthenol, Hyaluronic Acid Complex",SINSURU Watery Sulfur 82 Soothing Serum,https://inkeedecoder.com/products/sinsuru-watery-sulfur-82-soothing-serum
comedo,"Sulfur, Polysorbate 80, Salicylic Acid, Aloe Barbadensis Leaf Juice, Glyceryl Polymethacrylate, Propylene Glycol, Soap Base, PEG-350, Titanium Dioxide, Disodium EDTA, Fragrance",Siegfried Kinatopic Sulfur Barra,https://inkeedecoder.com/products/siegfried-kinatopic-sulfur-barra
comedo,"Sulfur (10%), Water, Kaolin, Bentonite, Dipropylene Glycol, Zinc Pca, Glycerin, Aloe Barbadensis Leaf Juice, Arnica Montana Flower Extract, Salicylic Acid, Dipotassium Glycyrrhizate, Glycolic Acid, Phytic Acid, Melaleuca Alternifolia (Tea Tree) Leaf Oil, Glyceryl Caprylate, Carbomer, Sodium Hydroxide, Phenoxyethanol, Ethylhexylglycerin",Soft Services Clearing Clay Multi-use Breakout Treatment,https://inkeedecoder.com/products/soft-services-clearing-clay-multi-use-breakout-treatment
comedo,sulfur,Next page >>,https://inkeedecoder.com/ingredients/sulfur?uoffset=1
comedo,"Melaleuca Alternifolia (Tea Tree) Leaf Oil, Salicylic Acid, Epilobium Angustifolium Flower/​Leaf/​Stem Extract, Jeju Volcanic Cluster, Vitis Vinifera (Grape) Seed Extract, Acrylates Copolymer, Vinyl Caprolactam/​Vp/​Dimethylaminoethyl Methacrylate Copolymer, PVP, Butylene Glycol, Sodium Metabisulfite, Polysorbate 80, Phytosphingosine, Sodium Hyaluronate, Phenoxyethanol",3M Nexcare Blemish Clear Cover Relief Acne Patch,https://inkeedecoder.com/products/3m-nexcare-blemish-clear-cover-relief-acne-patch
comedo,Melaleuca Alternifolia Oil,AhoAloe Óleo Essencial De Tea Tree Orgânico,https://inkeedecoder.com/products/ahoaloe-oleo-essencial-de-tea-tree-organico
comedo,Melaleuca Alternifolia (Tea Tree) Leaf Oil,Aiken Tea Tree Oil 100% Pure Tea Tree Oil,https://inkeedecoder.com/products/aiken-tea-tree-oil-100-pure-tea-tree-oil
comedo,"Melaleuca Alternifolia (Tea Tree) Leaf Oil, Limonene, Tocopherol, Linalool",Alkmene My Tea Tree Oil Tea Tree Oil,https://inkeedecoder.com/products/alkmene-my-tea-tree-oil-tea-tree-oil
comedo,"Melaleuca Alternifolia, D-Limonene, Linalool",Altapharma Teebaumöl,https://inkeedecoder.com/products/altapharma-teebaumol
comedo,"Melaleuca Alternifolia, Camellia Sinensis, Lavandula Angustifolia, Azadirachta Indica, Vitis Vinifera",Apotheke Spot Treatment,https://inkeedecoder.com/products/apotheke-spot-treatment
comedo,"Melaleuca Alternifolia Leaf Oil, 4-Terpineol, Tocopherol, Limonene, Linalool, Geraniol",Australian bodycare Nail Repair,https://inkeedecoder.com/products/australian-bodycare-nail-repair
comedo,Melaleuca Oil 50Mg/​G,Bosistos Tea Tree Spray,https://inkeedecoder.com/products/bosistos-tea-tree-spray
comedo,Organic Melaleuca Alternifolia (Tea Tree) Leaf Oil,Briogeo B. Well Organic + Australian 100% Tea Tree Skin & Scalp Oil,https://inkeedecoder.com/products/briogeo-b-well-organic-australian-100-tea-tree-skin-scalp-oil
comedo,"Melaleuca Alternifolia (Tea Tree) Leaf Oil, Salvia Sclarea (Clary Sage) Oil, Lactobacillus/​Pear Juice Ferment Filtrate, Salix Alba (Willow) Bark Extract, Phellodendron Amurense Bark Extract, Rehmannia Chinensis Root Extract, Melia Azadirachta (Neem) Leaf Extract, Scutellaria Baicalensis Root Extract, Houttuynia Cordata Extract, Glycine Soja (Soybean) Seed Extract, Silanediol Salicylate",Dot & Key Skin Clarifying Face Serum,https://inkeedecoder.com/products/dot-key-skin-clarifying-face-serum
comedo,"Melaleuca Alternifolia, Fractionated Coconut Oil",Garden Lab Tea Tree 100% Natural Ready To Use Blend,https://inkeedecoder.com/products/garden-lab-tea-tree-100-natural-ready-to-use-blend
comedo,"Melaleuca Alternifolia (Tea Tree) Leaf Oil, Hamamelis Virginiana(Witch Hazel) Water, Sodium Hyaluronate, Allantoin, Hydrolyzed, Centella Asiatica Extract",HitWorker Pimple Patch Hydrocolloid,https://inkeedecoder.com/products/hitworker-pimple-patch-hydrocolloid
comedo,"Tea Tree Oil, (Cow) Yogurt, Grapefruit Seed Extract, Wheat Germ Oil, Honey, Cellulose Gum, Guar Gum, Benzyl Alcohol, Phenoxyethanol, Potassium Sorbate",Indus Valley Brightening Depigmentation Gel,https://inkeedecoder.com/products/indus-valley-bright-gel
comedo,"Tea Tree Oil, (Cow) Yogurt, Grapefruit Seed Extract, Wheat Germ Oil, Honey, Cellulose Gum, Guar Gum, Benzyl Alcohol, Phenoxyethanol, Potassium Sorbate",Indus Valley Brightening Depigmentation Gel For Lightening And Glowing Skin,https://inkeedecoder.com/products/indus-valley-brightening-depigmentation-gel-for-lightening-and-glowing-skin
comedo,"Tea Tree Oil, Hops Extract, Sage Extract, Lavender Oil, Rosemary Oil, Eucalyptus Oil, Comfrey Extract, Copper Chlorophyll, Na, BG, Ethanol, Poe Hydrogenated Castor Oil, Diethylenetriamine, Na Citrate, Viscosity Modifier (Ph Modifier), Phenoxyethanol",Ishizawa-Lab Acne Barrier,https://inkeedecoder.com/products/ishizawa-lab-acne-barrier
comedo,Melaleuca Alternifolia (Tea Tree) Leaf Oil,Jason Tea Tree Skin Oil,https://inkeedecoder.com/products/jason-tea-tree-skin-oil
comedo,"Melaleuca Alternifolia (Tea Tree) Leaf Oil, Hamamelis Virginiana (Witch Hazel) Water, Sodium Hyaluronate, Allantoin, Hydrolyzed, Centella Asiatica Extract",KHAZIX Micro Needles Pimple Patch,https://inkeedecoder.com/products/khazix-micro-needles-pimple-patch
comedo,"Melaleuca Alternifolia Leaf Oil, Leptospermum Petersonii Oil, Tocopheryl Acetate, PEG-40 Hydrogenated Castor Oil, Hamamelis Virginiana Leaf Extract, Polysorbate 21, Tea Tree (Melaleuca Alternifolia) Oil",Kalonea Skincare Acne Spot Treatment Serum,https://inkeedecoder.com/products/kalonea-skincare-acne-spot-treatment-serum
comedo,"Melaleuca Alternifolia (Tea Tree) Leaf Oil, Calcium Pantothenate, Althaea Officinalis (Marshmallow) Extract, Triticum Vulgare (Wheat) Germ Extract, Hamamelis Virginiana (Witch Hazel) Extract, Inositol, Retinol, Equisetum Arvense (Horsetail) Extract, Tussilago Fárfara (Coltsfoot) Flower Extract, Viscum Album (Mistletoe) Fruit Extract, Malva Sylvestris (Mallow) Extract, Colloidal Sulfur, Niacinamide, Menthol, Benzalkonium Chloride, Aqua, Alcohol, Propylene Glycol, PEG-75 Lanolin, Ethoxydiglycol, Butylene Glycol, Parfum, Ci 42090 (Blue 1)",Levinia Locion Reguladora,https://inkeedecoder.com/products/levinia-locion-reguladora
comedo,Melaleuca Alternifolia Oil,Nature Queen Tea Tree Essential Oil,https://inkeedecoder.com/products/nature-queen-tea-tree-essential-oil
comedo,Melaleuca Alternifolia (Tea Tree) Leaf Oil,Neal's Yard Remedies Organic Essential Oil Tea Tree,https://inkeedecoder.com/products/neals-yard-remedies-organic-essential-oil-tea-tree
comedo,Melaleuca Alternifolia,Nikura 100% Pure Tea Tree Oil,https://inkeedecoder.com/products/nikura-100-pure-tea-tree-oil
comedo,"Melaleuca Alternifolia Leaf Oil, Limonene, Rosmarinus Officinalis Leaf Extract",PLANTHÉ Tea Tree Oil,https://inkeedecoder.com/products/planthe-tea-tree-oil
comedo,Tea Tree Oil (Melaleuca Oil),Rey natural tea tree essential oil,https://inkeedecoder.com/products/rey-natural-tea-tree-essential-oil-
comedo,"Tea Tree Oil, Vitamin E, Aloe Vera, Peppermint, Honey, Rosemary Oil, Sweet Almond Oil, Sunflower Seed Oil, Phenoxyethanol",Rozino Tea Tree Oil Foot Cream,https://inkeedecoder.com/products/rozino-tea-tree-oil-foot-cream
comedo,"Tea Tree Oil, Willow Bark Extract, Water, Sodium Lauroyl Methyl Isethionate, Cocamidopropyl Betaine, Glycerin (Vegetable), Glycol Distearate, Glyceryl Caprylate, Vinegar, Olea Europaea (Olive) Fruit Oil, Butyrospermum Parkii(Shea) Butter*♥, Salicylic Acid, Melaleuca Alternifolia (Tea Tree) Leaf Oil, Persea Gratissima(Avocado) Oil, Cocos Nucifera (Coconut) Oil, Argania Spinosa Kernel Oil, Simmondsia Chinensis (Jojoba) Seed Oil, Macadamia Ternifolia Seed Oil, Mangifera Indica (Mango) Seed Butter, Nigella Sativa Seed Oil, Melia Azadirachta Seed Oil, Vitis Vinifera (Grape) Seed Oil, Salix Nigra (Willow)Bark Extract, Plantago Major Leaf Extract, Rosmarinus Officinalis (Rosemary)Leaf Extract, Salvia Officinalis (Sage) Leaf Extract, Sodium Palm Kernelate, Sodium Shea Butterate, Sodium Cocoate, Theobroma Cacao (Cocoa) Pod Ash, Aloe Barbadensis Leaf Juice, Hydrolyzed Rice Protein, Tocopheryl Acetate, Caramel, Guar Hydroxypropyltrimonium Chloride, Sodium Chloride, Glyceryl Undecylenate, Fragrance (Essential Oil Blend)",Shea Moisture African Black Soap Deep Cleansing Shampoo,https://inkeedecoder.com/products/shea-moisture-african-black-soap-deep-cleansing-shampoo
comedo,"Tea Tree Oil, Aloe Vera Extract, Licorice Extract, Rosemary Extract, Calendula Extract, Salicylic Acid, Glycolic Acid, Mandelic Acid, Maleic Acid, Azelaic Acid, Niacinamide, Sodium Ascorbate, Vitamin E, Vitamin A, Piroctone Olamine, Zinc Gluconate",Sofam Cleansing Gel For Oily Skin,https://inkeedecoder.com/products/sofam-cleansing-gel-for-oily-skin
comedo,"Tea Tree Oil, Shea Butter, Aloe Vera, Almond Oil, Vitamin E, Jojoba Oil, Olive Oil, Fresh Milk, Egms, Cetyl Alcohol, Stearic Acid, Cm 1000, Gms, Carbopol, Tea, Ipm, Glycerine, Dmc, Disodium EDTA, Potassium Sorbate, Phenoxyethanol, Fragrance, Purified Water",St. D'Vence Moisturizer Winter Edition,https://inkeedecoder.com/products/st-dvence-moisturizer-winter-edition
comedo,"Tea Tree Oil, Eucalyptus Oil, Peppermint Oil, Vitamin E, Aloe Vera (Usda Organic), Triethanolamine, Allantoin, Disodium Laureth Sulfosuccinate, Sodium Lauroyl Sarcosinate, Acrylates Copolymer, Cocamidopropyl Betaine, Glyceryl Cocoate, Cocodiethanolamide, Lauryl Glucoside, Disodium EDTA, Phenoxyethanol, Glycerine, Hydroxypropyl Methylcellulose, Tween 20, Colour, Purified Water",St. D'Vence Tea Tree Body Wash,https://inkeedecoder.com/products/st-dvence-tea-tree-body-wash
comedo,"Certified Organic *Tea Tree (Melaleucs Alternifolia) Oil, *Peppermint (Mentha Piperita) Oil, *Eucalyptus (Eucalyptus Officinalis) Oil, *Rosemary (Rosmarinus Officinalis) Oil, (*Nettle) Urtica Dioica Oil, *Thyme (Thymus Vulgaris) Oil, *Chamomile (Anthemis Nobilis Flower), (Soybean Protein) Glycine Soja Extract (Aqueous), Menthol, Sodium Cocoyl Glutamate, Disodium Cocoamphodiacetate, Cocamidopropyl Betaine, Vegetable Glycerin, Panthenol (Pro-Vitamin B5), Tocopheryl Acetate (Vitamin E), Citric Acid (Corn), Sodium Hydroxymethylglycinate, (Essential Oil) Fragrance",Trader Joe's Tea Tree Tingle Body Wash,https://inkeedecoder.com/products/trader-joes-tea-tree-tingle-body-wash
comedo,"Melaleuca Alternifolia (Tea Tree Oil), Allantoin, Vitis Vinifera (Grape Seed), Aloe Barbadensis (Aloe Vera), Rosa (Rose Extract), Fragaria Ananassa (Strawberry) Extract, Citrullus Vulgaris (Watermelon Fruit Extract), Base Q.S",Votre  Advanced Pore Minimising Toner,https://inkeedecoder.com/products/votre-advanced-pore-minimising-toner
comedo,"Melaleuca Alternifolia (Tea Tree) Leaf Oil, Rosmarinus Officinalis (Rosemary) Leaf Extract, Chamomilla Recutita (Chamomile) Flower Extract, Aloe Barbadensis (Aloe Vera) Leaf Juice, Tocopherol (Vitamin E), Maris Sal (Dead Sea Salt), Salicylic Acid, Zinc Oxide",juman dead sea Acne Cream,https://inkeedecoder.com/products/juman-acne-cream
comedo,"Melaleuca Alternifolia (Tea Tree) Leaf Oil, Gamma-Terpinene, Myrcene, Cineole, Terpinolene, Alpha-Pinenes, Alpha-Terpineol, Beta-Caryophyllene",tea tree oil Tea Tree Essential Oil,https://inkeedecoder.com/products/tea-tree-oil-tea-tree-essential-oil
comedo,Melaleuca Alternifolia (Tea Tree) Leaf Oil,tea tree oil Thursday Plantation,https://inkeedecoder.com/products/tea-tree-oil-thursday-plantation
comedo,"Ethanol, Melaleuca Alternifolia (Tea Tree) Leaf Oil, Salicylic Acid, Tocopheryl Acetate, Hydrolyzed Hyaluronic Acid, Niacinamide, Oligopeptide-76, Sodium Hydroxide",ACROPASS Trouble Cure Patch,https://inkeedecoder.com/products/acropass-trouble-cure-patch
comedo,"Hydrocolloid, Melaleuca Alternifolia (Tea Tree) Leaf Oil, Melaleuca Alternifolia (Tea Tree) Extract, Centella Asiatica Extract",AOA Skin Invisible Acne Patches,https://inkeedecoder.com/products/aoa-skin-invisible-acne-patches
comedo,"Simmondsia Chinensis (Jojoba) Seed Oil, Melaleuca Alternifolia (Tea Tree) Leaf Oil",ARGANICARE Tea Tree Oil,https://inkeedecoder.com/products/arganicare-tea-tree-oil
comedo,"Caprylic/​Capric Triglyceride, Melaleuca Alternifolia (Tea Tree) Leaf Oil, Tocopherol, Avena Sativa (Oat) Kernel Oil, Oryza Sativa (Rice) Bran Extract, Helianthus Annuus (Sunflower) Extract, Rosmarinus Officinalis (Rosemary) Leaf Extract, Limonene, Linalool",Advanced Clinicals Tea Tree Oil,https://inkeedecoder.com/products/advanced-clinicals-tea-tree-oil
comedo,"Water, Melaleuca Alternifolia (Tea Tree) Leaf Oil, Niacinamide, PEG/​PPG-14/​7 Dimethyl Ether, Bacopa Monniera Extract, Potassium Azeloyl Diglycinate, Alcohol, Sodium Hyaluronate, Polyglutamic Acid, Quaternium-73, PPG-10 Methyl Glucose Ether, Camellia Sinensis Leaf Extract, Acrylates/​C10-30 Alkyl Acrylate Crosspolymer, Tocopheryl Succinate, Salicylic Acid, Arginine, Chitosan, Ammonium Acryloyldimethyltaurate/​VP Copolymer, 1,2-Hexanediol, 3-O-Ethyl Ascorbic Acid, Centella Asiatica Extract, Aloe Barbadensis Leaf Extract, Citrus Aurantium Bergamia (Bergamot) Leaf Extract, Inositol, Scutellaria Baicalensis Root Extract, Phellodendron Amurense Bark Extract, Sophora Angustifolia Root Extract, Piper Methysticum Root Extract, Rosmarinus Officinalis (Rosemary) Leaf Extract, Citrus Grandis (Grapefruit) Seed Extract, Lavandula Angustifolia (Lavender) Extract, Belamcanda Chinensis Root Extract, Coptis Chinensis Root Extract, Dryopteris Filix-Mas Root Extract, Portulaca Oleracea Extract, Glycyrrhiza Glabra (Licorice) Root Extract, Calcium Pantothenate, PPG-26-Buteth-26, Polygonum Cuspidatum Root Extract, Hydroxyacetophenone, Dipotassium Glycyrrhizate, Chamomilla Recutita (Matricaria) Flower Extract, Artemisia Princeps Extract, Pyridoxine Hcl, Luffa Cylindrica Fruit Extract, Citrus Limon (Lemon) Peel Oil",Aizen Acnefique Cream V2.0,https://inkeedecoder.com/products/aizen-acnefique-cream-v2-0
comedo,"Dead Sea Salts, Tea Tree Oil, Vitamin E, Glycerin, Vitamin C, Citric Acid, Thyme Extract, Licorice Extract, Salicylic Acid, Panthenol, Allantoin",Akren Liquid Cleanser For Combined And Oily Skin,https://inkeedecoder.com/products/akren-liquid-cleanser-for-combined-and-oily-skin
comedo,"Hydrocolloid Dressing With, Melaleuca Alternifolia (Tea Tree) Leaf Oil, Hamamelis Virginiana (Witch Hazel) Water, Lens Esculenta (Lentil) Fruit Extract, Petroselinum Sativum (Parsley) Extract",Alba Botanica Acne Dote Pimple Patches,https://inkeedecoder.com/products/alba-botanica-acne-dote-pimple-patches
comedo,"Aqua, Tea Tree Oil, Aloe Vera Oil, Provitamin B5, Chamomile Oil, Rose Water, Panthenol, Vit E, Vit C, Niacinamide, Allantoin Panthenol, Hamamelis Virginiana",Alejon Perin Facial Toner,https://inkeedecoder.com/products/alejon-perin-facial-toner
comedo,"Aloe Barbadensis (Aloe Vera) Leaf Juice, Melaleuca Alternifolia (Tea Tree) Leaf Oil, Polysorbate 20, Acrylates/​C10-30 Alkyl Acrylate Crosspolymer, Sodium Phytate, Sodium Hydroxide, Phenoxyethanol, Potassium Sorbate, Benzoic Acid, Limonene",Aloe Pura Aloe Vera Gel With Antiseptic Tea Tree Oil,https://inkeedecoder.com/products/aloe-pura-aloe-vera-gel-with-antiseptic-tea-tree-oil
comedo,"Aloe Vera Gel, Australian Tea Tree Oil, Eucalyptus Oil, Peppermint Oil, Methyl Salicylate, Allantoin",Aloe Vera Australia Aloe Vera Massage Treatment,https://inkeedecoder.com/products/aloe-vera-australia-aloe-vera-massage-treatment
comedo,"Cymbopogon Flexuosus Oil, Melaleuca Alternifolia, Pelargonium Graveolens, Boswellia Carterii, Cymbopogon Nardus, Cananga Odorata, Chamaemelum Nobile, Lavandula Angustifolia, Camellia Sinensis, Rosa Virginiana, Helichrysum Italicum, Simmondsia Chinensis, Helianthus Annus, Vitis Vinifera, Argania Spinosa, Rosa Canina, Alpha Tocopherol, Organic Beeswax",Apotheke Skin Doctor For Women,https://inkeedecoder.com/products/apotheke-skin-doctor-for-women
comedo,"Hydrocolloid (Hydrogenated Styrene/​Butadiene Copolymer, Cellulose Gum, Sodium Carboxymethyl Starch), Melaleuca Alternifolia (Tea Tree) Leaf Oil, Calendula Officinalis Flower Oil, Madecassic Acid",Avarelle Cosmetics Acne Cover Patch Original 40,https://inkeedecoder.com/products/avarelle-cosmetics-acne-cover-patch-original-40
comedo,"Aqua, Tea Tree Oil, Salicylic Acid, Glycerin, Ethylhexylglycerin, Arbutin, Nicotinamide, Glycyrrhiza Inflata Root Extract, Sophora Angustifolia Root Extract, Centella Asiatica Extract, Carbomer, Triethanolamine, Sodium Hyaluronate",Breylee Acne Scar Removal Gel,https://inkeedecoder.com/products/breylee-acne-scar-removal-gel
comedo,"Water, Melaleuca Alternifolia (Tea Tree) Leaf Oil, Glycerin, Propylene Glycol, Diazolidinyl Urea, Methylparaben, Propylparaben, Triethanolamine, Carbomer, Acrylates/​C10-30 Alkyl Acrylate Crosspolymer, Disodium EDTA, Octoxynol-9",Care Science Natural Wound Gel With Tea Tree,https://inkeedecoder.com/products/care-science-natural-wound-gel-with-tea-tree
comedo,"Aqua, Tea Tree Oil, Retinol, Rose Extract, Shea Butter, Collagen, Rosehip Seed Oil, Olive Oil, Burdock, Milk Thistle, Sophora Root Extract, Squalene, Isopropyl Myristate, Hemp Seed Extract, Salicylic Acid, Vitamin E, Argan Oil, Dl-Menthol, Hyaluronic Acid, Grape Seed Extract",Cota Skin Cbd Cream,https://inkeedecoder.com/products/cota-skin-cbd-cream
comedo,"Petrolatum, Melaleuca Alternifolia (Tea Tree) Oil, Prunus Amygdalus (Sweet Almond) Dulcis Oil, Persea Gratissima (Avocado) Oil, Helianthus Annuus (Sunflower) Seed Oil, Simmondsia Chinensis (Jojoba) Seed Oil, Sesamum Indicum (Sesame) Seed Oil, Triticum Vulgare (Wheat) Germ Oil, Carthamus Tinctorius (Safflower) Seed Oil, Gossypium Herbaceum (Cotton) Seed Oil, Benzyl Benzoate, Coumarin, Parfum (Fragrance)",DAX Supergro For Men,https://inkeedecoder.com/products/dax-supergro-for-men
comedo,melaleuca-alternifolia-leaf-oil,Next page >>,https://inkeedecoder.com/ingredients/melaleuca-alternifolia-leaf-oil?uoffset=1
comedo,"Tretinoin, Propylene Glycol, Isopropanol, Carbomer, Triethanolamine, Butylated Hydroxytoluene, Methyl Hydroxybenzoate, Propyl Hydroxybenzoate",A-Ret Tretinoin 0.1%,https://inkeedecoder.com/products/a-ret-tretinoin-0-1
comedo,"Tretinoin, PEG-4 Olivate, Olive Oil PEG-7 Esters, Methyl Hydroxybenzoate, Propyl Hydroxybenzoate, Propylene Glycol, Silicon Oil, Caprylic/​Capric Triglyceride, Carbomer, Triethanolamine, Purified Water",A-Ret Tretinoin Gel 0.05%,https://inkeedecoder.com/products/a-ret-tretinoin-gel-0-05
comedo,"Retinoic Acid Tretinoin (0.5), Isopropyl Myristate, Carbopol 974 Polymer, Polysorbate 80, Glycerol, Triglyceride, Light Liquid Vaseline, Butylated Hydroxytoluene, Butylated Hydroxy Anisole, Methylparaben, Propylparaben, Sodium Hydroxide, Aqua",ASSOS Tre® %0.05 Krem,https://inkeedecoder.com/products/assos-tre-r-0-05-krem
comedo,"Tretinoin, Cetyl Alcohol, Stearyl Alcohol, Tween 60, Sorbitan Monostearate, Methylparaben, Propylparaben, BHT, Propylene Glycol, Deionized-Water",Abdiibrahim Acnelyse,https://inkeedecoder.com/products/abdiibrahim-acnelyse
comedo,"Tretinoin (0.025), Butylhydroxytoluene (E321), Cetyl Alcohol, Methyl Parahydroxybenzoate (E218), Propyl Parahydroxybenzoate (E216), Propylene Glycol, Stearyl Alcohol",Acnelyse Tretinoin %0.025,https://inkeedecoder.com/products/acnelyse-tretinoin-0-025
comedo,"Tretinoin (0,05%), Butylhydroxytoluene (E321), Paraffin (Vaseline Flant), Polysorbate 60, Cetyl Alcohol, Methyl Parahydroxybenzoate (E218), Propyl Parahydroxybenzoate (E216), Propylene Glycol, Sorbitan Stearate (Span 60), Stearyl Alcohol, Purified Water",Acnelyse Tretinoin %0.05,https://inkeedecoder.com/products/acnelyse-tretinoin-0-05
comedo,"Tretinoin (0.05%), Polyoxyl 40 Stearate, Stearyl Alcohol, Isopropyl Myristate, Stearic Acid, BHT, Sorbic Acid, Xanthan Gum, Purified Water",Acretin 0.05% Tretinoin Cream,https://inkeedecoder.com/products/acretin-0-05-tretinoin-cream
comedo,"Tretinoin (0.025%), Stearyl Alcohol, Isopropyl Myristate, Propylene Glycol, Polysorbate 60, Sorbitan Monostearate, Glycerin, Carbomer, Edetate Disodium, Methylparaben, Propylparaben, Butylated Hydroxytoluene, Water",Acretin Tretinoin 0.025% Cream,https://inkeedecoder.com/products/acretin-tretinoin-0-025-cream
comedo,"Tretinoin (0.025%), Stearic Acid, Polyolprepolymer-2, Isopropyl Myristate, Polyoxyl 40 Stearate, Propylene Glycol, Stearyl Alcohol, Xanthan Gum, Sorbic Acid, Butylated Hydroxytoluene, Purified Water","Actavis Pharma, Inc. Actavis Tretinoin Cream, USP 0.025%",https://inkeedecoder.com/products/actavis-pharma-inc-actavis-tretinoin-cream-usp-0-025
comedo,"Tretinoin (0.5 Mg), Butylhydroxyanisole (E320) (X)",Airol cream 0.5 Airol Cream,https://inkeedecoder.com/products/airol-cream-0-5-airol-cream
comedo,"Tretinoin, Glycerol Stearate, Ceteareth-20, Sorbitol Solution (70%), Cetyl Esters Wax, Phytosqualene, Butylhydroxyanisole (E320), Disodium Edetate, Magnesium Sulfate Heptahydrate, Benzoic Acid (E210), Purified Water",Airol cream 0.5 Tretinoina,https://inkeedecoder.com/products/airol-cream-0-5-tretinoina
comedo,"Tretinoin (0.01%), Soluble Collagen, Elastin, Glyceryl Monostearate, Cetyl Alcohol, Stearyl Alcohol, Octyldodecanol, Methyl Paraben, Propyl Paraben, Carbopol, Trietanolamin (C.S.P Ph 7), Perfum, Imidurea, BHT, BHA, Propylenglycol, Purified Water","Andrómaco Hidrosam T 0,010%",https://inkeedecoder.com/products/andromaco-hidrosam-t-0-010
comedo,"Tretinoin (0.025%), Soluble Collagen, Elastin, Glyceryl Monostearate, Cetyl Alcohol, Stearyl Alcohol, Octyldodecanol, Methyl Paraben, Propyl Paraben, Carbopol, Trietanolamin (C.S.P Ph 7), Perfum, Imidurea, BHT, BHA, Propylenglycol, Purified Water","Andrómaco Hidrosam T 0,025%",https://inkeedecoder.com/products/andromaco-hidrosam-t-0-025
comedo,"Tretinoin (0,05%), Soluble Collagen, Elastin, Glyceryl Monostearate, Cetyl Alcohol, Stearyl Alcohol, Octyldodecanol, Methyl Paraben, Propyl Paraben, Carbopol, Trietanolamin (C.S.P Ph 7), Perfum, Imidurea, BHT, BHA, Propylenglycol, Purified Water","Andrómaco Hidrosam T 0,050%",https://inkeedecoder.com/products/andromaco-hidrosam-t-0-050
comedo,"Tretinoin (0,1%), Soluble Collagen, Elastin, Glyceryl Monostearate, Cetyl Alcohol, Stearyl Alcohol, Octyldodecanol, Methyl Paraben, Propyl Paraben, Carbopol, Trietanolamin (C.S.P Ph 7), Perfum, Imidurea, BHT, BHA, Propylenglycol, Purified Water","Andrómaco Hidrosam T 0,100%",https://inkeedecoder.com/products/andromaco-hidrosam-t-0-100
comedo,"Tretinoin (0.025% - 0.1%), Niacinamide (4%), Butylated Hydroxytoluene, C12-15 Alkyl Benzoate, Caprylic/​Capric Triglycerides, Cetyl Alcohol, Ethylhexylglycerin, Glycerin Usp, Glyceryl Stearate, Hydroxyethyl Acrylate/​Sodium Acryloyldimethyl Taurate Copolymer, Olive Oil, Oleic Acid, PEG-100 Stearate, Phenoxyethanol, Polydimethylsiloxane, Purified Water, Propylene Glycol, Stearic Acid, Trolamine, Vitamin E",Apostrophe Tretinoin,https://inkeedecoder.com/products/apostrophe-tretinoin
comedo,"Tretinoin (0.05%), Aqua, Petrolatum, Propylene Glycol, Caprylic/​Capric Triglyceride, Ceteareth-20, Cetyl Alcohol, Glyceryl Stearate SE, Paraffinum Liquidum, Butylhydroxytoluene",Apoteka Dona Hidrofilni Krem Sa Tretinoinom 0.05%,https://inkeedecoder.com/products/apoteka-dona-hidrofilni-krem-sa-tretinoinom-0-05
comedo,"Tretinoin, Ceteareth-6, Stearyl Alcohol, Ceteareth-25, Glyceryl Mono Sterate, Cetyl Alcohol, Vaseline, Yellow 1, Beeswax, Cetearyl Octanoate, Imidurea, Methyl Paraben, Propylparaben, Propylene Glycol, Titanium Dioxide, Butylated Hydroxy Anisole, Purified Water",Avalon Pharma Avotin-a,https://inkeedecoder.com/products/avalon-pharma-avotin-a
comedo,"Retinoic Acid (Tretinoin), Isopropyl Myristate, Carbopol Polymer, Polysorbate 80, Miglyol, Glycerol, Paraffinum Liquidum, Butylated Hydroxytoluene, Butylated Hydroxy Anisole, Methylparaben, Propylparaben, Sodium Hydroxide, Aqua","Bailleul Laboratories Tretin® %0,05 Krem",https://inkeedecoder.com/products/bailleul-laboratories-tretin-r-0-05-krem
comedo,"Tretinoin (0.04%), Purified Water, Carbomer, Glycerin, Disodium EDTA, Propylene Glycol, Propylene Glycol Dicaprylate/​Dicaprate, Sorbic Acid, PPG-20 Methyl Glucose Ether Distearate, Cyclomethicone, Dimethicone Copolyol, Benzyl Alcohol, Trolamine, Butylated Hydroxytoluene",Bausch Health Retin-A Micro (0.04%),https://inkeedecoder.com/products/bausch-health-retin-a-micro-0-04
comedo,"Tretinoin, Butylhydroxytoluene, Isopropyl Myristate, Polyoxyl 40 Stearate, Stearic Acid, Stearyl Alcohol, Sorbic Acid, Xanthan Gum, Purified Water",Bausch Health Retin-a Cream 0.05%,https://inkeedecoder.com/products/bausch-health-retin-a-cream-0-05
comedo,"Tretinoin (0.1%), Water, Carbomer (0.1%), Glycerin, Disodium EDTA, Propylene Glycol, Sorbic Acid, PPG-20 Methyl Glucose Ether Distearate, Dimethicone/​Methicone Copolymer, Benzyl Alcohol, Triethanolamine, BHT",Bausch Health Retin-a Micro (tretinoin) Gel Microsphere 0.1%,https://inkeedecoder.com/products/bausch-health-retin-a-micro-tretinoin-gel-microsphere-0-1
comedo,"Tretinoin (0.05%), Alcohol (95%), Carboxyvinyl Polymer, Carbopol 980, Carbomer, Isopropyl Alcohol, Propylene Glycol, Purified Water, Trolamine",Bausch Health Vitamin A Acid Gel (0.05%),https://inkeedecoder.com/products/bausch-health-vitamin-a-acid-gel-0-05
comedo,"Retinoic Acid (0.05%), Water, Caprylic/​Capric Triglycerides, Stearyl Alcohol, Stearic Acid, Glyceryl Stearate, PEG-100 Stearate, Diisopropyl Dimer Dilinoleate, Aluminum, Magnesium Silicate, Polyoxyethylene 45 (40), Mg Stearate+, Benzyl Alcohol, Silica Gel, Bisabolol, Retinoic Acid, BHA, BHT",CCSD Rx Reverse Tretinoin 0.05%,https://inkeedecoder.com/products/ccsd-rx-reverse-tretinoin-0-05
comedo,"Tretinoin (0.05%), Butylated Hydroxytoluene, Cetomacrogol 1000, Lanolin Anhydrous, Glyceryl Monostearate Se, Cetostearyl Alcohol, Oleic Acid Decylester, Dimethicone 350, Sorbitol Solution (70%), Sorbic Acid, Potassium Sorbate, Purified Water",CTS CHEMICAL INDUSTRIES Ret-Avit Cream 0.05%,https://inkeedecoder.com/products/cts-chemical-industries-ret-avit-cream-0-05
comedo,"Tretinoin (0.05%), Cremophor Rh 40, Softigen 767, Carbomer 940, Butylated Hydroxytoluene, Methyl Dihydroxybenzoate, Sodium Propyl Hydroxybenzoate, Sodium Hydroxide, Hydrochloric Acid, Isopropyl Alcohol, Purified Water",CTS CHEMICAL INDUSTRIES Ret-Avit Gel 0.05%,https://inkeedecoder.com/products/cts-chemical-industries-ret-avit-gel-0-05
comedo,"Tretinoin, C12-20 Acid PEG-8 Ester, Cetyl Alcohol, Glycerin, Propylene Glycol, BHT, Ascorbyl Palmitate, Glyceryl Stearate, Citric Acid, Methyl Parahydroxybenzoate (E-219), Propyl Parahydroxybenzoate (E-217), Water",Cantabria Labs Neocare 4mg/g cream,https://inkeedecoder.com/products/industrial-farmaceutica-cantabria-neocare
comedo,"Ácido Retinoico, Ácido Glicólico, Propylene Glycol, PEG-7 Glyceryl Cocoate, Aminomethyl Propanol, Hydroxyethylcellulose, Polyvinyl Alcohol, Imidazolidinyl Urea, Disodium EDTA, BHT, Aqua",Cantabria Labs Retincare,https://inkeedecoder.com/products/cantabria-labs-retincare
comedo,"Tretinoin (0.025%), Gluconolactone (4%), Ethylhexyl Methoxycinnamate, Polydimethylsiloxane, Cetyl Alcohol, Ceramide, Cholesterol, Disodium EDTA, Perfume, Sodium Hydroxide, Ascorbic Acid, Vitamin E Acetate, Glyceryl Monostearate, Sodium PCA, Hydrogenated Lecithin, Propylene Glycol, Cetostearyl Alcohol, Ceteareth-20, Methylparaben, Propylparaben, Mineral Oil, Oat Glycolic Extract, Sulibenzone, Purified Water","Cassará Neotretin M Tretinoína 0,025%",https://inkeedecoder.com/products/cassara-neotretin-m-tretinoina-0-025
comedo,"Tretinoin, Butylated Hydroxytoluene, Beryl Perfume Oil, Cetyl Stearyl Alcohol, Trispolyoxyethylenephosphate, Citric Acid Monohydrate, Glyceryl Monostearate, Isopropyl Myristate, Palmitoyl Ascorbic Acid, Macrogol-7-Glycerol Cocoate, Propylene Glycol, Sorbitan Stearate, Sorbic Acid, Purified Water",Cordes Vas,https://inkeedecoder.com/products/cordes-vas
comedo,"Tretinoin, Butylated Hydroxytoluene, Cetyl Stearyl Alcohol, Citric Acid, Glycerin Monostearate, Isopropyl Myristate, Ascorbyl Palmitate, PEG-7 Glyceryl Cocoate, Propylene Glycol, Sorbitan Stearate, Sorbic Acid, Purified Water, Stearyl Phosphate",Cordes Vas Creme (0.05 Tretinoin),https://inkeedecoder.com/products/cordes-vas-creme-0-05-tretinoin
comedo,"Tretinoin (0.05%), Isopropanol, Propylene Glycol, Cetyl Alcohol, Sorbitan Monostearate, Polysorbate 20, Butylated Hydroxy Anisole, Triethanolamine, Carbomer, Benzyl Alcohol, Disodium Edetate, Purified Water",Dar Al Dawa Smooderm,https://inkeedecoder.com/products/dar-al-dawa-smooderm
comedo,"Tretinoin (0.025%, 0,05%, 0,1%), Cetostearyl Alcohol, Stearyl Alcohol, Isopropyl Myristate, Polysorbate 60, Sorbitan Stearate, Butylated Hydroxytoluene, Benzoic Acid, Disodium Edetate, D-Panthenol, Purified Water, Sodium Hydroxide",DermaXP Reticor (tretinoin) cream,https://inkeedecoder.com/products/dermaxp-reticor-tretinoin-cream
comedo,"Tretinoin (0.05%, 0.1%), Purified Water, Diisopropyl Adipate, Propylene Glycol, Acrylates/​C10-30 Alkyl Acrylate Crosspolymer, BHT, Methylparaben, Sodium Hydroxide",DermaXP Reticor (tretinoin) gel,https://inkeedecoder.com/products/dermaxp-reticor-tretinoin-gel
comedo,"Tretinoin (0.1%), Purified Water, Carthamus Tinctorius Oleosomes, Polyacrylate-13, Polyisobutene, Sodium Carbomer, Polysorbate 20, Tocopheryl Acetate, Benzoic Acid (0.1%), Sorbic Acid (0.1%)",Dermatica 0.1% Tretinoin Cream,https://inkeedecoder.com/products/dermatica-0-1-tretinoin-cream
comedo,"Tretinoin (0.025%), Niacinamide (4%), Aqua, Propylene Glycol, Glycerin, Cetyl Alcohol, Glyceryl Stearate, PEG-75 Stearate, Isohexadecane, Isododecane, Dimethicone, Polyisobutene, Polysorbate 20, Polyurethane-39, Phenoxyethanol, Tocopheryl Acetate, Sodium Polyacrylate, Hydrogenated Farnesene",Dermatica Tretinoin 0.025% + Niacinamide 4%,https://inkeedecoder.com/products/dermatica-tretinoin-0-025
comedo,"Tretinoin, Azelaic Acid, Tranexamic Acid, Purified Water, Propylene Glycol, Glycerin, Panthenol, Cetyl Alcohol, Glyceryl Stearate, Isohexadecane, Isododecane, C13-15 Alkane, Dimethicone, Propanediol, Polyacrylate-13, Polyisobutene, Polysorbate 20, Polyurethane-39, Phenoxyethanol (0.6%), Tocopheryl Acetate, Ceramide AP, Ceramide EOP, Ceramide NP, Phytosphingosine, Cholesterol, Sodium Lauroyl Lactylate, Xanthan Gum, Carbomer, Sodium Hyaluronate",Dermatica Tretinoin 0.05% - Azelaic Acid 15% - Tranexamic Acid 5%,https://inkeedecoder.com/products/dermatica-tretinoin-0-05-azelaic-acid-15-tranexamic-acid-5
comedo,"Tretinoin, Niacinamide, Purified Water, Propylene Glycol, Glycerin, Panthenol, Cetyl Alcohol, Glyceryl Stearate, Isohexadecane, Isododecane, C13-15 Alkane, Dimethicone, Propanediol, Polyacrylate-13, Polyisobutene, Polysorbate 20, Polyurethane-39, Phenoxyethanol (0.6%), Tocopheryl Acetate, Ceramide AP, Ceramide EOP, Ceramide NP, Phytosphingosine, Cholesterol, Sodium Lauroyl Lactylate, Xanthan Gum, Carbomer, Sodium Hyaluronate",Dermatica Tretinoin 0.05% And Niacinamide 4%,https://inkeedecoder.com/products/dermatica-tretinoin-0-05-and-niacinamide-4
comedo,"Tretinoin, Niacinamide, Purified Water, Propylene Glycol, Glycerin, Panthenol, Cetyl Alcohol, Glyceryl Stearate, Isohexadecane, Isododecane, C13-15 Alkane, Dimethicone, Propanediol, Polyacrylate-13, Polyisobutene, Polysorbate 20, Polyurethane-39, Phenoxyethanol (0.6%), Tocopheryl Acetate, Ceramide AP, Ceramide EOP, Ceramide NP, Phytosphingosine, Cholesterol, Sodium Lauroyl Lactylate, Xanthan Gum, Carbomer, Sodium Hyaluronate",Dermatica Tretinoin 0.1%,https://inkeedecoder.com/products/dermatica-tretinoin-0-1
comedo,"Tretinoin, Niacinamide, Azelaic Acid, Purified Water, Carthamus Tinctorius Oleosomes, Propylene Glycol, Glycerin, Panthenol, Polyacrylate-13, Polyisobutene, Sodium Carbomer, Gluconolactone, Polysorbate 20, Sorbitan Isostearate, Benzoic Acid, Sorbic Acid, Sodium Benzoate, Propanediol, Tocopheryl Acetate, Ceramide AP, Ceramide EOP, Ceramide NP, Phytosphingosine, Cholesterol, Sodium Lauroyl Lactylate, Xanthan Gum, Carbomer, Sodium Hyaluronate","Dermatica Tretinoin, Niacinamide 4%, Azelaic Acid 4%",https://inkeedecoder.com/products/dermatica-tretinoin-niacinamide-4-azelaic-acid-4
comedo,"Tretinoin, Aqua, Glycerin, Coco-Caprylate, Cetearyl Olivate, Sorbitan Olivate, Glyceryl Stearate, Stearic Acid, Caprylic/​Capric Triglycerides, Sodium PCA, Urea, Trehalose, Leuconostoc/​Radish Root Ferment Filtrate, Polyquaternium-51, Sodium Hyaluronate, Phenoxyethanol, Ethylhexylglycerin, Tocopherol, Xanthan Gum",Farmacia cu Traditie Tretinoin 0.025% Cream And Moisture Complex,https://inkeedecoder.com/products/farmacia-cu-traditie-tretinoin-0-025-cream-and-moisture-complex
comedo,"Tretinoin (0.025%), Clindamycin (1%), Niacinamide (4%), Dimethicone, Caprylyl Methicone, PEG-12 Dimethicone/​PPG-20 Crosspolymer, Butyrospermum Parkii (Shea) Butter, Polysilicone-11, Tocopheryl Acetate",Felix Retinoid +,https://inkeedecoder.com/products/felix-retinoid
comedo,"Tretinoin, Butylated Hydroxy Anisole, Butylated Hydroxytoluene, Ethylenediaminetetraacetic Acid Disodium Salt, Isopropyl Palmitate, Methyl Paraben, Polyoxyl 40 Stearate, Propyl Paraben, Propylene Glycol, Purified Water, Stearic Acid, Stearyl Alcohol, White Petrolatum",GSK Stieva-A Cream,https://inkeedecoder.com/products/gsk-stieva-a
comedo,"Tretinoin (0.1%), Benzoyl Peroxide (3%), Anhydrous Citric Acid, Butylated Hydroxytoluene, Carbomer Homopolymer Type C, Cetrimonium Chloride, Cetyl Alcohol, Cyclomethicone, Edetate Disodium, Glycerin, Hydrochloric Acid, Imidurea, (S)-Lactic Acid, Macrogol Stearate, PEG-50 Stearate, Mono, Di-Glycerides, Polyquaternium-7, Purified Water, Silicon Dioxide, Sodium Hydroxide, Squalane, Tetraethyl Ortho Silicate, White Wax",Galderma Twyneo 0.1%/3% cream,https://inkeedecoder.com/products/galderma-twyneo-0-1-3-cream
comedo,"Tretinoin (0.025%), Sorbic Acid (0.2%), Butylated Hydroxytoluene (0.1%)",Hedge & Hedge Pharmaceutical LLP Tretinoin Cream USP,https://inkeedecoder.com/products/hedge-hedge-pharmaceutical-llp-tretinoin-cream-usp
comedo,"Tretinoin, Disodium Edetate, Methylparaben, Propylparaben, Glycerol, Carbomer 934, Stearic Acid, Stearyl Alcohol, Cetyl Alcohol, Glyceryl Monostearate, Mineral Oil, Polysorbate 60, Sorbitan Monostearate, Titanium Dioxide, Octyl Methoxycinnamate, Triethanolamine, Vitamin E Acetate, Ethyl Alcohol, (Lilac) Fragrance, Purified Water",ITF-Labomed Dermodan Tretinoina 0.025%,https://inkeedecoder.com/products/itf-labomed-dermodan-tretinoina-0-025
comedo,"Tretinoin (0.05%), Polyoxyl 40 Stearate, Stearyl Alcohol, Isopropyl Myristate, Stearic Acid, Butylated Hydroxytoluene, Sorbic Acid, Xanthan Gum, Purified Water",Jamjoom Pharma Acretin 0.05% Cream,https://inkeedecoder.com/products/jamjoom-pharma-acretin-0-05-cream
comedo,"Tretinoin (0.04%), Aqua, Carbomer, Glycerin, Disodium EDTA, Propylene Glycol, Sorbic Acid, PPG-20 Methyl Glucose Ether Distearate, Cyclomethicone, Dimethicone Copolyol, Benzyl Alcohol, Trolamine, Butylated Hydroxytoluene",Janssen Retin A Micro Gel 0.04%,https://inkeedecoder.com/products/janssen-retin-a-micro-gel-0-04
comedo,"Tretinoin, Polyoxyl 40 Stearate, Stearyl Alcohol, Stearic Alcohol, Isopropyl Myristate, Butylated Hydroxytoluene, Sorbic Acid, Xanthan Gum, Purified Water",Janssen Retin-a Tretinoina Crema 0.05%,https://inkeedecoder.com/products/janssen-retin-a-tretinoina-crema-0-05
comedo,"Tretinoin, PEG-40 Stearate, Stearyl Alcohol, Isopropyl Myristate, BHT, Stearic Acid, Sorbic Acid, Xanthan Gum, Purified Water",Janssen Pharmaceuticals Retino-A Tretinoin Cream U.S.P. 0.05%,https://inkeedecoder.com/products/janssen-retino-a-tretinoin-cream-u-s-p-0-05
comedo,tretinoin,Next page >>,https://inkeedecoder.com/ingredients/tretinoin?uoffset=1
comedo,"Trichloroacetic Acid, Glycolic Acid (5%), Lactic Acid (5%), Purified Water, Isopropyl Alcohol, Propylene Glycol, Glycerin Usp, Menthol Crystals, Sodium Chloride, Neolone Pe, Benzyl Alcohol",MUAC 18% Tca At Home Peel,https://inkeedecoder.com/products/muac-18-tca-at-home-peel
comedo,"Trichloroacetic Acid, Purified Water",Matte Trichloroacetic Acid (TCA) 100%,https://inkeedecoder.com/products/matte-trichloroacetic-acid-tca-100
comedo,"Trichloroacetic Acid, Lactobionic Acid, Salicylic Acid, Tartaric Acid, Citric Acid, Vitamin C, Glycine, Proline, Hydroxyproline, Arginine, Gamma-Aminobutyric Acid",Med Biorepeel,https://inkeedecoder.com/products/med-biorepeel
comedo,"Trichloroacetic Acid, Urea Peroxide, Coenzyme Q10, Kojic Acid",Promoitalia Pqage Evolution - Gel,https://inkeedecoder.com/products/promoitalia-pqage-evolution-gel
comedo,"Trichloroacetic Acid, Distilled Water, Vitamin C, Peach Fruit Extract, Cucumis Melo (Muskmelon) Seed Oil, Aloe Vera Leaf Extract, Angelica Keiskei Leaf/​Stem Extract (Ashitaba), Zeaxanthin",Skin Peel Shop Trichloroacetic Acid (TCA) Peel,https://inkeedecoder.com/products/skin-peel-shop-trichloroacetic-acid-tca-peel
comedo,"Trichloroacetic Acid, Purified Water",dermalure Trichloroacetic Acid  (TCA) 25%,https://inkeedecoder.com/products/dermalure-trichloroacetic-acid-tca-25
comedo,"Trichloroacetic Acid, Purified Water",dermalure Trichloroacetic Acid (TCA) 10%,https://inkeedecoder.com/products/dermalure-trichloroacetic-acid-tca-10
comedo,"Trichloroacetic Acid, Purified Water",dermalure Trichloroacetic Acid (TCA) 15%,https://inkeedecoder.com/products/dermalure-trichloroacetic-acid-tca-15
comedo,"Trichloroacetic Acid, Purified Water",dermalure Trichloroacetic Acid (TCA) 20%,https://inkeedecoder.com/products/dermalure-trichloroacetic-acid-tca-20
comedo,"Trichloroacetic Acid, Purified Water",dermalure Trichloroacetic Acid (TCA) 30%,https://inkeedecoder.com/products/dermalure-trichloroacetic-acid-tca-30
comedo,"Trichloroacetic Acid (Tca), Purified Water",dermalure Trichloroacetic Acid (TCA) 35%,https://inkeedecoder.com/products/dermalure-trichloroacetic-acid-tca-35
comedo,"Trichloroacetic Acid (Tca), Purified Water",dermalure Trichloroacetic Acid (TCA) 40%,https://inkeedecoder.com/products/dermalure-trichloroacetic-acid-tca-40
comedo,"Trichloroacetic Acid (Tca), Purified Water",dermalure Trichloroacetic Acid (TCA) 45%,https://inkeedecoder.com/products/dermalure-trichloroacetic-acid-tca-45
comedo,"Trichloroacetic Acid, Purified Water",dermalure Trichloroacetic Acid (TCA) 5%,https://inkeedecoder.com/products/dermalure-trichloroacetic-acid-tca-5
comedo,"Trichloroacetic Acid (Tca), Purified Water",dermalure Trichloroacetic Acid (TCA) 50%,https://inkeedecoder.com/products/dermalure-trichloroacetic-acid-tca-50
comedo,"Trichloroacetic Acid, Dd Water",skin obsession Trichloroacetic Acid (TCA) 25%,https://inkeedecoder.com/products/skin-obsession-trichloroacetic-acid-tca-25
comedo,"Aqua (Water), Trichloroacetic Acid",Hyaestic TCA 40% Cross Technique & Depth Peel,https://inkeedecoder.com/products/hyaestic-tca-40-cross-technique-depth-peel
comedo,"Water, Trichloroacetic Acid (Tca), Kojic Acid, Lactic Acid, Hydrolyzed Oat Protein, Ethyl Ascorbic Acid, Alpha-Arbutin",Matte Gentle Peel,https://inkeedecoder.com/products/matte-gentle-peel
comedo,"Deionized Water, Trichloroacetic Acid, Sd Alcohol 1, Salicylic Acid, Hydroxyethylcellulose, Octoxynol-10, Cucumis Sativus (Cucumber) Fruit Extract, Camellia Sinensis Leaf (Green Tea) Leaf Extract, Matricaria Recutita (Chamomile) Flower Extract, Symphytum Officinale (Comfrey) Leaf Extract, Phenoxyethanol, Ethylhexylglycerin",Perfect Image 15% TCA Skin Peel,https://inkeedecoder.com/products/perfect-image-15-tca-skin-peel
comedo,"Aqua/​Water, Trichloroacetic Acid, Glycolic Acid, Sodium Lauryl Sulfate, Citric Acid",SkinCeuticals Smart Trichloroacetic Acid (TCA) Peel,https://inkeedecoder.com/products/skinceuticals-smart-trichloroacetic-acid-tca-peel
comedo,"Hydrogen Peroxide, Trichloroacetic Acid (Tca), Kojic Acid",Wiqo med Prx T33,https://inkeedecoder.com/products/wiqo-med-prx-t33
comedo,"Retinaldehyde (Retinal), Trichloroacetic Acid (Tca), Beta Hydroxy Acids (BHA), Phenol",dermalure Red Carpet Peel - Medium,https://inkeedecoder.com/products/dermalure-red-carpet-peel-medium
comedo,"Retinaldehyde (Retinal), Trichloroacetic Acid (Tca), Beta Hydroxy Acids (BHA), Phenol",dermalure Red Carpet Peel - Mild,https://inkeedecoder.com/products/dermalure-red-carpet-peel-mild
comedo,"Retinaldehyde (Retinal), Trichloroacetic Acid (Tca), Beta Hydroxy Acids (BHA), Phenol",dermalure Red Carpet Peel - Potent,https://inkeedecoder.com/products/dermalure-red-carpet-peel-potent
comedo,"Retinaldehyde (Retinal), Trichloroacetic Acid (Tca), Beta Hydroxy Acids (BHA), Phenol, Kojic Acid, Glutathione, Tranexamic Acid, Azelaic Acid",dermalure Red Carpet Peel - Potent Plus,https://inkeedecoder.com/products/dermalure-red-carpet-peel-potent-plus
comedo,"Aqua (Water), Sd Alcohol 40-B, Trichloroacetic Acid, Creatine, Arctostaphylos Uva-Ursi Leaf Extract, Camellia Sinensis Leaf Extract, Glycyrrhiza Glabra (Licorice) Root Extract, Yeast Extract, Magnesium Ascorbyl Phosphate, Phytic Acid, Glycerin, Hydroxyethylcellulose, Xanthan Gum, Phenoxyethanol, Ethylhexylglycerin",Hyaestic TCA 15% Medium Depth Solution Peel,https://inkeedecoder.com/products/hyaestic-tca-15-medium-depth-solution-peel
comedo,"Lactic Acid, Alcohol Denat, Trichloroacetic Acid, Citric Acid, Xanthan Gum",Matte Firming Peel,https://inkeedecoder.com/products/matte-firming-peel
comedo,"Lactic Acid, Salicylic Acid, Trichloroacetic Acid, Alcohol",Matte Jessner Solution (Modified) 14%,https://inkeedecoder.com/products/matte-jessner-solution-modified-14
comedo,"Purified Water, Undecylenoyl Phenylalanine, Trichloroacetic Acid, Ascorbyl Glucoside, Hyaluronic Acid, Vitamin B3 Niacinamide, Glycerin",Matte Pigment Control - Sepiwhite 2%,https://inkeedecoder.com/products/matte-pigment-control-sepiwhite-2
comedo,"Purified Water, Sodium Ascorbyl Phosphate (Sap), Trichloroacetic Acid (Tca), Vitamin B3, Niacinamide, Citric Acid, Ferulic Acid, Bilberry Extract, Sugar Cane Extract, Sugar Maple Extract, Orange Extract, Lemon Extract",Matte Beauty Vitamin C 20% & TCA 3%,https://inkeedecoder.com/products/matte-beauty-vitamin-c-20-tca-3
comedo,"Deionized Water, Glycolic Acid, Trichloroacetic Acid, Propylene Glycol, Mandelic Acid, Malic Acid, Citric Acid, Cananga Odorata Flower Oil (Ylang-Ylang), Aspalathus Linearis Leaf (Rooibos) Extract, Achillea Millefolium (Yarrow) Extract, Emblica Officinalis, Salix Alba (Willow Bark) Extract, Glycine Soja (Soybean Seed) Extract, Camelia Sinensis (Green Tea) Extract, Matricaria Recutita Flower (Chamomile) Extract, Symphytum Officinale Leaf (Comfrey) Extract, Arginine, Glutamine, Linolenic Acid (Gamma), Phenoxyethanol, Ethylhexylglycerin",Perfect Image RevitaBoost Peel Pads 35%,https://inkeedecoder.com/products/perfect-image-revitaboost-peel-pads-35
comedo,"Deionized Water, Glycolic Acid, Trichloroacetic Acid, Propylene Glycol, Mandelic Acid, Malic Acid, Citric Acid, Cananga Odorata Flower Extract, Aspalathus Linearis Leaf (Rooibos) Extract, Achillea Millefolium (Yarrow) Extract, Emblica Officinalis, Salix Alba (Willow Bark) Extract, Glycine Soja (Soybean Seed) Extract, Camelia Sinensis (Green Tea) Extract, Matricaria Recutita Flower (Chamomile) Extract, Symphytum Officinale Leaf (Comfrey) Extract, Arginine, Glutamine, Linolenic Acid, Phenoxyethanol, Ethylhexylglycerin",Perfect Image Revitaboost Peel Pads,https://inkeedecoder.com/products/perfect-image-revitaboost-peel-pads
comedo,"Purified Water, Sd Alcohol 40, Trichloroacetic Acid, Propylene Glycol, Citric Acid, Lactic Acid, Sodium Lactate, Glycine, Fructose, Urea, Niacinamide, Inositol, Sodium Benzoate, Benzyl Alcohol, Menthol Crystals",Platinum Skin Care Tca Peel,https://inkeedecoder.com/products/platinum-skin-care-tca-peel
comedo,"Purified Water, Sd Alcohol 40, Trichloroacetic Acid, Propylene Glycol, Mandelic Acid, Lactic Acid, Sodium Lactate, Glycine, Fructose, Urea, Niacinamide, Inositol, Sodium Benzoate, Benzyl Alcohol, Menthol Crystals",Platinum Skincare Certified Trichloroacetic (TCA) Acid Peel,https://inkeedecoder.com/products/platinum-skincare-certified-trichloroacetic-tca-acid-peel
comedo,"Purified Water (Aqua), Certified Organic Aloe Vera Gel, Usp Glycerin, Trichloroacetic Acid, Vitamin B5, L-Carnosine, Vitamin E, Lecithin, Retinyl Palmitate (Vitamin A), Sodium Hyaluronate, Squalane Oil, Sodium PCA, Chamomile Extract, Kojic Acid, Alpha-Arbutin, Sage Extract, Dmae, Alpha Lipoic Acid, Horsetail Extract, Centella Asiatica Extract, Eyebright, Magnesium Ascorbyl Phosphate, Grapeseed Extract",ClearChoice TCA Moisture Peel,https://inkeedecoder.com/products/clearchoice-tca-moisture-peel
comedo,"Aqua, Glyceryl Stearate, Peg-100 Stearate, Trichloroacetic Acid, Propylene Glycol, Xantham Gum, Disodium Edta",Environ Cool Peel Acm 1,https://inkeedecoder.com/products/environ-cool-peel-acm-1
comedo,"Purified Water (Aqua), Certified Organic Aloe, Green Tea (Japanese), Trichloroacetic Acid, Glycolic Acid, Lactic Acid, Salicylic Acid, Mandelic Acid, Methyl Cellulose, Phytic Acid, Niacinamide, Azelaic Acid, Pycnogenol, Pinus Pinaster Bark Extract, Centella Asiatica, Polysorbate, Sodium PCA, Beta-Glucan",HEDO Glow Peel Pads,https://inkeedecoder.com/products/hedo-glow-peel-pads
comedo,"Water, Kojic Acid, Lactic Acid, Hydrolyzed Oat Protein, Ethyl Ascorbic Acid, Trichloroacetic Acid",Matte Hybrid Peel,https://inkeedecoder.com/products/matte-hybrid-peel
comedo,"Deionized Water, Sodium C14-16 Alpha Olefin Sulfonate, Glycolic Acid, Cocamidopropyl Betaine, Acrylates Copolymer, Trichloroacetic Acid, Malic Acid, Citric Acid, Glycol Stearate Se, Glycol Distearate, Arctostaphylos Uva Ursi (Bearberry) Extract, Cananga Odorata Flower (Ylang-Ylang), Glycyrrhiza Uralensis (Licorice) Root Extract, Aspalathus Linearis Leaf (Rooibos) Extract, Achillea Millefolium (Yarrow) Extract, Salix Alba (Willow Bark) Extract, Camelia Sinensis (Green Tea) Extract, Matricaria Recutita Flower (Chamomile) Extract, Symphytum Officinale Leaf (Comfrey) Extract, Lavandula Angustifolia (Lavender) Oil, Retinyl Palmitate, Melaleuca Alternifolia (Tea Tree) Leaf Oil, L-Arginine, Glutamine, Phenoxyethanol, Ethylhexylglycerin",Perfect Image Anti-Aging Resurfacing Cleanser,https://inkeedecoder.com/products/perfect-image-anti-aging-resurfacing-cleanser
comedo,"Water (Aqua), Glycolic Acid, Lactic Acid, Sd Alcohol 40-B, Propanediol, Sodium Hydroxide, Glycerin, Trichloroacetic Acid, Salicylic Acid, Turmeric, Phytic Acid, Xanthan Gum, Phenoxyethanol, Benzoic Acid, Dehydroacetic Acid",Stacked skincare TCA Lactic & Glycolic Face Peel,https://inkeedecoder.com/products/stacked-skincare-tca-lactic-glycolic-face-peel
comedo,"Palmitoyl Hexapeptide-19, Tetrasodium Glutamate Diacetate, Betaine, Panthenol, Sodium PCA, Polyquaternium-10, Salicylic Acid, Lactic Acid, Glycolic Acid, Malic Acid, Trichloroacetic Acid, Propylene Glycol, Menthol, Aqua",Marc medical Peppermint Peel,https://inkeedecoder.com/products/marc-medical-peppermint-peel
comedo,"Organic Aloe Barbadensis Leaf Extract (Aloe), Niacinamide 10.0%, Propanediol, Glycerin, 1,2-Hexanediol, Zinc Pca 1.0%, Sodium Hyaluronate, Allantoin, Dipotassium Glycyrrhizate, Organic Hamamelis Virginiana (Witch Hazel) Leaf Extract, Organic Rosmarinus Officinalis (Rosemary) Extract, Organic Eucalyptus Globulus (Eucalyptus) Leaf Extract, Organic Thymus Vulgaris (Thyme) Extract, Organic Aspalathus Linearis (Rooibos) Extract","1.0% | Niacinamide 10 Serum
        

            Cos De BAHA",https://inkeedecoder.com/products/cos-de-baha-niacinamide-10-serum
comedo,"Aqua (Water), Niacinamide 10.0%, Pentylene Glycol, Zinc Pca 1.0%, Dimethyl Isosorbide, Tamarindus Indica Seed Gum, Xanthan Gum, Isoceteth-20, Ethoxydiglycol, Phenoxyethanol, Chlorphenesin","1.0% | Niacinamide 10% + Zinc 1%
        

            The Ordinary",https://inkeedecoder.com/products/the-ordinary-niacinamide-10-zinc-1-serum1
