problem,ingredient,product name,product link
dark spots,"Avobenzone 3.0%, Octinoxate 7.5%, Octisalate 5.0%, Aqua/​Water/​Eau, Acetyl Glucosamine 8.0%, Butyloctyl Salicylate, Dimethicone, C12-15 Alkyl Benzoate, Glycerin, Cyclopentasiloxane, Glyceryl Stearate, Butylene Glycol, Cyclohexasiloxane, Octyldodecyl Neopentanoate, Cetyl Alcohol, PEG-100 Stearate, Cetearyl Alcohol, Tocopheryl Acetate, Vitis Vinifera (Grape) Seed Extract 1.0%, Tetrahydrodiferuloylmethane 0.25%, 4-Butylresorcinol 0.3%, Ceteth-20, PEG-75 Stearate, Propylene Glycol, Disodium EDTA, Steareth-20, Xanthan Gum, Ammonium Hydroxide, Sodium Bisulfite, Carbomer, Caprylyl Glycol, Phenoxyethanol, Chlorphenesin","0.3% | Enlighten Skin Brightener Spf35
        

            Neostrata",https://inkeedecoder.com/products/neostrata-enlighten-skin-brightener-spf35
dark spots,"Avobenzone 3.0%, Octinoxate 7.5%, Octisalate 5.0%, Aqua/​Water/​Eau, Acetyl Glucosamine 8.0%, Butyloctyl Salicylate, Dimethicone, C12-15 Alkyl Benzoate, Glycerin, Cyclopentasiloxane, Glyceryl Stearate, Butylene Glycol, Cyclohexasiloxane, Octyldodecyl Neopentanoate, Cetyl Alcohol, PEG-100 Stearate, Cetearyl Alcohol, Tocopheryl Acetate, Vitis Vinifera (Grape) Seed Extract 1.0%, Tetrahydrodiferuloylmethane 0.25%, 4-Butylresorcinol 0.3%, Ceteth-20, PEG-75 Stearate, Propylene Glycol, Disodium EDTA, Steareth-20, Xanthan Gum, Ammonium Hydroxide, Sodium Bisulfite, Carbomer, Caprylyl Glycol, Phenoxyethanol, Chlorphenesin","8.0% | Enlighten Skin Brightener Spf35
        

            Neostrata",https://inkeedecoder.com/products/neostrata-enlighten-skin-brightener-spf35
dark spots,"Water, Niacinamide 5.0%, Arbutin 2.0%, Acetyl Glucosamine 2.0%, Bis-Ethoxydiglycol Cyclohexane 1,4-Dicarboxylate 1.0%, Pentylene Glycol, Butylene Glycol, Sophora Flavescens Root Extract**, Glycyrrhiza Inflata Root Extract**, Scutellaria Baicalensis Root Extract**, Dimethicone, Sodium Polyacrylate, C18-21 Alkane, Trideceth-6, 1,2-Hexanediol, Hydroxyacetophenone, Chlorphenesin","2.0% | Lab. Restoring Brightening Serum
        

            Purid",https://inkeedecoder.com/products/purid-lab-restoring-brightening-serum
dark spots,"Water, Butylene Glycol, Propanediol, Glycerin, Alpha-Arbutin 2.0%, Dicaprylyl Carbonate, Caprylic/​Capric Triglyceride, Leuconostoc/​Radish Root Ferment Filtrate, Hyaluronic Acid, Phenoxyethanol, Hydroxyethyl Acrylate/​Sodium Acryloyldimethyl Taurate Copolymer, Caprylyl Glycol, Squalane 0.5%, Phospholipids, Glycine Soja (Soybean) Extract, Carbomer, Polysorbate 60, Disodium EDTA, Sodium Hydroxide, Glycolipids, Glycine Soja (Soybean) Sterols, Tetrapeptide -30","2.0% | Alpha Arbutin Brightening Serum
        

            The Inkey List",https://inkeedecoder.com/products/inkey-list-alpha-arbutin
dark spots,"Propanediol, Ascorbic Acid 8.0%, Alpha-Arbutin 2.0%","2.0% | Ascorbic Acid 8% + Alpha Arbutin 2%
        

            The Ordinary",https://inkeedecoder.com/products/the-ordinary-ascorbic-acid-8-alpha-arbutin-2
dark spots,"Water, Azelaic Acid 20.0%, Ascorbic Acid, Tocopherol, Collagen, Ubiquinone, Carbomer, Squalane, Centella Asiatica Extract, Curcuma Longa Root Extract, Glycolic Acid, Sodium Hydroxide, EDTA, Potassium Sorbate","20.0% | Azelaic Acid
        

            Derma Forte",https://inkeedecoder.com/products/derma-forte-azelaic-acid
dark spots,"Aqua, Propylene Glycol, Azelaic Acid 15.0%, Tetrahydroxypropyl Ethylenediamine, Potassium Azeloyl Diglycinate 5.0%, Polyacrylate Crosspolymer-6, Salicylic Acid 2.0%, Lactobionic Acid, Bisabolol, Gluconolactone, Arginine, Quaternium-73, Dipotassium Glycyrrhizate, 1,2-Hexanediol, Isopentyldiol, O- Cymen-5-Ol, Hydroxyacetophenone","15.0% | Azelaic Acid Control Facial Acne Gel
        

            Aisuanis",https://inkeedecoder.com/products/aisuanis-empowerment-azelaic-acid-control-facial-acne-gel
dark spots,"Aqua, Dipropylene Glycol, Cyclopentasiloxane, Azelaic Acid 10.0%, Lauryl PEG-9 Polydimethylsiloxyethyl Dimethicone, Dimethicone, Phenyl Trimethicone, Polyglyceryl-4 Isostearate, Sodium Hydroxide, Squalane, Salicylic Acid 1.0%, Mandelic Acid, Potassium Azeloyl Diglycinate, Panthenol, Niacinamide, Stephania Tetrandra Extract, Beta-Sitosterol, Arginine, Tremella Fuciformis (Mushroom) Extract, Butylene Glycol, Sodium Hyaluronate, Magnesium Stearate, Hydroxyacetophenone, 1,2-Hexanediol, Quaternium-73, Pentylene Glycol, Hydroxyphenyl Propamidobenzoic Acid","10.0% | Empowerment Azelaic Acid Sebamed Clear Face Facial Cream
        

            Aisuanis",https://inkeedecoder.com/products/aisuanis-empowerment-azelaic-acid-sebamed-clear-face-facial-cream
dark spots,"Aqua (Water), Propylene Glycol, Azelaic Acid 10.0%, Caprylic/​Capric Triglyceride, Stearyl Alcohol, Betaine, Glycerin, Ceteareth-20, Allantoin, Polyacrylate Crosspolymer-6, Disodium EDTA, Methylparaben","10.0% | Professional 10% Azelaic Acid Face Serum
        

            Bielenda",https://inkeedecoder.com/products/bielenda-professional-10-azaleic-acid-face-serum
dark spots,"Aloe Barbadensis Leaf Extract, Propylene Glycol, Azelaic Acid 10.0%, Polysorbate 20, 1,2-Hexanediol, Propanediol, Panthenol, Niacinamide, Sodium Hyaluronate 0.2%, Hamamelis Virginiana (Witch Hazel) Leaf Extract, Rosmarinus Officinalis (Rosemary) Extract, Eucalyptus Globulus Leaf Extract, Thymus Vulgaris (Thyme) Extract, Aspalathus Linearis Extract","10.0% | Azelaic Acid 10% Serum
        

            Cos De BAHA",https://inkeedecoder.com/products/cos-de-baha-azelaic-acid-10-serum
dark spots,"Aqua (Water), Azelaic Acid 10.0%, Caprylic/​Capric Triglyceride, Niacinamide 5.0%, Dicaprylyl Carbonate, Ascorbyl Glucoside 2.0%, Cetearyl Alcohol, Glycerin, Glyceryl Stearate SE, Cetearyl Olivate, Bakuchiol 1.0%, Sorbitan Olivate, Benzyl Alcohol, Xanthan Gum, Phenoxyethanol, Sodium Hydroxide, Disodium EDTA, Dehydroacetic Acid","10.0% | Flawless Brightly Serum
        

            Dr Sam Bunting",https://inkeedecoder.com/products/dr-sam-bunting-flawless-brightly-serum
dark spots,"Aqua (Water), Isodecyl Neopentanoate, Dimethicone, Azelaic Acid 10.0%, Dimethicone/​Bis-Isobutyl PPG-20 Crosspolymer, Dimethyl Isosorbide, Hydroxyethyl Acrylate/​Sodium Acryloyldimethyl Taurate Copolymer, Polysilicone-11, Isohexadecane, Tocopherol, Trisodium Ethylenediamine Disuccinate, Isoceteth-20, Polysorbate 60, Triethanolamine, Ethoxydiglycol, Phenoxyethanol, Chlorphenesin","10.0% | Azelaic Acid Suspension 10%
        

            The Ordinary",https://inkeedecoder.com/products/the-ordinary-azelaic-acid-suspension-10
dark spots,"Aqua (Water), Propylene Glycol, Ammonium Polyacryloyldimethyl Taurate, Azelaic Acid 5.0%, Squalane 5.0%, Salicylic Acid 2.0%, Glyceryl Stearate, Disodium EDTA, PEG-100 Stearate, Sodium Hydroxide, Bakuchiol 0.5%","5.0% | Flawless Neutralising Gel
        

            Dr. Sam Bunting Skincare",https://inkeedecoder.com/products/dr-sam-bunting-skincare-flawless-neutralising-gel
dark spots,"Aqua (Water/​Eau), Butylene Glycol, Niacinamide 10.0%, Azelaic Acid 5.0%, Dicaprylyl Carbonate, Glycerin, Ethoxydiglycol, Cetearyl Alcohol, Dimethyl Isosorbide, Bakuchiol 1.0%, Tapioca Starch, Benzyl Alcohol, Allantoin, Sodium Stearoyl Glutamate, Xanthan Gum, Phenoxyethanol, Hydroxypinacolone Retinoate 0.2%, Disodium EDTA, Dehydroacetic Acid, Polymethylsilsesquioxane","5.0% | Flawless Nightly Serum
        

            Dr. Sam Bunting Skincare",https://inkeedecoder.com/products/dr-sam-bunting-skincare-flawless-nightly-serum
dark spots,"Aqua (Water), Azelaic Acid 10.0%, Caprylic/​Capric Triglyceride, Niacinamide 5.0%, Dicaprylyl Carbonate, Ascorbyl Glucoside 2.0%, Cetearyl Alcohol, Glycerin, Glyceryl Stearate SE, Cetearyl Olivate, Bakuchiol 1.0%, Sorbitan Olivate, Benzyl Alcohol, Xanthan Gum, Phenoxyethanol, Sodium Hydroxide, Disodium EDTA, Dehydroacetic Acid","1.0% | Flawless Brightly Serum
        

            Dr Sam Bunting",https://inkeedecoder.com/products/dr-sam-bunting-flawless-brightly-serum
dark spots,"Aqua (Water/​Eau), Butylene Glycol, Niacinamide 10.0%, Azelaic Acid 5.0%, Dicaprylyl Carbonate, Glycerin, Ethoxydiglycol, Cetearyl Alcohol, Dimethyl Isosorbide, Bakuchiol 1.0%, Tapioca Starch, Benzyl Alcohol, Allantoin, Sodium Stearoyl Glutamate, Xanthan Gum, Phenoxyethanol, Hydroxypinacolone Retinoate 0.2%, Disodium EDTA, Dehydroacetic Acid, Polymethylsilsesquioxane","1.0% | Flawless Nightly Serum
        

            Dr. Sam Bunting Skincare",https://inkeedecoder.com/products/dr-sam-bunting-skincare-flawless-nightly-serum
dark spots,"Aqua (Water, Eau), Propanediol, Isopropyl Myristate, Caprylic/​Capric Triglyceride, Vitis Vinifera Seed Oil, Bakuchiol 1.0%, Phenoxyethanol, Polyacrylamide, Xanthan Gum, C13-14 Isoparaffin, Titanium Dioxide, Laureth-7, Ethylhexylglycerin, Ci 17200 (Red 33), Ci 42090 (Blue 1)","1.0% | 1% Bakuchiol Serum
        

            Revolution Skincare",https://inkeedecoder.com/products/revolution-skincare-1-bakuchiol-serum
dark spots,"Aqua (Water), Propylene Glycol, Ammonium Polyacryloyldimethyl Taurate, Azelaic Acid 5.0%, Squalane 5.0%, Salicylic Acid 2.0%, Glyceryl Stearate, Disodium EDTA, PEG-100 Stearate, Sodium Hydroxide, Bakuchiol 0.5%","0.5% | Flawless Neutralising Gel
        

            Dr. Sam Bunting Skincare",https://inkeedecoder.com/products/dr-sam-bunting-skincare-flawless-neutralising-gel
dark spots,"Water/​Aqua/​Eau, Dimethicone, Caprylic/​Capric Triglyceride, Isononyl Isononanoate, Cysteamine, Hci, Niacinamide, C12-16 Alcohols, Lecithin, Tetrahexyldecyl Ascorbate, Cetearyl Alcohol, Glycerin, Heparan Sulfate, Polysilicone-11, Tocopheryl Acetate, Hydrogenated Lecithin, Palmitic Acid, Hydroxyacetophenone, Diethylhexyl Syringylidenemalonate, Polyacrylate-13, Butylene Glycol, Epilobium Angustifolium Flower/​Leaf/​Stem Extract, Mannitol, Ergothioneine, Sclerotium Gum, Lysolecithin, Polyisobutene, Decyl Glucoside, Pullulan, Aminomethyl Propanol, Xanthan Gum, Sodium Stearoyl Glutamate, Fragrance, Polysorbate 20, Propanediol, Ethylhexylglycerin, Phenoxyethanol, Disodium EDTA",SENTÉ Cysteamine Hsa Pigment & Tone Corrector,https://inkeedecoder.com/products/sente-cysteamine-hsa-pigment-tone-corrector
dark spots,"Niacinamide, Sodium Hyaluronate Crosspolymer, Ellagic Acid, Aquaxyl, Xylitylglucoside, Anhydroxylitol, Xylitol, Aqua, Sodium Gluconate, Glycerin, Xanthan Gum, Cetearyl Olivate, Sorbitan Olivate, Sodium Hydroxide, Phenoxyethanol, Perfume",DermDoc Niacinamide And Sodium Hyaluronate Serum,https://inkeedecoder.com/products/dermdoc-niacinamide-and-sodium-hyaluronate-serum
dark spots,"Water (Aqua), Hyaluronic Acid, Proline, Glycine, Ellagic Acid, Phenoxyethanol",Cellex-C Skin Hydration Complex,https://inkeedecoder.com/products/cellex-c-skin-hydration-complex
dark spots,"Water, Sebacic Acid, Acetyl Glucosamine, Cinnamic Acid, Ellagic Acid, Ferulic Acid, Tranexamic Acid, Turmeric (Curcuma Longa) Extract, Acetic Acid, Histidine, Ceteareth-20, Cetyl Palmitate, Octyldecanol, Decyl Oleate, Phytic Acid, Ascorbyl Methylsilanol Pectinate, Camellia Sinensis Extract, Acrylates/​C10-30 Alkyl Acrylate Crosspolymer, Triethanolamine, Thiotaurine, Phenoxyethanol, Ethylhexylglycerin, Glyceryl Stearate, PEG-100 Stearate",Dermalosophy Pigmento New Skin,https://inkeedecoder.com/products/dermalosophy-pigmento-new-skin
dark spots,"Aqua (Water), Propanediol, Glycerin, Niacinamide, Ellagic Acid, Hydrogenated Phosphatidylcholine, Retinol, Ethylhexylglycerin, Sodium Phytate, Phosphatidylcholine, Mannitol, Lecithin, Cholesterol, BHA, Xanthan Gum, Sodium Acrylates Copolymer, Decyl Glucoside, BHT, Sodium Chloride, Citric Acid, Sodium Benzoate, Potassium Sorbate, Phenoxyethanol",Transparent lab Gentle Rejuvenation Serum,https://inkeedecoder.com/products/transparent-lab-gentle-rejuvenation-serum
dark spots,"Aqua (Water), Propanediol, Glycerin, Ascorbyl Glucoside, Ellagic Acid, Hyaluronic Acid, Phosphatidylcholine, Mannitol, Sodium Hyaluronate, Hydrogenated Phosphatidylcholine, Decyl Glucoside, Dehydroxanthan Gum, Sodium Phytate, Cholesterol, Phenoxyethanol, Ethylhexylglycerin, Xanthan Gum, Potassium Sorbate, Sodium Benzoate, Sodium Chloride",Transparent lab Super C Serum,https://inkeedecoder.com/products/transparent-lab-super-c-serum
dark spots,"Aqua (Water), Propanediol, Glycerin, Ascorbyl Glucoside, Hyaluronic Acid, Ellagic Acid, Sodium Hyaluronate, Mannitol, Phosphatidylcholine, Cholesterol, Dehydroxanthan Gum, Hydrogenated Phosphatidylcholine, Decyl Glucoside, Xanthan Gum, Sodium Phytate, Sodium Chloride, Sodium Benzoate, Potassium Sorbate, Ethylhexylglycerin, Phenoxyethanol, Triethanolamine, Tocopherol",Transparent lab Super C Serum: Anti-aging Serum Mit Vitamin C,https://inkeedecoder.com/products/transparent-lab-super-c-serum-anti-aging-serum-mit-vitamin-c
dark spots,"Water, Chlorella Ferment, Tetrahexyldecyl Ascorbate, Aminopropyl Kojyl Phosphate, Tranexamic Acid, Potassium Methoxysalicylate, Ellagic Acid, Dimethicone/​Vinyl Dimethicone Crosspolymer, Citrus Medica Limonum Fruit Extract, Leontopodium Alpinum Extract, Hydroxycinnamic Acid, Taurine, Glycyrrhiza Glabra Root Extract, PEG/​PPG/​Polybutylene Glycol-8/​5/​3 Glycerin, Pullulan, Coix Lacryma-Jobi Ma-Yuen Seed Extract, Inositol, Hydroxyacetophenone, Caprylyl Glycol, Ethylhexylglycerin, Diethylhexyl Syringylidenemalonate, Disodium EDTA, Pelargonium Graveolens Oil",Umoua Polar Lights Extreme Brightening Concentrate Serum,https://inkeedecoder.com/products/umoua-polar-lights-extreme-brightening-concentrate-serum
dark spots,"Demineralized Water, Coco-Glucoside, Decyl Glucoside, CAPB, Glycerine, Salicylic Acid, Glycolic Acid, Ellagic Acid, Xanthan Gum, Punica Granatum Seed Oil (Pomegranate Oil), Propylene Glycol, Glycyrrhiza Glabra, Linden Extract (Licorice Extract), Centella Asiatica Extract, Polysorbate 20, Tea, Citrullus Lanatus (Watermelon) Extract, EDTA, Phenoxyethanol",Conscious Chemist Acne Face Wash,https://inkeedecoder.com/products/concious-chemist-acne-face-wash
dark spots,"Water, Magnesium, Aspartame, Zinc Gluconate, Copper Gluconate, Alcohol Denat, Glycolic Acid, Dimethyl MEA, Ellagic Acid, Tetrahexyldecyl Ascorbate, Tocotrienols, Tocopherol, Pyridoxine Hcl, Phenoxyethanol, Caprylyl Glycol, Sorbic Acid, Fragrance",Derma-ceutix Hydrating Vitamin Mist,https://inkeedecoder.com/products/derma-ceutix-hydrating-vitamin-mist
dark spots,"Aqua (Water), Azelaic Acid, Propylene Glycol, Glyceryl Stearate, Cetearyl Ethylhexanoate, Glycerin, PEG-30 Stearate, Lecithin, Ellagic Acid, Glabridin, Honokiol, Magnolol, Isopropyl Myristate, Isohexadecane, Cetearyl Alcohol, Cetyl Palmitate, Cocoglycerides, Sodium Acrylate/​Sodium Acryloyldimethyl Taurate Copolymer, Polysorbate 80, Cellulose, Hydroxyethylcellulose, Sorbitan Oleate, Ethylhexylglycerin, Benzoic Acid, Benzyl Alcohol, Potassium Sorbate, Sodium Benzoate, Dehydroacetic Acid",PHARMACERIS T Azeloacne Azelaic Acid 20% Cream,https://inkeedecoder.com/products/pharmaceris-t-azeloacne-azelaic-acid-20-cream
dark spots,"Galactomyces Ferment Filtrate, Aspergillus Ferment Extract Filtrate, Saccharomyces Ferment Filtrate, Propanediol, Niacinamide, Butylene Glycol, 1,2-Hexanediol, Aloe Barbadensis Leaf Extract, Ellagic Acid, Aronia Melanocarpa Fruit Extract, Polyglutamic Acid, Glycerin, Corallina Officinalis Extract, Sodium Hyaluronate, Morus Alba Root Extract, Allantoin, Ocimum Sanctum Leaf Extract, Ribes Nigrum (Black Currant) Fruit Extract, Rubus Coreanus Fruit Extract, Lycium Chinense Fruit Extract, Curcuma Longa (Turmeric) Root Extract, Glycyrrhiza Uralensis (Licorice) Root Extract, Rubus Fruticosus (Blackberry) Fruit Extract, Rubus Idaeus (Raspberry) Fruit Extract, Betaine, Vaccinium Myrtillus Fruit Extract, Aristotelia Chilensis Fruit Extract, Euterpe Oleracea Fruit Extract, Vaccinium Angustifolium (Blueberry) Fruit Extract, Aloe Barbadensis Flower Extract, Solanum Melongena (Eggplant) Fruit Extract, Gardenia Jasminoides Fruit Extract, Sodium Polyacryloyldimethyl Taurate, Ethylhexylglycerin, Melia Azadirachta Leaf Extract, Melia Azadirachta Flower Extract, Xanthan Gum, Coccinia Indica Fruit Extract, Portulaca Oleracea Extract, Water, Methylpropanediol",Then I Met You The Giving Essence,https://inkeedecoder.com/products/then-i-met-you-the-giving-essence
dark spots,"Galactomyces Ferment Filtrate, Butylene Glycol, Saccharomyces Ferment Lysate Filtrate, Aspergillus Ferment, Propanediol, Niacinamide, 1,2-Hexanediol, Aloe Barbadensis Leaf Extract, Ellagic Acid, Aronia Melanocarpa Fruit Extract, Polyglutamic Acid, Glycerin, Chondrus Crispus Extract, Sodium Hyaluronate, Morus Alba Root Extract, Allantoin, Houttuynia Cordata Extract, Malpighia Punicifolia (Acerola) Fruit Extract, Lycium Chinense Fruit Extract, Curcuma Longa (Turmeric) Root Extract, Glycyrrhiza Glabra (Licorice) Root Extract, Rubus Fruticosus (Blackberry) Fruit Extract, Vaccinium Macrocarpon (Cranberry) Fruit Extract, Betaine, Hippophae Rhamnoides Fruit Extract, Vaccinium Angustifolium (Blueberry) Fruit Extract, Solanum Melongena (Eggplant) Fruit Extract, Jasminum Officinale (Jasmine) Extract, Sodium Polyacryloyldimethyl Taurate, Ethylhexylglycerin, Rosa Canina Fruit Extract, Xanthan Gum, Portulaca Oleracea Extract, Water/​Aqua/​Eau, Sodium Phytate, Methylpropanediol, Cyanocobalamin, Pentylene Glycol, Caprylyl Glycol, Citric Acid, Sodium Citrate",Then I Met You The Giving Essence,https://inkeedecoder.com/products/then-i-met-you-the-giving-essence-3
dark spots,"C13-14 Isoparaffin, Glycyrrhiza Glabra (Licorice) Leaf Extract, Glyceryl Stearate, Diisopropyl Sebacate, Methyl Gluceth-20, Rosa Centifolia Flower Extract, Cetyl Alcohol, Stearic Acid, Acrylates/​C10-30 Alkyl Acrylate Crosspolymer, Ellagic Acid, Octyldodecanol, Ginkgo Biloba Leaf Extract, Xanthan Gum, Water, Sodium Hyaluronate, Glycerin, Propylene Glycol, Salicylic Acid, Palmitic Acid, Mentha Piperita (Peppermint) Leaf Extract, Hydrolyzed Soy Flour, Helianthus Annuus (Sunflower) Seed Extract, Yeast Extract, Tocopherol (Vitamin E), Tetrasodium EDTA, Dimethicone, Laureth-7, PEG-100 Stearate, PPG-5-Ceteth-20, Methylparaben, Ethylparaben, Phenoxyethanol, Polyacrylamide, Linalool, Benzyl Alcohol, Alpha-Isomethyl Ionone, Benzyl Salicylate, Butylphenyl Methylpropional, Fragrance, Hydroxyisohexyl 3-Cyclohexene Carboxaldehyde",Lancôme Bright Expert,https://inkeedecoder.com/products/lancome-bright-expert
dark spots,"Dm Water, 3-O-Ethyl Ascorbic Acid (Vitamin C), Propanediol, Ascorbyl Tetraisopalmitate, Alpha-Arbutin, Sodium Hyaluronate, Lysolecithin, Sclerotium Gum, Pullulan, Ellagic Acid, Orange Tangerine Leaf Oil, Tocopherol, Helianthus Annuus Seed Oil, Glycyrrhiza Glabra (Licorice) Root Extract, Xanthan Gum, Adenosine, Caffeine, Sodium Benzoate, Potassium Sorbate, D-Panthenol, Citrus Aurantium Dulcis (Orange) Fruit Extract, Allantoin, Goji Berry Extract, Sodium Metabisulfite",Tvakh All Bright Vitamin C Serum,https://inkeedecoder.com/products/tvakh-all-bright-vitamin-c-serum
dark spots,"Aqua/​Water, Glycerin, Dimethicone, Alcohol Denat, Isopropyl Lauroyl Sarcosinate, Caprylic/​Capric Triglyceride, PEG-100 Stearate, C13-14 Isoparaffin, Ci 77891/​Titanium Dioxide, Stearic Acid, Ellagic Acid, Titanium Dioxide, Mica, Glyceryl Stearate, Dimethiconol, Silica, Palmitic Acid, Phenylethyl Resorcinol, Phenoxyethanol, Adenosine, Tocopheryl Acetate, Poloxamer 338, Disodium EDTA, Chlorphenesin, Poloxamer 184, Capryloyl Salicylic Acid, Laureth-7, Xanthan Gum, Cetyl Alcohol, Polyacrylamide, Parfum/​Fragrance",Vichy Ideal White Meta Whitening Essence,https://inkeedecoder.com/products/vichy-ideal-white-meta-whitening-essence
dark spots,"Water, Sebacic Acid, Stearic Acid, Stearyl Alcohol, Hydroxycinnamic Acid, Licorice (Glycyrrhiza Glabra) Extract, Glycerin, Gold, Ascorbyl Palmitate, Magnesium Ascorbyl Phosphate, Phytic Acid, Ferulic Acid, Ellagic Acid, Ergothioneine, Niacinamide, Ethoxydiglycol, Sodium Hydroxide, Ethylhexylglycerin, Kojic Acid, Potassium Sorbate, Sodium Benzoate, Retinyl Tallate",Dermalosophy Tri- White Cream,https://inkeedecoder.com/products/dermalosophy-tri-white-cream
dark spots,"Water, Dicaprylyl Carbonate, Niacinamide, Cetyl Alcohol, Propanediol, Isostearyl Alcohol, Jojoba Esters, Retinol, Ferulic Acid, Collagen Amino Acids, Sodium Hyaluronate, Hexylresorcinol, Ellagic Acid, Gallic Acid, Silybum Marianum Ethyl Ester, Tocopherol, Phospholipids, Camellia Sinensis Leaf Extract, Linoleic Acid, Linolenic Acid, Mandelic Acid, Lactic Acid, Sodium Pca, Retinyl Palmitate/​Carrot Polypeptide, Retinyl Palmitate, Glycerin, Evodia Rutaecarpa Fruit Extract, Helianthus Annuus (Sunflower) Seed Wax, Acacia Decurrens Flower Wax, Glycine Soja (Soybean) Oil, Caprylic/​Capric Triglyceride, Polyglycerin-3, Tricaprylin, Acrylates/​Carbamate Copolymer, Butylene Glycol, Bht, Butylene Glycol Cocoate, Acrylates/​C10-30 Alkyl Acrylate Crosspolymer, Polymethyl Methacrylate, Xanthan Gum, Ethylcellulose, Disodium Edta, Sodium Hydroxide, Citrus Aurantium Bergamia (Bergamot) Fruit Extract, Citrus Limon (Lemon) Peel Extract, Lavandula Angustifolia (Lavender) Flower/​Leaf/​Stem Extract, Octoxynol-9, Phenoxyethanol",Dr Dennis Gross Ferulic + Retinol Wrinkle Recovery Overnight Serum,https://inkeedecoder.com/products/dr-dennis-gross-ferulic-retinol-wrinkle-recovery-overnight-serum
dark spots,"Water, Sebacic Acid, Stearic Acid, Stearyl Alcohol, Hydroxycinnamic Acid, Glycyrrhiza Glabra (Licorice) Root Extract, Glycerin, Gold, Ascorbyl Palmitate, Magnesium Ascorbyl Phosphate, Phytic Acid, Ferulic Acid, Ellagic Acid, Ergothioneine, Niacinamide, Ethoxydiglycol, Sodium Hydroxide, Ethylhexylglycerin, Kojic Acid, Cera Alba, Euterpe Oleracea Fruit Extract, Alkanna Tinctoria Root Extract, Curcuma Longa, Tomato (Solanum Lycopersicum) Extract, Phyllostachys Bambusoides Rhizome Extract, Mauritia Flexuosa Fruit Oil, Gardenia Jasminoides Leaf Cell Extract, Punica Granatum (Pomegranate) Fruit Extract, Pterocarpus Santalinus, Crocus Sativus Flower Extract, Sambucus Nigra Flower Extract, Potassium Sorbate, Sodium Benzoate, Retinyl Tallate",KEREN BARTOV New White Skin,https://inkeedecoder.com/products/keren-bartov-new-white-skin
dark spots,"Aqua/​Water, Glycerin, Niacinamide, Alcohol, Dipropylene Glycol, Dimethicone, Butylene Glycol, PEG-8, PEG/​PPG/​Polybutylene Glycol-8/​5/​3 Glycerin, Zea Mays Starch /​ Corn Starch, Ci 16035/​Red 40, Linalool, Ellagic Acid, Carbomer, Glycolic Acid, Dimethiconol, Sodium Hydroxide, Sodium Citrate, Sodium Hyaluronate, Sodium Benzoate, Phenoxyethanol, Mannitol, Phenylethyl Resorcinol, Ammonium Polyacryloyldimethyl Taurate, Ascorbyl Glucoside, Tocopheryl Acetate, Limonene, Paeonia Suffruticosa Root Extract, Caprylyl Glycol, Microcrystalline Cellulose, Capryloyl Salicylic Acid, Tetrasodium EDTA, Hydrolyzed Lupine Protein, Hexyl Cinnamal, Benzyl Alcohol, Parfum/​Fragrance",L'Oreal Glycolic Bright Glowing Cream Night,https://inkeedecoder.com/products/loreal-glycolic-bright-glowing-cream-night
dark spots,"Aqua /​ Water /​ Eau, Cyclohexasiloxane, Dimethicone, Glycerin, Alcohol Denat, Butylene Glycol, Polysilicone-11, Pentaerythrityl Tetraethylhexanoate, Ptfe, Methylsilanol/​Silicate Crosspolymer, Hydroxyphenoxy Propionic Acid, Ammonium Polyacryldimethyltauramide /​ Ammonium Polyacryloyldimethyl Taurate, Ellagic Acid, Phenoxyethanol, Inulin Lauryl Carbamate, Pentylene Glycol, Ammonium Acryloyldimethyltaurate /​ Steareth-8 Methacrylate Copolymer, Dimethiconol, Ci 77891 /​ Titanium Dioxide, Salicylic Acid, Chlorphenesin, Faex Extract /​ Yeast Extract /​ Extrait De Levure, Sodium Hydroxide, Xanthan Gum, Mica, Disodium Edta, Ppg-5-Ceteth-20, Citric Acid",SkinCeuticals Advanced Pigment Corrector,https://inkeedecoder.com/products/skinceuticals-advanced-pigment-corrector
dark spots,"Water/​Aqua/​Eau, Isododecane, Cetearyl Alcohol, Dimethicone, Butylene Glycol, Adipic Acid/​Neopentyl Glycol Crosspolymer, Lauryl Dimethicone, Potassium Cetyl Phosphate, Polymethyl Methacrylate, Sodium Acrylate/​Sodium Acryloyldimethyl Taurate Copolymer, Collagen Amino Acids, Ferulic Acid, Gallic Acid, Ellagic Acid, Arnica Montana Flower Extract, Centella Asiatica Extract, Retinol, Aminobutyric Acid, Caffeine, Euphrasia Officinalis Extract, Sphingolipids, Phospholipids, Rosa Moschata Seed Oil, Salvia Hispanica Seed Oil, Oenothera Biennis (Evening Primrose) Oil, Limnanthes Alba (Meadowfoam) Seed Oil, Tetrapeptide-21, Glycine Soja (Soybean) Oil, Algae Extract, Sodium PCA, Sodium Hyaluronate, Saccharide Isomerate, Salix Alba (Willow) Bark Extract, Tocopherol, Cucumis Sativus (Cucumber) Fruit Extract, Helianthus Annuus (Sunflower) Seed Oil, Glycolic Acid, Lactic Acid, Acrylates/​Carbamate Copolymer, Glycerin, Tremella Fuciformis (Mushroom) Extract, Gluconolactone, Bis-Vinyl Dimethicone/​Dimethicone Copolymer, Tetrahydropiperine, Hexylene Glycol, Caprylyl Glycol, Hydrogenated Polyisobutene, Isohexadecane, Polysorbate 80, Citric Acid, Cyclodextrin, Sodium Citrate, Tetrasodium EDTA, Glyceryl Behenate, BHT, Ceteareth-20, Glyceryl Stearate SE, Propanediol, Sorbitan Oleate, Leuconostoc/​Radish Root Ferment Filtrate, Calcium Gluconate, Ascorbyl Palmitate, Phenoxyethanol, Potassium Sorbate, Sodium Benzoate, Mica, Annatto (Ci 75120)",Dr Dennis Gross Skincare Ferulic And Retinol Eye Cream,https://inkeedecoder.com/products/dr-dennis-gross-ferulic-retinol-eye-cream
dark spots,"Water, Glycyrrhiza Glabra Root Water, Glycerin, Tetrahexyldecyl Ascorbate, 3-O-Ethyl Ascorbic Acid, Potassium Azeloyl Diglycinate, Scutellaria Baicalensis Root Extract, Punica Granatum Seed Cell Culture Lysate, Polymethylsilsesquioxane, Niacinamide, Diglucosyl Gallic Acid, Alpha-Arbutin, Pterostilbene, Ellagic Acid, Tranexamic Acid, Hydrogenated Polyisobutene, Acetyl Glycyl Beta-Alanine, Tetrapeptide-30, Oligopeptide-68, Hydroxyphenoxy Propionic Acid, Glutathione, Glycyrrhiza Glabra (Licorice) Root Extract, Rubus Idaeus (Raspberry) Fruit Extract, Silybum Marianum Extract, Brassica Rapa Root Extract, Morus Alba (White Mulberry) Root Extract, N-Acetyl Glucosamine, Allantoin, Tocopherol Acetate, Maltodextrin, Glyceryl Stearate, Hydrogenated Lecithin, Xanthan Gum, Butylene Glycol, Caprylyl Glycol, Hydroxyacetophenone, 1, 2-Hexanediol, Disodium EDTA, Squalane, Hydrogenated Poly(C6-14 Olefin), Sodium Oleate, Ferulic Acid, 4-Butylresorcinol, Hydroxyphenyl Propamidobenzoic Acid, Sodium Benzoate",SKINMADE Infinitebright 15% Vitamin C + Bio Stemcell Super Brightening Serum,https://inkeedecoder.com/products/skinmade-infinitebright-15-vitamin-c-bio-stemcell-super-brightening-serum
dark spots,"Water, Glycerin, Butylene Glycol, Pentylene Glycol, Jojoba Oil/​Macadamia Seed Oil Esters, Sodium Aspartate, Sodium Acetylated Hyaluronate, Alanine, Allantoin, Arginine, Isobutyl Isostearate, Isoleucine, Disodium Inosinate, Ellagic Acid, Olea Europaea (Olive) Fruit Oil, Carbomer, Disodium Guanylate, Glycosyl Trehalose, Glycine, Glyceryl Glucoside, Dipotassium Glycyrrhizate, Glutamic Acid, Cocoyl Adipic Acid/​Trimethylolpropane Copolymer, Prunus Lannesiana Flower Extract, Butyrospermum Parkii (Shea) Butter, Diglycerin, Squalane, Squalene, Salvia Officinalis (Sage) Leaf Extract, Ceramide AP, Ceramide NG, Ceramide NP, Serine, Phytosteryl/​Isostearyl/​Cetyl/​Stearyl/​Behenyl Dimer Dilinoleate, Taurine, Tyrosine, Triisostearin, Threonine, Valine, Sodium Hyaluronate Crosspolymer, Histidine Hcl, Phytosterols, Phenylalanine, Phenoxyethanol, Proline, Simmondsia Chinensis (Jojoba) Seed Oil, Phytosteryl Macadamiate, Oenothera Biennis (Evening Primrose) Seed Extract, Citrus Junos Fruit Extract, Lysine Hcl, Leucine, Hydrolyzed Collagen, Hydrolyzed Hyaluronic Acid, Hydrolyzed Royal Jelly Extract, Hydrogenated Starch Hydrolysate, Oryza Sativa (Rice) Lees Extract, Hydrogenated Lecithin",Tenei Teinei Deep Hydrating Cream,https://inkeedecoder.com/products/tenei-teinei-deep-hydrating-cream
dark spots,"Distilled Water (Aqua), Phospholipids, Magnesium Ascorbyl Phosphate, Butylene Glycol, Camellia Sinensis, Epigallocatechin Gallate (Egcg), Ecklonia Cava, Lentinus Edodes, Sodium PCA, L-Arginine, Beta-Glucan, Fucoidan, Tocotrienols, Tocopheryl Acetate, Ellagic Acid, Hydrolyzed Conchiolin Protein, Sodium Citrate, Tourmaline, Tetrasodium EDTA, Phenoxyethanol, Caprylyl Glycol, Sorbic Acid, PEG-8/​Smdi Copolymer",Quantum Hydrox Collagenc Intensive Vitamin C Serum Complex,https://inkeedecoder.com/products/quantum-hydrox-collagenc-intensive-vitamin-c-serum-complex
dark spots,"Aqua/​Water, Butylene Glycol, Glycerin, Isocetyl Stearate, Hydrogenated Polyisobutene, Dimethicone, Propylene Glycol, Alcohol Denat, Paeonia Suffruticosa Root Extract, Hydrolyzed Prunus Domestica, C13-14 Isoparaffin, PEG-100 Stearate, PPG-5-Ceteth-20, PEG-8 Stearate, Ellagic Acid, Glyceryl Stearate, Glycyrrhiza Glabra Extract/​Licorice Root Extract, Dimethiconol, Sodium Hydroxide, Ginkgo Biloba Leaf Extract, Palmaria Palmata Extract, Disodium EDTA, Hydroxypropyl Tetrahydropyrantriol, Carrageenan, Laureth-7, Xanthan Gum, Lentinus Edodes Extract, Pentylene Glycol, Polyacrylamide, Acrylates/​C10-30 Alkyl Acrylate Crosspolymer, Tocopherol, Methylparaben, Salicylic Acid, Phenoxyethanol, Chlorphenesin, Ci 77891/​Titanium Dioxide, Mica, Linalool, Limonene, Parfum/​Fragrance",Yves Saint Laurent Blanc Pur Couture Brightening Cream,https://inkeedecoder.com/products/yves-saint-laurent-blanc-pur-couture-brightening-cream
dark spots,"Water/​Aqua/​Eau, Dimethicone, Caprylyl Caprylate/​Caprate, Isododecane, Stearyl Dimethicone, Butylene Glycol, Caprylic/​Capric Triglyceride, Cetearyl Alcohol, Potassium Cetyl Phosphate, Methyl Methacrylate Crosspolymer, Sodium Acrylate/​Sodium Acryloyldimethyl Taurate Copolymer, Glyceryl Behenate, Ferulic Acid, Collagen Amino Acids, Gallic Acid, Ellagic Acid, Arnica Montana Flower Extract, Centella Asiatica Extract, Retinol, Glycyrrhiza Glabra (Licorice) Root Extract, Tocopherol, Arctostaphylos Uva-Ursi Leaf Extract, Morus Nigra Leaf Extract, Sodium Hyaluronate, Lactic Acid, Glycolic Acid, Hydrolyzed Soy Protein, Adenosine, Glycine Soja (Soybean) Oil, Saccharide Isomerate, Glycerin, Salix Alba (Willow) Bark Extract, Helianthus Annuus (Sunflower) Seed Oil, Leuconostoc/​Radish Root Ferment Filtrate, Tetrapeptide-21, Isohexadecane, Caprylyl Glycol, Tetrahydropiperine, Ascorbyl Palmitate, Acrylates/​Carbamate Copolymer, Bis-Vinyl Dimethicone/​Dimethicone Copolymer, Dimethicone Crosspolymer-3, Octadecene, Hexylene Glycol, Glyceryl Stearate SE, Polysorbate 80, Citric Acid, Tetrasodium EDTA, Sodium Citrate, Citrus Aurantium Bergamia (Bergamot) Fruit Extract, Citrus Limon (Lemon) Peel Extract, Lavandula Angustifolia (Lavender) Flower/​Leaf/​Stem Extract, Phenoxyethanol, Potassium Sorbate, Sodium Benzoate, Annatto (Ci 75120)",Dr Dennis Gross Ferulic And Retinol Anti-Aging Moisturizer,https://inkeedecoder.com/products/dr-dennis-gross-ferulic-and-retinol-anti-aging-moisturizer
dark spots,"Aqua/​Water, Glycerin, Propylene Glycol, Diisopropyl Sebacate, Methyl Gluceth-20, Dimethicone, Octyldodecanol, Rhamnose, Tamarindus Indica Seed Polysaccharide, Myrothamnus Flabellifolia Leaf Extract, Hydrolyzed Soy Flour, Tin Oxide, C13-14 Isoparaffin, PEG-100 Stearate, Stearic Acid, Ellagic Acid, Titanium Dioxide, Glucose, Glyceryl Stearate, Glycine Soja Oil /​ Soybean Oil, Glycyrrhiza Glabra Extract/​Licorice Root Extract, Cereus Grandiflorus Flower Extract/​Cactus Flower Extract, Trehalose, Sodium Hydroxide, Myristic Acid, Palmitic Acid, Aluminum Hydroxide, Adenosine, Phenylethyl Resorcinol, Poloxamer 338, Ammonium Polyacryloyldimethyl Taurate, Boron Nitride, Disodium Phosphate, Hydroxypropyl Tetrahydropyrantriol, Capryloyl Salicylic Acid, Tetrasodium EDTA, Citric Acid, Laureth-7, Lactic Acid, Xanthan Gum, Pentylene Glycol, Polyacrylamide, Acrylates/​C10-30 Alkyl Acrylate Crosspolymer, Cetyl Alcohol, Butylene Glycol, BHT, Tocopherol, Pentaerythrityl Tetra-Di-T-Butyl Hydroxyhydrocinnamate, Potassium Sorbate, Sodium Benzoate, Phenoxyethanol, Ci 77891/​Titanium Dioxide, Mica, Linalool, Limonene, Citral, Citronellol, Benzyl Alcohol, Benzyl Salicylate, Parfum/​Fragrance",Helena Rubinstein Re-Plasty Laserist,https://inkeedecoder.com/products/helena-rubinstein-re-plasty-laserist
dark spots,"Aqua/​Water, Propylene Glycol, Glycerin, Diisopropyl Sebacate, Methyl Gluceth-20, Dimethicone, Ascorbyl Glucoside, Octyldodecanol, Hydrolyzed Soy Flour, Mentha Piperita Extract/​Peppermint Extract, C13-14 Isoparaffin, PEG-100 Stearate, PPG-5-Ceteth-20, Stearic Acid, Stearyl Alcohol, Ellagic Acid, Rosa Centifolia Extract, Rosa Centifolia Flower Extract, Potassium Hydroxide, Glyceryl Stearate, Glycine Soja Oil /​ Soybean Oil, Sodium Citrate, Myristic Acid, Myristyl Alcohol, Palmaria Palmata Extract, Palmitic Acid, Leontopodium Alpinum Extract, Alcohol, Caprylyl Glycol, Tetrasodium EDTA, Citric Acid, Laureth-7, Xanthan Gum, Gentiana Lutea Root Extract, Pentylene Glycol, Faex Extract/​Yeast Extract, Polyacrylamide, Acrylates/​C10-30 Alkyl Acrylate Crosspolymer, Cetyl Alcohol, Tocopherol, Potassium Sorbate, Sodium Benzoate, Salicylic Acid, Phenoxyethanol, Linalool, Alpha-Isomethyl Ionone, Benzyl Alcohol, Benzyl Salicylate, Parfum/​Fragrance",Lancôme Blanc Expert Melanolyser [AI]™ Intense Whitening Spot Eraser,https://inkeedecoder.com/products/lancome-blanc-expert-melanolyser-ai-tm-intense-whitening-spot-eraser
dark spots,"Bifida Ferment Filtrate, Aqua, 3-0-Ethyl Ascorbic Acid, Rosa Damascena Flower Water, Glycerin, Propylene Glycol, Inositol, 1,2-Hexanediol, Hydroxyacetophenone, Rosa Rugosa Flower Extract, Honey Extract, Carbomer, Arginine, Butylene Glycol, Camellia Sinensis Extract, Ellagic Acid, Tocopheryl Acetate, Tremella Fuciformis Polysaccharide, Allantoin, Cladosiphon Novae-Caledoniae Extract, Lactobacillus Ferment, Phenoxyethanol, Sodium Hyaluronate, Hydrolyzed Soybean Extract, PEG-40 Hydrogenated Castor Oil, Disodium EDTA, Sodium Polyglutamate, Ci 77891, Ci. 77019, Pentylene Glycol, Calcium Alginate, Calcium Carboxymethyl Cellulose, Caviar Extract, Glutathione, Ci 77491, Parfum, Sodium Dna",Louisse Choice Rose Caviar Golden Micro Essence Lotion,https://inkeedecoder.com/products/louisse-choice-rose-caviar-golden-micro-essence-lotion
dark spots,"Aqua (Water), Polysorbate 20, Glycerin, Potassium Azeloyl Diglycinate, Alpha-Glucan Oligosaccharide, Dimethyl Isosorbide, Lycium Barbarum Fruit Extract, Punica Granatum Extract, Centella Asiatica Leaf Extract, Glycyrrhiza Glabra Root Extract, Camellia Sinensis (Green Tea) Leaf Extract, Ectoin, Ribose, Laminaria Digitata Extract, Chlorella Vulgaris Extract, Polymnia Sonchifolia Root Juice, Ellagic Acid, Ubiquinone, Lactobacillus, Inulin, Lecithin, Bisabolol, Panthenol, Hyaluronic Acid, Acetyl Glucosamine, Asiaticoside, Astaxanthin, Ergothioneine, Glutathione, Tocopherol, Tocopheryl Acetate, Heptyl Undecylenate, Sodium Mannose Phosphate, Mannose, Lysine, Proline, Copper Sulfate, Disodium Adenosine Triphosphate, Saccharide Isomerate, Sea Water, C13-15 Alkane, 1,2-Hexanediol, Caprylyl Glycol, Propanediol, Maltodextrin, Xanthan Gum, Sodium Gluconate, Sclerotium Gum, Tropolone, Ethylhexylglycerin, Citric Acid, Sodium Hydroxide, Hexylene Glycol, Lactic Acid, Potassium Sorbate, Phenoxyethanol",Allies of Skin Founder's Essence 56 Ellagic & P.a.d. Light Reflecting Fluid,https://inkeedecoder.com/products/allies-of-skin-founders-essence-56-ellagic-p-a-d-light-reflecting-fluid
dark spots,"Aqua/​Water, Propylene Glycol, Glycerin, Diisopropyl Sebacate, Methyl Gluceth-20, Dimethicone, Ascorbyl Glucoside, Octyldodecanol, Cetyl Alcohol, PEG-100 Stearate, Glyceryl Stearate, Fagus Sylvatica Bud Extract, Stearic Acid, Potassium Hydroxide, Palmitic Acid, Phenoxyethanol, Ellagic Acid, Polyacrylamide, Caprylyl Glycol, Salicylic Acid, Acrylates/​C10-30 Alkyl Acrylate Crosspolymer, C13-14 Isoparaffin, Xanthan Gum, Sodium Citrate, Alcohol, Palmaria Palmata Extract, Leontopodium Alpinum Flower/​Leaf Extract, Laureth-7, Citric Acid, Glycine Soja Oil /​ Soybean Oil, Tocopherol, Phytic Acid, Pentylene Glycol, Myristic Acid, PPG-5-Ceteth-20, Gentiana Lutea Root Extract, Hydrolyzed Soy Flour, Sodium Benzoate, Faex Extract/​Yeast Extract, Benzoic Acid, Mentha Piperita Extract/​Peppermint Extract, Sorbic Acid, Potassium Sorbate, Rosa Centifolia Extract, Rosa Centifolia Flower Extract, Parfum/​Fragrance",Lancôme Clarifique Intense Whitening Spot Eraser,https://inkeedecoder.com/products/lancome-clarifique-intense-whitening-spot-eraser
dark spots,"Aqua/​Water, Propylene Glycol, Glycerin, Diisopropyl Sebacate, PEG/​PPG/​Polybutylene Glycol-8/​5/​3 Glycerin, Methyl Gluceth-20, Dimethicone, Octyldodecanol, Paeonia Suffruticosa Root Extract, Hydrolyzed Prunus Domestica, Mentha Piperita Extract/​Peppermint Extract, C13-14 Isoparaffin, PEG-100 Stearate, PPG-5-Ceteth-20, Stearic Acid, Stearyl Alcohol, Ellagic Acid, Titanium Dioxide, Glyceryl Stearate, Glycine Soja Oil /​ Soybean Oil, Glycyrrhiza Glabra Extract/​Licorice Root Extract, Sodium Hydroxide, Helianthus Annuus Seed Extract/​Sunflower Seed Extract, Myristic Acid, Myristyl Alcohol, Ginkgo Biloba Leaf Extract, Palmaria Palmata Extract, Palmitic Acid, Aluminum Hydroxide, Chlorella Vulgaris Extract, Boron Nitride, Hydroxypropyl Tetrahydropyrantriol, Caprylyl Glycol, Carrageenan, Tetrasodium EDTA, Laureth-7, Xanthan Gum, Menthoxypropanediol, Pentylene Glycol, Faex Extract/​Yeast Extract, Ethylhexylglycerin, Polyacrylamide, Acrylates/​C10-30 Alkyl Acrylate Crosspolymer, Cetyl Alcohol, Butylene Glycol, Tocopherol, Salicylic Acid, Phenoxyethanol",Yves Saint Laurent Blanc Pur Couture Dark Spot Corrector,https://inkeedecoder.com/products/yves-saint-laurent-blanc-pur-couture-dark-spot-corrector
dark spots,"Water, Butylene Glycol, Caprylic/​Capric Triglyceride, Glycerin, Niacinamide, Ethylhexyl Palmitate, Elaeis Guineensis (Palm) Kernel Oil, Elaeis Guineensis (Palm) Oil, Dimethicone, Cetearyl Alcohol, Cetearyl Glucoside, Alpha-Arbutin, Glycereth-26, PEG-100 Stearate, Glyceryl Stearate, ""Dimethyl Isosorbide"", Ellagic Acid, ""Butylene Glycol"", ""1,2- Hexanediol"", ""Ethylhexylglycerin"", Panthenol, 3-O-Ethyl Ascorbic Acid, Saccharide Isomerate, Lactobionic Acid, Trehalose, Opunta Dillenii Extract, Avena Sativa (Oat) Bran Extract, Ophiopogon Japonicus Root Extract, Paeonia Albiflora Root Extract, Scutellaria Baicalensis Root Extract, Piper Methysticum Root Extract, Phaseolus Radiatus Seed Extract, 1,2-Hexanediol, Polyacrylamide, C13-14 Isoparaffin, Laureth-7, Hydroxyacetophenone, Ammonium Acryloyldimethyltaurate/​VP Copolymer, Allantoin, Carbomer, Triethanolamine, Fragrance, Sodium Hyaluronate, Disodium EDTA, Ci 19140, Ci 16255",La Élume Beauté Radiance Hydro-infusion Cream,https://inkeedecoder.com/products/la-elume-beaute-radiance-hydro-infusion-cream
dark spots,"Bifida Ferment Filtrate, Glycerin, Propylene Glycol, Ascorbic Acid, Aqua, 1,2-Hexanediol, Hydroxyacetophenone, Diphenyl Dimethicone, Trehalose, Saccharide Isomerate, Carnosine, Crithmum Maritimum Callus Culture Filtrate, Allantoin, Tocopheryl Acetate, Carbomer, Arginine, Camellia Sinensis Extract, Ellagic Acid, Xanthan Gum, Parfum, Disodium EDTA, Sodium Hyaluronate, Butylene Glycol, Lactobacillus Ferment, Malus Domestica Fruit Cell Culture Extract, Caviar Extract, Hydrolyzed Soybean Extract, Pentylene Glycol, Glutathione, Phenoxyethanol, Sodium Dna, Sodium Citrate, Citric Acid, Lecithin",Louisse Choice White Caviar Aura Essence Toner,https://inkeedecoder.com/products/louisse-choice-white-caviar-aura-essence-toner
dark spots,"Yucca Glauca Root Extract, Glycerin, Caprylic/​Capric Triglyceride, Polyacrylamide, Hydrolyzed Collagen, Centella Asiatica Extract, Quercetin Caprylate, Pyruvic Acid, Tartaric Acid, Linoleic Acid, Bisabolol, Resveratrol, Cucumis Sativus (Cucumber) Fruit Extract, Citrullus Lanatus (Watermelon) Fruit Extract, Retinol, Salicylic Acid, Silica Dimethyl Silylate, Camellia Sinensis Leaf Extract, Ellagic Acid, Tocopheryl Acetate, Ceramide 2, Symphytum Officinale Extract, Chamomilla Recutita (Matricaria) Flower Extract, Glycine Soja (Soybean) Extract, Hydrolyzed Soy Protein, Potassium Azeloyl Diglycinate, Saccharide Isomerate, Salix Alba (Willow) Bark Extract, Sodium Hyaluronate, Ferulic Acid, Gallic Acid, Argania Spinosa Kernel Oil, Glycolic Acid, Lactic Acid, Commiphora Myrrha Oil, Copper Pca, Sodium PCA, Mandelic Acid, Tetrapeptide-21, Hamamelis Virginiana (Witch Hazel) Extract, Glyceryl Oleate, Acrylates/​Carbamate Copolymer, Butylene Glycol, C13-14 Isoparaffin, Zinc Pca, Urea, Laureth-7, Polysorbate 20, Disodium EDTA, Phytic Acid, Octoxynol-9, Phenoxyethanol, Fragrance (Parfum)",Dr Dennis Gross Clinical Concentrate Radiance Booster,https://inkeedecoder.com/products/dr-dennis-gross-clinical-concentrate-radiance-booster
dark spots,"Water/​Aqua/​Eau, Dimethicone, Isododecane, Cyclopentasiloxane, Dimethiconol, Cyclohexasiloxane, Butylene Glycol, Stearyl Dimethicone, Caprylic/​Capric Triglyceride, Sodium Acrylate/​Sodium Acryloyldimethyl Taurate Copolymer, Potassium Cetyl Phosphate, Octadecene, Cetearyl Alcohol, Polymethyl Methacrylate, Isohexadecane, Collagen, Ferulic Acid, Gallic Acid, Ellagic Acid, Arnica Montana Flower Extract, Centella Asiatica Extract, Retinol, Glycyrrhiza Glabra (Licorice) Root Extract, Tocopherol, Morus Alba Leaf Extract, Sodium Hyaluronate, Arctostaphylos Uva Ursi Leaf Extract, Citrus Aurantium Bergamia (Bergamot) Leaf Extract, Citrus Aurantium Bergamia (Bergamot) Leaf Oil, Glycolic Acid, Lactic Acid, Hydrolyzed Soy Protein, Glycine Soja (Soybean) Oil, Adenosine, Saccharide Isomerate, Salix Alba (Willow) Bark Extract, Tetrapeptide-21, Caprylyl Glycol, Glycerin, Glyceryl Behenate, Acrylates/​Carbamate Copolymer, Tetrahydropiperine, BHT, Benzophenone-3, Glyceryl Stearate SE, Citric Acid, Bis-Vinyl Dimethicone/​Dimethicone Copolymer, Dimethicone Crosspolymer-3, Cyclodextrin, Sodium Citrate, Tetrasodium EDTA, Hexylene Glycol, Polysorbate 80, Phenoxyethanol, Potassium Sorbate, Sodium Benzoate, Annatto",Dr Dennis Gross Ferulic And Retinol Anti-Aging Moisturiser (Old),https://inkeedecoder.com/products/dr-dennis-gross-ferulic-and-retinol-anti-aging-moisturiser-old
dark spots,"Water/​Aqua/​Eau, Alcohol Denat, Glycolic Acid, Hamamelis Virginiana (Witch Hazel) Leaf Extract, Potassium Hydroxide, Lactic Acid, Citric Acid, Salicylic Acid, Bromelain, Mandelic Acid, Malic Acid, Phytic Acid, Pyruvic Acid, Potassium Azeloyl Diglycinate, Rehmannia Glutinosa Root Extract, Salix Alba (Willow) Bark Extract, Tartaric Acid, Gallic Acid, Ellagic Acid, Capryloyl Salicylic Acid, Hexanoyl Dipeptide-3 Norleucine Acetate, Hexylresorcinol, Pyrus Malus (Apple) Fruit Extract, Chamomilla Recutita (Matricaria) Flower Extract, Citrus Aurantium Dulcis (Orange) Fruit Extract, Citrus Limon (Lemon) Fruit Extract, Saccharum Officinarum (Sugar Cane) Extract, Achillea Millefolium Extract, Camellia Sinensis Leaf Extract, Linoleic Acid, Linolenic Acid, Soy Isoflavones, Copper Pca, Zinc Pca, Hydroxyethyl Urea, Glycerin, Lecithin, Disodium EDTA, Sodium Citrate, Polysorbate 20, Polysorbate 80, Caprylic/​Capric Triglyceride, Menthyl Lactate, Jasminum Officinale (Jasmine) Flower/​Leaf Extract, Eugenia Caryophyllus (Clove) Flower Extract, Vitis Vinifera (Grape) Fruit Extract, Lavandula Angustifolia (Lavender) Flower/​Leaf/​Stem Extract, Phenoxyethanol, Sodium Benzoate, Potassium Sorbate",Dr Dennis Gross Professional Grade Resurfacing Liquid Peel Step 1,https://inkeedecoder.com/products/dr-dennis-gross-professional-grade-resurfacing-liquid-peel
dark spots,"Water, Isopentyldiol, Caprylic/​Capric Triglyceride, Niacinamide, Ethoxydiglycol, PEG-4, 1-Methylhydantoin-2-Imide, 4-Butylresorcinol, Undecylenoyl Phenylalanine, C14-22 Alcohols, Kojic Acid, Hydroxyethyl Acrylate/​Sodium Acryloyldimethyl Taurate Copolymer, Glycerin, Phenoxyethanol, Alpha-Arbutin, Hydroxycinnamic Acid, C12-20 Alkyl Glucoside, Polysorbate 20, Ellagic Acid, Disodium EDTA, Undecylenic Acid, Pentaerythrityl Tetra-Di-T-Butyl Hydroxyhydrocinnamate, Xanthan Gum, Ethylhexylglycerin, Glucose, Diacetyl Boldine, Tetrapeptide-30",KB Pure Tirosinol Serum,https://inkeedecoder.com/products/kb-pure-tirosinol-serum
dark spots,"Water/​Aqua/​Eau, Alcohol Denat, Glycolic Acid, Hamamelis Virginiana (Witch Hazel) Leaf Extract, Potassium Hydroxide, Lactic Acid, Citric Acid, Salicylic Acid, Bromelain, Mandelic Acid, Malic Acid, Phytic Acid, Pyruvic Acid, Potassium Azeloyl Diglycinate, Rehmannia Glutinosa Root Extract, Salix Alba (Willow) Bark Extract, Tartaric Acid, Gallic Acid, Ellagic Acid, Capryloyl Salicylic Acid, Hexanoyl Dipeptide-3 Norleucine Acetate, Hexylresorcinol, Pyrus Malus (Apple) Fruit Extract, Chamomilla Recutita (Matricaria) Flower Extract, Citrus Aurantium Dulcis (Orange) Fruit Extract, Citrus Limon (Lemon) Fruit Extract, Saccharum Officinarum (Sugar Cane) Extract, Achillea Millefolium Extract, Camellia Sinensis Leaf Extract, Linoleic Acid, Linolenic Acid, Soy Isoflavones, Copper Pca, Zinc Pca, Hydroxyethyl Urea, Glycerin, Lecithin, Disodium EDTA, Sodium Citrate, Polysorbate 20, Polysorbate 80, Caprylic/​Capric Triglyceride, Menthyl Lactate, Jasminum Officinale (Jasmine) Flower/​Leaf Extract, Eugenia Caryophyllus (Clove) Flower Extract, Vitis Vinifera (Grape) Fruit Extract, Lavandula Angustifolia (Lavender) Flower/​Leaf/​Stem Extract, Phenoxyethanol, Sodium Benzoate, Potassium Sorbate, Methyl Gluceth-20, Sodium Bicarbonate, Sodium Hyaluronate, Centella Asiatica Extract, Colloidal Oatmeal, Ubiquinone, Resveratrol, Tocopheryl Acetate, Leuconostoc/​Radish Root Ferment Filtrate, Butylene Glycol, Sodium PCA, Octoxynol-9, Tetrasodium EDTA",Dr Dennis Gross Clinical Grade Resurfacing Liquid Peel,https://inkeedecoder.com/products/dr-dennis-gross-clinical-grade-resurfacing-liquid-peel
dark spots,"Butylene Glycol, Niacinamide, Caprylic/​Capric Triglyceride, PEG/​PPG-17/​6 Copolymer, Betaine, Glycereth-26, Dimethyl Isosorbide, ""Butylene Glycol"", Water, Opunta Dillenii Extract, Avena Sativa (Oat) Bran Extract, Ophiopogon Japonicus Root Extract, Paeonia Albiflora Root Extract, Scutellaria Baicalensis Root Extract, 1,2-Hexanediol, Hydroxyacetophenone, Alpha-Arbutin, Jojoba Oil PEG-150 Esters, 3-O-Ethyl Ascorbic Acid, Ellagic Acid, ""1,2-Hexanediol"", ""Ethylhexylglycerin"", Saccharide Isomerate, Lactobionic Acid, C13-16 Isoparaffin, Polyglyceryl-3 Distearate, Polyglyceryl-10 Myristate, Tocopheryl Acetate, Sodium Acrylate/​Sodium Acryloyldimethyl Taurate Copolymer, Isohexadecane, Polysorbate 80, Sorbitan Oleate, Allantoin, Carbomer, Triethanolamine, Phytosteryl Oleate, Piper Methysticum Root Extract, Phaseolus Radiatus Seed Extract, Hydroxyethyl Acrylate/​Sodium Acryloyldimethyl Taurate Copolymer, Sorbitan Isostearate, Polysorbate 60, Sodium Hyaluronate, Hydrolyzed Sodium Hyaluronate, Panthenol, Ci 19140",La Élume Beauté Radiance Hydro-infusion Serum,https://inkeedecoder.com/products/la-elume-beaute-radiance-hydro-infusion-serum
dark spots,"Water/​Aqua/​Eau, C12-15 Alkyl Benzoate, Glycerin, Lactic Acid, Behenyl Alcohol, Isopropyl Palmitate, Octyldodecanol, Dimethyl Isosorbide, Methyl Methacrylate Crosspolymer, Helianthus Annuus (Sunflower) Seed Oil, Sodium Hydroxide, Dimethicone, Glycolic Acid, Propanediol, Beeswax, Cetyl Alcohol, Hydrogenated Lecithin, Palmitic Acid, Butylene Glycol, Ferulic Acid, Ellagic Acid, Gallic Acid, Collagen Amino Acids, Silk Amino Acids, Sodium Hyaluronate, Retinol, Zea Mays (Corn) Silk Extract, Phospholipids, Sphingolipids, Saccharide Isomerate, Leuconostoc/​Radish Root Ferment Filtrate, Glycine Soja (Soybean) Oil, Ascorbyl Palmitate, Tocopherol, Urea, Sodium PCA, Mannitol, Citrullus Vulgaris (Watermelon) Fruit Extract, Xanthan Gum, Caprylyl Glycol, Acrylates/​Carbamate Copolymer, Caprylic/​Capric Triglyceride, Magnesium Aspartate, Zinc Gluconate, Copper Gluconate, Ethylhexylglycerin, Acrylates/​C10-30 Alkyl Acrylate Crosspolymer, Disodium EDTA, Citric Acid, Sodium Citrate, Hexylene Glycol, Citrus Aurantium Bergamia (Bergamot) Fruit Extract, Citrus Limon (Lemon) Peel Extract, Lavandula Angustifolia (Lavender) Flower/​Leaf/​Stem Extract, Phenoxyethanol, Potassium Sorbate, Annatto",Dr Dennis Gross Ferulic + Retinol Fortifying Neck Emulsion,https://inkeedecoder.com/products/dr-dennis-gross-ferulic-retinol-fortifying-neck-emulsion
dark spots,"Water, Propylene Glycol, Butylene Glycol, Niacinamide, Glycereth-26, Glycerin, Trehalose, Alpha-Arbutin, 1,2-Hexanediol, Hydroxyacetophenone, ""Butylene Glycol"", Opunta Dillenii Extract, Avena Sativa (Oat) Bran Extract, Ophiopogon Japonicus Root Extract, Paeonia Albiflora Root Extract, Scutellaria Baicalensis Root Extract, Saccharide Isomerate, Lactobionic Acid, Ellagic Acid, ""1,2- Hexanediol"", ""Ethylhexylglycerin"", Allantoin, Carbomer, Triethanolamine, Sodium Hyaluronate, Disodium EDTA, 3-O-Ethyl Ascorbic Acid, Aqua, Palmitoyl Tripeptide-5",La Élume Beauté Radiance Hydro-infusion Toning Lotion,https://inkeedecoder.com/products/la-elume-beaute-radiance-hydro-infusion-toning-lotion
dark spots,"Aqua (Water), Glycerin, Caprylic/​Capric Triglyceride, Propanediol, Argania Spinosa Kernel Oil, Sodium Acrylates Copolymer, Hydrolyzed Candida Saitoana Extract, Sodium Stearoyl Glutamate, Albizia Julibrissin Bark Extract, Dimethyl Isosorbide, Galactoarabinan, Palmitoyl Tetrapeptide-7, Palmitoyl Tripeptide-1, Caprooyl Tetrapeptide-3, Cassia Angustifolia Seed Polysaccharide, Oxycoccus Palustris Seed Oil, Rubus Chamaemorus Seed Oil, Niacinamide, Withania Somnifera Root Extract, Citrus Aurantium Dulcis Callus Culture Extract, Retinal (Retinaldehyde), Ellagic Acid, Phenylethyl Resorcinol, Sodium Hyaluronate, Resveratrol Dimethyl Ether, Phenyl T-Butylnitrone, Ergothioneine, Glutathione, Mirabilis Jalapa Flower/​Leaf/​Stem Extract, N-Hydroxysuccinimide, Chrysin, Glutamylamidoethyl Imidazole, Lonicera Caprifolium Flower Extract, Lonicera Japonica Flower Extract, Lavandula Hybrida Oil, Pentylene Glycol, Butylene Glycol, Cyclodextrin, Caprylyl Glycol, Steareth-20, Gluconolactone, Ethylhexylglycerin, Citric Acid, Xanthan Gum, Dextran, Acetyl Tributyl Citrate, Calcium Gluconate, Sodium Benzoate, Potassium Sorbate, Phenoxyethanol, Limonene, Linalool",Allies of Skin Retinal & Peptides Repair Night Cream,https://inkeedecoder.com/products/allies-of-skin-retinal-peptides-repair-night-cream
dark spots,"Aqua (Water), Glycerin, Caprylic/​Capric Triglyceride, Propanediol, Argania Spinosa Kernel Oil, Sodium Stearoyl Glutamate, Sodium Acrylates Copolymer, Albizia Julibrissin Bark Extract, Butylene Glycol, Hydrolyzed Candida Saitoana Extract, Galactoarabinan, Palmitoyl Tetrapeptide-7, Palmitoyl Tripeptide-1, Caprooyl Tetrapeptide-3, Cassia Angustifolia Seed Polysaccharide, Oxycoccus Palustris Seed Oil, Rubus Chamaemorus Seed Oil, Niacinamide, Withania Somnifera Root Extract, Citrus Aurantium Dulcis Callus Culture Extract, Retinal (Retinaldehyde), Ellagic Acid, Phenylethyl Resorcinol, Sodium Hyaluronate, Resveratrol Dimethyl Ether, Phenyl T-Butylnitrone, Ergothioneine, Glutathione, Mirabilis Jalapa Flower/​Leaf/​Stem Extract, N-Hydroxysuccinimide, Chrysin, Glutamylamidoethyl Imidazole, Lonicera Caprifolium Flower Extract, Lonicera Japonica Flower Extract, Lavandula Hybrida Oil, Pentylene Glycol, Cyclodextrin, Caprylyl Glycol, Hydroxyethylcellulose, Chlorhexidine Digluconate, Helianthus Annuus Seed Oil, Rosmarinus Officinalis Leaf Extract, Steareth-20, Gluconolactone, Ethylhexylglycerin, Citric Acid, Xanthan Gum, Dextran, Acetyl Tributyl Citrate, Sodium Citrate, Calcium Gluconate, Sodium Benzoate, Potassium Sorbate, Phenoxyethanol",Allies of Skin Retinal & Peptides Repair Night Cream,https://inkeedecoder.com/products/allies-of-skin-retinal-peptides-repair-night-cream-2
dark spots,"Water, Glycerin, Cetyl Ethylhexanoate, Caprylic/​Capric Triglyceride, Mineral Oil, Stearic Acid, Glyceryl Stearate, Cetyl Alcohol, Polysorbate 60, Anogeissus Leiocarpus Bark Extract, C13-14 Isoparaffin, Petrolatum, PEG-100 Stearate, Niacinamide, Triethanolamine, Dimethicone, Laureth-7, Methylparaben, Phenoxyethanol, Triticum Aestivum (Wheat) Seed Extract, Polyacrylamide, Ellagic Acid",Quickfx Eyelift Cream,https://inkeedecoder.com/products/quickfx-eyelift-cream
dark spots,"Aqua (Water), Glycerin, Caprylic/​Capric Triglyceride, Propanediol, Argania Spinosa Kernel Oil (Organic), Sodium Acrylates Copolymer, Hydrolyzed Candida Saitoana Extract, Sodium Stearoyl Glutamate, Albizia Julibrissin Bark Extract, Dimethyl Isosorbide, Galactoarabinan, Palmitoyl Tetrapeptide-7, Palmitoyl Tripeptide-1, Caprooyl Tetrapeptide-3, Cassia Angustifolia Seed Polysaccharide, Sodium Hyaluronate (L), Oxycoccus Palustris (Arctic Cranberry) Seed Oil, Rubus Chamaemorus (Cloud Berry) Seed Oil, Niacinamide, Withania Somnifera (Indian Ginseng) Root Extract, Citrus Aurantium Dulcis (Orange) Callus Culture Extract, Retinal (Retinaldehyde), Pterostilbene, Ellagic Acid, Phenyl T-Butylnitrone (Spin Trap), Ergothioneine (L), Glutathione (L), Mirabilis Jalapa Flower/​Leaf/​Stem Extract, N-Hydroxysuccinimide, Chrysin, Glutamylamidoethyl Imidazole, Lonicera Caprifolium (Honeysuckle) Flower Extract, Lonicera Japonica (Honeysuckle) Flower Extract, Lavandula Hybrida (Lavendin) Oil, Pentylene Glycol, Butylene Glycol, Cyclodextrin, Caprylyl Glycol, Steareth-20, Citric Acid, Xanthan Gum, Dextran, Acetyl Tributyl Citrate, Potassium Sorbate, Phenoxyethanol",Allies of Skin 1A Overnight Mask,https://inkeedecoder.com/products/allies-of-skin-1a-overnight-mask
dark spots,"Aqua (Water), Glycerin, Caprylic/​Capric Triglyceride, Propanediol, Argania Spinosa Kernel Oil (Organic), Sodium Acrylates Copolymer, Hydrolyzed Candida Saitoana Extract, Sodium Stearoyl Glutamate, Albizia Julibrissin Bark Extract, Dimethyl Isosorbide, Galactoarabinan, Palmitoyl Tetrapeptide-7, Palmitoyl Oligopeptide, Caprooyl Tetrapeptide-3, Cassia Angustifolia Seed Polysaccharide, Sodium Hyaluronate (L), Oxycoccus Palustris (Arctic Cranberry) Seed Oil, Rubus Chamaemorus (Cloud Berry) Seed Oil, Niacinamide, Withania Somnifera (Indian Ginseng) Root Extract, Citrus Aurantium Dulcis (Orange) Callus Culture Extract, Retinal (Retinaldehyde), Pterostilbene, Ellagic Acid, Phenyl T-Butylnitrone (Spin Trap), Ergothioneine (L), Glutathione (L), Mirabilis Jalapa Flower/​Leaf/​Stem Extract, N-Hydroxysuccinimide, Chrysin, Glutamylamidoethyl Imidazole, Lonicera Caprifolium (Honeysuckle) Flower Extract, Lonicera Japonica (Honeysuckle) Flower Extract, Lavandula Hybrida (Lavendin) Oil, Pentylene Glycol, Butylene Glycol, Cyclodextrin, Caprylyl Glycol, Steareth-20, Citric Acid, Xanthan Gum, Dextran, Acetyl Tributyl Citrate, Potassium Sorbate, Phenoxyethanol, Geraniol, Limonene, Linalool",Allies of Skin 1A Retinol + Peptides Overnight Mask,https://inkeedecoder.com/products/allies-of-skin-1a-retinol-peptides-overnight-mask
dark spots,"Water, Glycerin, Caprylic/​Capric Triglyceride, Cyclopentasiloxane, Ci 77891, Niacinamide, Butylene Glycol, Panthenol, Phenoxyethanol, Carbomer, Triethanolamine, Chlorphenesin, Sodium Acrylate/​Sodium Acryloyldimethyl Taurate Copolymer, Fragrance, Isohexadecane, Simmondsia Chinensis (Jojoba) Seed Oil, Aluminum Hydroxide, Silica, Polysorbate 80, Triethoxycaprylylsilane, Disodium EDTA, Sorbitan Oleate, Butyrospermum Parkii (Shea) Butter, Sodium Hyaluronate, Glutathione, Lactococcus Ferment Lysate, Ellagic Acid, Ryoku-Cha Ekisu, Hydrolyzed Soybean Extract, Morus Nigra Fruit Extract, Lactobacillus Ferment, Glycyrrhiza Uralensis (Licorice) Root Extract, Pentylene Glycol, 1,2-Hexanediol, Hydroxyacetophenone, Lactic Acid, Sodium Chloride, Sodium Benzoate",Grace & Glow Black Opium Body Serum,https://inkeedecoder.com/products/grace-glow-black-opium-body-serum
dark spots,"Bifida Ferment Filtrate, Aqua, Rosa Damascena Flower Water, Propylene Glycol, Glycerin, Triethylhexanoin, Sorbitol, Caprylic/​Capric Triglyceride, Glycereth-26, PEG/​PPG/​Polybutylene Glycol-8/​5/​3 Glycerin, 1,2-Hexanediol, Hydroxyacetophenone, Butylene Glycol, Rosa Rugosa Flower Extract, 3-O-Ethyl Ascorbic Acid, Carbomer, Triethanolamine, Punica Granatum Pericarp Extract, Camellia Sinensis Extract, Tocopheryl Acetate, Xanthan Gum, Sodium Polyacrylate, Hippophae Rhamnoides Fruit Oil, PEG-40 Hydrogenated Castor Oil, Haematococcus Pluvialis Extract, Caviar Extract, Ellagic Acid, Acrylates/​C10-30 Alkyl Acrylate Crosspolymer, Parfum, Pentylene Glycol, Glutathione, Phenoxyethanol, Sodium Dna",Louisse Choice Rose Caviar Golden Micro Sleeping Mask,https://inkeedecoder.com/products/louisse-choice-rose-caviar-golden-micro-sleeping-mask
dark spots,"Water, Hamamelis Virginiana (Witch Hazel) Water, Glycerin, (5%) (Beta-White) Hydrogenated Lecithin, Sodium Oleate, Butylene Glycol, Oligopeptide-68, Disodium EDTA), (5%) Niacinamide (Vitamin B3), (5%) (Superox C) Terminalia Ferdinandiana (Kakadu Plum) Fruit Extract (Vitamin C), Microcitrus Australasica (Caviar Lime) Fruit Extract, Caprylic/​Capric Triglyceride, Acetyl Glucosamine (D), Coco-Caprylate/​Caprate, Cetearyl Glucoside, Dimethyl Isosorbide, Glyceryl Stearate, Polysorbate 20, Aminomethyl Propanol, Squalane, Gluconic Acid (D), (Symwhite) Phenylethyl Resorcinol, Tricholoma Matsutake (Songyi) Extract, Ascophyllum Nodosum (Brown Algae) Extract, (Algowhite) Phyllanthus Emblica (Amla) Fruit Extract, Citrus Aurantifolia (Lime) Oil, Citrus Medica Limonum (Lemon) Peel Oil, Citrus Aurantium Dulcis (Orange) Fruit Extract, Glycyrrhetinic Acid, Ellagic Acid, Glutathione (L), Fructooligosaccharides (D-Beta), Hyaluronic Acid, Hyaluronic Acid Hmw, Aloe Vera, Allantoin, Calendula Officinalis Flower Extract, Chamomile, Colloidal Oatmeal (Avena Sativa), Beta-Glucan, L-Carnitine, Coenzyme Q10, Gluconolactone, Xanthan Gum, Phytic Acid, Alcohol, Sodium Hydroxide, Lithium Magnesium Sodium Silicate, Sodium Benzoate",RejuvAus Super Whitening & Brightening Pigment Serum Rx,https://inkeedecoder.com/products/rejuvaus-super-whitening-brightening-pigment-serum-rx
dark spots,ellagic-acid,Next page >>,https://inkeedecoder.com/ingredients/ellagic-acid?uoffset=1
dark spots,"Propanediol, Resveratrol 3.0%, Ferulic Acid 3.0%","3.0% | Resveratrol 3% + Ferulic Acid 3%
        

            The Ordinary",https://inkeedecoder.com/products/the-ordinary-resveratrol-3-ferulic-acid-3
dark spots,"Water, Ethoxydiglycol, L Ascorbic Acid 20.0%, Propylene Glycol, Alpha Tocopherol 1.0%, Polysorbate 80, Panthenol, Ferulic Acid 1.0%, Sodium Hyaluronate, Benzyl Alcohol, Dehydroacetic Acid","1.0% | 20% Vitamin C+E Ferulic Acid Serum
        

            Timeless",https://inkeedecoder.com/products/timeless-20-vitamin-c-e-ferulic-acid-serum
dark spots,"Water, Ethoxydiglycol, L Ascorbic Acid 15.0%, Propylene Glycol, Glycerin, Laureth 23, Alpha Tocopherol 1.0%, Phenoxyethanol, Triethanolamine, Ferulic Acid 0.5%, Panthenol, Sodium Hyaluronate","0.5% | C E Ferulic
        

            SkinCeuticals",https://inkeedecoder.com/products/skinceuticals-c-e-ferulic
dark spots,"Aqua /​ Water /​ Eau, Ascorbic Acid 10.0%, Ethoxydiglycol, Propylene Glycol, Glycerin, Zinc Sulfate, Phenoxyethanol, Panthenol, Ferulic Acid 0.2%, Sodium Hyaluronate, Sodium Hydroxide","0.2% | Serum 10 Aox+
        

            SkinCeuticals",https://inkeedecoder.com/products/skinceuticals-serum-10-aox
dark spots,"Aqua /​ Water /​ Eau, Ascorbic Acid 20.0%, Ethoxydiglycol, Propylene Glycol, Glycerin, Zinc Sulfate, Phenoxyethanol, Sodium Hydroxide, Panthenol, Ferulic Acid 0.2%, Sodium Hyaluronate","0.2% | Serum 20 AOX+
        

            SkinCeuticals",https://inkeedecoder.com/products/skinceuticals-serum-20-aox
dark spots,"Water (Aqua), Glycolic Acid 20.0%, Pentylene Glycol, Isopropyl Palmitate, Caprylic/​Capric Triglyceride, Ammonium Hydroxide, Cetyl Alcohol, Glyceryl Stearate, PEG-100 Stearate, Potassium Cetyl Phosphate, Butyrospermum Parkii (Shea) Oil, Sodium Hyaluronate, Tocopherol, Glycerin, Aloe Barbadensis Leaf Juice Powder, Vaccinium Myrtillus Fruit/​Leaf Extract, Chamomilla Recutita (Matricaria) Flower Extract, Camellia Sinensis Leaf Extract, Saccharum Officinarum (Sugar Cane) Extract, Citrus Aurantium Dulcis (Orange) Fruit Extract, Citrus Limon (Lemon) Fruit Extract, Acer Saccharum (Sugar Maple) Extract, Simmondsia Chinensis (Jojoba) Seed Oil, Magnesium Aluminum Silicate, Stearic Acid, Sorbitan Stearate, Ethylhexylglycerin, Xanthan Gum, Dimethicone, Hydroxyethylcellulose, Disodium EDTA, Phenoxyethanol","20.0% | Aha Resurfacing Lotion 20 Intensive Exfoliating Treatment
        

            DCL",https://inkeedecoder.com/products/dcl-aha-resurfacing-lotion-20-50ml-intensive-exfoliating-treatment
dark spots,"Purified Water, Glycolic Acid 20.0%, C12-15 Alkyl Benzoate, Cyclopentasiloxane, Ammonium Hydroxide, Stearyl Alcohol, Glyceryl Stearate, Cetearyl Alcohol, Polyacrylamide, C13-14 Isoparaffin, Dimethicone, Squalane, Tocopheryl Acetate, Camellia Sinensis (Green Tea)Leaf Extract, Ubiquinone (Coenzyme Q-10), Hydrolyzed Glycosaminoglycans, Phospholipids, Retinyl Palmitate, Ascorbyl Palmitate, Cetearyl Glucoside, PEG-100 Stearate, Laureth-7, Disodium EDTA, Methylparaben, Propylparaben, Imidazolidinyl Urea","20.0% | Glycolix Elite Facial Cream 20%
        

            Topix",https://inkeedecoder.com/products/topix-glycolix-elite-facial-cream-20
dark spots,"Aqua/​Water/​Eau, Alcohol Denat, Glycolic Acid 15.0%, Propylene Glycol, Ammonium Hydroxide, Polyquaternium-10, Tetrasodium EDTA","15.0% | Clarify Gel Plus
        

            Neostrata",https://inkeedecoder.com/products/neostrata-gel-plus
dark spots,"Aqua, PEG-40 Hydrogenated Castor Oil, Glycolic Acid 10.0%, Gluconolactone, Propanediol, Boerhavia Diffusa Root Extract, Hexylresorcinol, Simmondsia Chinensis Seed Oil, Phenoxyethanol, Sucrose Palmitate, Butylene Glycol, Glyceryl Linoleate, Prunus Amygdalus Dulcis (Sweet Almond) Oil, Glycyrrhiza Glabra (Licorice) Root Extract, Magnesium Ascorbyl Phosphate, Undaria Pinnatifida Extract, Ubiquinone, Xanthan Gum, Ethylhexylglycerin, Benzyl Alcohol, Potassium Sorbate, Propylene Glycol, Ascorbyl Palmitate, Glyceryl Stearate, Glyceryl Distearate, Citric Acid, BHT","10.0% | MelaBlok
        

            Dermasence",https://inkeedecoder.com/products/dermasence-melablok
dark spots,"Aqua/​Water/​Eau, Glycolic Acid 10.0%, Glycerin, Alcohol Denat, Sodium Hydroxide, Aloe Barbadensis Leaf Juice, Sodium Hyaluronate, Hydroxyethylcellulose, Ascorbyl Glucoside, Citric Acid, Potassium Sorbate, Sodium Benzoate","10.0% | Revitalift Derm Intensives 10% Pure Glycolic Acid Serum
        

            L'Oreal Paris",https://inkeedecoder.com/products/loreal-paris-10-pure-glycolic-acid-serum
dark spots,"Water (Aqua), Methylpropanediol, Glycolic Acid 10.0%, Butylene Glycol, Sodium Hydroxide, Camellia Sinensis (Green Tea) Leaf Extract, Aloe Barbadensis Leaf Juice, Sodium Ascorbyl Phosphate, Dipotassium Glycyrrhizate, Glycyrrhiza Glabra Licorice) Root Extract, Vitis Vinifera (Grape) Seed Extract, Arctium (Burdock) Lappa Root Extract, Avena Sativa (Oat) Kernel Extract, Borago Officinalis (Borage) Extract, Boerhavia Diffusa Root Extract, Chamomilla Recutita (Matricaria) Flower Extract, Salix Nigra (Willow) Bark Extract, Ulmus Fulva Bark Extract, Glycerin, Allantoin, Propylene Glycol, Tetrasodium EDTA, Phenoxyethanol","10.0% | Resist Weekly Resurfacing Treatment 10% Aha
        

            Paula's Choice",https://inkeedecoder.com/products/paulas-choice-resist-weekly-resurfacing-treatment-10-aha
dark spots,"Aqua, Glycolic Acid 6.0%, Sodium Hydroxide, Isopentyldiol, Methyl Gluceth-20, Potassium Azeloyl Diglycinate, Zinc Pca, Saccharum Officinarum (Sugarcane) Extract**, Vaccinium Myrtillus Extract**, Citrus Aurantium Dulcis Fruit Extract**, Acer Saccharum (Sugar Maple) Extract**, Citrus Medica Limonum Fruit Extract**, Betaine, Camellia Sinensis Leaf Extract, Gallic Acid, Citrus Reticulata (Tangerine) Peel Extract, Dipropylene Glycol, Allantoin, Dipotassium Glycyrrhizate, Sodium Hyaluronate, Hydrolyzed Sodium Hyaluronate, Acetyl Hydroxyproline, Arginine/​Lysine Polypeptide, Colloidal Platinum, Silica, Pentylene Glycol, 4-T-Butylcyclohexanol, Sodium Citrate, Arginine, 1,10-Decanediol, 10-Hydroxydecanoic Acid, Decylene Glycol, Glycereth-26, Glycerin, 1,2-Hexanediol, Hydroxyacetophenone, PEG-40 Hydrogenated Castor Oil, Potassium Hydroxide, Phenoxyethanol","6.0% | Energy Complex Ahas Exfoliating Toner
        

            Aisuanis",https://inkeedecoder.com/products/aisuanis-energy-complex-ahas-exfoliating-toner
dark spots,"Water, Salicylic Acid, Amylopectin, Glycolic Acid 1.8%, Lactobionic Acid 1.6%, Gluconolactone 1.5%, Capryloyl Salicylic Acid 0.9%, Mandelic Acid 0.7%, Glycerin, Cyclodextrin, Hydroxyethylcellulose, Biosaccharide Gum-1, Biosaccharide Gum-2, Acrylates/​C10-30 Alkyl Acrylate Crosspolymer, Quaternium-73, Poloxamer 407, Aloe Barbadensis Leaf Extract, Mentha Piperita Extract, Portulaca Oleracea Extract, Saccharide Isomerate, Dipotassium Glycyrrhizate, Propanediol, Beta-Glucan, 1,2-Hexanediol, Xanthan Gum, Caprylhydroxamic Acid, Butylene Glycol, Allantoin, O-Cymen-5-Ol, Disodium EDTA","1.8% | Compound Six Acid Nourishing Conditioning Biofilm
        

            Aisuanis",https://inkeedecoder.com/products/aisuanis-compound-six-acid-nourishing-conditioning-biofilm
dark spots,"Water (Aqua), Carthamus Tinctorius (Safflower) Seed Oil, Propanediol, Niacinamide 2.0%, Hexylresorcinol 1.0%, Squalane, Sodium Hyaluronate, Xanthan Gum, Polysorbate 20, Polyacrylate-13, Polyisobutene, Ethylhexylglycerin, Phenoxyethanol","1.0% | Hydro Bright Treatment
        

            MEDATURE",https://inkeedecoder.com/products/medature-hydro-bright-treatment
dark spots,"Hydroquinone Usp, Preservatives, Methylparaben, Propylparaben",Abott Melalite Forte,https://inkeedecoder.com/products/abott-melalite-forte
dark spots,"Hydroquinone, Propylene Glycol, Alcohol Denat, Azelaic Acid, Aqua (Water), Hamamelis Virginiana (Witch Hazel) Water, Lactic Acid (L), Kojic Acid, Salicylic Acid, Alcohol, Ascorbic Acid (L), Hydroxypropyl Methylcellulose, Sodium Hydroxide",Admire my SKIN Ultra-Potent Brightening Serum,https://inkeedecoder.com/products/admire-my-skin-ultra-potent-brightening-serum
dark spots,"Hydroquinone Usp (2%), Tretinoin Usp (0.025%), Mometasone Furoate Ip (0.1%)",Ajanta Pharma Ltd Mela Care,https://inkeedecoder.com/products/ajanta-pharma-ltd-mela-care
dark spots,"Hydroquinone (2%), Water, Glycolic Acid (10%), Propylene Glycol, Isopropyl Palmitate, Mineral Oil, Glyceryl Stearate, Cetyl Alcohol, Ozokerite, Sodium Hydroxide, Steareth-20, Laureth-23, Tocopherol (Vitamin E), Dimethicone, Xanthan Gum, Sodium PVM/​MA/​Decadiene Crosspolymer, Sorbic Acid, Sodium Metabisulfite, Imidazolidinyl Urea, Tetrasodium EDTA, Fragrance, BHT",Alpha Skin Care Dual Action Skin Lightener,https://inkeedecoder.com/products/alpha-skin-care-dual-action-skin-lightener
dark spots,"Hydroquinone (2.0%), Water/​Aqua/​Eau, Neopentyl Glycol Dicaprylate/​Dicaprate, Propanediol, Tridecyl Stearate, Glyceryl Stearate, Trimethylpentanediol/​Adipic Acid Copolymer, Dimethicone, Lentinus Edodes Mycelium Extract, Cetearyl Alcohol, Glycerin, Polyglyceryl-6 Palmitate/​Succinate, Butylene Glycol, Behenyl Alcohol, Carbomer, Tridecyl Trimellitate, Glycyrrhiza Glabra (Licorice) Root Extract, Hydrogenated Lecithin, Cetearyl Glucoside, Xanthan Gum, Caprylic Acid, Citric Acid, Disodium EDTA, Caprylyl Glycol, Xylitol, Sorbitan Stearate, Sodium Sulfite, Sodium Metabisulfite, BHT, Sodium Hydroxide, Sodium Levulinate, Sodium Benzoate, Ethylhexylglycerin",AlumierMD Lightening Lotion,https://inkeedecoder.com/products/alumiermd-lightening-lotion
dark spots,"Hydroquinone (2%), Octinoxate (2%), Water, Glycerin, Isopropyl Myristate, Stearic Acid, Cyclopentasiloxane, Cetyl Alcohol, Betaine, Hydroxyethyl Urea, Glyceryl Stearate, PEG-100 Stearate, Potassium Cetyl Phosphate, Dimethicone Crosspolymer, Sodium Metabisulfite, Pentaerythrityl Tetra-Di-T-Butyl Hydroxyhydrocinnamate, Fragrance, Tocopheryl Acetate, Methylparaben, Disodium EDTA, Lactic Acid, Propylparaben, Ethylparaben, PEG-16 Soy Sterol, Sodium Ascorbyl Phosphate, Butylene Glycol, Glycine Soja (Soybean) Protein",Ambi Skincare Fade Cream (Normal Skin),https://inkeedecoder.com/products/ambi-skincare-fade-cream-normal-skin-2
dark spots,"Hydroquinone (2%), Kojic Acid, Arbutin, Ethoxydiglycol, Water, Camellia Sinensis (Green Tea) Polyphenols, Silybum Marianum (Silymarin Fruit Extract), Phyllanthus Emblica Fruit Extract, Phosphoric Acid, Disodium EDTA, Arctostaphylos Uva-Ursi (Bearberry) Leaf Extract, Ascorbic Acid",AziMD Skincare Dermabright Pads,https://inkeedecoder.com/products/azimd-skincare-dermabright-pads
dark spots,"Hydroquinone (2.00%), Water (Aqua), Propylene Glycol, Carbomer, Sodium Palmitoyl Proline, Nymphaea Alba Flower Extract, Glycerin, Citrus Unshiu Peel Extract, Curcuma Longa (Turmeric) Root Extract, Glycyrrhiza Glabra (Licorice) Root Extract, Algae Extract, Yeast Extract, Glucosamine Hcl, Urea, Sodium Hydroxymethylglycinate, Sodium Sulfite, Sodium Metabisulfite, Butylene Glycol, Disodium EDTA, Polysorbate 20, Benzophenone-4, EDTA, Diazolidinyl Urea, Iodopropynyl Butylcarbamate, Sodium Hydroxide, Caramel, Mica, Titanium Dioxide (Ci 77891), Iron Oxides (Ci 77491)",BLK/OPL Eventrue Tri-Complex Tonecorrect Fade Gel With Hydroquinone,https://inkeedecoder.com/products/blk-opl-eventrue-tri-complex-tonecorrect-fade-gel-with-hydroquinone
dark spots,"Hydroquinone (4%), Water, Caprylic/​Capric Triglycerides, Hydroquinone, Stearyl Alcohol, Stearic Acid, Glyceryl Stearate, PEG-100 Stearate, Diisopropyl Dimer Dilinoleate, Magnesium Aluminum Silicate, Polyoxyethylene 45 (40), Mg Stearate+, Vitamin E Acetate, Silica Gel, Bisabolol, Sodium Metabisulfite, Methylparaben, Propylparaben, Diazolidinyl Urea, Propylene Glycol, BHA, BHT",CCSD Correct Rx Hydroquinone 4%,https://inkeedecoder.com/products/ccsd-correct-rx-hydroquinone-4
dark spots,"Hydroquinone (4%), Retinoic Acid (0.025%), Fluocinolone (0.01%), Water, Caprylic/​Capric Triglycerides, Hydroquinone, Stearyl Alcohol, Stearic Acid, Glyceryl Stearate, PEG-100 Stearate, Diisopropyl Dimer Dilinoleate, Magnesium Aluminum Silicate, Polyoxyethylene 45 (40), Mg Stearate+, Vitamin E Acetate, Silica Gel, Bisabolol, Sodium Metabisulfite, Retinoic Acid, Fluocinolone, Methylparaben, Propylparaben, Diazolidinyl Urea, Propylene Glycol, BHA, BHT",CCSD Rx Correct+,https://inkeedecoder.com/products/ccsd-rx-correct
dark spots,"Hydroquinone (2%), Tretinoin (0.025%), Mometasone Furoate (0.1%)",Cadila Healthcare Melamet,https://inkeedecoder.com/products/cadila-healthcare-melamet
dark spots,"Hydroquinone (2%), Octinoxate (2.5%), Purified Water, Petrolatum, Cetyl Alcohol, Isopropyl Palmitate, Stearic Acid, Ammonium Lauryl Sulfate, Dimethicone, Propylene Glycol, Diazolidinyl Urea, Methylparaben, Propylparaben, Glyceryl Stearate, Sodium Metabisulfite, Ascorbic Acid, BHA, Propyl Gallate, Trisodium EDTA, Fragrance",Clear Essence Platinum Medicated Fade Creme with Sunscreen,https://inkeedecoder.com/products/clear-essence-platinum-medicated-fade-creme-with-sunscreen
dark spots,"Hydroquinone (2%), Purified Water, Petrolatum, Propylene Glycol, Stearic Acid, Isopropyl Palmitate, Cetyl Alcohol, Ammonium Lauryl Sulfate, Hydroxyethylcellulose, Glyceryl Stearate, Diazolidinyl Urea, Methylparaben, Propylparaben, Sodium Metabisulfite, Dimethicone, Octinoxate, Ascorbic Acid, BHA, Propyl Gallate, Trisodium EDTA, Citric Acid, Fragrance",Clear Essence Skin Beautifying Milk Maxi Tone,https://inkeedecoder.com/products/clear-essence-skin-beautifying-milk-maxi-tone
dark spots,"Hydroquinone (3.9%), Kojic Acid (2%), Certified Organic Aloe Vera Gel, Camellia Sinensis (Japanese Green Tea) Leaf Extract, Lactic Acid, L Ascorbic Acid, Tocopheryl Acetate (Vitamin E), Olive Squalane, Grapeseed Extract, Bitter Orange Flower (Neroli) Oil, Sodium Hyaluronate, 2- Dimethylaminoethanol (Dmae), Thioctic Acid (Alpha Lipoic), Evening Primrose Oil",ClearChoice Enlighten,https://inkeedecoder.com/products/clearchoice-enlighten
dark spots,"Hydroquinone (2%), Water, Alcohol Denatured, Glycolic Acid, Butylene Glycol, Kojic Acid, Sodium Bisulfite, Polyquaternium-10, BHT, Sodium Sulfite, Polysorbate 20, Disodium EDTA",DCL AHA Lightening Gel,https://inkeedecoder.com/products/dcl-aha-lightening-gel
dark spots,"Hydroquinone (2%), Water, Glycolic Acid, Lactic Acid, Sodium Hydroxide, Isopropyl Myristate, Stearic Acid, Glyceryl Stearate, PEG-100 Stearate, PPG-2 Myristyl Ether Propionate, Kojic Dipalmitate, Dimethicone, Cetyl Alcohol, Stearyl Alcohol, Bisabolol, Allantoin, Potassium Cetyl Phosphate, Cyclopentasiloxane, Biosaccharide Gum-1, Tetrahexyldecyl Ascorbate, Helianthus Annuus (Sunflower) Seed Oil, Triticum Vulgare (Wheat) Germ Oil, Glycyrrhiza Glabra (Licorice) Root Extract, Sodium Hyaluronate, Tocopheryl Acetate, Panthenol, Sclerotium Gum, Sodium Metabisulfite, BHT, Tetrasodium EDTA, Phenoxyethanol, Ethylhexylglycerin",DRMTLGY Advanced Dark Spot Corrector,https://inkeedecoder.com/products/drmtlgy-advanced-dark-spot-corrector
dark spots,"Hydroquinone (4%), Tretinoin (0.025%), Purified Water, Cetearyl Alcohol, Glyceryl Stearate, Isohexadecane, Isododecane, Stearyl Behenate, Cetyl Alcohol, Polyacrylate-13, Polysorbate 60, PEG-75 Stearate, Polyisobutene, C13-15 Alkane, Polyurethane-39, Tocopheryl Acetate, Ascorbic Acid, Sodium Bisulfite, Benzoic Acid (0.1%), Sorbic Acid (0.1%), Polysorbate 20, Propylene Glycol",Dermatica Tretinoin 0.025% / Hydroquinone 4% Cream,https://inkeedecoder.com/products/dermatica-tretinoin-0-025-hydroquinone-4-cream
dark spots,"Hydroquinone (2%), 1,2-Hexanediol, Alcohol Denat, Caprylyl Glycol, Citric Acid, Disodium EDTA, Fragrance, Hippophae Rhamnoides Oil, Hydroxyethylcellulose, PEG-40 Hydrogenated Castor Oil, Polysorbate 20, Sodium Metabisulfite, Sodium Sulfite, Water",Differin Dark Spot Correcting Treatment,https://inkeedecoder.com/products/differin-dark-spot-correcting-treatment
dark spots,"Hydroquinone (2.0%), Aqua (Water), Salicylic Acid, Lactic Acid (L), Kojic Acid, Azelaic Acid, Ascorbic Acid (L), Hamamelis Virginiana (Witch Hazel), Propylene Glycol, Alcohol Denat, Alcohol, Hydroxypropyl Methylcellulose, Sodium Hydroxide",Divine Derriere 2% Hydroquinone Serum - Dark Spot Corrector,https://inkeedecoder.com/products/divine-derriere-2-hydroquinone-serum-dark-spot-corrector
dark spots,"Hydroquinone, Butylated Hydroxytoluene, Stearic Acid, Methylparaben, Stearyl Alcohol, Propylparaben, Cetyl Alcohol, Butylene Glycol, Polyethylene Glycol (4000), Methyl Gluceth-10, Polyethylene Glycol (1500), Glycerin, Purified Water, Glycerin Monostearate, Sodium Pyrosulfite",Dong-A Pharm Melanosa Cream (4% Hydroquinone),https://inkeedecoder.com/products/dong-a-pharm-melanosa-cream-4-hydroquinone
dark spots,"Hydroquinone, Concentrated Glycerin, Mono-Diglyceride, Butylene Glycol, Stearyl Alcohol, Sodium Pyrosulfite, Decamethylcyclopentasiloxane, Butylated Hydroxytoluene, Methyl Gluceth-10, Self-Emulsifying Glyceryl Monostearate, Propyl Paraben, Cetanol, Purified Water, Methyl Paraben, Isopropyl Myristate, Polyethylene Glycol 4000, Stearic Acid, Ascorbic Acid, Palmitate, Liquid Paraffin",Dong-A Pharm Melatoning Cream,https://inkeedecoder.com/products/dong-a-pharm-melatoning-cream
dark spots,"Hydroquinone (2%), Concentrated Glycerin, Butylene Glycol, Stearyl Alcohol, Sodium Pyrosulfite, Decamethylcyclopentasiloxane, Butylated Hydroxytoluene, Methyl Gluceth-10, Self-Emulsifying Glyceryl Monostearate, Propylparaben, Cetanol, Purified Water, Methylparaben, Isopropyl Myristate, Polyethylene Glycol 4000, Stearic Acid, Ascorbic Acid, Palmitate, Liquid Paraffin",Dong-A Pharma Melatoning Cream,https://inkeedecoder.com/products/dong-a-pharma-melatoning-cream
dark spots,"Hydroquinone(20.0 Mg), Fluocinolone Acetonide(0.1 Mg), Tretinoin(0.25 Mg)",Dr Reddy's Laboratories Ltd ClearzMax Cream,https://inkeedecoder.com/products/dr-reddys-laboratories-ltd-clearzmax-cream
dark spots,"Hydroquinone (2%), Arbutin, Arginine, Azelaic Acid, Carrageenan, Ceteareth-20, Cetearyl Alcohol, Citric Acid, Cyclopentasiloxane, Dimethyl Isosorbide, Disodium EDTA, Fragrance, Glycerin, Glyceryl Stearate, Hydrogenated Polydecene, Isododecane, Kojic Acid, Magnesium Aluminum Silicate, Melaleuca Alternifolia (Tea Tree) Oil, Niacinamide, PEG-100 Stearate, Phenoxyethanol, Purified Water, Salicylic Acid, Sodium Benzoate, Sodium Polyacrylate, Sodium Sulfite, Trideceth-6",Ebanel Hydroquinone Cream Skin,https://inkeedecoder.com/products/ebanel-hydroquinone-cream-skin
dark spots,"Hydroquinone, Acer Saccharum (Sugar Maple) Extract, Arbutin, Arginine, Ascorbic Acid, Azelaic Acid, Camellia Sinensis (Green Tea) Leaf Extract, Carrageenan, Citric Acid, Citrus Aurantium Dulcis (Orange) Fruit Extract, Citrus Limon (Lemon) Fruit Extract, Disodium EDTA, Glycerin, Glycolic Acid, Kojic Acid, Lactic Acid, Niacinamide, Phenoxyethanol, Purified Water, Sd Alcohol 40-B, Saccharum Officinarum (Sugar Cane) Extract, Salicylic Acid, Sodium Benzoate, Tartaric Acid, Vaccinium Myrtillus (Bilberry) Fruit/​Leaf Extract, Xanthan Gum",Ebanel Skincare Dr Brightening Ultra-Potent Facial Serum,https://inkeedecoder.com/products/ebanel-skincare-dr-brightening-ultra-potent-facial-serum
dark spots,"Hydroquinone, Tretinoin, Water, Ethyl Alcohol, Cetyl Alcohol, Isopropyl Myristate, Stearyl Alcohol, Glyceryl Monostearate, Propylene Glycol, Ascorbic Acid, Sodium Lauryl Sulfate, Tocopheryl Acetate, Phenoxyethanol, Dimethicone",GT Cosmetics Bleaching Cream,https://inkeedecoder.com/products/gt-cosmetics-bleaching-cream
dark spots,"Hydroquinone (2%), Water, Propylene Glycol, Isopropanol, Glycolic Acid, Aminomethyl Propanol, Sodium Metabisulfite, Kojic Acid, Sodium Bisulfite, Hydroxyethyl Ethylcellulose, Disodium EDTA, Octoxynol-9, Nordihydroguaiaretic Acid",Glytone Dark Spot Corrector,https://inkeedecoder.com/products/glytone-dark-spot-corrector
dark spots,"Hydroquinone (2 %W/​W), Fluocinolone Acetonide (0.01 %W/​W), Tretinoin (0.025 %W/​W)",Intas Pharmaceuticals Ltd Glomella Cream,https://inkeedecoder.com/products/intas-pharmaceuticals-ltd-glomella-cream
dark spots,"Hydroquinone (2%), Liquid Paraffin, Methylparaben, Polyoxyl 40 Stearate, Propylene Glycol, Propylparaben, Sodium Lauryl Sulfate, Sodium Metabisulphite, Stearic Acid, Stearyl Alcohol, Purified Water",Jamjoom Pharma Hiquin 2% Cream,https://inkeedecoder.com/products/jamjoom-pharma-hiquin-2-cream
dark spots,"Hydroquinone (4%), Liquid Paraffin, Methylparaben, Polyoxyl 40 Stearate, Propylene Glycol, Propylparaben, Sodium Lauryl Sulfate, Sodium Metabisulphite, Stearic Acid, Stearyl Alcohol, Purified Water",Jamjoom Pharma Hiquin 4% Cream,https://inkeedecoder.com/products/jamjoom-pharma-hiquin-4-cream
dark spots,"Hydroquinone (2%), Salicylic Acid (1.5%), Padimate O (3%)",John Plunkett’s Superfade Cream,https://inkeedecoder.com/products/john-plunketts-superfade-cream
dark spots,"Hydroquinone, Carbomer, Methylparaben, Sodium Metabisulfite, Edetate Disodium, Propylene Glycol, Trometamol, Purified Water",Legrand Gel Hidroquinona 40mg/g,https://inkeedecoder.com/products/legrand-gel-hidroquinona-40mg-g
dark spots,"Hydroquinone (2%), Water, Alcohol Denatured, Niacinamide, Pentylene Glycol, Dimethicone, Polymethylsilsesquioxane, Alpha-Arbutin, Hydroquinone, Hydroxyethyl Acrylate/​Sodium Acryloyldimethyl Taurate Copolymer, Borago Officinalis Seed Oil, Panthenol, Allantoin, Ammonium Acryloyldimethyltaurate/​Vp Copolymer, Bht, Chondrus Crispus Extract, Citric Acid, Citrus Bergamia (Bergamot) Extract, Citrus Grandis (Grapefruit)Peel, Citrus Sinensis (Blood Orange) Peel, Dimethiconol, Disodium Edta, Ethylhexylglycerin, Glucose, Glycerin, Helianthus Annuus (Sun Ower) Seed Oil, Nigella Sativa (Black Cumin) Seed Oil, 1-Methylhydantoin-2-Imide, Phenoxyethanol, Pisum Sativum (Pea) Extract, Polysorbate 20, Polysorbate 60, Rubus Occidentalis (Black Raspberry) Seed Oil, Squalane, Sodium Benzoate, Sodium Bisulfite, Sodium Hyaluronate, Sodium Sulfate, Sucrose Dilaurate, Tetrahexyldecyl Ascorbate, Vaccinium Macrocarpon (Cranberry) Seed Oil",MD Complete Spot Corrector,https://inkeedecoder.com/products/md-complete-spot-correct
dark spots,"Hydroquinone, Purified Water, Glyceryl Monostearate, PEG-100 Stearate, Mineral Oil, Propylene Glycol, Sodium Metabisulfite, Cetyl Alcohol, Benzyl Alcohol, Disodium Edetate, Citric Acid Monohydrate, Methylparaben, Propylparaben, Butylparaben, Sodium Sulfite",Meda Eldoquin Forte,https://inkeedecoder.com/products/meda-eldoquin-forte
dark spots,"Hydroquinone (2.0%), Water (Aqua), Alcohol Denat, Glycolic Acid, Butylene Glycol, Glycerin, Methyl Gluceth-10, Aloe Barbadensis Leaf Juice, Salix Alba (Willow) Bark Extract, Lecithin, Magnesium Ascorbyl Phosphate, Tocopherol, Palmitoyl Hydroxypropyltrimonium Amylopectin/​Glycerin Crosspolymer, Vitis Vinifera (Grape) Seed Extract, Rice Amino Acids, Chitosan Ascorbate, Lysine Lauroyl Methionate, Zinc Aspartate, Allantoin, Melaleuca Alternifolia (Tea Tree) Leaf Oil, Dipotassium Glycyrrhizate, Polyquaternium-10, Hydroxyethylcellulose, PEG-40 Hydrogenated Castor Oil, Tetrasodium EDTA, Sodium Metabisulfite, Sodium Sulfite, Sodium Hydroxide",Murad Post-Acne Spot Lightening Gel,https://inkeedecoder.com/products/murad-post-acne-spot-lightening-gel
dark spots,"Hydroquinone (2.0%), Water (Aqua), Alcohol Denat, Glycolic Acid, Butylene Glycol, Glycerin, Methyl Gluceth-10, Dextran, Hexapeptide-2, Rice Amino Acids, Aloe Barbadensis Leaf Juice, Urea, Yeast Amino Acids, Trehalose, Inositol, Taurine, Betaine, Zinc Gluconate, Ascorbic Acid, Chitosan, Propyl Gallate, Nonoxynol-10, Lecithin, Tocopherol, Magnesium Ascorbyl Phosphate, Dipotassium Glycyrrhizate, Palmitoyl Hydroxypropyltrimonium Amylopectin/​Glycerin Crosspolymer, Vitis Vinifera (Grape) Seed Extract, Chitosan Pca, Allantoin, Polyquaternium-10, Sodium Metabisulfite, Sodium Sulfite, Sodium Hydroxide, Ppg-26-Buteth-26, Peg-40 Hydrogenated Castor Oil, Hydroxyethylcellulose, Disodium Edta, Limonene*, Linalool*, Fragrance (Parfum)*",Murad Rapid Age Spot And Pigment Lightening Serum,https://inkeedecoder.com/products/murad-rapid-age-spot-and-pigment-lightening-serum
dark spots,"Hydroquinone (3%), Octisalate (3%), Water, Mineral Oil, Stearyl Alcohol, Decyl Oleate, Glyceryl Stearate, Oleth-20, Laureth-23, Propylene Glycol, Stearamidopropyl Dimethylamine, Citric Acid, Sodium Metabisulfite, Methylparaben, Propylparaben, Fragrance",Nadinola Skin Discoloration Fade Cream Extra Strength Formula,https://inkeedecoder.com/products/nadinola-skin-discoloration-fade-cream-extra-strength-formula
dark spots,"Hydroquinone Usp (4%), (40 Mg/​G) Ascorbic Acid, BHT, Cetyl Alcohol, Disodium EDTA, Glycerin, Lactic Acid, Methylparaben, Phenyl Trimethicone, PPG-2 Myristyl Ether Propionate, Propylparaben, Saponins, Sodium Lauryl Sulfate, Sodium Metabisulfite, Tea-Salicylate, Tocopheryl Acetate, Water (Aqua)",Obagi Blender,https://inkeedecoder.com/products/obagi-blender
dark spots,"Hydroquinone (4%), Aqua/​Water, Propylene Glycol, Sd Alcohol 39-C, Dipropylene Glycol, Ascorbic Acid, Arbutin, Propylene Carbonate, Sodium Lauryl Sulfate",Obagi C Rx C-Clarifying Serum,https://inkeedecoder.com/products/obagi-c-rx-c-clarifying-serum
dark spots,"Hydroquinone Usp (4%), (40 Mg/​G) Ascorbic Acid, BHT, Butylparaben, Cetyl Alcohol, Disodium EDTA, Glycerin, Lactic Acid, Methylparaben, Phenyl Trimethicone, PPG-2 Myristyl Ether Propionate, Propylparaben, Saponins, Sodium Lauryl Sulfate, Sodium Metabisulfite, Tea, Stearyl Alcohol, Tocopheryl Acetate, Water (Aqua)",Obagi Clear,https://inkeedecoder.com/products/obagi-clear
dark spots,"Hydroquinone (2%), 4-Butylresorcinol, Aloe Barbadensis Leaf Juice, BHT, C13-14 Isoparaffin, Caprylic/​Capric Triglyceride, Carthamus Tinctorius (Safflower) Oleosomes, Ceramide NP, Cetyl Palmitate, Cetyl PEG/​PPG-10/​1 Dimethicone, Citric Acid, Diazolidinyl Urea, Dimethyl Isosorbide, Glycerin, Hexyl Laurate, Iodopropynyl Butylcarbamate, Kojic Acid, Laureth-23, Laureth-7, Maltodextrin, Phenoxyethanol, Polyacrylamide, Polyglyceryl-4 Isostearate, Polysorbate 20, Retinol, Silica, Sodium Hyaluronate, Sodium Hydroxide, Tetrahexyldecyl Ascorbate, Tocopheryl Acetate, Trideceth-6 Phosphate, Triethylene Glycol, Aqua",Olivia Quido Skincare Blemish Eraser,https://inkeedecoder.com/products/olivia-quido-skincare-blemish-eraser
dark spots,"Hydroquinone, Butyl Methoxydibenzoylmethane, 3-4- Methylbenzylidene Camphor, Citric Acid Monohydrate, Sorbic Acid, White Soft Petrolatum, Cyclomethicone, Isopropyl Myristate, Cetostearyl Alcohol, Sodium Lauryl Sulfate, Liquid Paraffin, Disodium EDTA, Butylhydroxyanisole (E320), Distilled Water",Orva Expigment 4%,https://inkeedecoder.com/products/orva-expigment-4
dark spots,"Hydroquinone (2.0%), Padimate O (3.0%), Water (Aqua), Glycerin, Cetearyl Alcohol, Mineral Oil (Paraffinum Liquidum), Isopropyl Myristate, Stearyl Alcohol, Dimethicone, Glyceryl Stearate, PEG-100 Stearate, Ceteareth-20, Retinal, Tocopheryl Acetate, Ascorbyl Palmitate, Vaccinium Myrtillus Fruit/​Leaf Extract, Citrus Aurantium Dulcis (Orange) Fruit Extract, Citrus Limon (Lemon) Fruit Extract, Acer Saccharum (Sugar Maple) Extract, Saccharum Officinarum (Sugar Cane) Extract, Citric Acid, Caprylic/​Capric Triglyceride, Diazolidinyl Urea, Propylene Glycol, Sodium Metabisulfite, Disodium EDTA, Lauryl Glucoside, Xanthan Gum, Sodium Sulfite, Zea Mays (Corn) Oil, Canola Oil Glyceride, BHT, Tbhq, Methylparaben, Propylparaben, Fragrance (Parfum), Citronellal, Hydroxycitronellal, Butylphenyl Methylpropional, Linalool, Hydroxyisohexyl 3-Cyclohexene Carboxaldehyde, Limonene, Alpha-Isomethyl Ionone",Palmer's Anti-Dark Spot Fade Milk,https://inkeedecoder.com/products/palmers-anti-dark-spot-fade-milk
dark spots,"Hydroquinone (2%), Water (Aqua), Glycolic Acid (Alpha-Hydroxy Acid/​Exfoliant), Dicaprylyl Maleate (Texture-Enhancing/​Emollient), Ethoxydiglycol (Texture-Enhancing), Glyceryl Stearate (Texture-Enhancing), Cetearyl Alcohol (Texture-Enhancing), Butylene Glycol (Hydration), Glycerin (Hydration/​Skin Replenishing), Lactic Acid (Alpha Hydroxyl Acid/​Exfoliant), Cyclopentasiloxane (Hydration), Sodium Hydroxide (Ph Balancing), Stearic Acid (Texture-Enhancing), Isostearic Acid (Texture-Enhancing), Magnesium Aluminum Silicate (Texture-Enhancing), Cyclohexasiloxane (Hydration), Hydrogenated Lecithin (Skin-Restoring), Squalane (Skin Replenishing), Dimethicone (Hydration), Rosa Canina Fruit Oil (Dog Rose Extract/​Plant Oil/​Emollient/​Antioxidant), Tocopheryl Acetate (Vitamin E/​Antioxidant), Panthenol (Hydration), Allantoin (Skin-Soothing), Bisabolol (Skin-Soothing), Sodium PCA (Hydration/​Skin Replenishing), Kojic Dipalmitate (Skin Brightening), PEG-100 Stearate (Texture-Enhancing), Xanthan Gum (Texture-Enhancing), Disodium EDTA (Stabilizer), Phenoxyethanol (Preservative), Chlorphenesin (Preservative), Benzoic Acid (Preservative), Sodium Bisulfite (Stabilizer), Sodium Sulfite (Stabilizer), Sorbic Acid (Preservative)",Paula's Choice Resist Triple-Action Dark Spot Eraser 7% Aha Lotion,https://inkeedecoder.com/products/paulas-choice-resist-triple-action-dark-spot-eraser-7-aha-lotion
dark spots,"Hydroquinone (2%), Water, Ethoxydiglycol (Hydration), Butylene Glycol (Hydration), Salicylic Acid (Beta Hydroxy Acid/​Exfoliant), Aloe Barbadensis Leaf Juice (Hydration/​Skin-Soothing), Epilobium Angustifolium Flower/​Leaf/​Stem Extract (Fireweed Extract/​Skin-Soothing), Dipotassium Glycyrrhizate (Skin-Soothing), Glycerin (Hydration/​Skin Replenishing), Superoxide Dismutase (Antioxidant), Allantoin (Skin-Soothing), Caprylyl Glycol (Texture-Enhancing/​Preservative), Hexylene Glycol (Hydration/​Texture-Enhancing), Hydroxyethylcellulose (Texture-Enhancing), Sodium Metabisulfite (Stabilizer), Sodium Sulfite (Stabilizer), Sodium Hydroxide (Ph Balancing), Polyquaternium-10 (Texture-Enhancing), Phytic Acid (Antioxidant), Phenoxyethanol (Preservative)",Paula's Choice Triple-Action Dark Spot Eraser 2% Bha Gel,https://inkeedecoder.com/products/paulas-choice-triple-action-dark-spot-eraser-2-bha-gel
dark spots,"Hydroquinone, Tretinoin, Vitamin E",RDL Baby Face,https://inkeedecoder.com/products/rdl-baby-face
dark spots,"Hydroquinone, Tretinoin, Mometasone Furoate (*), Purified Water, Propanediol, Simmondsia Chinensis (Jojoba) Seed Oil, Cetearyl Alcohol, Cetyl Alcohol, Glyceryl Stearate, Tocopheryl Acetate, Ascorbic Acid, Glycerin, Sodium Bisulfite, Stearyl Behenate, Eucalyptus Globulus Leaf Extract, Polysorbate 60, PEG-75 Stearate, Pentaerythrityl Tetra-Di-T-Butyl Hydroxyhydrocinnamate, C13-15 Alkane, Polyurethane-39, Benzoic Acid (0.1%), Sorbic Acid (0.1%), Avena Sativa (Oat) Kernel Oil, Phenoxyethanol, Yogurt Powder, Sodium Caproyl Prolinate, Carbomer, Polysorbate 20, Propylene Glycol",Rejuva Skincare Kligman's Formula,https://inkeedecoder.com/products/rejuva-skincare-kligmans-formula
dark spots,"Hydroquinone (2%), Water/​Aqua/​Eau, Ethoxydiglycol, Cetearyl Alcohol, Ppg-12/​Smdi Copolymer, Diethylhexyl Sebacate, Polyacrylamide, Ceteareth-20, Glycerin, C13-14 Isoparaffin, Dimethicone, Fragrance/​Parfum, Retinol, Ascorbyl Palmitate, Magnesium Ascorbyl Phosphate, Lactic Acid, Arctostaphylos Uva Ursi Leaf Extract, Sodium C14-16 Olefin Sulfonate, Sodium Metabisulfite, Laureth-7, Glyceryl Stearate, Peg-100 Stearate, Tocopheryl Acetate, Citric Acid, Glycine Soja (Soybean) Oil, Propylene Glycol, Disodium Edta, Bht, Methylparaben, Propylparaben, Benzoic Acid, Sorbic Acid, Chlorphenesin, Imidazolidinyl Urea, Phenoxyethanol, Hydroxyisohexyl 3-Cyclohexene Carboxaldehyde, Limonene, Linalool, Yellow 5 (Ci 19140), Yellow 6 (Ci 15985)",Rodan and fields Reverse Skin Lightening Treatment,https://inkeedecoder.com/products/rodan-and-fields-reverse-skin-lightening-treatment
dark spots,"Hydroquinone (2.0%), Water, C12-15 Alkyl Benzoate, Butylene Glycol, Ethoxydiglycol, Stearyl Alcohol, Glyceryl Stearate, Cetyl Alcohol, Tocopheryl Acetate, Panthenol, Allantoin, Dimethicone, Squalane, Steareth-21, Hydroxyethyl Acrylate/​Sodium Acryloyldimethyl Taurate Copolymer, Polysorbate 60, Steareth-2, Phenoxyethanol, Sodium Bisulfite, Sorbic Acid, Citric Acid, Disodium EDTA",Specific Beauty Accelerated Dark Spot Corrector,https://inkeedecoder.com/products/specific-beauty-accelerated-dark-spot-corrector
dark spots,"Hydroquinone (2.0%), Water, C12-15 Alkyl Benzoate, Butylene Glycol, Ethoxydiglycol, Stearyl Alcohol, Glyceryl Stearate, Cetyl Alcohol, Steareth-21, Tocopheryl Acetate, Panthenol, Allantoin, Dimethicone, Squalene, Hydroxyethyl Acrylate/​Sodium Acryloyldimethyl Taurate Copolymer, Polysorbate 60, Steareth-2, Phenoxyethanol, Sodium Bisulfite, Sorbic Acid, Disodium EDTA",Specific Beauty Accelerated Dark Spot Corrector,https://inkeedecoder.com/products/specific-beauty-accelerated-dark-spot-corrector-2
dark spots,hydroquinone,Next page >>,https://inkeedecoder.com/ingredients/hydroquinone?uoffset=1
dark spots,"Kojic Acid, Alpha-Arbutin, Blueberry Extract, Glycerine, Sodium Benzoate, Citric Acid, Aloe Vera Extract, Decyl Glucoside, Demineralized Water",Bake 2% Kojic Acid Face Wash With Alpha Arbutin,https://inkeedecoder.com/products/bake-2-kojic-acid-face-wash-with-alpha-arbutin
dark spots,"Kojic Acid, Aqua, Glycerin, Propylene Glycol, Capparis Spinosa Fruit Extract, Citrus Sinensis (Orange) Fruit Extract, Oryza Sativa (Rice) Extract, Olea Europaea (Olive) Leaf Extract, Melaleuca Alternifolia (Tea Tree) Oil, Niacinamide (Vitamin B3), Opuntia Ficus-Indica Stem Extract, D-Panthenol (Vitamin B5), 3-O-Ethyl Ascorbic Acid (Vitamin C), Fragrance",Demica Whitening Soap Face And Body,https://inkeedecoder.com/products/demica-whitening-soap-face-and-body
dark spots,"Kojic Acid, Niacinamide, Shea Butter, Lanolin, Dimethicone, Cyclopentasiloxane, Capric Triglyceride, Octyl Methoxycinnamate, Avobenzone, Butylated Hydroxytoluene, Oxybenzone, Stearic Acid, Sodium Ascorbyl Phosphate, Cetyl Alcohol, Sunflower Oil, White Soft Paraffin, Fragrance",Dermarex Lippy Cream,https://inkeedecoder.com/products/dermarex-lippy-cream
dark spots,"Kojic Acid, Niacinamide, Propylene Glycol, Hyaluronic Acid, Pentylene Glycol, Alpha-Arbutin, Curcuma Longa Extract, Sodium PCA, Witch Hazel Extract, D-Panthenol, Glycerin, Lactic Acid, Phenoxyethanol, Aqua",Dermatouch Kojic Acid 2% Serum,https://inkeedecoder.com/products/dermatouch-kojic-acid-2-serum
dark spots,"Kojic Acid, Vitamin C, Liquorice, Nicotinamide, Glycolic Acid, Lactic Acid, Salicylic Acid, Potassium Hydroxide, Gum Binder, EDTA, SLES, Preservatives, Perfume",Ethiglo Face Wash,https://inkeedecoder.com/products/ethiglo-face-wash
dark spots,"Kojic Acid, Alpha-Arbutin, Curcumin",Fixderma Brightening Lip Balm,https://inkeedecoder.com/products/fixderma-brightening-lip-balm
dark spots,"Kojic Acid, Vitamin A, Papain Enzyme, Oatmeal, Honey",G21 Duo Soap,https://inkeedecoder.com/products/g21-duo-soap
dark spots,"Kojic Acid, Niacinamide, Pine Bark Extract",HNC Ng Glow,https://inkeedecoder.com/products/hnc-ng-glow
dark spots,"Kojic Acid, Arbutin, Glycolic Acid, Vitamin E Acetate, Octyl Methoxycinnamate, Pine Bark Extract, Allantoin, Niacinamide, Carbomer, Cetyl Alcohol, Glyceryl Monostearate, Isopropyl Myristate, EDTA, Glycerin, Aloe Vera Gel, Phenoxyethanol, Triethanolamine, Stearic Acid, Benzyl Alcohol, Propylene Glycol, Fragrance, Purified Water",Heal N Cure Ng Glow Cream,https://inkeedecoder.com/products/heal-n-cure-ng-glow-cream
dark spots,"Kojic Acid, Licorice Extract, Alpha-Arbutin, Vitamin C, Vitamin A, Vitamin E, Glycolic Acid, Zinc Oxide, Niacinamide, Glycerin, Allantoin, Glabridin",Interpharma Spleet Whitening,https://inkeedecoder.com/products/interpharma-spleet-whitening
dark spots,"Kojic Acid, Ascorbic Acid, Liquorice, Nicotinamide, Glycolic Acid, Lactic Acid, Salicylic Acid, Tocopheryl Acetate, D-Panthenol, (Dm) Water, Moringa Oleifera Seed Extract, Glycerin, Propylene Glycol, Stearic Acid, Potassium Hydroxide, Gum (Binder), Disodium Dihydrogen Ethylenediaminetetraacetate, Dmdm Hydantoin, Sodium Lauryl Sulfate, Propyl Paraben, Methyl Paraben, Phenoxyethanol, Moroccan Argan Oil, Perfume",MedCutis Revetime Face Wash,https://inkeedecoder.com/products/revetime-face-wash
dark spots,"Kojic Acid, Turmeric Powder, Turmeric Essential Oil, Shea Butter, Olive Oil, Grape Seed Oil, Coconut Oil",Mooyam Tumeric Kojic Acid Soap Bar,https://inkeedecoder.com/products/mooyam-tumeric-kojic-acid-soap-bar
dark spots,"Kojic Acid, Arbutin, Glycolic Acid, Vitamin E Acetate, Octyl Methoxycinnamate, Pine Bark Extract, Allantoin, Niacinamide, Carbomer, Cetyl Alcohol, Glyceryl Monostearate, Isopropyl Myristate, EDTA, Glycerin, Aloe Vera Gel, Phenoxyethanol, Triethanolamine, Stearic Acid, Benzyl Alcohol, Propylene Glycol, Fragrance, Purified Water",Ng glow,https://inkeedecoder.com/products/ng-glow-
dark spots,"Kojic Acid, Water, Dipropylene Glycol, Butylene Glycol, Alcohol, Glycerin, Trimethylolpropane Triisostearate, Acetyl Hydroxyproline, Tocopherol, Sodium Acetylated Hyaluronate, Chaenomeles Sinensis Fruit Extract, Glycosyl Trehalose, Hydrogenated Starch Hydrolysate, Trans Resveratrol, Phytoglycogen, Paeonia Suffruticosa Root Extract, Oenothera Biennis Seed Extract, Lilium Candidum Bulb Extract, Phellinus Linteus Extract, Tocopheryl Acetate, Sodium Stearoyl Glutamate, Disodium EDTA, Ethyl Oleate, Xanthan Gum, Citric Acid, Sodium Citrate, Gellan Gum, Cetearyl Alcohol, Benzophenone-5, Polyacrylamide, Steareth-2 Phosphate, Trilaureth-4 Phosphate, Laureth-7, PEG-40 Hydrogenated Castor Oil, Polysorbate 80, Hydrogenated Polyisobutene, Glyceryl Stearate, Aluminum Hydroxide, Alcohol Denat, Ethylparaben, Methylparaben, Fragrance, Caramel, Titanium Dioxide",ONE BY KOSÉ Melanoshot White D,https://inkeedecoder.com/products/one-by-kose-melanoshot-white-d
dark spots,"Kojic Acid, Distilled Water, Propylene Glycol, Glycerin, Sodium Hyaluronate, Niacinamide, Xanthan, Panthenol, Allantoin, Disodium EDTA, Gum, Phenoxyethanol, Ethylhexylglycerin, Disodium, Citric Acid, Alpha-Arbutin, Sodium Hydroxide, Hydroxyethylcellulose, Aloe Vera Juice, Vitamin E",Olim Naturals Kojic Acid,https://inkeedecoder.com/products/olim-naturals-kojic-acid
dark spots,"Kojic Acid, Niacinamide, Licorice Root Extract, Shea Butter, Sea Minerals",Prevense Men's Brightening Moisturizer,https://inkeedecoder.com/products/prevense-mens-brightening-moisturizer
dark spots,"Kojic Acid, Ascorbic Acid, Liquorice, Nicotinamide, Glycolic Acid, Lactic Acid, Salicylic Acid, Tocopheryl Acetate, D-Panthenol, Dm Water, Moringa Oleifera Seed Extract, Glycerin, Propylene Glycol, Stearic Acid, Potassium Hydroxide, Gum Binder, Disodium Dihydrogen Ethylenediaminetetraacetate, Dmdm Hydantoin, Sodium Lauryl Sulfate, Propyl Paraben, Methyl Paraben, Phenoxyethanol, Moroccan Argan Oil, Perfume",Revetime Face Wash,https://inkeedecoder.com/products/revetime-face-wash-2
dark spots,"Kojic Acid (2%), Glycerin, Carbomer, Acrylates Copolymer, Allantoin, Phenoxyethanol, + Ethylhexylglycerin, Hyaluronic Acid, Ceramide Complex, Aqua, Butylene Glycol, Hydrolyzed Collagen, Vaccinium Myrtillus (Bilberry) Extract, Vitamin K1 (Phytonadione), Caffeine (0.5%), Matrixyl 3000 (3%), Water, Polysorbate 20, Palmitoyl Tripeptide-1, Palmitoyl Tetrapeptide-7, (Aqua, Hesperidin Methyl Chalcone, Steareth-20, Dipeptide-2, Niacinamide, Panthenol (Pro-Vitamin B5), Caprylic/​Capric Triglyceride, Cetearyl Olivate, Sorbitan Olivate, Phenoxyethanol + Phenoxyethanol, Ethylhexylglycerin, Triethanolamine, Alpha-Arbutin",SkinInspired Irevive Under Eye Serum,https://inkeedecoder.com/products/skininspired-irevive-under-eye-serum
dark spots,"Kojic Acid, Phytic Acid, Glycolic Acid, Arbutin, Vitamin C, Nicotinamide, Licorice Extract, Chromabright®, Dimethylmethoxy Chromanyl Palmitate",Skinclinic Melanyc,https://inkeedecoder.com/products/skinclinic-melanyc
dark spots,"Kojic Acid, Sugar Cane Extract, Orange Extract, Lemon Extract, Sugar Maple Extract, Argan Oil, Fuller'S Earth, Sweet Almond Oil",TNW De Tan Face Pack,https://inkeedecoder.com/products/tnw-de-tan-face-pack
dark spots,"Kojic Acid, Niacinamide, Shea Butter, Lanolin, Dimethicone, Cyclopentasiloxane, Caprylic Triglyceride, Octyl Methoxycinnamate, Avobenzone, Butylated Hydroxytoluene, Oxybenzone, Stearic Acid, Sodium Ascorbyl Phosphate, Cetyl Alcohol, Sunflower Oil, White Soft Paraffin, Fragrance",The Blessing Tree Lip Lightening Balm,https://inkeedecoder.com/products/the-blessing-tree-lip-lightening-balm-for-dark-lips-with-green-tea-shea-butter-and-sunflower-oil
dark spots,"Kojic Acid, Niacinamide, Vitamin E, Allantoin, Phenoxyethanol, Vanilla Fo, Titanium Dioxide",Treat by Petit Chocolate Soap,https://inkeedecoder.com/products/treat-by-petit-chocolate-soap
dark spots,"Kojic Acid, Vitamin C, Liquorice, Nicotinamide, Glycolic Acid, Lactic Acid, Salicylic Acid, Potassium Hydroxide, Gum Binder, EDTA, SLES, Preservatives, Perfume",UBIK solutions Ethiglow Face Wash,https://inkeedecoder.com/products/ubik-solutions-ethiglow-face-wash
dark spots,"Kojic Acid, A-Arbutin, Vitamin E, Resveratrol, Hydrolyzed Yeast Protein, Zinc Oxide, Glycerine, Liquid Paraffin, Licorice Extract, Curcumin, Collagen, BHT, Capric Triglyceride, Cetyl Alcohol, Cetostearyl Alcohol, Ceteareth-20, Tween 80, Methylparaben, Propylparaben",Vacation Whitening Cream,https://inkeedecoder.com/products/vacation-whitening-cream
dark spots,"Kojic Acid, Vitamina E, Retinyl Palmitate (Vit A), Arbutin, Tranexamic Acid",Vital blue Joaco Pure,https://inkeedecoder.com/products/vital-blue-joaco-pure
dark spots,"Kojic Acid, Arbutin, Glycolic Acid, Niacinamide, Vitamin E, Mulberry, Cream",Zeelab pharmacy Zeeglow Kojic Acid And Vitamin E,https://inkeedecoder.com/products/zeelab-pharmacy-zeeglow-kojic-acid-and-vitamin-e
dark spots,"Kojic Acid, Niacinamide, Jojoba, Lavender Oil, Rosemary Oil, Aloe Vera Gel, Alpha-Arbutin, Tea Tree Oil, Glutathione, Jasmine Oil, Hyaluronic Acid",cute Misiano skin care Special Egyptian Cream,https://inkeedecoder.com/products/cute-misiano-skin-care-special-egyptian-cream
dark spots,"Kojic Acid (2%), Niacinamide (4%), Pine Bark Extract (6%), Hydroquinone (2%), Ascorbic Acid (2%), Allantoin (0.4%), Tetrahydrocurcumin (0.25%), Tetrahydropiperine (0.05%), Cream Base",dermacia Melcia Lite Cream,https://inkeedecoder.com/products/dermacia-melcia-lite-cream
dark spots,"Kojic Acid (2.50%), Glutathione (1%), Arbutin (1.50%), Vitamin C (2%), Vitamin E (0.10%), Vitamin A (0.10%), Licorice Extract (2%), Mulberry Extract (0.50%), Glycolic Acid (3%), Rosehip Seed Oil (0.5%), Niacinamide (1%), Carrot Oil (0.50%), Linoleic Acid (0.30%), Paeonia Suffruticosa Root Extract (0.50%), Saxifraga Sarmentosa Extract (0.50%), Acetyl Tyrosine (1%), Aminopropyl Ascorbyl Phosphate (0.50%), Soap Base",kozicare Plus Skin Lightening Soap,https://inkeedecoder.com/products/kozicare-plus-skin-lightening-soap
dark spots,"Kojic Acid, Glutathione, Vitamin C, Arbutin, Vitamin E, Talc, Perfume, Colour, Titanium Dioxide (Tio2)",kozicare Skin Lightening Soap,https://inkeedecoder.com/products/kozicare-soap
dark spots,"Kojic Acid, Glutathione, Alpha-Arbutin, Vitamin C, Vitamin E, C Vitamin, Licorice Extract, Mulberry Extract, Glycolic Acid, Rosehip Seed Oil, Niacinamide, Carrot Oil, Linoleic Acid, Paeonia Suffruticosa Root Extract, Scutellaria Baicalensis Extract, Saxifraga Sarmentosa Extract, Acetyl Tyrosine, 3-Aminopropyl-L-Ascorbylphosphate, Soap Base",kozicare Skin Whitening Plus Soap,https://inkeedecoder.com/products/kozicare-skin-whitening-plus-soap
dark spots,"Hydroquinone (2%), Kojic Acid, Arbutin, Ethoxydiglycol, Water, Camellia Sinensis (Green Tea) Polyphenols, Silybum Marianum (Silymarin Fruit Extract), Phyllanthus Emblica Fruit Extract, Phosphoric Acid, Disodium EDTA, Arctostaphylos Uva-Ursi (Bearberry) Leaf Extract, Ascorbic Acid",AziMD Skincare Dermabright Pads,https://inkeedecoder.com/products/azimd-skincare-dermabright-pads
dark spots,"Potassium Azeloyl Diglycinate, Kojic Acid, Lactic Acid, Water, Dimethyl Isosorbide, Emulsifying Wax NF, Isopropyl Palmitate, Sorbitol, Glycerin, Benzyl Alcohol",CCSD Rx Brightening Cream,https://inkeedecoder.com/products/ccsd-rx-brightening-cream
dark spots,"Tranexamic Acid (10% W/​W), + Kojic Acid (2% W/​W), + Arbutin (1.5% W/​W), + Magnesium (1% W/​W), + Vitamin E (1% W/​W), + Mulberry Extract (1% W/​W)",Canixa Tyrodin Cream,https://inkeedecoder.com/products/canixa-tyrodin-cream
dark spots,"Hydroquinone (3.9%), Kojic Acid (2%), Certified Organic Aloe Vera Gel, Camellia Sinensis (Japanese Green Tea) Leaf Extract, Lactic Acid, L Ascorbic Acid, Tocopheryl Acetate (Vitamin E), Olive Squalane, Grapeseed Extract, Bitter Orange Flower (Neroli) Oil, Sodium Hyaluronate, 2- Dimethylaminoethanol (Dmae), Thioctic Acid (Alpha Lipoic), Evening Primrose Oil",ClearChoice Enlighten,https://inkeedecoder.com/products/clearchoice-enlighten
dark spots,"Deionized Water/​Aqua/​Eau, Kojic Acid, Alpha-Arbutin, Arctostaphylos Uva-Ursi Leaf Extract, Glycerin, Thyme Extract, Cucumber Extract, Algae Extract, Pullulan, EDTA, Phenoxyethanol, Hyaluronic Acid, Fragrance",Cosmetic Skin Solutions Supreme Pytho + Gel,https://inkeedecoder.com/products/supreme-skin-solutions-supreme-pytho-gel
dark spots,"Vitamin C, Kojic Acid, Niacinamide, Salicylic Acid, Hyaluronic Acid, Probiotics",DR.Cute Advanced Glowing Serum,https://inkeedecoder.com/products/dr-cute-advanced-glowing-serum
dark spots,"Pure Hyaluronic Acid, Kojic Acid, Alpha-Arbutin, Vitamin B3 Niacinamide, Potassium Sorbate, Citric Acid, Distilled Water",Dermaceutical  Skin Whitening & Anti Aging Serum,https://inkeedecoder.com/products/skin-whitening-serum-kojic-acid-arbutin-hylauronic-acid-reduces-fine-lines-and-wrinkles-dermaceutical-dermaceutical
dark spots,"Alpha-Arbutin, Kojic Acid, Niacinamide, Ferulic Acid, Phytic Acid, Mandelic Acid, Squalane, Lactic Acid, B-White Peptide, [Water, Butylene Glycol, Hydrogenated Lecithin, Sodium Oleate, Oligopeptide-68, Disodium EDTA], Dimethyl MEA, Sodium Hyaluronate, Tetrahexyldecyl Ascorbate, Caprylic/​Capric Triglycerides, Phyllanthus Emblica Fruit Extract",Devine Derriere Radical Dark Spot Remover Cream,https://inkeedecoder.com/products/devine-derriere-radical-dark-spot-remover-cream
dark spots,"Lactic Acid, Kojic Acid, Niacinamide, Salicylic Acid, Glutathione, Grapeseed Extract, Sunflower Oil",Esme skin Revita Glow Bar,https://inkeedecoder.com/products/esme-skin-revita-glow-bar
dark spots,"Petrolatum, Kojic Acid, Ethylhexyl Methoxycinnamate, Zinc Oxide, Octocrylene, Butyrospermum Parkii (Shea) Butter, Ceramide NP, Ceramide AP, Ceramide EOP, Phytosphingosine, Cholesterol, Carbomer, Xanthan Gum, Paraffin Wax, Titanium Dioxide, Iron Oxides (Cl 77491, Ci77492, Ci 77499)",Fixderma Tinted Lipbalm,https://inkeedecoder.com/products/fixderma-tinted-lipbalm
dark spots,"Vitamin C, Kojic Acid, Carrot Extract, Prickly Pear Extract",Geneo Brighten,https://inkeedecoder.com/products/geneo-brighten
dark spots,"Glycolic Acid, Kojic Acid, Rice Water, Niacinamide","Get Nectar Happiness 6% Glycolic & 2% Kojic Acid Serum Cream Helps Reduce Pigmentation, Acne Scars, Dark, Age Spots, Blemishes & Uneven Skin Tone.",https://inkeedecoder.com/products/get-nectar-happiness-6-glycolic-2-kojic-acid-serum-cream-helps-reduce-pigmentation-acne-scars-dark-age-spots-blemishes-uneven-skin-tone
dark spots,"Aqua, Kojic Acid, Paraffinum Liquidum, Hydrogenated Palm Glycerides, Triethanolamine, Prunus Dulcis, Daucus Carota, Salicylic Acid, Glycerin, Ceteareth-12, Cetearyl Alcohol, Palmitic Acid, Stearic Acid, Phenoxyethanol, Methyl Paraben, Ethylparaben, Butylparaben, Propyl Paraben, Isobutylparaben, Carbomer, Benzyl Alcohol, Methylchloroisothiazolinone, Methylisothiazolinone, Triethylene Glycol, Magnesium Nitrate, Magnesium Chloride, Linalool, D-Limonene, Eugenol, Coumarin, Gerance",HT26 Lightning Lotion,https://inkeedecoder.com/products/ht26-lightning-lotion
dark spots,"Niacinamide, Kojic Acid, Hydrolyzed Collagen, Papaya Extract, Tomato Extract, Glutathione, Alpha-Arbutin, Licorice Root",Ivana Skin Bleaching Cloud Cream,https://inkeedecoder.com/products/ivana-skin-bleaching-cloud-cream
dark spots,"Curcuma Longa (Turmeric) Root Extract, Kojic Acid, Alkyl Polyglucoside (Apg), Stearic Acid, Lemon, Glycerin, Shea Butter, Tocopherol, Sodium Hyaluronate, Retinol, Collagen, Water, Fragrance, Vitamin C, Vitamin E",Klear Bloom Lemon Turmeric Kojic Acid Soap,https://inkeedecoder.com/products/klear-bloom-lemon-turmeric-kojic-acid-soap
dark spots,"Soap Noodles, Kojic Acid, Glycerine, Shea Butter, Cocoa Butter, Perfume, Alpha-Arbutin, Licorice, Hyaluronic Acid, Oatmeal, Vitamin E, Vitamin C, Ceramide",Kojifab Moisturizing Bar,https://inkeedecoder.com/products/kojifab-moisturizing-bar
dark spots,"Dimethiconol, Kojic Acid, Cetearyl Ethylhexanoate, Adenosine, Ammonium Polyacryloyldimethyl Taurate, Dioscorea Villosa (Wild Yam) Root Extract, Isopropyl Myristate, Xanthan Gum, Water, Butylene Glycol, Glycerin, Cholesterol, Padina Pavonica Extract, Paraffin, Pentaerythrityl Tetraethylhexanoate, Hydroxyapatite, Hydroxyethylpiperazine Ethane Sulfonic Acid, Hydroxypalmitoyl Sphinganine, Hydroxypropyl Tetrahydropyrantriol, Hexyldecanol, Hordeum Vulgare Extract, Mica, Cyclohexasiloxane, Acrylates Copolymer, Chlorphenesin, Red 30 Lake, Cyclopentasiloxane, Tocopheryl Acetate (Vitamin E), PEG-20 Methyl Glucose Sesquistearate, Methylparaben, Linalool, Citronellol, Limonene, Fragrance, Titanium Dioxide, Hydrolyzed Soy Protein, Red 4 Lake",Lancôme Absolue Ultimate Bx Replenishing And Restructuring Serum,https://inkeedecoder.com/products/lancome-absolue-ultimate-bx-replenishing-and-restructuring-serum
dark spots,"Aqua, Kojic Acid, Squalene, Oryza Sativa (Rice) Extract, Azelaic Acid, Niacinamide, Sodium Methylparaben, Sodium Propylparaben, Panax Ginseng Root Extract, Hyaluronic Acid, Propylene Glycol, Butylene Glycol, Disodium Ethylenediaminetetraacetate, Fragrance",Lord’s - Secrets of Korean Glass Skin Rice Water Brightening Elixir Serum,https://inkeedecoder.com/products/lords-secrets-of-korean-glass-skin-rice-water-brightening-elixir-serum
dark spots,"Aqua (Water), Kojic Acid, Salicylic Acid, Arbutin, Glycyrrhetinic Acid, Citric Acid, Lactic Acid, Phytic Acid, Sodium Cetearyl Sulfate, Sodium Lauryl Sulfate, Ascorbic Acid, Sodium Lactate, Glycerin, Serine, Sorbitol, Tea-Lactate, Urea, Cetearyl Alcohol, Ethylhexylglycerin, Sodium Chloride, Allantoin",MCCM Melanoout Cream,https://inkeedecoder.com/products/mccm-melanoout-cream
dark spots,kojic-acid,Next page >>,https://inkeedecoder.com/ingredients/kojic-acid?uoffset=1
dark spots,"Isohexadecane, Ascorbic Acid 30.0%, Butylene/​Ethylene/​Styrene Copolymer, Ethylene/​Propylene/​Styrene Copolymer, Isononyl Isononanoate, Tetrahexyldecyl Ascorbate, Tocopheryl Acetate, Citrus Grandis (Grapefruit) Peel Oil, Citrus Aurantium Amara (Bitter Orange) Peel Oil, Squalane, Ubiquinone, Isomalt, Hydrated Silica, Limonene, Hydrolyzed Corn Starch, Phenoxyethanol","30.0% | C Scape High Potency Night Booster 30
        

            DCL",https://inkeedecoder.com/products/dcl-c-scape-high-potency-night-booster-30
dark spots,"Dimethicone, Ascorbic Acid 30.0%, Polysilicone-11, Peg-10 Dimethicone","30.0% | Vitamin C Suspension 30% In Silicone
        

            The Ordinary",https://inkeedecoder.com/products/the-ordinary-vitamin-c-suspension-30-in-silicone
dark spots,"Water, Ascorbic Acid 25.0%, Propanediol, Tromethamine, Dimethicone, Panthenol, Ethyl Ascorbyl Ether, Squalane, Caffeine, Sodium Chloride, Sodium Hyaluronate, Fragrance, Adenosine, Sodium Sulfite, Disodium EDTA, Glutathione, Gardenia Florida Extract, Acetyl Glucosamine, Dextrin, Hydrogenated Sunflower Seed Oil, Butylene Glycol, Tocopherol, Arginine, Xanthan Gum, Methyl Trimethicone, Niacinamide, Pentylene Glycol, Safflower Seed Oil, Camellia Sinensis Seed Oil, Sodium Citrate, Denatured Alcohol, Daucus Carota Sativa Root Extract, Licorice Root Extract, Beta-Carotene","25.0% | A.C.E. Vitamin C25
        

            IOPE",https://inkeedecoder.com/products/iope-a-c-e-vitamin-c25
dark spots,"Ethoxydiglycol, L Ascorbic Acid 25.0%, Aqua, PEG-8, Betaine, Harpagophytum Procumbens Root Extract, Hydrolyzed Brassica Alba Seed Extract, Centella Asiatica Extract, Cynara Scolymus Leaf Extract, Yeast Extract, Salicornia Herbacea Extract, Tocopherol, Ethyl Ascorbic Acid, Citrus Paradisi Fruit Extract, Saccharide Isomerate, Glycerol, Butylene Glycol, PEG/​PPG-300/​55 Copolymer, PPG-6-Decyltetradeceth-30, Parfum","25.0% | C25 Neo
        

            Rohto Obagi",https://inkeedecoder.com/products/rohto-obagi-25-neo-vitamin-c-serum
dark spots,"Water, Ascorbic Acid 23.0%, Propanediol, Dimethicone, Tromethamine, Panthenol, Ethyl Ascorbyl Ether, Squalane, Caffeine, Sodium Chloride, Sodium Hyaluronate, Flavor, Adenosine, Sodium Sulfite, Disodium EDTA, Glutathione, Acetyl Glucosamine, Gardenia Florida Fruit Extract, Dextrin, Helianthus Annuus (Sunflower) Seed Oil, Butylene Glycol, Glycyrrhiza Glabra (Licorice) Root Extract, Tocopherol, Arginine, Methyl Trimethicone, Niacinamide, Pentylene Glycol, Carthamus Tinctorius (Safflower) Seed Oil, Camellia Japonica Seed Oil, Sodium Citrate, Alcohol Denat, Daucus Carota Sativa (Carrot) Root Extract, Beta-Carotene","23.0% | The Vitamin C23
        

            IOPE",https://inkeedecoder.com/products/iope-the-vitamin-c23
dark spots,"Ascorbic Acid 23.0%, Squalane, Isodecyl Neopentanoate, Isononyl Isononanoate, Coconut Alkanes, Ethylene/​Propylene/​Styrene Copolymer, Ethylhexyl Palmitate, Silica Dimethyl Silylate, Sodium Hyaluronate, Glucomannan, Coco-Caprylate/​Caprate, Butylene/​Ethylene/​Styrene Copolymer, Acrylates/​Ethylhexyl Acrylate Crosspolymer, Trihydroxystearin, Bht","23.0% | Vitamin C Suspension 23% + Ha Spheres 2%
        

            The Ordinary",https://inkeedecoder.com/products/the-ordinary-vitamin-c-suspension-23-ha-spheres-2
dark spots,"Dimethicone, Ascorbic Acid 22.0%, Polysilicone-11, Ethylhexyl Palmitate, PEG-10 Dimethicone, Silica Silylate, Silica Dimethyl Silylate, Butylene Glycol, Sodium Hyaluronate","22.0% | Vitamin C24
        

            Indeed Labs",https://inkeedecoder.com/products/indeed-labs-vitamin-c24
dark spots,"Aronia Melanocarpa Fruit Extract (Black Chokeberry), Ascorbic Acid (Vitamin C) 20.5%, Butylene Glycol, Sodium Lactate, Licorice Root Extract, 1,2- Hexanediol, Pullulan, Sodium Hyaluronate, Cassia Obtusifolia Seed Extract, Allantoin","20.5% | Triple C Lightning Liquid
        

            COSRX",https://inkeedecoder.com/products/cosrx-triple-c-lightning-liquid
dark spots,"Aqua, Ascorbic Acid 20.0%, Butylene Glycol, Propanediol, Dipropylene Glycol, Glycerin, 1,2-Hexanediol, Tromethamine, PEG-40 Hydrogenated Castor Oil, Chondrus Crispus Extract, PEG-240/​Hdi Copolymer Bis-Decyltetradeceth-20 Ether, Propylene Glycol, Saccharum Officinarum (Sugarcane) Extract, Caprylyl Glycol, Diethoxydiglycol, Ferulic Acid (Mixture 1% [Glycerin, Diethoxydiglycol, PEG-40 Hydrogenated Castor Oil, ~, Oryza Sativa Extract]), Resveratrol 0.2%, Allantoin, Melia Azadirachta Flower Extract, Dipotassium Glycyrrhizate, Melia Azadirachta Leaf Extract, Adenosine, Centella Asiatica Extract, Curcuma Longa (Turmeric) Root Extract, Ocimum Sanctum Leaf Extract, Citrus Aurantium Dulcis (Orange) Peel Oil, Gentiana Scabra Root Extract, Glycyrrhiza Uralensis (Licorice) Root Extract, Caramel, Oryza Sativa (Rice) Extract, Citrus Aurantium Amara (Bitter Orange) Flower Oil, Corallina Officinalis Extract, Pelargonium Graveolens Flower Oil, Sodium Metabisulfite, Artemisia Annua Extract, Cnidium Monnieri Fruit Extract, Sophora Angustifolia Root Extract, Potassium Laurate, BHT","20.0% | VC Oxidation Resistance Serum
        

            Dr.magic",https://inkeedecoder.com/products/dr-magic-vc-oxidation-resistance-serum
dark spots,"Oryza Sativa (Rice) Starch*, Sodium Bicarbonate*, Citric Acid*, Disodium Lauryl Sulfosuccinate*, Cocamidopropyl Betaine*, Parfum (Fragrance)*, Hydrated Silica*, Maltodextrin*, Monosodium Citrate*, Limonene*, Daucus Carota Sativa (Carrot) Juice*, Citrus Limon (Lemon) Peel Powder*, Citrus Aurantium Dulcis (Orange) Peel Powder*, Tocopheryl Acetate*, Tocopherol*, Sodium Chloride*, PEG-150*, Magnesium Aspartate*, Zinc Gluconate*, Panthenol*, Sodium Hyaluronate*, Aqua (Water)*, Linalool*, Citral*, Benzyl Salicylate*, Oryza Sativa (Rice) Starch**, Ascorbic Acid ** 20.0%, Hydrated Silica**","20.0% | Vitamin Nectar Vitamin C Brightening Powder
        

            Fresh",https://inkeedecoder.com/products/fresh-vitamin-nectar-vitamin-c-brightening-powder
dark spots,"Aqua /​ Water /​ Eau, Ascorbic Acid 20.0%, Ethoxydiglycol, Propylene Glycol, Glycerin, Zinc Sulfate, Phenoxyethanol, Sodium Hydroxide, Panthenol, Ferulic Acid 0.2%, Sodium Hyaluronate","20.0% | Serum 20 AOX+
        

            SkinCeuticals",https://inkeedecoder.com/products/skinceuticals-serum-20-aox
dark spots,"Aqua, Ethoxydiglycol, Ascorbic Acid 20.0%, Propylene Glycol, Anogeissus Leiocarpus Bark Extract, Centella Asiatica Extract, Tocopheryl Acetate, Lactobionic Acid, Calcium Chloride, Glycerin, Sodium Benzoate, Potassium Sorbate, Polysorbate 80, Benzyl Alcohol, Dehydroacetic Acid","20.0% | 20% Vitamin C Essence
        

            Spring Letter",https://inkeedecoder.com/products/spring-letter-20-vitamin-c-essence
dark spots,ascorbic-acid,Show all >>,https://inkeedecoder.com/ingredients/ascorbic-acid?koffset=1
dark spots,"Alpha-Arbutin, Glabridin, Citric Acid, Propylene Glycol, Glyceryl Monostearate, Polyethylene, Mg Stearate+, Glycerin, Polysorbate, Titanium Dioxide, Methylparaben, Propylparaben, Phenoxyethanol, Triethanolamine, Purified Water",Avalon Pharma Alpha Plus Cream,https://inkeedecoder.com/products/avalon-pharma-alpha-plus-cream
dark spots,"Alpha-Arbutin, Glabridin(Licorice Extract), Kojic Acid, Vitamin C(Ascorbic Acid), Lysine Azelate, Ascorbyl Glucoside, Niacinamide, Titanium Dioxide, Lactic Acid, Salicylic Acid, Citric Acid, Vitamin E(Tocopheryl Acetate), Shea Butter, Glycerin, Xylitol, Eperua Falcata Bark Extract, Panthenol, Allantoin, Chamomile Extract",Starville Whitening Cleanser,https://inkeedecoder.com/products/starville-whitening-cleanser
dark spots,"Sodium Ascorbyl Phosphate, Alpha-Arbutin, Glabridin, Phenylethyl Resorcinol, Vitamin A, Vitamin E, Vitamin B3, Vitamin B",AsraDerm Glow Max,https://inkeedecoder.com/products/asraderm-glow-max
dark spots,"Alpha-Arbutin, Kojic Acid, Glabridin, Retinol, Etioline, Glycerin, Butylene Glycol, Arctostaphylos Uva-Ursi Leaf Extract, Mitracarpus Scaber Extract, Vitamin C, Vitamin B3, Hyaluronic Acid, Caviar Extract, Papaya Extract, Castor Oil",Starville Whitening Gel,https://inkeedecoder.com/products/starville-whitening-gel-2
dark spots,"Hyaluronic Acid, Hydrolyzed Caviar Extract, Glabridin, Kojic Acid, Alpha- Arbutin, Liquorice Extract, Vitamin E, Vitamin B3, Vitamin C, Hydrolyzed Yeast Protein, Curcumin, Collagen, Omega 3, Omega 6, BHT, Caprylic Capric Triglyceride, Aloe Barbadensis Leaf Juice, Dipropylene Glycol, Glutathione, Zinc Oxide, Tea Tree Oil, Glycerin, Carbomer, Sorbitan Stearate, Panthenol, Sodium Hyaluronate, Allantoin, Sodium Carbomer, Propyl Paraben, Sodium Hydroxide, Phenoxyethanol, Water",Vacation Whitening Night Care Gel,https://inkeedecoder.com/products/vacation-whitening-night-care-gel
dark spots,"Camellia Sinensis (Green Tea) Leaf Extract, Bakuchiol, Niacinamide, Glabridin, Lactobacillus Ferment Filtrate, Polylysine, Trifolium Pratense (Clover) Extract, Aloe Barbadensis (Aloe Vera) Leaf Juice, Bentonite, Calendula Officinalis Flower Extract, Sodium Stearoyl Glutamate, Chamomilla Recutita (Matricaria) Flower Extract, Lecithin, Allantoin, Zinc Pca, Glycerin, Piperonyl Glucoside, Biosaccharide Gum-2, Leuconostoc/​Radish Root Ferment Filtrate, Lactobacillus, Cocos Nucifera (Coconut) Fruit Extract, Bifida Ferment Filtrate, Alpha-Glucan Oligosaccharide, Potassium Sorbate, Epilobium Fleischeri Extract, Pullulan, Avena Sativa Kernel Flour, Sodium Ascorbyl Phosphate, Sodium Benzoate, Tocopheryl Acetate, Sclerotium Gum, Vitis Vinifera (Grape) Seed Oil, Propanediol, Butylene Glycol, Xanthan Gum, Citric Acid, Water",Functional Care Sérum Anti Acne E Anti Vermelhidão,https://inkeedecoder.com/products/functional-care-serum-anti-acne-e-anti-vermelhidao
dark spots,"Rosa Canina (Rosehip) Fruit Oil, Olus (Vegetable) Oil, Aloe Barbadensis (Aloe Vera) Leaf Extract, Carotenoids (Plant Pigments), Rheum Rhaponticum (False Rhubarb) Root Extract, Glabridin (Liquorice Derived), Alpha Tocopherol (Natural Vitamin E), Helianthus Annuus (Sunflower) Seed Oil, Vaccinium Myrtillus (Blueberry) Fruit/​Leaf Extract, Saccharum Officinarum (Sugar Cane) Extract, Citrus Aurantium Dulcis (Orange) Fruit Extract, Citrus Limon (Lemon) Fruit Extract, Acer Saccharum (Sugar Maple) Extract, Citrus Aurantium Bergamia (Bergamot) Fruit Oil, Curcuma Longa (Turmeric) Root Extract, Gaultheria Procumbens (Wintergreen) Leaf Extract, Crocus Sativus (Saffron) Flower Extract, Santalum Album (Sandalwood) Oil, Daucus Carota Sativa (Carrot) Seed Oil",Brillare Skin Lightening Power Drops For Reducing Pigmentation,https://inkeedecoder.com/products/brillare-skin-lightening-power-drops-for-reducing-pigmentation
dark spots,"Aqua, Panthenol, Glycerin, Propanediol, Annona Cherimola Fruit Extract, Glabridin, Dipotassium Glycyrrhizate, Hydrolyzed Royal Jelly Protein, Sodium Hyaluronate, Hydrolyzed Hyaluronic Acid, Sodium Acetylated Hyaluronate, Acetyl Tetrapeptide-15, Asiatic Acid, Asiaticoside, Disodium Acetyl Glucosamine Phosphate, Madecassic Acid, Copper Lysinate/​Prolinate, Mannitol, Sodium Citrate, Phenoxyethanol, Polyacrylate Crosspolymer-11, Methylglucoside Phosphate, Disodium EDTA",Emmié by Happy Skin Bio-Active Dermo Repair Serum,https://inkeedecoder.com/products/emmie-by-happy-skin-bio-active-dermo-repair-serum
dark spots,"Glutathione, Sodium Ascorbyl Phosphate, Alpha-Arbutin, Kojic Acid Dipalmitate, Licorice Extract, Ascorbyl Glucoside, Glabridin, Papaya Extract, Hyaluronic Acid",Dermcare Melanex Cream,https://inkeedecoder.com/products/dermcare-melanex-cream
dark spots,"Aqua, Propanediol, Propylene Glycol, Niacinamide, Glycerin, Glycyrrhiza Glabra Root Extract, Glabridin, Aloe Barbadensis Leaf Extract, Bellis Perennis Flower Extract, Benzoic Acid, Phenoxyethanol, Potassium Sorbate, Sodium Phosphate, Disodium EDTA, PPG-13-Decyltetradeceth-24, Tromethamine, Glutathione, Hydrolyzed Sodium Hyaluronate, Fragrance (Parfum) Components, Finished Fragrances",Kindy Glow Juicy Daisy Toner With Ultra Fine Mist,https://inkeedecoder.com/products/kindy-glow-juicy-daisy-toner-with-ultra-fine-mist
dark spots,"Water, Cetyl Alcohol, Stearic Acid, Glyceryl Stearate, Triethanolamine, Punica Granatum Fruit Extract, Glabridin, Dermawhitewf, Aqua, Tartaric Acid, Disodium EDTA, Sodium Sulfite, Sodium Metabisulfite, Glycerin, Butylene Glycol, Saxifraga Sarmentosa Extract, Carica Papaya (Papaya) Fruit Extract, Psidium Guajava Fruit Extract, Niacinamide, Helianthus Annuus Seed Oil, Panthenol, Sodium Hyaluronate, Prunus Amygdalus Dulcis Oil, Cocos Nucifera Oil, Tocopheryl Acetate, Alpha-Arbutin, Propylene Glycol, Olea Europaea Fruit Oil, Kojic Acid, Sodium Lactate, Carum Petroselinum Extract, Mulberry Root Extract (Glycerin (And) Water
(And) Morus Alba Root Extract), Honey, Ascorbyl Glucoside, Potassium Sorbate",Orchidia Clarimond Whitening Spray,https://inkeedecoder.com/products/orchidia-clarimond-whitening-spray
dark spots,"Aqua, Propylene Glycol, Carica Papaya Fruit Extract, Lactic Acid, Sodium Lactate, Gluconolactone, Glycerin, Glabridin, Citrus Aurantium Dulcis Fruit Extract, Citrus Limon Fruit Extract, Acer Saccharum Extract, Vaccinium Myrtillus, Saccharum Officinarum, Ceramide NP, Hydrogenated Phosphatidylcholine, Stearic Acid, Cholesterol, Caprylic/​Capric Triglyceride, Propanediol, 1,2-Hexanediol, Phospholipids, Phenoxyethanol, Ethylhexylglycerin, Citric Acid, Polyacrylate Crosspolymer-6, Sodium Citrate",Miss Alice Tectonic / Toner With Liposomal Glabridin,https://inkeedecoder.com/products/miss-alice-tectonic-toner-with-liposomal-glabridin
dark spots,"Allantoin, Aloe Vera, PEG-100 Stearate, Avobenzone, CCTG (Caprylic/​Capric Triglycerides), Cetyl Alcohol, D-Panthenol, Dimethicone, Disodium Edetate, Glabridin (Licorice Extract), Glycerin, Glyceryl Monostearate, Grape Seed Oil, Isopropyl Myristate, Kokum Butter, Niacinamide, Octyl Methoxycinnamate, Olive Oil, Oxybenzone, Propylene Glycol, Prunus Amygdalus Dulcis Oil, Rice Bran Oil, Sepiplus 400, Polyacrylate-13, Polyisobutene, Polysorbate 20, Sesaflash, Acrylates Copolymer, Vp/​Polycarbamyl Polyglycol Ester, Hydrolyzed Sesame Protein Pg-Propyl Methylsilanediol, Simmondsia Chinensis Seed Oil, Sodium Hyaluronate, Sodium PCA, Stearic Acid, Triticum Vulgare Germ Oil, Vitamin E Acetate, Fragrance, Purified Water",Canixa Facemoist,https://inkeedecoder.com/products/canixa-facemoist
dark spots,"Allantoin, Aloe Vera, PEG-100 Stearate, Avobenzone, CCTG (Caprylic/​Capric Triglycerides), Cetyl Alcohol, D-Panthenol, Dimethicone, Disodium Edetate, Glabridin (Licorice Extract), Glycerin, Glyceryl Monostearate, Grape Seed Oil, Isopropyl Myristate, Kokum Butter, Niacinamide, Octyl Methoxycinnamate, Olive Oil, Oxybenzone, Propylene Glycol, Prunus Amygdalus Dulcis Oil, Rice Bran Oil, Sepiplus 400, Polyacrylate-13, Polyisobutene, Polysorbate 20, Sesaflash, Acrylates Copolymer, Vp/​Polycarbamyl Polyglycol Ester, Hydrolyzed Sesame Protein Pg-Propyl Methylsilanediol, Simmondsia Chinensis Seed Oil, Sodium Hyaluronate, Sodium PCA, Stearic Acid, Triticum Vulgare Germ Oil, Vitamin E Acetate, Fragrance, Purified Water",Facemoist Cream SPF15,https://inkeedecoder.com/products/facemoist-cream-spf15
dark spots,"Aqua, Niacinamide, Triethylhexanoin, Acrylates Copolymer, Squalane, Propylene Glycol, Bellis Perennis Flower Extract, Glycyrrhiza Glabra Root Extract, Dipotassium Glycyrrhizinate, Glabridin, Benzoic Acid, Potassium Sorbate, Sodium Phosphate, Triethanolamine, Phenoxyethanol, Glutathione, Fragrance (Parfum) Components, Finished Fragrances",Kindy Glow Powerful Daisy Brightening And Glow Serum,https://inkeedecoder.com/products/kindy-glow-powerful-daisy-brightening-and-glow-serum
dark spots,"Aqua (Water), Azelaic Acid, Propylene Glycol, Glyceryl Stearate, Cetearyl Ethylhexanoate, Glycerin, PEG-30 Stearate, Lecithin, Ellagic Acid, Glabridin, Honokiol, Magnolol, Isopropyl Myristate, Isohexadecane, Cetearyl Alcohol, Cetyl Palmitate, Cocoglycerides, Sodium Acrylate/​Sodium Acryloyldimethyl Taurate Copolymer, Polysorbate 80, Cellulose, Hydroxyethylcellulose, Sorbitan Oleate, Ethylhexylglycerin, Benzoic Acid, Benzyl Alcohol, Potassium Sorbate, Sodium Benzoate, Dehydroacetic Acid",PHARMACERIS T Azeloacne Azelaic Acid 20% Cream,https://inkeedecoder.com/products/pharmaceris-t-azeloacne-azelaic-acid-20-cream
dark spots,"1,2-Hexanediol, Sodium Chloride, Disteardimonium Hectorite, Ozokerite, Hydroxyacetophenone, Lauryl PEG-9 Polydimethylsiloxyethyl Dimethicone, Tocopherol Acetate, Polysilicone-11, Phenylethyl Resorcinol (Symwhite 377), Glabridin, Carnosine, Sodium Hyaluronate, Sodium Ascorbyl Phosphate, Hydroxypropyl Cyclodextrin, Pentylene Glycol, Edetate Disodium, Fullerenes, Parfum",Skynfuture Symwhite 377 Skin Genesis Spot Whitening Cream,https://inkeedecoder.com/products/skynfuture-symwhite-377-skin-genesis-spot-whitening-cream
dark spots,"Aqua, Ethylhexyl Methoxycinnamate, Butylene Glycol, Glycerin, Niacinamide, Coco-Caprylate/​Caprate, Bellis Perennis Flower Extract, Diisostearyl Malate, Titanium Dioxide, Glycyrrhiza Glabra Root Extract, Glabridin, Propylene Glycol, Potassium Sorbate, C13-14 Isoparaffin, Laureth-7, Aluminum Hydroxide, Hydrogen Dimethicone, Phenoxyethanol, Benzoic Acid, Triethanolamine, Carbomer, Allantoin, Glutathione, Polyacrylamide, Sodium Phosphate, Fragrance (Parfum) Components, Finished Fragrances",Kindy Glow Happy Daisy - 2in1 Day Cream Moisturizer & UV Protection (SPF),https://inkeedecoder.com/products/kindy-glow-happy-daisy-2in1-day-cream-moisturizer-uv-protection-spf
dark spots,"Purified Water, Propylene Glycol, Niacinamide, Butylene Glycol, Tranexamic Acid, Ethoxydiglycol, 4-Butylresorcinol, PEG-40 Hydrogenated Castor Oil, Glycerin, Acetyl Glucosamine, Glabridin, Water, Glycyrrhiza Glabra (Licorice) Root Extract, Phenoxyethanol, Morus Nigra Fruit Extract, 1,2-Hexanediol, Glycine, Sodium Hyaluronate, Acacia Senegal Gum, Xanthan Gum, Polyacrylate Crosspolymer-6, Sodium Metabisulfite, Butylated Hydroxytoluene, Ethylhexylglycerin, Citric Acid, Disodium EDTA",Pharmaform Skin Brightener Plus Serum,https://inkeedecoder.com/products/pharmaform-skin-brightener-plus-serum
dark spots,"Aqua, Propylene Glycol, Betaine Monohydrate, Plant Amino Acid Complex, Collagen, Hydrolyzed Silk Protein, Tranexamic Acid, Vitamin Complex, Phenoxyethanol, Microcrystalline Cellulose, Glabridin",intelligent skin therapy Whitening,https://inkeedecoder.com/products/intelligent-skin-therapy-whitening
dark spots,"Water, Carbomer, Laurtrimonium Chloride, Butylene Glycol, PEG-40 Hydrogenated Castor Oil, DMDM Hydantoin, Glutathione, Glycolic Acid, Niacinamide, Collagen, Fragaria Ananassa Fruit Extract (Strawberry), Glabridin, Lactic Acid, Ascorbic Acid, Allantoin",DR. MEINAIER Cleansing And Exfoliating Gel,https://inkeedecoder.com/products/dr-meinaier-cleansing-and-exfoliating-gel
dark spots,"Kojic Acid, Licorice Extract, Alpha-Arbutin, Vitamin C, Vitamin A, Vitamin E, Glycolic Acid, Zinc Oxide, Niacinamide, Glycerin, Allantoin, Glabridin",Interpharma Spleet Whitening,https://inkeedecoder.com/products/interpharma-spleet-whitening
dark spots,"Aqua, Cyclopentasiloxane, Galactomyces Ferment Filtrate, Methylpropanediol, Niacinamide, Butylene Glycol, Isononyl Isononanoate, Aluminum Starch Octenylsuccinate, Cystoseira TamariscIfolia Extract, Licorice (Glycyrrhiza Glabra) Extract, Polysorbate 20, Glabridin, Dimethylmethoxy Chromanyl Palmitate, Glucosyl Ceramide, Ceramide NP, Ceramide AP, Ceramide EOP, Phospholipids, Cholesterol, Phytosphingosine, Hyaluronic Acid, Allantoin, Dipotassium Glycyrrhizate, Glycerin, Sodium Lauroyl Lactylate, Carbomer, Sodium Hydroxide, Xanthan Gum, Sodium Polyacrylate, Dicaprylyl Carbonate, Polyglyceryl-3 Caprate, Phenoxyethanol, Potassium Sorbate, Parfum","Monite Brightening Serum Glabridin 0,1% + Galactomyces + Ceramides",https://inkeedecoder.com/products/monite-brightening-serum-glabridin-0-1-galactomyces-ceramides
dark spots,"Aqua, Niacinamide, Butylene Glycol, Glycerin, Propylene Glycol, Tranexamic Acid, Phenoxyethanol, Hydroxyethylcellulose, Aloe Barbadensis Leaf Extract, Glycyrrhiza Glabra Root Extract, Tetrasodium Glutamate Diacetate, Glabridin, Benzoic Acid, Glutathione, Sodium Nitrate, Sodium Chloride, Sodium Glycolate, Sodium Phosphate, Disodium Phosphate",ONEDAY Tone Up 5% Niacinamide + Tranexamic Acid + Licorice Brightening Serum,https://inkeedecoder.com/products/oneday-tone-up-5-niacinamide-tranexamic-acid-licorice-brightening-serum
dark spots,"Aqua, Niacinamide, Butylene Glycol, Glycerin, Alpha-Arbutin, Propylene Glycol, Punica Granatum Fruit Extract, Curcuma Longa (Turmeric) Root Extract, Allantoin, Glycyrrhiza Glabra Root Extract, Vitis Vinifera Fruit Extract, Glutathione, Glabridin, Phenoxyethanol, Carbomer, Tromethamine, Disodium EDTA, Zinc Pca, Citric Acid, Potassium Sorbate, Sodium Benzoate, Benzoic Acid, Ethylhexylglycerin",Skintale Brightening Niacinamide 5% + Alpha Arbutin 2% Serum,https://inkeedecoder.com/products/skintale-brightening-niacinamide-5-alpha-arbutin-2-serum
dark spots,"Water, Dipropylene Glycol, Pentylene Glycol, Nicotinamide, Glycerol, Cyklokapron, PEG/​PPG-14/​7 Dimethyl Ether, 1,2-Hexanediol, Hydroxyacetophenone, Panthenol, Sorbitol, Sodium Hyaluronate, Phenylethyl Resorcinol, Glabridin, Sodium Ascorbyl Phosphate, Carnosine, Xanthan Gum, Edetate Disodium, Hydroxypropyl Cyclodextrin",Sightfuture Symwhite 377 Skin Genesis Whitening Lotion,https://inkeedecoder.com/products/sightfuture-symwhite-377-skin-genesis-whitening-lotion
dark spots,"Glycerin, Sodium PCA, Panthenol, Behenyl/​Oleyl Behenate/​Oleate Esters, Butylene Glycol, Bifida Ferment Lysate, Urea, Ceramide NG, Ceramide AP, Ceramide NP, Ceramide EOP, Linoleic Acid, Linolenic Acid, Glabridin, Asiaticoside, Phospholipids, Sphingolipids, Madecassic Acid, Asiatic Acid, Beta-Glucan, Hexanoyl Dipeptide-3 Norleucine Acetate, Xylitylglucoside, Anhydroxylitol, Xylitol, Glucose, Glycyrrhiza Glabra (Licorice) Root Extract, Oryza Sativa (Rice) Extract, Limnanthes Alba (Meadowfoam) Seed Oil, Hexyldecanol, Citrus Limon (Lemon) Peel Powder, Hydrogenated Lecithin, Lecithin, Pentylene Glycol, Sclerotium Gum, Citrus Aurantifolia (Lime) Peel Powder, Phytosterols, Acetic Acid, Lactic Acid, P-Anisic Acid, Tocopherol, Sodium Citrate, Potassium Sorbate, Sodium Benzoate, Ethylhexylglycerin, Phenoxyethanol",Theramid C4 Hydrating Milky Toner,https://inkeedecoder.com/products/theramid-c4-hydrating-milky-toner
dark spots,"Aqua, Niacinamide, Propanediol, Pentylene Glycol, Propylene Glycol, Methylpropanediol, Lactobacillus/​Collagen/​Mesembryanthemum Crystallinum Leaf Extract Ferment Lysate, Glycerin, Glycyrrhiza Glabra Root Extract, Polyglutamic Acid, Butylene Glycol, 1,2-Hexanediol, Sodium Hyaluronate, Glabridin, Benzoic Acid, Hydrolyzed Hyaluronic Acid, Sodium Acetylated Hyaluronate, Hydroxypropyltrimonium Hyaluronate, Ethylhexylglycerin, Kluyveromyces/​Lactobacillus/​Lactococcus/​Leuconostoc/​Saccharomyces Milk Ferment Filtrate, Allantoin, Lactic Acid, Phenoxyethanol, Hydroxyethylcellulose, Sodium Nitrate, Glyoxal, Disodium EDTA",Melrae 10% Niacinamide + Probiome Booster Essence-serum,https://inkeedecoder.com/products/melrae-10-niacinamide-probiome-booster-essence-serum
dark spots,"Aqua, Niacinamide, Panthenol, Glycerin, Methylpropanediol, Propylene Glycol, Phenoxyethanol, Aloe Barbadensis Leaf Extract, Licorice Extract, Carbomer, Triethanolamine, Allantoin, PEG-40 Hydrogenated Castor Oil, Glycolic Acid, Glabridin, Ascorbic Acid, Fragrance, Sodium Benzoate, Potassium Sorbate, Benzoic Acid, Sodium Dna, Tetrasodium EDTA, Sodium Chloride, Butylene Glycol, 1,2-Hexanediol, Citric Acid, Ci 16255, Ci 42090",SYB Red Jelly Serum,https://inkeedecoder.com/products/syb-red-jelly-serum
dark spots,"Aqua (Water), Glycerin, Sodium PCA, Panthenol, Behenyl/​Oleyl Behenate/​Oleate Esters, Butylene Glycol, Bifida Ferment Lysate, Urea, Ceramide NG, Ceramide AP, Ceramide NP, Ceramide EOP, Linoleic Acid, Linolenic Acid, Glabridin, Asiaticoside, Phospholipids, Sphingolipids, Madecassic Acid, Asiatic Acid, Beta-Glucan, Hexanoyl Dipeptide-3 Norleucine Acetate, Xylitylglucoside, Anhydroxylitol, Xylitol, Glucose, Glycyrrhiza Glabra (Licorice) Root Extract, Oryza Sativa (Rice) Extract, Limnanthes Alba (Meadowfoam) Seed Oil, Hexyldecanol, Citrus Limon (Lemon) Peel Powder, Hydrogenated Lecithin, Lecithin, Pentylene Glycol, Sclerotium Gum, Citrus Aurantifolia (Lime) Peel Powder, Phytosterols, Acetic Acid, Lactic Acid, P-Anisic Acid, Tocopherol, Sodium Citrate, Potassium Sorbate, Sodium Benzoate, Ethylhexylglycerin, Phenoxyethanol",Transparent lab C4 Hydrating Milky Toner,https://inkeedecoder.com/products/transparent-lab-c4-hydrating-milky-toner
dark spots,"Aqua (Water), Glycerin, Sodium PCA, Panthenol, Behenyl/​Oleyl Behenate/​Oleate Esters, Butylene Glycol, Bifida Ferment Lysate, Urea, Ceramide NG, Ceramide AP, Ceramide NP, Ceramide EOP, Linoleic Acid, Linolenic Acid, Glabridin, Asiaticoside, Phospholipids, Sphingolipids, Madecassic Acid, Asiatic Acid, Beta-Glucan, Hexanoyl Dipeptide-3 Norleucine Acetate, Xylitylglucoside, Anhydroxylitol, Xylitol, Glucose, Glycyrrhiza Glabra (Licorice) Root Extract, Oryza Sativa (Rice) Extract, Limnanthes Alba (Meadowfoam) Seed Oil, Hexyldecanol, Citrus Limon (Lemon) Peel Powder, Hydrogenated Lecithin, Lecithin, Pentylene Glycol, Sclerotium Gum, Citrus Aurantifolia (Lime) Peel Powder, Phytosterols, Coco-Glucoside, Acetic Acid, Lactic Acid, P-Anisic Acid, Tocopherol, Sodium Citrate, Potassium Sorbate, Sodium Benzoate, Ethylhexylglycerin, Phenoxyethanol",Transparent lab C4 Hydrating Milky Toner,https://inkeedecoder.com/products/transparent-lab-c4-hydrating-milky-toner-2
dark spots,"Bis-Ethylhexyloxyphenol Methoxyphenyl Triazine, Dibutyl Adipate, Diethylamino Hydroxybenzoyl Hexyl Benzoate, Ethylhexyl Methoxycinnamate, Ethylhexyl Triazone, Laureth-7 Citrate, Lauryl Glucoside, Polyglyceryl-2 Dipolyhydroxystearate, Triethanolamine, Isobutylamido Thiazolyl Resorcinol, Tinosorb S, Licochalcone A, Vitamin E, Ascorbyl Palmitate, Glabridin, Titanium Dioxide, Zinc Oxide, Carbomer, Chamomile Extract, Panthenol, Allantoin, PEG-7 Glyceryl Cocoate, Decyl Oleate, Glycerin, Monopropylene Glycol, Octyldodecanol, Coconut Oil, Shea Butter, Carrot Oil, Phenoxyethanol, Glyceryl Mono Sterate, Xanthan Gum, Water",Bobai Sunscreen Extra Lightening Gel SPF 50,https://inkeedecoder.com/products/bobai-sunscreen-extra-lightening-gel-spf-50
dark spots,"Aqua, Niacinamide, Butylene Glycol, Glycerin, Propylene Glycol, Tranexamic Acid, Hydroxyethylcellulose, Aloe Barbadensis Leaf Extract, Glycyrrhiza Glabra Root Extract, Glutathione, Phenoxyethanol, Citric Acid, Tetrasodium Glutamate Diacetate, Sodium Chloride, Sodium Glycolate, Glabridin, Sodium Phosphate, Disodium Phosphate, Benzoic Acid, Sodium Nitrate",Ordera Hero Brightening & Glow Serum With Niacinamide Dan Tranexamic Acid,https://inkeedecoder.com/products/ordera-hero-brightening-glow-serum-with-niacinamide-dan-tranexamic-acid
dark spots,"Water, Alcohol, Hamamelis Virginiana (Witch Hazel) Water, Butylene Glycol, Niacinamide, Lactic Acid, Gluconolactone, Sodium Polyacryloyldimethyl Taurate, Tranexamic Acid, Bisabolol, Hexylresorcinol, Hydrolyzed Hyaluronic Acid, Propyl Gallate, Pentylene Glycol, 4-Butylresorcinol, Glabridin, Glycyrrhiza Glabra (Licorice) Root Extract, Rosa Damascena Flower Oil, Rosa Damascena Flower Water",PCA  Skin Pigment Gel Pro,https://inkeedecoder.com/products/pca-skin-pigment-gel-pro
dark spots,"Water, Butylene Glycol, Betaine, Glycerin, Pentylene Glycol, Xylitol, PEG/​PPG/​Polybutylene Glycol-8/​5/​3 Glycerin, Bis-PEG-18 Methyl Ether Dimethyl Silane, Inositol, Selaginella Tamariscina Extract, Sodium Hyaluronate, Sodium Polyacryloyldimethyl Taurate, Allantoin, Hydrolyzed Sodium Hyaluronate, PPG-26-Buteth-26, PEG-40 Hydrogenated Castor Oil, Glabridin, 1,2-Hexanediol, Hydroxyacetophenone, Tocopherol",biohyalux Ha Brightening Boosting Serum,https://inkeedecoder.com/products/biohyalux-ha-brightening-boosting-serum
dark spots,"Caprylic/​Capric Triglyceride, Helianthus Annuus (Sunflower) Seed Oil, Alcohol, Glycine Soja (Soybean) Oil, Octyldodecanol, 1,2-Hexanediol, Tocopherol, Melaleuca Alternifolia (Tea Tree) Leaf Oil, Bisabolol, Aloe Barbadensis Leaf Extract, Simmondsia Chinensis (Jojoba) Seed Oil, Limnanthes Alba (Meadowfoam) Seed Oil, Melia Azadirachta Leaf Extract, Melia Azadirachta Flower Extract, Corallina Officinalis Extract, Coccinia Indica Fruit Extract, Glabridin, Solanum Melongena (Eggplant) Fruit Extract, Aloe Barbadensis Flower Extract, Ocimum Sanctum Leaf Extract, Ocimum Basilicum (Basil) Flower/​Leaf Extract, Curcuma Longa (Turmeric) Root Extract, Daucus Carota Sativa (Carrot) Root Extract, Beta-Carotene, Denatonium Benzoate, Limonene, Linalool, Yellow 11 (Ci 47000)",e.l.f. Plz Clarify Face Oil,https://inkeedecoder.com/products/e-l-f-plz-clarify-face-oil
dark spots,"Aqua, Niacinamide, Butylene Glycol, Propanediol, Glycerin, Licorice (Glycyrrhiza Glabra) Extract, Glycyrrhizic Acid, Dipotassium Glycyrrhizate, PEG-40 Hydrogenated Castor Oil, DMDM Hydantoin, Glycyrrhetinic Acid, Sodium Hyaluronate, Allantoin, Xanthan Gum, Sucrose, Parfum, Glucose, Glabridin",Everwhite Niacinamide Brightening Serum,https://inkeedecoder.com/products/everwhite-niacinamide-brightening-serum-2
dark spots,"Salicylic Acid (2.0%), Caprylic/​Capric Triglyceride, Helianthus Annuus (Sunflower) Seed Oil, Alcohol, Glycine Soja (Soybean) Oil, Octyldodecanol, 1,2-Hexanediol, Tocopherol, Melaleuca Alternifolia (Tea Tree) Leaf Oil, Bisabolol, Aloe Barbadensis Leaf Extract, Simmondsia Chinensis (Jojoba) Seed Oil, Limnanthes Alba (Meadowfoam) Seed Oil, Melia Azadirachta Leaf Extract, Melia Azadirachta Flower Extract, Corallina Officinalis Extract, Coccinia Indica Fruit Extract, Glabridin, Solanum Melongena (Eggplant) Fruit Extract, Aloe Barbadensis Flower Extract, Ocimum Sanctum Leaf Extract, Ocimum Basilicum (Basil) Flower/​Leaf Extract, Curcuma Longa (Turmeric) Root Extract, Daucus Carota Sativa (Carrot) Root Extract, Beta-Carotene, Denatonium Benzoate, Limonene, Linalool",e.l.f. Plz Clarify Facial Oil,https://inkeedecoder.com/products/e-l-f-plz-clarify-facial-oil
dark spots,"Salicylic Acid (2%), Caprylic/​Capric Triglyceride, Helianthus Annuus (Sunflower) Seed Oil, Alcohol, Glycine Soja (Soybean) Oil, Octyldodecanol, 1,2-Hexanediol, Tocopherol, Melaleuca Alternifolia (Tea Tree) Leaf Oil, Bisabolol, Aloe Barbadensis Leaf Extract, Simmondsia Chinensis (Jojoba) Seed Oil, Limnanthes Alba (Meadowfoam) Seed Oil, Melia Azadirachta Leaf Extract, Melia Azadirachta Flower Extract, Corallina Officinalis Extract, Coccinia Indica Fruit Extract, Glabridin, Solanum Melongena (Eggplant) Fruit Extract, Aloe Barbadensis Flower Extract, Ocimum Sanctum Leaf Extract, Ocimum Basilicum (Basil) Flower/​Leaf Extract, Curcuma Longa (Turmeric) Root Extract, Daucus Carota Sativa (Carrot) Root Extract, Beta-Carotene, Denatonium Benzoate, Limonene, Linalool, Yellow 11 (Ci 47000)",e.l.f. Plz Clarify Facial Oil,https://inkeedecoder.com/products/e-l-f-plz-clarify-facial-oil-2
dark spots,"Aqua, Ascorbic Acid, Ascorbyl Tetraisopalmitate, Propanediol, Niacinamide, Glycereth-26, Diheptyl Succinate, Methyl Methacrylate/​Glycol Dimethacrylate Crosspolymer, Undecane, Glyceryl Oleate Citrate, Glycerin, Ectoin, Oryzanol, 4-Butylresorcinol, Diglucosyl Gallic Acid, Xylitylglucoside, Superoxide Dismutase, Tremella Fuciformis (Snow Mushroom) Polysaccharide, Glabridin, Madecassoside, Chlorella Vulgaris (Microalgae) Extract, Palmitoyl Tripeptide-38, Betaine, Matricaria Recutita (German Chamomile) Flower Extract, Heptyl Undecylenate, Sodium PCA, Sodium Lactate, Tridecane, Anhydroxylitol, Arginine, Tocopherol, Hydroxyacetophenone, Xylitol, Olive Glycerides, Aspartic Acid, Pca, Ethyl Oleate, Glycine, Alanine, Serine, Valine, Lactic Acid, Polyacrylate Crosspolymer-6, Hydroxypropyl Starch Phosphate, Caprylic/​Capric Triglyceride, Capryloyl Glycerin/​Sebacic Acid Copolymer, Potassium Sorbate, Hydroxypropyl Cyclodextrin, Sodium Phytate, Propyl Gallate, Citric Acid, Disodium EDTA, Myristyl Myristate, Sodium Metabisulfite, Proline, Threonine, Isoleucine, Histidine, Phenylalanine",Cipher C-shield,https://inkeedecoder.com/products/cipher-c-shield-3
dark spots,"Water (Aqua), Cyclopentasiloxane, Butylene Glycol, Dimethicone Crosspolymer, Hydroxyethyl Acrylate/​Sodium Acryloyldimethyl Taurate Copolymer, Squalane, Saccharum Officinarum (Sugar Cane) Extract, Tropaeolum Majus Extract, Palmaria Palmata Extract, Camellia Sinensis Leaf Extract, Pyrus Malus (Apple) Fruit Extract, Citrus Aurantium Dulcis (Orange) Fruit Extract, Citrus Limon (Lemon) Fruit Extract, Resveratrol, Dipotassium Glycyrrhizate, Dimethicone, Phenylethyl Resorcinol, Dimethicone/​PEG-10/​15 Crosspolymer, Glabridin, Glycyrrhiza Glabra (Licorice) Root Extract, Polysorbate 60, Disodium EDTA, Sodium Hydroxide, Caprylyl Glycol, Ethylhexylglycerin, Chlorphenesin, Phenoxyethanol, Sorbitan Isostearate, Benzyl Benzoate, Fragrance (Parfum), Citral, Limonene, Linalool",LANCER Fade Serum Intense,https://inkeedecoder.com/products/lancer-fade-serum-intense
dark spots,"Cyclopentasiloxane, Dimethicone, Polysilicone-11, Ascorbic Acid (Pure Vitamin C), Mica, Butyrospermum Parkii (Shea) Butter, Silica, Titanium Dioxide (Cl 77891), Cannabis Sativa Seed Oil, Cannabis Sativa Flower/​Leaf/​Stem Extract, Camellia Sinensis Leaf Extract, Tartaric Acid, Linoleic Acid, Hydroxyapatite, Cholesterol, Squalane, Creatine, Caffeine, Magnolia Grandiflora Bark Extract, Sodium Hyaluronate, Glabridin, Ormenis Multicaulis (Moroccan Chamomile) Oil, Pentaerythrityl Tetraisostearate, Salvia Sclarea (Clary Sage) Oil, Hordeum Vulgare Extract, Iron Oxides (Cl 77491), Triticum Vulgare (Wheat) Germ Oil",Beautystat Universal C Eye Perfector,https://inkeedecoder.com/products/beautystat-universal-c-eye-perfector
dark spots,"Cyclopentasiloxane, Dimethicone, Polysilicone-11, Ascorbic Acid (Pure Vitamin C), Mica, Butyrospermum Parkii (Shea) Butter, Silica, Titanium Dioxide (Ci 77891), Hemp Seed Oil, Hemp Flower/​Leaf/​Stem Extract, Camellia Sinensis Leaf Extract, Tartaric Acid, Linoleic Acid, Hydroxyapatite, Cholesterol, Squalane, Creatine, Caffeine, Magnolia Grandiflora Bark Extract, Sodium Hyaluronate, Glabridin, Ormenis Multicaulis (Moroccan Chamomile Oil), Pentaerythrityl Tetraisostearate, Salvia Sclarea (Clary Sage) Oil, Hordeum Vulgare Extract, Iron Oxides (Ci 77491), Triticum Vulgare (Wheat) Germ Oil",Beautystat Universal C Eye Perfector,https://inkeedecoder.com/products/beautystat-universal-c-eye-perfector-2
dark spots,"Aqua, PPG-13-Decyltetradeceth-24, Methylpropanediol, Butylene Glycol, Bakuchiol, Salicylic Acid, Centella Asiatica Extract, Lactobacillus/​Collagen/​Mesembryanthemum Crystallinum Leaf Extract Ferment Lysate, Amylopectin, Propylene Glycol, Xanthan Gum, Dextrin, Polyglutamic Acid, Sodium Hyaluronate, Hydrolyzed Hyaluronic Acid, Sodium Acetylated Hyaluronate, Hydroxypropyltrimonium Hyaluronate, Glycerin, Cystoseira TamariscIfolia Extract, Glycyrrhiza Glabra Extract, Glabridin, Benzoic Acid, Ethylhexylglycerin, 1,2-Hexanediol, Phenoxyethanol, Ci 17200, Ci 42090, Triethanolamine",Bythebeau Babchi Skin Rejuvenating Serum,https://inkeedecoder.com/products/bythebeau-babchi-skin-rejuvenating-serum
dark spots,"Aqua, Propylene Glycol, Glycerin, Butylene Glycol, Niacinamide, Allantoin, Propanediol, Phenoxyethanol, Acrylates/​C10-30 Alkyl Acrylate Crosspolymer, Triethanolamine, Sodium Hydroxide, Terminalia Ferdinandiana Fruit Extract, Hydroxypropyl Methylcellulose, Glycyrrhiza Glabra Root Extract, Pouteria Lucuma Pulp Extract, Ethylhexylglycerin, Tetrasodium EDTA, Sodium Benzoate, Citric Acid, Potassium Sorbate, Glabridin, Benzoic Acid, Sodium Chloride",Implora Dark Spot Treatment,https://inkeedecoder.com/products/implora-dark-spot-treatment
dark spots,"Aqua, Centella Asiatica Leaf Water, Glycerin, Dipropylene Glycol, Coco-Betaine, Propylene Glycol, Butylene Glycol, Artemisia Vulgaris Extract, Coco-Glucoside, Decyl Glucoside, Xanthan Gum, Cellulose Gum, Panthenol, Aloe Barbadensis Leaf Extract, PEG-7 Glyceryl Cocoate, Ceramide NP, Avena Sativa (Oat) Kernel Extract, Pentylene Glycol, Sodium Hyaluronate, Glycyrrhiza Glabra Root Extract, Glabridin, Camellia Sinensis Leaf Extract, Citric Acid, 1,2-Hexanediol, Ethylhexylglycerin, Potassium Sorbate, Sodium Benzoate, Benzoic Acid, Phenoxyethanol",ZIEPOTION Hydra Potion Gentle Cleanser,https://inkeedecoder.com/products/ziepotion-hydra-potion-gentle-cleanser
dark spots,"Cbd Extract, Cyclopentasiloxane, Dimethicone, Polysilicone-11, Ascorbic Acid (Pure Vitamin C), Mica, Butyrospermum Parkii (Shea) Butter, Silica, Titanium Dioxide (Ci 77891), Cannabis Sativa Seed Oil, Cannabis Sativa Flower/​Leaf/​Stem Extract, Camellia Sinensis Leaf Extract, Tartaric Acid, Linoleic Acid, Hydroxyapatite, Cholesterol, Squalane, Creatine, Caffeine, Magnolia Grandiflora Bark Extract, Sodium Hyaluronate, Glabridin, Ormenis Multicaulis Oil (Moroccan Chamomile), Pentaerythrityl Tetraisostearate, Salvia Sclarea (Clary Sage) Oil, Hordeum Vulgare Extract, Iron Oxides (Ci 77491), Triticum Vulgare (Wheat) Germ Oil",Beautystat Universal C Eye Protector,https://inkeedecoder.com/products/beautystat-cosmetics-universal-c-eye-protector
dark spots,"Aqua, Pentylene Glycol, Aloe Barbadensis (Aloe Vera) Leaf Extract, Solanum Lycopersicum (Tomato) Fruit Extract, Virgin Coconut Oil, Sunflower Oil, Beta-Glucan, Niacinamide (Vit B3), Sodium Hyaluronate, Squalane, Tocopheryl Acetate (Vit. E), Ascorbyl Isostearate (Vit. C), Retinyl Palmitate (Vit.A), Snail Secretion Filtrate, Ceramide, Hydroxyethylcellulose, Lactic Acid, Glycolic Acid, Salicylic Acid, Sorbitan Caprylate, Benzoic Acid, Glabridin, EDTA, Fragrance",Organic Skin Japan Age Defense Anti-aging Whitening Serum,https://inkeedecoder.com/products/organic-skin-japan-age-defense-anti-aging-whitening-serum
dark spots,"Aqua, Propylene Glycol, Glycerin, Niacinamide, Tranexamic Acid, Centella Asiatica Leaf, Centella Asiatica Leaf Extract, Camellia Sinensis Leaf Extract, Salicylic Acid, Allantoin, Glycyrrhiza Glabra Root Extract, Butylene Glycol, Amylopectin, Dextrin, Xanthan Gum, Propanediol, 10-Hydroxydecenoic Acid, Sebacic Acid, 1,10-Decanediol, Centella Asiatica Extract, Dipotassium Glycyrrhizate, Glabridin, Phenoxyethanol, Sodium Hydroxide, Citrus Unshiu Peel Extract, Citrus Junos Seed Extract, Actinidia Chinensis Seed Extract, Fragaria Chiloensis Fruit Extract, Vitis Vinifera Seed Extract, Vitis Vinifera Leaf Extract, Vitis Vinifera Skin Extract, Garcinia Mangostana Peel Extract, Sodium Benzoate, Disodium EDTA, PEG-40 Hydrogenated Castor Oil, 1,2-Hexanediol, Citric Acid, Potassium Sorbate, Benzoic Acid, Fragrance",n'pure Npure Toner Cica Centella Asiatica,https://inkeedecoder.com/products/npure-npure-toner-cica-centella-asiatica
dark spots,"Aqua, Niacinamide, Potassium Azeloyl Diglycinate, Propanediol, Alpha-Arbutin, Isodecyl Neopentanoate, Cannabis Sativa (Hemp) Seed Oil, Euterpe Oleracea (Acai) Fruit Oil, Glyceryl Stearate, Cetyl Alcohol, Glycereth-26, PEG-100 Stearate, Glyceryl Oleate Citrate, Undecane, Plankton Extract, Glycyrrhiza Glabra (Licorice) Root Extract, Chlorella Vulgaris (Microalgae) Extract, Haematococcus Pluvialis (Microalgae) Extract, Diheptyl Succinate, Glycerin, Palmitoyl Tripeptide-38, Xylitylglucoside, Glabridin, Madecassoside, Beta-Glucan, Panthenol, Olive Glycerides, Anhydroxylitol, Xylitol, Tocopherol, Sodium Hyaluronate, Tridecane, Myristyl Myristate, Bisabolol, Zingiber Officinale (Ginger) Root Extract, Hydroxyacetophenone, Caprylic/​Capric Triglyceride, Capryloyl Glycerin/​Sebacic Acid Copolymer, Lecithin, Polyacrylate Crosspolymer-6, Hydroxypropyl Cyclodextrin, Sodium Phytate, Phenoxyethanol, Ethylhexylglycerin, Lactic Acid",Cipher Night Shift (2023 Reformulation),https://inkeedecoder.com/products/cipher-night-shift-2023-reformulation
dark spots,glabridin,Next page >>,https://inkeedecoder.com/ingredients/glabridin?uoffset=1
dark spots,"Water (Aqua), Niacinamide 20.0%, Pentylene Glycol (Solvent/​Texture Enhancer), Butylene Glycol (Slip Agent/​Hydration), Glycerin (Skin-Replenishing), Acetyl Glucosamine (Skin-Replenishing), Ascorbyl Glucoside (Vitamin C/​Antioxidant), Glycyrrhiza Glabra (Licorice) Root Extract (Skinsoothing/​Antioxidant), Spiraea Ulmaria (Meadowsweet) Extract (Antioxidant), Portulaca Oleracea (Purslane) Extract (Antioxidant), Camellia Japonica Flower Extract (Antioxidant), Epigallocatechin Gallate (Green Tea-Derived Antioxidant), Boerhavia Diffusa Root Extract (Skin-Soothing), Camellia Sinensis (Green Tea) Leaf Extract (Antioxidant), Allantoin (Skinsoothing), Lecithin (Skin-Replenishing), Pullulan (Texture Enhancer), Panthenol (Hydration), Silica (Absorbent), Xanthan Gum (Thickener), Sclerotium Gum (Thickener), Propanediol (Hydration), Sodium Phytate (Chelating Agent), Phenoxyethanol (Preservative), Ethylhexylglycerin (Preservative)","20.0% | Clinical Niacinamide 20% Treatment
        

            Paula's Choice",https://inkeedecoder.com/products/paulas-choice-clinical-niacinamide-20-treatment
dark spots,"Water, Niacinamide 10.0%, Butylene Glycol, PEG-8, Propylene Glycol, Poloxamer 407, Tranexamic Acid 3.0%, Laureth-4, Salicylic Acid 1.0%, Carbomer, Dipotassium Glycyrrhizate, Bisabolol, Methylparaben, Phenoxyethanol","10.0% | Rejuvenating Brightening Essence
        

            BRODA® PRO",https://inkeedecoder.com/products/broda-r-pro-rejuvenating-brightening-essence
dark spots,"Organic Aloe Barbadensis Leaf Extract (Aloe), Niacinamide 10.0%, Propanediol, Glycerin, 1,2-Hexanediol, Zinc Pca 1.0%, Sodium Hyaluronate, Allantoin, Dipotassium Glycyrrhizate, Organic Hamamelis Virginiana (Witch Hazel) Leaf Extract, Organic Rosmarinus Officinalis (Rosemary) Extract, Organic Eucalyptus Globulus (Eucalyptus) Leaf Extract, Organic Thymus Vulgaris (Thyme) Extract, Organic Aspalathus Linearis (Rooibos) Extract","10.0% | Niacinamide 10 Serum
        

            Cos De BAHA",https://inkeedecoder.com/products/cos-de-baha-niacinamide-10-serum
dark spots,"Aqua (Water/​Eau), Butylene Glycol, Niacinamide 10.0%, Azelaic Acid 5.0%, Dicaprylyl Carbonate, Glycerin, Ethoxydiglycol, Cetearyl Alcohol, Dimethyl Isosorbide, Bakuchiol 1.0%, Tapioca Starch, Benzyl Alcohol, Allantoin, Sodium Stearoyl Glutamate, Xanthan Gum, Phenoxyethanol, Hydroxypinacolone Retinoate 0.2%, Disodium EDTA, Dehydroacetic Acid, Polymethylsilsesquioxane","10.0% | Flawless Nightly Serum
        

            Dr. Sam Bunting Skincare",https://inkeedecoder.com/products/dr-sam-bunting-skincare-flawless-nightly-serum
dark spots,"Water (Aqua/​Eau), Niacinamide 10.0%, Glycerin, Propanediol, Butylene Glycol, Squalane, Leuconostoc/​Radish Root Ferment Filtrate, Hyaluronic Acid, Phenoxyethanol, Hydroxyethyl Acrylate/​Sodium Acryloyldimethyl Taurate Copolymer, Hydroxyethylcellulose, Phospholipids, Xanthan Gum, Glycine Soja (Soybean) Extract, Allantoin, Disodium EDTA, Polysorbate 60, Panthenol, Glycolipids, Glycine Soja (Soybean) Sterols, Disodium Phosphate, Citric Acid, Sodium Phosphate","10.0% | Niacinamide
        

            The Inkey List",https://inkeedecoder.com/products/the-inkey-list-niacinamide
dark spots,"Aqua (Water), Niacinamide 10.0%, Pentylene Glycol, Zinc Pca 1.0%, Dimethyl Isosorbide, Tamarindus Indica Seed Gum, Xanthan Gum, Isoceteth-20, Ethoxydiglycol, Phenoxyethanol, Chlorphenesin","10.0% | Niacinamide 10% + Zinc 1%
        

            The Ordinary",https://inkeedecoder.com/products/the-ordinary-niacinamide-10-zinc-1-serum1
dark spots,"Aqua, Niacinamide 10.0%, Methylpropanediol, Pentylene Glycol, Salicylic Acid 1.0%, 3-O-Ethyl Ascorbic Acid, Carnosine, Opuntia Streptacantha Stem Extract, Glycine Max (Soybean) Seed Extract, Rhamnose, Amylopectin, Dextrin, Xanthan Gum, Trehalose, Tapioca Starch, Glycerin, Citric Acid, Hydroxyethylcellulose, 1,2-Hexanediol","10.0% | Pore Refining & Spot Correcting Concentrate
        

            dermistry⁺",https://inkeedecoder.com/products/dermistry-pore-refining-spot-correcting-concentrate
dark spots,"Aqua (Water), Niacinamide 5.0%, Tranexamic Acid 3.0%, PEG-11 Methyl Ether Dimethicone, Caprylyl Methicone, Caprylic/​Capric Triglyceride, 1-Methylhydantoin-2-Imide, 1,2-Hexanediol, PEG-12 Dimethicone, Propanediol, PEG-12 Dimethicone/​PPG-20 Crosspolymer, Tocopheryl Acetate, Morus Alba Root Extract, Brassica Campestris (Rapeseed) Seed Oil, Althaea Officinalis Root Extract, Glycyrrhiza Glabra (Licorice) Root Extract, Polyglyceryl-3 Diisostearate, Oryza Sativa (Rice) Bran Extract, Vaccinium Angustifolium (Blueberry) Fruit Extract, Panthenol, Allantoin, Sodium Hyaluronate, Phenoxyethanol, Aminomethyl Propanediol, Carbomer, Ethylhexylglycerin, Sodium Polyacrylate, Dimethicone, Cyclopentasiloxane, Glycerin, Trideceth-6, PEG/​PPG-18/​18 Dimethicone, Disodium EDTA","5.0% | Star Light Spot Corrector
        

            Acaderma",https://inkeedecoder.com/products/acaderma-star-light-spot-corrector
dark spots,"Aqua (Water), Azelaic Acid 10.0%, Caprylic/​Capric Triglyceride, Niacinamide 5.0%, Dicaprylyl Carbonate, Ascorbyl Glucoside 2.0%, Cetearyl Alcohol, Glycerin, Glyceryl Stearate SE, Cetearyl Olivate, Bakuchiol 1.0%, Sorbitan Olivate, Benzyl Alcohol, Xanthan Gum, Phenoxyethanol, Sodium Hydroxide, Disodium EDTA, Dehydroacetic Acid","5.0% | Flawless Brightly Serum
        

            Dr Sam Bunting",https://inkeedecoder.com/products/dr-sam-bunting-flawless-brightly-serum
dark spots,"Aqua (Water/​Eau), Butyrospermum Parkii (Shea) Butter, Cyclopentasiloxane, Niacinamide 5.0%, Propanediol, Dimethicone, Glycerin, Cetyl Alcohol, Caprylic/​Capric Triglyceride, Glyceryl Stearate Se, Panthenol, Xylitylglucoside, Polysilicone-11, Stearic Acid, Anhydroxylitol, Phenoxyethanol, Carbomer, Allantoin, Sodium Hyaluronate, Xylitol, Sodium Hydroxymethylglycinate, Sodium Stearoyl Glutamate, Sodium Hydroxide, Disodium Edta, Ethylhexylglycerin, Citric Acid","5.0% | Flawless Moisturiser
        

            Dr. Sam Bunting Skincare",https://inkeedecoder.com/products/dr-sam-bunting-skincare-flawless-moisturiser
dark spots,"Water, Niacinamide 5.0%, Arbutin 2.0%, Acetyl Glucosamine 2.0%, Bis-Ethoxydiglycol Cyclohexane 1,4-Dicarboxylate 1.0%, Pentylene Glycol, Butylene Glycol, Sophora Flavescens Root Extract**, Glycyrrhiza Inflata Root Extract**, Scutellaria Baicalensis Root Extract**, Dimethicone, Sodium Polyacrylate, C18-21 Alkane, Trideceth-6, 1,2-Hexanediol, Hydroxyacetophenone, Chlorphenesin","5.0% | Lab. Restoring Brightening Serum
        

            Purid",https://inkeedecoder.com/products/purid-lab-restoring-brightening-serum
dark spots,"Water, Aloe Vera Juice Extract, Niacinamide 5.0%, Cyclodextrin, Caprylic/​Capric Triglyceride, Gluconolactone, Terminalia Ferdinandiana (Kakadu Plum) Fruit Extract 5.0%, Carnitine (L), Vegetable Glycerin, Polysorbate 20, Retinaldehyd 0.5%, (Symwhite) Phenylethyl Resorcinol, Tocopheryl Acetate (D-Alpha), Bisabolol (L-Alpha), Hydrolyzed Marine Collagen, Porphyra Umbilicalis (Red Algae) Extract, Vaccinium Macrocarpon (Cranberry) Fruit Extract, Lactic Acid, Rubus Chamaemorus Seed Oil, Citrus Aurantium Bergamia (Bergamot) Fruit Oil, Michelia Alba (Magnolia) Flower Oil, Maltodextrin, Sodium Lactate, Lonicera Caprifolium (Honeysuckle) Flower Extract, Japonica (Honeysuckle) Flower Extract, Lecithin, Citrus Aurantium Dulcis (Orange) Fruit Extract, Jojoba Oil, Glycine Soja (Soybean) Oil, Apple Fruit Extract, Mangosteen Fruit Extract, Sorbitol, Beta-Glucan, Aloe Vera, Allantoin, Calendula Officinalis Flower Extract, Chamomile, Hyaluronic Acid, Hyaluronic Acid Hmw, Colloidal Oatmeal (Avena Sativa), Canadian Willow Herb Extract, Coenzyme Q10, Butylene Glycol, Phenoxyethanol, Caprylyl Glycol, Ethylhexylglycerin, Pentylene Glycol, Potassium Sorbate, Green Tea Leaf Extract, Alcohol, Citric Acid, Xanthan Gum, Sclerotium Gum, Pullulan, Sodium Benzoate, Benzoic Acid, 1,2-Hexanediol, Sodium Phytate","5.0% | Abc Repair & Restore Antioxidant Serum Rx2
        

            RejuAus",https://inkeedecoder.com/products/rejuaus-abc-repair-restore-antioxidant-serum-rx2
dark spots,niacinamide,Show all >>,https://inkeedecoder.com/ingredients/niacinamide?koffset=1
dark spots,"Propanediol, Resveratrol 3.0%, Ferulic Acid 3.0%","3.0% | Resveratrol 3% + Ferulic Acid 3%
        

            The Ordinary",https://inkeedecoder.com/products/the-ordinary-resveratrol-3-ferulic-acid-3
dark spots,"Aqua, Ascorbic Acid 20.0%, Butylene Glycol, Propanediol, Dipropylene Glycol, Glycerin, 1,2-Hexanediol, Tromethamine, PEG-40 Hydrogenated Castor Oil, Chondrus Crispus Extract, PEG-240/​Hdi Copolymer Bis-Decyltetradeceth-20 Ether, Propylene Glycol, Saccharum Officinarum (Sugarcane) Extract, Caprylyl Glycol, Diethoxydiglycol, Ferulic Acid (Mixture 1% [Glycerin, Diethoxydiglycol, PEG-40 Hydrogenated Castor Oil, ~, Oryza Sativa Extract]), Resveratrol 0.2%, Allantoin, Melia Azadirachta Flower Extract, Dipotassium Glycyrrhizate, Melia Azadirachta Leaf Extract, Adenosine, Centella Asiatica Extract, Curcuma Longa (Turmeric) Root Extract, Ocimum Sanctum Leaf Extract, Citrus Aurantium Dulcis (Orange) Peel Oil, Gentiana Scabra Root Extract, Glycyrrhiza Uralensis (Licorice) Root Extract, Caramel, Oryza Sativa (Rice) Extract, Citrus Aurantium Amara (Bitter Orange) Flower Oil, Corallina Officinalis Extract, Pelargonium Graveolens Flower Oil, Sodium Metabisulfite, Artemisia Annua Extract, Cnidium Monnieri Fruit Extract, Sophora Angustifolia Root Extract, Potassium Laurate, BHT","0.2% | VC Oxidation Resistance Serum
        

            Dr.magic",https://inkeedecoder.com/products/dr-magic-vc-oxidation-resistance-serum
dark spots,"Tretinoin, Propylene Glycol, Isopropanol, Carbomer, Triethanolamine, Butylated Hydroxytoluene, Methyl Hydroxybenzoate, Propyl Hydroxybenzoate",A-Ret Tretinoin 0.1%,https://inkeedecoder.com/products/a-ret-tretinoin-0-1
dark spots,"Tretinoin, PEG-4 Olivate, Olive Oil PEG-7 Esters, Methyl Hydroxybenzoate, Propyl Hydroxybenzoate, Propylene Glycol, Silicon Oil, Caprylic/​Capric Triglyceride, Carbomer, Triethanolamine, Purified Water",A-Ret Tretinoin Gel 0.05%,https://inkeedecoder.com/products/a-ret-tretinoin-gel-0-05
dark spots,"Retinoic Acid Tretinoin (0.5), Isopropyl Myristate, Carbopol 974 Polymer, Polysorbate 80, Glycerol, Triglyceride, Light Liquid Vaseline, Butylated Hydroxytoluene, Butylated Hydroxy Anisole, Methylparaben, Propylparaben, Sodium Hydroxide, Aqua",ASSOS Tre® %0.05 Krem,https://inkeedecoder.com/products/assos-tre-r-0-05-krem
dark spots,"Tretinoin, Cetyl Alcohol, Stearyl Alcohol, Tween 60, Sorbitan Monostearate, Methylparaben, Propylparaben, BHT, Propylene Glycol, Deionized-Water",Abdiibrahim Acnelyse,https://inkeedecoder.com/products/abdiibrahim-acnelyse
dark spots,"Tretinoin (0.025), Butylhydroxytoluene (E321), Cetyl Alcohol, Methyl Parahydroxybenzoate (E218), Propyl Parahydroxybenzoate (E216), Propylene Glycol, Stearyl Alcohol",Acnelyse Tretinoin %0.025,https://inkeedecoder.com/products/acnelyse-tretinoin-0-025
dark spots,"Tretinoin (0,05%), Butylhydroxytoluene (E321), Paraffin (Vaseline Flant), Polysorbate 60, Cetyl Alcohol, Methyl Parahydroxybenzoate (E218), Propyl Parahydroxybenzoate (E216), Propylene Glycol, Sorbitan Stearate (Span 60), Stearyl Alcohol, Purified Water",Acnelyse Tretinoin %0.05,https://inkeedecoder.com/products/acnelyse-tretinoin-0-05
dark spots,"Tretinoin (0.05%), Polyoxyl 40 Stearate, Stearyl Alcohol, Isopropyl Myristate, Stearic Acid, BHT, Sorbic Acid, Xanthan Gum, Purified Water",Acretin 0.05% Tretinoin Cream,https://inkeedecoder.com/products/acretin-0-05-tretinoin-cream
dark spots,"Tretinoin (0.025%), Stearyl Alcohol, Isopropyl Myristate, Propylene Glycol, Polysorbate 60, Sorbitan Monostearate, Glycerin, Carbomer, Edetate Disodium, Methylparaben, Propylparaben, Butylated Hydroxytoluene, Water",Acretin Tretinoin 0.025% Cream,https://inkeedecoder.com/products/acretin-tretinoin-0-025-cream
dark spots,"Tretinoin (0.025%), Stearic Acid, Polyolprepolymer-2, Isopropyl Myristate, Polyoxyl 40 Stearate, Propylene Glycol, Stearyl Alcohol, Xanthan Gum, Sorbic Acid, Butylated Hydroxytoluene, Purified Water","Actavis Pharma, Inc. Actavis Tretinoin Cream, USP 0.025%",https://inkeedecoder.com/products/actavis-pharma-inc-actavis-tretinoin-cream-usp-0-025
dark spots,"Tretinoin (0.5 Mg), Butylhydroxyanisole (E320) (X)",Airol cream 0.5 Airol Cream,https://inkeedecoder.com/products/airol-cream-0-5-airol-cream
dark spots,"Tretinoin, Glycerol Stearate, Ceteareth-20, Sorbitol Solution (70%), Cetyl Esters Wax, Phytosqualene, Butylhydroxyanisole (E320), Disodium Edetate, Magnesium Sulfate Heptahydrate, Benzoic Acid (E210), Purified Water",Airol cream 0.5 Tretinoina,https://inkeedecoder.com/products/airol-cream-0-5-tretinoina
dark spots,"Tretinoin (0.01%), Soluble Collagen, Elastin, Glyceryl Monostearate, Cetyl Alcohol, Stearyl Alcohol, Octyldodecanol, Methyl Paraben, Propyl Paraben, Carbopol, Trietanolamin (C.S.P Ph 7), Perfum, Imidurea, BHT, BHA, Propylenglycol, Purified Water","Andrómaco Hidrosam T 0,010%",https://inkeedecoder.com/products/andromaco-hidrosam-t-0-010
dark spots,"Tretinoin (0.025%), Soluble Collagen, Elastin, Glyceryl Monostearate, Cetyl Alcohol, Stearyl Alcohol, Octyldodecanol, Methyl Paraben, Propyl Paraben, Carbopol, Trietanolamin (C.S.P Ph 7), Perfum, Imidurea, BHT, BHA, Propylenglycol, Purified Water","Andrómaco Hidrosam T 0,025%",https://inkeedecoder.com/products/andromaco-hidrosam-t-0-025
dark spots,"Tretinoin (0,05%), Soluble Collagen, Elastin, Glyceryl Monostearate, Cetyl Alcohol, Stearyl Alcohol, Octyldodecanol, Methyl Paraben, Propyl Paraben, Carbopol, Trietanolamin (C.S.P Ph 7), Perfum, Imidurea, BHT, BHA, Propylenglycol, Purified Water","Andrómaco Hidrosam T 0,050%",https://inkeedecoder.com/products/andromaco-hidrosam-t-0-050
dark spots,"Tretinoin (0,1%), Soluble Collagen, Elastin, Glyceryl Monostearate, Cetyl Alcohol, Stearyl Alcohol, Octyldodecanol, Methyl Paraben, Propyl Paraben, Carbopol, Trietanolamin (C.S.P Ph 7), Perfum, Imidurea, BHT, BHA, Propylenglycol, Purified Water","Andrómaco Hidrosam T 0,100%",https://inkeedecoder.com/products/andromaco-hidrosam-t-0-100
dark spots,"Tretinoin (0.025% - 0.1%), Niacinamide (4%), Butylated Hydroxytoluene, C12-15 Alkyl Benzoate, Caprylic/​Capric Triglycerides, Cetyl Alcohol, Ethylhexylglycerin, Glycerin Usp, Glyceryl Stearate, Hydroxyethyl Acrylate/​Sodium Acryloyldimethyl Taurate Copolymer, Olive Oil, Oleic Acid, PEG-100 Stearate, Phenoxyethanol, Polydimethylsiloxane, Purified Water, Propylene Glycol, Stearic Acid, Trolamine, Vitamin E",Apostrophe Tretinoin,https://inkeedecoder.com/products/apostrophe-tretinoin
dark spots,"Tretinoin (0.05%), Aqua, Petrolatum, Propylene Glycol, Caprylic/​Capric Triglyceride, Ceteareth-20, Cetyl Alcohol, Glyceryl Stearate SE, Paraffinum Liquidum, Butylhydroxytoluene",Apoteka Dona Hidrofilni Krem Sa Tretinoinom 0.05%,https://inkeedecoder.com/products/apoteka-dona-hidrofilni-krem-sa-tretinoinom-0-05
dark spots,"Tretinoin, Ceteareth-6, Stearyl Alcohol, Ceteareth-25, Glyceryl Mono Sterate, Cetyl Alcohol, Vaseline, Yellow 1, Beeswax, Cetearyl Octanoate, Imidurea, Methyl Paraben, Propylparaben, Propylene Glycol, Titanium Dioxide, Butylated Hydroxy Anisole, Purified Water",Avalon Pharma Avotin-a,https://inkeedecoder.com/products/avalon-pharma-avotin-a
dark spots,"Retinoic Acid (Tretinoin), Isopropyl Myristate, Carbopol Polymer, Polysorbate 80, Miglyol, Glycerol, Paraffinum Liquidum, Butylated Hydroxytoluene, Butylated Hydroxy Anisole, Methylparaben, Propylparaben, Sodium Hydroxide, Aqua","Bailleul Laboratories Tretin® %0,05 Krem",https://inkeedecoder.com/products/bailleul-laboratories-tretin-r-0-05-krem
dark spots,"Tretinoin (0.04%), Purified Water, Carbomer, Glycerin, Disodium EDTA, Propylene Glycol, Propylene Glycol Dicaprylate/​Dicaprate, Sorbic Acid, PPG-20 Methyl Glucose Ether Distearate, Cyclomethicone, Dimethicone Copolyol, Benzyl Alcohol, Trolamine, Butylated Hydroxytoluene",Bausch Health Retin-A Micro (0.04%),https://inkeedecoder.com/products/bausch-health-retin-a-micro-0-04
dark spots,"Tretinoin, Butylhydroxytoluene, Isopropyl Myristate, Polyoxyl 40 Stearate, Stearic Acid, Stearyl Alcohol, Sorbic Acid, Xanthan Gum, Purified Water",Bausch Health Retin-a Cream 0.05%,https://inkeedecoder.com/products/bausch-health-retin-a-cream-0-05
dark spots,"Tretinoin (0.1%), Water, Carbomer (0.1%), Glycerin, Disodium EDTA, Propylene Glycol, Sorbic Acid, PPG-20 Methyl Glucose Ether Distearate, Dimethicone/​Methicone Copolymer, Benzyl Alcohol, Triethanolamine, BHT",Bausch Health Retin-a Micro (tretinoin) Gel Microsphere 0.1%,https://inkeedecoder.com/products/bausch-health-retin-a-micro-tretinoin-gel-microsphere-0-1
dark spots,"Tretinoin (0.05%), Alcohol (95%), Carboxyvinyl Polymer, Carbopol 980, Carbomer, Isopropyl Alcohol, Propylene Glycol, Purified Water, Trolamine",Bausch Health Vitamin A Acid Gel (0.05%),https://inkeedecoder.com/products/bausch-health-vitamin-a-acid-gel-0-05
dark spots,"Retinoic Acid (0.05%), Water, Caprylic/​Capric Triglycerides, Stearyl Alcohol, Stearic Acid, Glyceryl Stearate, PEG-100 Stearate, Diisopropyl Dimer Dilinoleate, Aluminum, Magnesium Silicate, Polyoxyethylene 45 (40), Mg Stearate+, Benzyl Alcohol, Silica Gel, Bisabolol, Retinoic Acid, BHA, BHT",CCSD Rx Reverse Tretinoin 0.05%,https://inkeedecoder.com/products/ccsd-rx-reverse-tretinoin-0-05
dark spots,"Tretinoin (0.05%), Butylated Hydroxytoluene, Cetomacrogol 1000, Lanolin Anhydrous, Glyceryl Monostearate Se, Cetostearyl Alcohol, Oleic Acid Decylester, Dimethicone 350, Sorbitol Solution (70%), Sorbic Acid, Potassium Sorbate, Purified Water",CTS CHEMICAL INDUSTRIES Ret-Avit Cream 0.05%,https://inkeedecoder.com/products/cts-chemical-industries-ret-avit-cream-0-05
dark spots,"Tretinoin (0.05%), Cremophor Rh 40, Softigen 767, Carbomer 940, Butylated Hydroxytoluene, Methyl Dihydroxybenzoate, Sodium Propyl Hydroxybenzoate, Sodium Hydroxide, Hydrochloric Acid, Isopropyl Alcohol, Purified Water",CTS CHEMICAL INDUSTRIES Ret-Avit Gel 0.05%,https://inkeedecoder.com/products/cts-chemical-industries-ret-avit-gel-0-05
dark spots,"Tretinoin, C12-20 Acid PEG-8 Ester, Cetyl Alcohol, Glycerin, Propylene Glycol, BHT, Ascorbyl Palmitate, Glyceryl Stearate, Citric Acid, Methyl Parahydroxybenzoate (E-219), Propyl Parahydroxybenzoate (E-217), Water",Cantabria Labs Neocare 4mg/g cream,https://inkeedecoder.com/products/industrial-farmaceutica-cantabria-neocare
dark spots,"Ácido Retinoico, Ácido Glicólico, Propylene Glycol, PEG-7 Glyceryl Cocoate, Aminomethyl Propanol, Hydroxyethylcellulose, Polyvinyl Alcohol, Imidazolidinyl Urea, Disodium EDTA, BHT, Aqua",Cantabria Labs Retincare,https://inkeedecoder.com/products/cantabria-labs-retincare
dark spots,"Tretinoin (0.025%), Gluconolactone (4%), Ethylhexyl Methoxycinnamate, Polydimethylsiloxane, Cetyl Alcohol, Ceramide, Cholesterol, Disodium EDTA, Perfume, Sodium Hydroxide, Ascorbic Acid, Vitamin E Acetate, Glyceryl Monostearate, Sodium PCA, Hydrogenated Lecithin, Propylene Glycol, Cetostearyl Alcohol, Ceteareth-20, Methylparaben, Propylparaben, Mineral Oil, Oat Glycolic Extract, Sulibenzone, Purified Water","Cassará Neotretin M Tretinoína 0,025%",https://inkeedecoder.com/products/cassara-neotretin-m-tretinoina-0-025
dark spots,"Tretinoin, Butylated Hydroxytoluene, Beryl Perfume Oil, Cetyl Stearyl Alcohol, Trispolyoxyethylenephosphate, Citric Acid Monohydrate, Glyceryl Monostearate, Isopropyl Myristate, Palmitoyl Ascorbic Acid, Macrogol-7-Glycerol Cocoate, Propylene Glycol, Sorbitan Stearate, Sorbic Acid, Purified Water",Cordes Vas,https://inkeedecoder.com/products/cordes-vas
dark spots,"Tretinoin, Butylated Hydroxytoluene, Cetyl Stearyl Alcohol, Citric Acid, Glycerin Monostearate, Isopropyl Myristate, Ascorbyl Palmitate, PEG-7 Glyceryl Cocoate, Propylene Glycol, Sorbitan Stearate, Sorbic Acid, Purified Water, Stearyl Phosphate",Cordes Vas Creme (0.05 Tretinoin),https://inkeedecoder.com/products/cordes-vas-creme-0-05-tretinoin
dark spots,"Tretinoin (0.05%), Isopropanol, Propylene Glycol, Cetyl Alcohol, Sorbitan Monostearate, Polysorbate 20, Butylated Hydroxy Anisole, Triethanolamine, Carbomer, Benzyl Alcohol, Disodium Edetate, Purified Water",Dar Al Dawa Smooderm,https://inkeedecoder.com/products/dar-al-dawa-smooderm
dark spots,"Tretinoin (0.025%, 0,05%, 0,1%), Cetostearyl Alcohol, Stearyl Alcohol, Isopropyl Myristate, Polysorbate 60, Sorbitan Stearate, Butylated Hydroxytoluene, Benzoic Acid, Disodium Edetate, D-Panthenol, Purified Water, Sodium Hydroxide",DermaXP Reticor (tretinoin) cream,https://inkeedecoder.com/products/dermaxp-reticor-tretinoin-cream
dark spots,"Tretinoin (0.05%, 0.1%), Purified Water, Diisopropyl Adipate, Propylene Glycol, Acrylates/​C10-30 Alkyl Acrylate Crosspolymer, BHT, Methylparaben, Sodium Hydroxide",DermaXP Reticor (tretinoin) gel,https://inkeedecoder.com/products/dermaxp-reticor-tretinoin-gel
dark spots,"Tretinoin (0.1%), Purified Water, Carthamus Tinctorius Oleosomes, Polyacrylate-13, Polyisobutene, Sodium Carbomer, Polysorbate 20, Tocopheryl Acetate, Benzoic Acid (0.1%), Sorbic Acid (0.1%)",Dermatica 0.1% Tretinoin Cream,https://inkeedecoder.com/products/dermatica-0-1-tretinoin-cream
dark spots,"Tretinoin (0.025%), Niacinamide (4%), Aqua, Propylene Glycol, Glycerin, Cetyl Alcohol, Glyceryl Stearate, PEG-75 Stearate, Isohexadecane, Isododecane, Dimethicone, Polyisobutene, Polysorbate 20, Polyurethane-39, Phenoxyethanol, Tocopheryl Acetate, Sodium Polyacrylate, Hydrogenated Farnesene",Dermatica Tretinoin 0.025% + Niacinamide 4%,https://inkeedecoder.com/products/dermatica-tretinoin-0-025
dark spots,"Tretinoin, Azelaic Acid, Tranexamic Acid, Purified Water, Propylene Glycol, Glycerin, Panthenol, Cetyl Alcohol, Glyceryl Stearate, Isohexadecane, Isododecane, C13-15 Alkane, Dimethicone, Propanediol, Polyacrylate-13, Polyisobutene, Polysorbate 20, Polyurethane-39, Phenoxyethanol (0.6%), Tocopheryl Acetate, Ceramide AP, Ceramide EOP, Ceramide NP, Phytosphingosine, Cholesterol, Sodium Lauroyl Lactylate, Xanthan Gum, Carbomer, Sodium Hyaluronate",Dermatica Tretinoin 0.05% - Azelaic Acid 15% - Tranexamic Acid 5%,https://inkeedecoder.com/products/dermatica-tretinoin-0-05-azelaic-acid-15-tranexamic-acid-5
dark spots,"Tretinoin, Niacinamide, Purified Water, Propylene Glycol, Glycerin, Panthenol, Cetyl Alcohol, Glyceryl Stearate, Isohexadecane, Isododecane, C13-15 Alkane, Dimethicone, Propanediol, Polyacrylate-13, Polyisobutene, Polysorbate 20, Polyurethane-39, Phenoxyethanol (0.6%), Tocopheryl Acetate, Ceramide AP, Ceramide EOP, Ceramide NP, Phytosphingosine, Cholesterol, Sodium Lauroyl Lactylate, Xanthan Gum, Carbomer, Sodium Hyaluronate",Dermatica Tretinoin 0.05% And Niacinamide 4%,https://inkeedecoder.com/products/dermatica-tretinoin-0-05-and-niacinamide-4
dark spots,"Tretinoin, Niacinamide, Purified Water, Propylene Glycol, Glycerin, Panthenol, Cetyl Alcohol, Glyceryl Stearate, Isohexadecane, Isododecane, C13-15 Alkane, Dimethicone, Propanediol, Polyacrylate-13, Polyisobutene, Polysorbate 20, Polyurethane-39, Phenoxyethanol (0.6%), Tocopheryl Acetate, Ceramide AP, Ceramide EOP, Ceramide NP, Phytosphingosine, Cholesterol, Sodium Lauroyl Lactylate, Xanthan Gum, Carbomer, Sodium Hyaluronate",Dermatica Tretinoin 0.1%,https://inkeedecoder.com/products/dermatica-tretinoin-0-1
dark spots,"Tretinoin, Niacinamide, Azelaic Acid, Purified Water, Carthamus Tinctorius Oleosomes, Propylene Glycol, Glycerin, Panthenol, Polyacrylate-13, Polyisobutene, Sodium Carbomer, Gluconolactone, Polysorbate 20, Sorbitan Isostearate, Benzoic Acid, Sorbic Acid, Sodium Benzoate, Propanediol, Tocopheryl Acetate, Ceramide AP, Ceramide EOP, Ceramide NP, Phytosphingosine, Cholesterol, Sodium Lauroyl Lactylate, Xanthan Gum, Carbomer, Sodium Hyaluronate","Dermatica Tretinoin, Niacinamide 4%, Azelaic Acid 4%",https://inkeedecoder.com/products/dermatica-tretinoin-niacinamide-4-azelaic-acid-4
dark spots,"Tretinoin, Aqua, Glycerin, Coco-Caprylate, Cetearyl Olivate, Sorbitan Olivate, Glyceryl Stearate, Stearic Acid, Caprylic/​Capric Triglycerides, Sodium PCA, Urea, Trehalose, Leuconostoc/​Radish Root Ferment Filtrate, Polyquaternium-51, Sodium Hyaluronate, Phenoxyethanol, Ethylhexylglycerin, Tocopherol, Xanthan Gum",Farmacia cu Traditie Tretinoin 0.025% Cream And Moisture Complex,https://inkeedecoder.com/products/farmacia-cu-traditie-tretinoin-0-025-cream-and-moisture-complex
dark spots,"Tretinoin (0.025%), Clindamycin (1%), Niacinamide (4%), Dimethicone, Caprylyl Methicone, PEG-12 Dimethicone/​PPG-20 Crosspolymer, Butyrospermum Parkii (Shea) Butter, Polysilicone-11, Tocopheryl Acetate",Felix Retinoid +,https://inkeedecoder.com/products/felix-retinoid
dark spots,"Tretinoin, Butylated Hydroxy Anisole, Butylated Hydroxytoluene, Ethylenediaminetetraacetic Acid Disodium Salt, Isopropyl Palmitate, Methyl Paraben, Polyoxyl 40 Stearate, Propyl Paraben, Propylene Glycol, Purified Water, Stearic Acid, Stearyl Alcohol, White Petrolatum",GSK Stieva-A Cream,https://inkeedecoder.com/products/gsk-stieva-a
dark spots,"Tretinoin (0.1%), Benzoyl Peroxide (3%), Anhydrous Citric Acid, Butylated Hydroxytoluene, Carbomer Homopolymer Type C, Cetrimonium Chloride, Cetyl Alcohol, Cyclomethicone, Edetate Disodium, Glycerin, Hydrochloric Acid, Imidurea, (S)-Lactic Acid, Macrogol Stearate, PEG-50 Stearate, Mono, Di-Glycerides, Polyquaternium-7, Purified Water, Silicon Dioxide, Sodium Hydroxide, Squalane, Tetraethyl Ortho Silicate, White Wax",Galderma Twyneo 0.1%/3% cream,https://inkeedecoder.com/products/galderma-twyneo-0-1-3-cream
dark spots,"Tretinoin (0.025%), Sorbic Acid (0.2%), Butylated Hydroxytoluene (0.1%)",Hedge & Hedge Pharmaceutical LLP Tretinoin Cream USP,https://inkeedecoder.com/products/hedge-hedge-pharmaceutical-llp-tretinoin-cream-usp
dark spots,"Tretinoin, Disodium Edetate, Methylparaben, Propylparaben, Glycerol, Carbomer 934, Stearic Acid, Stearyl Alcohol, Cetyl Alcohol, Glyceryl Monostearate, Mineral Oil, Polysorbate 60, Sorbitan Monostearate, Titanium Dioxide, Octyl Methoxycinnamate, Triethanolamine, Vitamin E Acetate, Ethyl Alcohol, (Lilac) Fragrance, Purified Water",ITF-Labomed Dermodan Tretinoina 0.025%,https://inkeedecoder.com/products/itf-labomed-dermodan-tretinoina-0-025
dark spots,"Tretinoin (0.05%), Polyoxyl 40 Stearate, Stearyl Alcohol, Isopropyl Myristate, Stearic Acid, Butylated Hydroxytoluene, Sorbic Acid, Xanthan Gum, Purified Water",Jamjoom Pharma Acretin 0.05% Cream,https://inkeedecoder.com/products/jamjoom-pharma-acretin-0-05-cream
dark spots,"Tretinoin (0.04%), Aqua, Carbomer, Glycerin, Disodium EDTA, Propylene Glycol, Sorbic Acid, PPG-20 Methyl Glucose Ether Distearate, Cyclomethicone, Dimethicone Copolyol, Benzyl Alcohol, Trolamine, Butylated Hydroxytoluene",Janssen Retin A Micro Gel 0.04%,https://inkeedecoder.com/products/janssen-retin-a-micro-gel-0-04
dark spots,"Tretinoin, Polyoxyl 40 Stearate, Stearyl Alcohol, Stearic Alcohol, Isopropyl Myristate, Butylated Hydroxytoluene, Sorbic Acid, Xanthan Gum, Purified Water",Janssen Retin-a Tretinoina Crema 0.05%,https://inkeedecoder.com/products/janssen-retin-a-tretinoina-crema-0-05
dark spots,"Tretinoin, PEG-40 Stearate, Stearyl Alcohol, Isopropyl Myristate, BHT, Stearic Acid, Sorbic Acid, Xanthan Gum, Purified Water",Janssen Pharmaceuticals Retino-A Tretinoin Cream U.S.P. 0.05%,https://inkeedecoder.com/products/janssen-retino-a-tretinoin-cream-u-s-p-0-05
dark spots,tretinoin,Next page >>,https://inkeedecoder.com/ingredients/tretinoin?uoffset=1
dark spots,"Coconut Alkanes, Tetrahexyldecyl Ascorbate 20.0%, Ethyl Linoleate, Coco-Caprylate/​Caprate, Simmondsia Chinensis (Jojoba) Seed Oil, Solanum Lycopersicum (Tomato) Fruit Extract, Squalane","20.0% | Ascorbyl Tetraisopalmitate Solution 20% In Vitamin F
        

            The Ordinary",https://inkeedecoder.com/products/the-ordinary-ascorbyl-tetraisopalmitate-solution-20-in-vitamin-f
dark spots,"Ethoxydiglycol, 3-O-Ethyl Ascorbic Acid 25.0%, Tetrahexyldecyl Ascorbate 10.0%, Dimethyl Isosorbide, Isodecyl Neopentanoate, Glutathione (L), Superoxide Dismutase, Ethylhexylglycerin, Caprylyl Glycol, Phenoxyethanol","10.0% | Vitamin C 35% Collagen Rebuilding Serum
        

            Allies of Skin",https://inkeedecoder.com/products/allies-of-skin-vitamin-c-35-collagen-rebuilding-serum
dark spots,"Coco-Caprylate/​Caprate, Caprylic/​Capric Triglyceride, Tetrahexyldecyl Ascorbate 10.0%, Heptyl Undecylenate, Tocopheryl Acetate 5.0%, Linoleic Acid, Rosa Moschata Seed Oil, Argania Spinosa Kernel Oil, Oxycoccus Palustris (Cranberry) Seed Oil, Hibiscus Abelmoschus Extract, Hordeum Vulgare (Barley) Extract\Extrait D'Orge, Helianthus Annuus (Sunflower) Seed Oil, Rosmarinus Officinalis (Rosemary) Leaf Extract, Triticum Vulgare (Wheat) Germ Extract, 7-Dehydrocholesterol, Propylene Glycol Caprylate, Resveratrol, Tocopherol, Linolenic Acid, Salicylic Acid, Squalane, Zea Mays (Corn) Oil, Fragrance (Parfum), Geraniol, Hydroxycitronellal, Coumarin, Alpha-Isomethyl Ionone, BHT, Phenoxyethanol","10.0% | Ideal Resource Renewing Pro-Vitamin C And E Oil Concentrate
        

            Darphin",https://inkeedecoder.com/products/darphin-ideal-resource-renewing-pro-vitamin-c-and-e-oil-concentrate
dark spots,"Aqua, Pentylene Glycol, Ascorbyl Tetraisopalmitate 3.0%, Curcuma Longa (Turmeric) Root Extract, C9-12 Alkane, Butylene Glycol, Bis-Ethoxydiglycol Cyclohexane 1,4-Dicarboxylate 1.0%, Dimethicone, Cyclopentasiloxane, Polysilicone-11, Ammonium Polyacryloyldimethyl Taurate, Isohexadecane, Tocopheryl Acetate, Polysorbate 80, Polysorbate 20, Lactobacillus Ferment, Hydroxyethyl Acrylate/​Sodium Acryloyldimethyl Taurate Copolymer, Polysorbate 60, Coco-Caprylate/​Caprate, Hexylresorcinol, Phenylethyl Resorcinol, 4-Butylresorcinol, Thymus Serpyllum Extract, 4-T-Butylcyclohexanol, Acetyl Cysteine, Alanine, Acetyl Tyrosine, Carnosine, Polymethylsilsesquioxane, Hdi/​Trimethylol Hexyllactone Crosspolymer, Phospholipids, Caprylic/​Capric Triglyceride, Glycerin, Ammonium Acryloyldimethyltaurate/​VP Copolymer, Hydroxyacetophenone, 1,2-Hexanediol, Sodium Dilauramidoglutamide Lysine, Lactic Acid, Chlorphenesin, Diethylhexyl Syringylidenemalonate, Citrus Tangerina (Tangerine) Peel Oil","3.0% | Refreshing Brightening Serum (2020)
        

            Purid",https://inkeedecoder.com/products/purid-refreshing-brightening-serum-2
dark spots,"Aqua (Purified Water), Caprylic/​Capric Triglyceride, Dimethicone, Ascorbyl Tetraisopalmitate 2.0%, Silica, Dicaprylyl Carbonate, Butylene Glycol, Boron Nitride, Cetearyl Alcohol, Propanediol, Bentonite, Ethylhexyl Ferulate, Plankton Extract, Diacetyl Boldine, Glycerin, Sodium Hyaluronate, Tocopherol, Tocopheryl Acetate, Undecylenoyl Phenylalanine, 1,2-Hexanediol, Acrylates/​C10-30 Alkyl Acrylate Crosspolymer, Caprylyl Glycol, Pentylene Glycol, Sodium Hydroxide, Xanthan Gum, Coco-Glucoside, Parfum (Fragrance)","2.0% | Clairial Serum
        

            SVR",https://inkeedecoder.com/products/svr-clairial-serum
dark spots,"Aqua (Water), Niacinamide 5.0%, Tranexamic Acid 3.0%, PEG-11 Methyl Ether Dimethicone, Caprylyl Methicone, Caprylic/​Capric Triglyceride, 1-Methylhydantoin-2-Imide, 1,2-Hexanediol, PEG-12 Dimethicone, Propanediol, PEG-12 Dimethicone/​PPG-20 Crosspolymer, Tocopheryl Acetate, Morus Alba Root Extract, Brassica Campestris (Rapeseed) Seed Oil, Althaea Officinalis Root Extract, Glycyrrhiza Glabra (Licorice) Root Extract, Polyglyceryl-3 Diisostearate, Oryza Sativa (Rice) Bran Extract, Vaccinium Angustifolium (Blueberry) Fruit Extract, Panthenol, Allantoin, Sodium Hyaluronate, Phenoxyethanol, Aminomethyl Propanediol, Carbomer, Ethylhexylglycerin, Sodium Polyacrylate, Dimethicone, Cyclopentasiloxane, Glycerin, Trideceth-6, PEG/​PPG-18/​18 Dimethicone, Disodium EDTA","3.0% | Star Light Spot Corrector
        

            Acaderma",https://inkeedecoder.com/products/acaderma-star-light-spot-corrector
dark spots,"Water, Niacinamide 10.0%, Butylene Glycol, PEG-8, Propylene Glycol, Poloxamer 407, Tranexamic Acid 3.0%, Laureth-4, Salicylic Acid 1.0%, Carbomer, Dipotassium Glycyrrhizate, Bisabolol, Methylparaben, Phenoxyethanol","3.0% | Rejuvenating Brightening Essence
        

            BRODA® PRO",https://inkeedecoder.com/products/broda-r-pro-rejuvenating-brightening-essence
dark spots,"Water, Tranexamic Acid 3.0%, Olea Europaea (Olive) Leaf Extract 2.0%, Pentylene Glycol, Bis-Ethoxydiglycol Cyclohexane 1,4-Dicarboxylate 1.0%, Dimethicone, Sodium Polyacrylate, C18-21 Alkane, Trideceth-6, 1,2-Hexanediol, Hydroxyacetophenone, Chlorphenesin","3.0% | Lab. Restoring Oxygenation Serum
        

            Purid",https://inkeedecoder.com/products/purid-lab-restoring-oxygenation-serum
dark spots,"Aqua, Dipropylene Glycol, Butylene Glycol, Tranexamic Acid 3.0%, Ectoin 2.0%, Sodium Hyaluronate, Yeast Ferment Extract, Paeonia Albiflora Root Extract, Glycyrrhiza Uralensis (Licorice) Root Extract, Lophatherum Gracile Extract, Ginkgo Biloba Leaf Extract, Lonicera Japonica (Honeysuckle) Flower Extract, Adenosine, Camellia Sinensis Leaf Extract, Saccharomyces Ferment Filtrate, Polyquaternium-51, Beta-Glucan, Dipotassium Glycyrrhizate, Betaine, Panthenol, Glycerin, Propanediol, Disodium EDTA, Octanohydroxamic Acid, Glyceryl Caprylate","3.0% | The Repair Lotion
        

            Sanshi",https://inkeedecoder.com/products/sanshi-the-repair-lotion
dark spots,"Aqua, Butylene Glycol, Tranexamic Acid 3.0%, 3-O-Ethyl Ascorbic Acid, Diglucosyl Gallic Acid 0.5%, Ectoin 0.5%, Glycerin, Epigallocatechin Gallatyl Glucoside 0.5%, Sea Whip Extract 0.5%, Phytosphingosine 0.2%, Tetrahydropiperine, Beta-Glucan, Squalane, Arginine, Sodium Hyaluronate Crosspolymer, Sodium Hyaluronate, Sodium Acetylated Hyaluronate, Hydrolyzed Sodium Hyaluronate, Pentylene Glycol, Ethylhexylglycerin, Citrus Limon (Lemon) Peel Powder, Sclerotium Gum, Acrylates/​C10-30 Alkyl Acrylate Crosspolymer, Hydroxyethyl Acrylate/​Sodium Acryloyldimethyl Taurate Copolymer, Methylpropanediol, Hexylene Glycol, Hydroxyacetophenone, Caprylhydroxamic Acid, EDTA","3.0% | Tranexamic Acid Essence
        

            Spring Letter",https://inkeedecoder.com/products/spring-letter-tranexamic-acid-essence
dark spots,"Water, Poloxamer 407, PEG-8, Glycerin, Laureth-4, Salicylic Acid 1.0%, Panax Notoginsenosides, Tranexamic Acid 1.0%, Dipotassium Glycyrrhizate, Bisabolol","1.0% | Nourishing Repairing Essence
        

            BRODA® PRO",https://inkeedecoder.com/products/broda-r-pro-nourishing-repairing-essence
