problem,ingredient,product name,product link
pores,"Propylene Glycol, PEG-75, PEG-8, Water, Salicylic Acid 9.0%, Glycerin, Avena Sativa (Oat) Kernel Extract, Butylene Glycol, Boerhavia Diffusa Root Extract, Sea Whip Extract, Arginine, Polysorbate 20, Disodium EDTA","9.0% | Resist Bha 9
        

            Paula's Choice",https://inkeedecoder.com/products/paulas-choice-resist-bha-9
pores,"Salicylic Acid 6.0%, Resorcinol 2.0%, Phenol 1.0%, Methyl Salicylate 0.003%, Glycerin 0.003%, Alcohol, Water","6.0% | Compound Salicylic Acid Liniment
        

            Sanyi",https://inkeedecoder.com/products/sanyi-compound-salicylic-acid-liniment
pores,"Aqua, Propylene Glycol, Azelaic Acid 15.0%, Tetrahydroxypropyl Ethylenediamine, Potassium Azeloyl Diglycinate 5.0%, Polyacrylate Crosspolymer-6, Salicylic Acid 2.0%, Lactobionic Acid, Bisabolol, Gluconolactone, Arginine, Quaternium-73, Dipotassium Glycyrrhizate, 1,2-Hexanediol, Isopentyldiol, O- Cymen-5-Ol, Hydroxyacetophenone","2.0% | Azelaic Acid Control Facial Acne Gel
        

            Aisuanis",https://inkeedecoder.com/products/aisuanis-empowerment-azelaic-acid-control-facial-acne-gel
pores,"Water, Poloxamer 407, Laureth-40, PEG-8, Glycerin, Salicylic Acid 2.0%, Bisabolol, Dipotassium Glycyrrhizate","2.0% | Nuorishing Spa Mask
        

            BRODA® PRO",https://inkeedecoder.com/products/broda-r-pro-nuorishing-spa-mask
pores,"Aqua (Water), Propylene Glycol, Ammonium Polyacryloyldimethyl Taurate, Azelaic Acid 5.0%, Squalane 5.0%, Salicylic Acid 2.0%, Glyceryl Stearate, Disodium EDTA, PEG-100 Stearate, Sodium Hydroxide, Bakuchiol 0.5%","2.0% | Flawless Neutralising Gel
        

            Dr. Sam Bunting Skincare",https://inkeedecoder.com/products/dr-sam-bunting-skincare-flawless-neutralising-gel
pores,"Salicylic Acid 2.0%, Neem Oil (Anti-Bacterial), Tea Tree Oil (Anti-Acne), Niacinamide (Brightening, Anti-Redness), Green Tea Extract (Conditioning, Calming), (Wheat And Oat) Sugar (Hydration - Gluten Free), Allantoin (Healing), Lavender Oil (Calming), Glycerin (Humectant), Propylene Glycol (Humectant, Penetration Enhancer), Polyacrylate Crosspolymer - 6 (Co-Gelling Agent), Acacia Senegal Gum (Gelling Agent), Xanthan Gum (Gelling Agent), Disodium EDTA (Heavy Metal Remover), Sodium Hydroxide (Ph Adjuster), Polysorbate 20 (Emulsifier), Phenoxyethanol (Preservative), (Double Distilled And Demineralized) Water","2.0% | Neem & BHA Spot Clarifying Serum
        

            Dr. Sheth's",https://inkeedecoder.com/products/dr-sheths-neem-bha-spot-clarifying-serum
pores,"Propanediol, Spring Water, Salicylic Acid 2.0%, Dehydroxanthan Gum","2.0% | Salicylic Acid 2% Serum
        

            Garden of Wisdom",https://inkeedecoder.com/products/garden-of-wisdom-salicylic-acid-serum
pores,"Salicylic Acid 2.0%, Water (Aqua), Alcohol, Hamamelis Virginiana (Witch Hazel) Water, Propanediol, Pentylene Glycol, Glycerin, Silica, Butylene Glycol, Polyacrylate Crosspolymer-6, C12-15 Alkyl Lactate, Aesculus Hippocastanum (Horse Chestnut) Seed Extract, Avena Sativa (Oat) Kernel Extract, Urea, Yeast Amino Acids, Trehalose, Inositol, Taurine, Betaine, Thymol, Terpineol, Hydroxyphenyl Propamidobenzoic Acid, Shea Butter Ethyl Esters, 4-T-Butylcyclohexanol, Disodium EDTA, Sodium Hydroxide","2.0% | Rapid Relief Acne Spot Treatment
        

            Murad",https://inkeedecoder.com/products/murad-rapid-relief-acne-spot-treatment
pores,"Salicylic Acid 2.0%, Water, Alcohol Denat, Hamamelis Virginiana (Witch Hazel) Water, Butylene Glycol, Glycereth-7, Methyl Gluceth-20, Alcohol, Fragrance, Propylene Glycol, Benzophenone-4, Aloe Barbadensis Leaf Extract, Chamomilla Recutita (Matricaria) Flower Extract, Blue 1","2.0% | Clear Pore Oil-Eliminating Astringent
        

            Neutrogena",https://inkeedecoder.com/products/neutrogena-clear-pore-oil-eliminating-astringent
pores,"Water (Aqua), Dipropylene Glycol, Pentylene Glycol, Salicylic Acid 2.0%, Polysorbate 20, Butylene Glycol, Glycerin, Sodium Hyaluronate, Dipotassium Glycyrrhizate, Allantoin, Panthenol, PEG/​PPG-17/​6 Copolymer, Methyl Gluceth-20, Glycereth-26, Bis-PEG-18 Methyl Ether Dimethyl Silane, Sodium Hydroxide, Tetrasodium EDTA, Sodium Metabisulfite","2.0% | Clear Regular Strength Anti-Redness Exfoliating Solution With 2% Salicylic Acid
        

            Paula's Choice",https://inkeedecoder.com/products/paulas-choice-clear-regular-strength-anti-redness-exfoliating-solution-with-2-salicylic-acid
pores,"Water (Aqua), Dipropylene Glycol, Salicylic Acid 2.0%, Pentylene Glycol, Butylene Glycol, Polysorbate 20, Palmitoyl Tripeptide-1, Palmitoyl Tetrapeptide-7, Dipotassium Glycyrrhizate, Nordihydroguaiaretic Acid, Oleanolic Acid, Sodium Hyaluronate, Allantoin, Trehalose, Panthenol, Glycerine, PEG-60 Almond Glycerides, Sodium Metabisulfite, PEG/​PPG-17/​6 Copolymer, Methyl Gluceth-20, Bis-PEG-18 Methyl Ether Dimethyl Silane, Glycereth-26, Sodium Hydroxide, Carbomer, Disodium EDTA, Caprylyl Glycol","2.0% | Resist Daily Pore-Refining Treatment 2% Bha
        

            Paula's Choice",https://inkeedecoder.com/products/paulas-choice-resist-daily-pore-refining-treatment-2-bha
pores,"Salicylic Acid 2.0%, Water/​Aqua/​Eau, Dimethicone, Propanediol, Caprylic/​Capric Triglyceride, Glycerin, Jojoba Esters, Isodecyl Neopentanoate, Cetearyl Alcohol, Panthenol, Polysilicone-11, Cordyceps Sinensis Extract, Trametes Versicolor (Mushroom) Extract, Helianthus Annuus (Sunflower) Seed Wax, Sodium Hydroxide, Hydroxyethyl Acrylate/​Sodium Acryloyldimethyl Taurate Copolymer, Polyacrylate Crosspolymer-6, Ceteareth-20, Isohexadecane, Tocopheryl Acetate, Hydrogenated Lecithin, Aloe Barbadensis Leaf Juice, Butylene Glycol, Allantoin, Disodium EDTA, Sodium Hyaluronate, Acacia Decurrens Flower Wax, Polyglycerin-3, Phenoxyethanol, Polysorbate 60, Sodium PCA, Sodium Citrate, Sorbitan Isostearate, Maclura Cochinchinensis Leaf Prenylflavonoids, T-Butyl Alcohol, Glycosaminoglycans, Potassium Sorbate, Sodium Benzoate, Ethylhexylglycerin, Citric Acid, Trisodium EDTA","2.0% | Acne-Clear Oil-Free Matte Moisturizer
        

            Peter Thomas Roth",https://inkeedecoder.com/products/peter-thomas-roth-acne-clear-oil-free-matte-moisturizer
pores,salicylic-acid,Show all >>,https://inkeedecoder.com/ingredients/salicylic-acid?koffset=1
pores,"Water (Aqua), Niacinamide 20.0%, Pentylene Glycol (Solvent/​Texture Enhancer), Butylene Glycol (Slip Agent/​Hydration), Glycerin (Skin-Replenishing), Acetyl Glucosamine (Skin-Replenishing), Ascorbyl Glucoside (Vitamin C/​Antioxidant), Glycyrrhiza Glabra (Licorice) Root Extract (Skinsoothing/​Antioxidant), Spiraea Ulmaria (Meadowsweet) Extract (Antioxidant), Portulaca Oleracea (Purslane) Extract (Antioxidant), Camellia Japonica Flower Extract (Antioxidant), Epigallocatechin Gallate (Green Tea-Derived Antioxidant), Boerhavia Diffusa Root Extract (Skin-Soothing), Camellia Sinensis (Green Tea) Leaf Extract (Antioxidant), Allantoin (Skinsoothing), Lecithin (Skin-Replenishing), Pullulan (Texture Enhancer), Panthenol (Hydration), Silica (Absorbent), Xanthan Gum (Thickener), Sclerotium Gum (Thickener), Propanediol (Hydration), Sodium Phytate (Chelating Agent), Phenoxyethanol (Preservative), Ethylhexylglycerin (Preservative)","20.0% | Clinical Niacinamide 20% Treatment
        

            Paula's Choice",https://inkeedecoder.com/products/paulas-choice-clinical-niacinamide-20-treatment
pores,"Water, Niacinamide 10.0%, Butylene Glycol, PEG-8, Propylene Glycol, Poloxamer 407, Tranexamic Acid 3.0%, Laureth-4, Salicylic Acid 1.0%, Carbomer, Dipotassium Glycyrrhizate, Bisabolol, Methylparaben, Phenoxyethanol","10.0% | Rejuvenating Brightening Essence
        

            BRODA® PRO",https://inkeedecoder.com/products/broda-r-pro-rejuvenating-brightening-essence
pores,"Organic Aloe Barbadensis Leaf Extract (Aloe), Niacinamide 10.0%, Propanediol, Glycerin, 1,2-Hexanediol, Zinc Pca 1.0%, Sodium Hyaluronate, Allantoin, Dipotassium Glycyrrhizate, Organic Hamamelis Virginiana (Witch Hazel) Leaf Extract, Organic Rosmarinus Officinalis (Rosemary) Extract, Organic Eucalyptus Globulus (Eucalyptus) Leaf Extract, Organic Thymus Vulgaris (Thyme) Extract, Organic Aspalathus Linearis (Rooibos) Extract","10.0% | Niacinamide 10 Serum
        

            Cos De BAHA",https://inkeedecoder.com/products/cos-de-baha-niacinamide-10-serum
pores,"Aqua (Water/​Eau), Butylene Glycol, Niacinamide 10.0%, Azelaic Acid 5.0%, Dicaprylyl Carbonate, Glycerin, Ethoxydiglycol, Cetearyl Alcohol, Dimethyl Isosorbide, Bakuchiol 1.0%, Tapioca Starch, Benzyl Alcohol, Allantoin, Sodium Stearoyl Glutamate, Xanthan Gum, Phenoxyethanol, Hydroxypinacolone Retinoate 0.2%, Disodium EDTA, Dehydroacetic Acid, Polymethylsilsesquioxane","10.0% | Flawless Nightly Serum
        

            Dr. Sam Bunting Skincare",https://inkeedecoder.com/products/dr-sam-bunting-skincare-flawless-nightly-serum
pores,"Water (Aqua/​Eau), Niacinamide 10.0%, Glycerin, Propanediol, Butylene Glycol, Squalane, Leuconostoc/​Radish Root Ferment Filtrate, Hyaluronic Acid, Phenoxyethanol, Hydroxyethyl Acrylate/​Sodium Acryloyldimethyl Taurate Copolymer, Hydroxyethylcellulose, Phospholipids, Xanthan Gum, Glycine Soja (Soybean) Extract, Allantoin, Disodium EDTA, Polysorbate 60, Panthenol, Glycolipids, Glycine Soja (Soybean) Sterols, Disodium Phosphate, Citric Acid, Sodium Phosphate","10.0% | Niacinamide
        

            The Inkey List",https://inkeedecoder.com/products/the-inkey-list-niacinamide
pores,"Aqua (Water), Niacinamide 10.0%, Pentylene Glycol, Zinc Pca 1.0%, Dimethyl Isosorbide, Tamarindus Indica Seed Gum, Xanthan Gum, Isoceteth-20, Ethoxydiglycol, Phenoxyethanol, Chlorphenesin","10.0% | Niacinamide 10% + Zinc 1%
        

            The Ordinary",https://inkeedecoder.com/products/the-ordinary-niacinamide-10-zinc-1-serum1
pores,"Aqua, Niacinamide 10.0%, Methylpropanediol, Pentylene Glycol, Salicylic Acid 1.0%, 3-O-Ethyl Ascorbic Acid, Carnosine, Opuntia Streptacantha Stem Extract, Glycine Max (Soybean) Seed Extract, Rhamnose, Amylopectin, Dextrin, Xanthan Gum, Trehalose, Tapioca Starch, Glycerin, Citric Acid, Hydroxyethylcellulose, 1,2-Hexanediol","10.0% | Pore Refining & Spot Correcting Concentrate
        

            dermistry⁺",https://inkeedecoder.com/products/dermistry-pore-refining-spot-correcting-concentrate
pores,"Aqua (Water), Niacinamide 5.0%, Tranexamic Acid 3.0%, PEG-11 Methyl Ether Dimethicone, Caprylyl Methicone, Caprylic/​Capric Triglyceride, 1-Methylhydantoin-2-Imide, 1,2-Hexanediol, PEG-12 Dimethicone, Propanediol, PEG-12 Dimethicone/​PPG-20 Crosspolymer, Tocopheryl Acetate, Morus Alba Root Extract, Brassica Campestris (Rapeseed) Seed Oil, Althaea Officinalis Root Extract, Glycyrrhiza Glabra (Licorice) Root Extract, Polyglyceryl-3 Diisostearate, Oryza Sativa (Rice) Bran Extract, Vaccinium Angustifolium (Blueberry) Fruit Extract, Panthenol, Allantoin, Sodium Hyaluronate, Phenoxyethanol, Aminomethyl Propanediol, Carbomer, Ethylhexylglycerin, Sodium Polyacrylate, Dimethicone, Cyclopentasiloxane, Glycerin, Trideceth-6, PEG/​PPG-18/​18 Dimethicone, Disodium EDTA","5.0% | Star Light Spot Corrector
        

            Acaderma",https://inkeedecoder.com/products/acaderma-star-light-spot-corrector
pores,"Aqua (Water), Azelaic Acid 10.0%, Caprylic/​Capric Triglyceride, Niacinamide 5.0%, Dicaprylyl Carbonate, Ascorbyl Glucoside 2.0%, Cetearyl Alcohol, Glycerin, Glyceryl Stearate SE, Cetearyl Olivate, Bakuchiol 1.0%, Sorbitan Olivate, Benzyl Alcohol, Xanthan Gum, Phenoxyethanol, Sodium Hydroxide, Disodium EDTA, Dehydroacetic Acid","5.0% | Flawless Brightly Serum
        

            Dr Sam Bunting",https://inkeedecoder.com/products/dr-sam-bunting-flawless-brightly-serum
pores,"Aqua (Water/​Eau), Butyrospermum Parkii (Shea) Butter, Cyclopentasiloxane, Niacinamide 5.0%, Propanediol, Dimethicone, Glycerin, Cetyl Alcohol, Caprylic/​Capric Triglyceride, Glyceryl Stearate Se, Panthenol, Xylitylglucoside, Polysilicone-11, Stearic Acid, Anhydroxylitol, Phenoxyethanol, Carbomer, Allantoin, Sodium Hyaluronate, Xylitol, Sodium Hydroxymethylglycinate, Sodium Stearoyl Glutamate, Sodium Hydroxide, Disodium Edta, Ethylhexylglycerin, Citric Acid","5.0% | Flawless Moisturiser
        

            Dr. Sam Bunting Skincare",https://inkeedecoder.com/products/dr-sam-bunting-skincare-flawless-moisturiser
pores,"Water, Niacinamide 5.0%, Arbutin 2.0%, Acetyl Glucosamine 2.0%, Bis-Ethoxydiglycol Cyclohexane 1,4-Dicarboxylate 1.0%, Pentylene Glycol, Butylene Glycol, Sophora Flavescens Root Extract**, Glycyrrhiza Inflata Root Extract**, Scutellaria Baicalensis Root Extract**, Dimethicone, Sodium Polyacrylate, C18-21 Alkane, Trideceth-6, 1,2-Hexanediol, Hydroxyacetophenone, Chlorphenesin","5.0% | Lab. Restoring Brightening Serum
        

            Purid",https://inkeedecoder.com/products/purid-lab-restoring-brightening-serum
pores,"Water, Aloe Vera Juice Extract, Niacinamide 5.0%, Cyclodextrin, Caprylic/​Capric Triglyceride, Gluconolactone, Terminalia Ferdinandiana (Kakadu Plum) Fruit Extract 5.0%, Carnitine (L), Vegetable Glycerin, Polysorbate 20, Retinaldehyd 0.5%, (Symwhite) Phenylethyl Resorcinol, Tocopheryl Acetate (D-Alpha), Bisabolol (L-Alpha), Hydrolyzed Marine Collagen, Porphyra Umbilicalis (Red Algae) Extract, Vaccinium Macrocarpon (Cranberry) Fruit Extract, Lactic Acid, Rubus Chamaemorus Seed Oil, Citrus Aurantium Bergamia (Bergamot) Fruit Oil, Michelia Alba (Magnolia) Flower Oil, Maltodextrin, Sodium Lactate, Lonicera Caprifolium (Honeysuckle) Flower Extract, Japonica (Honeysuckle) Flower Extract, Lecithin, Citrus Aurantium Dulcis (Orange) Fruit Extract, Jojoba Oil, Glycine Soja (Soybean) Oil, Apple Fruit Extract, Mangosteen Fruit Extract, Sorbitol, Beta-Glucan, Aloe Vera, Allantoin, Calendula Officinalis Flower Extract, Chamomile, Hyaluronic Acid, Hyaluronic Acid Hmw, Colloidal Oatmeal (Avena Sativa), Canadian Willow Herb Extract, Coenzyme Q10, Butylene Glycol, Phenoxyethanol, Caprylyl Glycol, Ethylhexylglycerin, Pentylene Glycol, Potassium Sorbate, Green Tea Leaf Extract, Alcohol, Citric Acid, Xanthan Gum, Sclerotium Gum, Pullulan, Sodium Benzoate, Benzoic Acid, 1,2-Hexanediol, Sodium Phytate","5.0% | Abc Repair & Restore Antioxidant Serum Rx2
        

            RejuAus",https://inkeedecoder.com/products/rejuaus-abc-repair-restore-antioxidant-serum-rx2
pores,niacinamide,Show all >>,https://inkeedecoder.com/ingredients/niacinamide?koffset=1
pores,"Water/​Aqua/​Eau, Glycerin, Coco-Caprylate, Stearic Acid, Coconut Alkanes, Glyceryl Stearate, Niacinamide, Caprylic/​Capric Triglyceride, Cetearyl Alcohol, Pentylene Glycol, Passiflora Edulis Seed Oil, Retinol 1.0%, Simmondsia Chinensis (Jojoba) Seed Oil, Sclerocarya Birrea Seed Oil, Prunus Armeniaca (Apricot) Kernel Oil, Cetyl Ethylhexanoate, Palmitoyl Tripeptide-1, Palmitoyl Tetrapeptide-7, Brassica Oleracea Acephala Leaf Extract, Brassica Oleracea Italica (Broccoli) Extract, Tetrahexyldecyl Ascorbate, Chrysin, Persea Gratissima (Avocado) Oil, Linoleic Acid, Linolenic Acid, Ceramide NP, Xanthophylls, Phytosphingosine, Phytosterols, Jojoba Esters, Physalis Pubescens Fruit Juice, Stearyl Glycyrrhetinate, Oryza Sativa (Rice) Bran Extract, Glycine Soja (Soybean) Oil, Carthamus Tinctorius Seed Oil, Palmitoyl Hexapeptide-12, Cetyl Palmitate, Trehalose, Lauric Acid, Sodium Hyaluronate Crosspolymer, Olea Europaea (Olive) Fruit Oil, Glucosamine Hcl, Tocopheryl Acetate, Coco-Caprylate/​Caprate, Pisum Sativum (Pea) Extract, Tocopherol, Bambusa Vulgaris Leaf/​Stem Extract, Phenoxyethanol, Caprylyl Glycol, Carbomer, Trideceth-6 Phosphate, N-Hydroxysuccinimide, Ceteareth-20, Sodium Hydroxide, Laureth-23, Steareth-20, Propanediol, Chlorhexidine Digluconate, Polysorbate 20, Trisodium Ethylenediamine Disuccinate, Chlorphenesin, Potassium Sorbate, Ethylhexylglycerin","1.0% | A-Passioni Retinol Cream
        

            Drunk Elephant",https://inkeedecoder.com/products/drunk-elephant-a-passioni-retinol-cream
pores,"Aqua (Water), Phospholipids, Leuconostoc/​Radish Root Ferment Filtrate, Retinol 1.0%, Phenoxyethanol, Benzoic Acid, Glyceryl Laurate, EDTA, Dehydroacetic Acid, Ethylhexylglycerin","1.0% | Night Switch Retinol 1%
        

            Lixir",https://inkeedecoder.com/products/lixir-night-switch-retinol-1
pores,"Aqua (Water), Cyclomethicone, Allyl Methacrylates Crosspolymer, Polysorbate 20, Retinol 1.0%, BHT, Cyclopentasiloxane, Dimethicone Crosspolymer, Dimethicone, Dimethiconol, Laureth-4, Laureth-23, Hydrogenated Lecithin, Butyrospermum Parkii (Shea Butter), Capric/​Caprylic Triglyceride, Ceramide 2, Ceramide 3, Phytosphingosine, Cholesterol, Hypericum Perforatum Extract, Propylene Glycol, Sodium Polyacrylate, Dimethicone PEG-7 Isostearate, Glycerin, Polyacrylamide, C13-14 Isoparaffin, Laureth-7, Bisabolol, Rosa Canina Leaf Extract, Silybum Marianum Fruit Extract, Passiflora Incarnata Flower Extract, Chamomilla Recutita Leaf Extract (Matricaria), Citric Acid, Methylisothiazolinone, Tetrasodium EDTA","1.0% | Retinol 1.0 Maximum Strength Refining Night Cream
        

            SkinCeuticals",https://inkeedecoder.com/products/skinceuticals-retinol-1-0-maximum-strength-refining-night-cream
pores,"Squalane, Caprylic/​Capric Triglyceride, Simmondsia Chinensis (Jojoba) Seed Oil, Retinol 1.0%, Solanum Lycopersicum (Tomato) Fruit Extract, Rosmarinus Officinalis (Rosemary) Leaf Extract, Hydroxymethoxyphenyl Decanone, BHT","1.0% | Retinol 1% In Squalane
        

            The Ordinary",https://inkeedecoder.com/products/the-ordinary-retinol-1-in-squalane
pores,"Carthamus Tinctorius (Safflower) Seed Oil, Caprylic/​Capric Triglyceride, Cyclopentasiloxane, PPG-12/​Smdi Copolymer, Cyclohexasiloxane, Retinol 0.6%, Tocopheryl Acetate, Lecithin, BHT","0.6% | Retinol 6TR Serum
        

            Medik8",https://inkeedecoder.com/products/medik8-retinol-6tr-serum
pores,"Aqua/​Water/​Eau, Cyclopentasiloxane, Cyclohexasiloxane, Dimethiconol, Alcohol Denat, Pentylene Glycol, Allyl Methacrylates Crosspolymer, Dimethicone PEG-7 Isostearate, Sodium Polyacrylate, Dimethicone Crosspolymer, Dimethicone, Cyclomethicone, Glycerin, Retinol 0.5%, Hydrogenated Lecithin, Polysorbate 20, Polyacrylamide, C13-14 Isoparaffin, Laureth-23, Laureth-4, Bisabolol, BHT, Laureth-7, Trisodium EDTA, Propylene Glycol, Salvia Officinalis Leaf Extract/​Sage Leaf Extract, Chamomilla Recutita Flower Extract, Matricaria Flower Extract, Propyl Gallate","0.5% | Retinol 0.5 Refining Night Cream
        

            SkinCeuticals",https://inkeedecoder.com/products/skinceuticals-retinol-0-5-refining-night-cream
pores,"Squalane, Caprylic/​Capric Triglyceride, Simmondsia Chinensis (Jojoba) Seed Oil, Retinol 0.5%, Solanum Lycopersicum (Tomato) Fruit Extract, Rosmarinus Officinalis (Rosemary) Leaf Extract, Hydroxymethoxyphenyl Decanone, BHT","0.5% | Retinol 0.5% In Squalane
        

            The Ordinary",https://inkeedecoder.com/products/the-ordinary-retinol-0-5-in-squalane
pores,"Simmondsia Chinensis (Jojoba) Seed Oil, Cyclopentasiloxane, PPG-12/​Smdi Copolymer, Cyclohexasiloxane, Caprylic/​Capric Triglyceride, Tocopheryl Acetate, Retinol 0.3%, Lecithin, BHT","0.3% | Retinol 3 Tr Serum
        

            Medik8",https://inkeedecoder.com/products/medik8-retinol-3-tr-serum
pores,"Aqua/​Water, Isostearyl Neopentanoate, Glycerin, Glycine Soja Oil/​Soybean Oil, Propylene Glycol, Acrylamide/​Sodium Acryloyldimethyltaurate Copolymer, Cetearyl Alcohol, Phenoxyethanol, Isohexadecane, Retinol 0.3%, Polysorbate 80, Sodium Hyaluronate, Medicago Sativa Extract/​Alfalfa Extract, Chamomilla Recutita Extract/​Matricaria Flower Extract, Triethanolamine","0.3% | Retinol 0.3
        

            SkinCeuticals",https://inkeedecoder.com/products/skinceuticals-retinol-0-3
pores,"Aqua/​Water, Glycerin, Dicaprylyl Ether, Isopropyl Isostearate, Octyldodecanol, Sodium Tetrahydrojasmonate, Cetyl Alcohol, Glycine Soja Oil /​ Soybean Oil, Behenyl Alcohol, Dipropylene Glycol, Ci 61570 /​ Green 5, Tocopherol, Sodium Hyaluronate, Sodium Hydroxide, Phenoxyethanol, Adenosine, PEG-100 Stearate, Chlorphenesin, Ammonium Polyacryloyldimethyl Taurate, Limonene, Linalool, Caprylyl Glycol, Carbomer, Cetearyl Alcohol, Methyldihydrojasmonate, Retinol 0.2%, Cetearyl Glucoside, Citronellol, BHT, Parfum/​Fragrance","0.2% | Visionnaire Skin Solutions Retinol Serum
        

            Lancôme",https://inkeedecoder.com/products/lancome-visionnaire-skin-solutions-retinol-serum
pores,"Water, Pentylene Glycol, Dimethicone, Bis-Ethoxydiglycol Cyclohexane 1,4-Dicarboxylate 1.0%, Sodium Polyacrylate, C18-21 Alkane, Trideceth-6, 1,2-Hexanediol, Haematococcus Pluvialis Extract, Hydroxyacetophenone, Chlorphenesin, Retinol 0.15%, Adenosine 0.13%, Hydroxypropyl Cyclodextrin, Sodium Starch Octenylsuccinate, Ascorbic Acid","0.15% | Lab. Restoring Radiance Serum
        

            Purid",https://inkeedecoder.com/products/purid-lab-restoring-serum
pores,"Water, Cyclopentasiloxane, Dimethicone Crosspolymer, Ascorbyl Glucoside 2.0%, Ammonium Acryloyldimethyltaurate, Niacinamide, C12-15 Alkyl Benzoate, Dimethicone, Nylon-12, Phenoxyethanol, Glycerin, Portulaca Oleracea Extract, Aluminum Starch Octenylsuccinate, Cyclohexasiloxane, Butylene Glycol, Bisabolol, Laureth-23, Sodium Hydroxide, Methylparaben, Sodium Lactate, Polyacrylamide, Laureth-4, Xanthan Gum, BHT, Disodium EDTA, Propylparaben, C13-14 Isoparaffin, Fragrance, Retinol 0.1%, Sodium PCA, Polysorbate 20, Ascorbic Acid, Propylene Glycol, Ethylparaben, Sorbitol, Laureth-7, Proline, Dipotassium Glycyrrhizate, Hydrolyzed Soy Protein, Lilium Candidum Flower Extract","0.1% | Fine Fairness Brightening Serum
        

            Neutrogena",https://inkeedecoder.com/products/neutrogena-fine-fairness-brightening-serum
pores,retinol,Show all >>,https://inkeedecoder.com/ingredients/retinol?koffset=1
pores,"Water (Aqua), Glycolic Acid 20.0%, Pentylene Glycol, Isopropyl Palmitate, Caprylic/​Capric Triglyceride, Ammonium Hydroxide, Cetyl Alcohol, Glyceryl Stearate, PEG-100 Stearate, Potassium Cetyl Phosphate, Butyrospermum Parkii (Shea) Oil, Sodium Hyaluronate, Tocopherol, Glycerin, Aloe Barbadensis Leaf Juice Powder, Vaccinium Myrtillus Fruit/​Leaf Extract, Chamomilla Recutita (Matricaria) Flower Extract, Camellia Sinensis Leaf Extract, Saccharum Officinarum (Sugar Cane) Extract, Citrus Aurantium Dulcis (Orange) Fruit Extract, Citrus Limon (Lemon) Fruit Extract, Acer Saccharum (Sugar Maple) Extract, Simmondsia Chinensis (Jojoba) Seed Oil, Magnesium Aluminum Silicate, Stearic Acid, Sorbitan Stearate, Ethylhexylglycerin, Xanthan Gum, Dimethicone, Hydroxyethylcellulose, Disodium EDTA, Phenoxyethanol","20.0% | Aha Resurfacing Lotion 20 Intensive Exfoliating Treatment
        

            DCL",https://inkeedecoder.com/products/dcl-aha-resurfacing-lotion-20-50ml-intensive-exfoliating-treatment
pores,"Purified Water, Glycolic Acid 20.0%, C12-15 Alkyl Benzoate, Cyclopentasiloxane, Ammonium Hydroxide, Stearyl Alcohol, Glyceryl Stearate, Cetearyl Alcohol, Polyacrylamide, C13-14 Isoparaffin, Dimethicone, Squalane, Tocopheryl Acetate, Camellia Sinensis (Green Tea)Leaf Extract, Ubiquinone (Coenzyme Q-10), Hydrolyzed Glycosaminoglycans, Phospholipids, Retinyl Palmitate, Ascorbyl Palmitate, Cetearyl Glucoside, PEG-100 Stearate, Laureth-7, Disodium EDTA, Methylparaben, Propylparaben, Imidazolidinyl Urea","20.0% | Glycolix Elite Facial Cream 20%
        

            Topix",https://inkeedecoder.com/products/topix-glycolix-elite-facial-cream-20
pores,"Aqua/​Water/​Eau, Alcohol Denat, Glycolic Acid 15.0%, Propylene Glycol, Ammonium Hydroxide, Polyquaternium-10, Tetrasodium EDTA","15.0% | Clarify Gel Plus
        

            Neostrata",https://inkeedecoder.com/products/neostrata-gel-plus
pores,"Aqua, PEG-40 Hydrogenated Castor Oil, Glycolic Acid 10.0%, Gluconolactone, Propanediol, Boerhavia Diffusa Root Extract, Hexylresorcinol, Simmondsia Chinensis Seed Oil, Phenoxyethanol, Sucrose Palmitate, Butylene Glycol, Glyceryl Linoleate, Prunus Amygdalus Dulcis (Sweet Almond) Oil, Glycyrrhiza Glabra (Licorice) Root Extract, Magnesium Ascorbyl Phosphate, Undaria Pinnatifida Extract, Ubiquinone, Xanthan Gum, Ethylhexylglycerin, Benzyl Alcohol, Potassium Sorbate, Propylene Glycol, Ascorbyl Palmitate, Glyceryl Stearate, Glyceryl Distearate, Citric Acid, BHT","10.0% | MelaBlok
        

            Dermasence",https://inkeedecoder.com/products/dermasence-melablok
pores,"Aqua/​Water/​Eau, Glycolic Acid 10.0%, Glycerin, Alcohol Denat, Sodium Hydroxide, Aloe Barbadensis Leaf Juice, Sodium Hyaluronate, Hydroxyethylcellulose, Ascorbyl Glucoside, Citric Acid, Potassium Sorbate, Sodium Benzoate","10.0% | Revitalift Derm Intensives 10% Pure Glycolic Acid Serum
        

            L'Oreal Paris",https://inkeedecoder.com/products/loreal-paris-10-pure-glycolic-acid-serum
pores,"Water (Aqua), Methylpropanediol, Glycolic Acid 10.0%, Butylene Glycol, Sodium Hydroxide, Camellia Sinensis (Green Tea) Leaf Extract, Aloe Barbadensis Leaf Juice, Sodium Ascorbyl Phosphate, Dipotassium Glycyrrhizate, Glycyrrhiza Glabra Licorice) Root Extract, Vitis Vinifera (Grape) Seed Extract, Arctium (Burdock) Lappa Root Extract, Avena Sativa (Oat) Kernel Extract, Borago Officinalis (Borage) Extract, Boerhavia Diffusa Root Extract, Chamomilla Recutita (Matricaria) Flower Extract, Salix Nigra (Willow) Bark Extract, Ulmus Fulva Bark Extract, Glycerin, Allantoin, Propylene Glycol, Tetrasodium EDTA, Phenoxyethanol","10.0% | Resist Weekly Resurfacing Treatment 10% Aha
        

            Paula's Choice",https://inkeedecoder.com/products/paulas-choice-resist-weekly-resurfacing-treatment-10-aha
pores,"Aqua, Glycolic Acid 6.0%, Sodium Hydroxide, Isopentyldiol, Methyl Gluceth-20, Potassium Azeloyl Diglycinate, Zinc Pca, Saccharum Officinarum (Sugarcane) Extract**, Vaccinium Myrtillus Extract**, Citrus Aurantium Dulcis Fruit Extract**, Acer Saccharum (Sugar Maple) Extract**, Citrus Medica Limonum Fruit Extract**, Betaine, Camellia Sinensis Leaf Extract, Gallic Acid, Citrus Reticulata (Tangerine) Peel Extract, Dipropylene Glycol, Allantoin, Dipotassium Glycyrrhizate, Sodium Hyaluronate, Hydrolyzed Sodium Hyaluronate, Acetyl Hydroxyproline, Arginine/​Lysine Polypeptide, Colloidal Platinum, Silica, Pentylene Glycol, 4-T-Butylcyclohexanol, Sodium Citrate, Arginine, 1,10-Decanediol, 10-Hydroxydecanoic Acid, Decylene Glycol, Glycereth-26, Glycerin, 1,2-Hexanediol, Hydroxyacetophenone, PEG-40 Hydrogenated Castor Oil, Potassium Hydroxide, Phenoxyethanol","6.0% | Energy Complex Ahas Exfoliating Toner
        

            Aisuanis",https://inkeedecoder.com/products/aisuanis-energy-complex-ahas-exfoliating-toner
pores,"Water, Salicylic Acid, Amylopectin, Glycolic Acid 1.8%, Lactobionic Acid 1.6%, Gluconolactone 1.5%, Capryloyl Salicylic Acid 0.9%, Mandelic Acid 0.7%, Glycerin, Cyclodextrin, Hydroxyethylcellulose, Biosaccharide Gum-1, Biosaccharide Gum-2, Acrylates/​C10-30 Alkyl Acrylate Crosspolymer, Quaternium-73, Poloxamer 407, Aloe Barbadensis Leaf Extract, Mentha Piperita Extract, Portulaca Oleracea Extract, Saccharide Isomerate, Dipotassium Glycyrrhizate, Propanediol, Beta-Glucan, 1,2-Hexanediol, Xanthan Gum, Caprylhydroxamic Acid, Butylene Glycol, Allantoin, O-Cymen-5-Ol, Disodium EDTA","1.8% | Compound Six Acid Nourishing Conditioning Biofilm
        

            Aisuanis",https://inkeedecoder.com/products/aisuanis-compound-six-acid-nourishing-conditioning-biofilm
pores,"Water, Azelaic Acid 20.0%, Ascorbic Acid, Tocopherol, Collagen, Ubiquinone, Carbomer, Squalane, Centella Asiatica Extract, Curcuma Longa Root Extract, Glycolic Acid, Sodium Hydroxide, EDTA, Potassium Sorbate","20.0% | Azelaic Acid
        

            Derma Forte",https://inkeedecoder.com/products/derma-forte-azelaic-acid
pores,"Aqua, Propylene Glycol, Azelaic Acid 15.0%, Tetrahydroxypropyl Ethylenediamine, Potassium Azeloyl Diglycinate 5.0%, Polyacrylate Crosspolymer-6, Salicylic Acid 2.0%, Lactobionic Acid, Bisabolol, Gluconolactone, Arginine, Quaternium-73, Dipotassium Glycyrrhizate, 1,2-Hexanediol, Isopentyldiol, O- Cymen-5-Ol, Hydroxyacetophenone","15.0% | Azelaic Acid Control Facial Acne Gel
        

            Aisuanis",https://inkeedecoder.com/products/aisuanis-empowerment-azelaic-acid-control-facial-acne-gel
pores,"Aqua, Dipropylene Glycol, Cyclopentasiloxane, Azelaic Acid 10.0%, Lauryl PEG-9 Polydimethylsiloxyethyl Dimethicone, Dimethicone, Phenyl Trimethicone, Polyglyceryl-4 Isostearate, Sodium Hydroxide, Squalane, Salicylic Acid 1.0%, Mandelic Acid, Potassium Azeloyl Diglycinate, Panthenol, Niacinamide, Stephania Tetrandra Extract, Beta-Sitosterol, Arginine, Tremella Fuciformis (Mushroom) Extract, Butylene Glycol, Sodium Hyaluronate, Magnesium Stearate, Hydroxyacetophenone, 1,2-Hexanediol, Quaternium-73, Pentylene Glycol, Hydroxyphenyl Propamidobenzoic Acid","10.0% | Empowerment Azelaic Acid Sebamed Clear Face Facial Cream
        

            Aisuanis",https://inkeedecoder.com/products/aisuanis-empowerment-azelaic-acid-sebamed-clear-face-facial-cream
pores,"Aqua (Water), Propylene Glycol, Azelaic Acid 10.0%, Caprylic/​Capric Triglyceride, Stearyl Alcohol, Betaine, Glycerin, Ceteareth-20, Allantoin, Polyacrylate Crosspolymer-6, Disodium EDTA, Methylparaben","10.0% | Professional 10% Azelaic Acid Face Serum
        

            Bielenda",https://inkeedecoder.com/products/bielenda-professional-10-azaleic-acid-face-serum
pores,"Aloe Barbadensis Leaf Extract, Propylene Glycol, Azelaic Acid 10.0%, Polysorbate 20, 1,2-Hexanediol, Propanediol, Panthenol, Niacinamide, Sodium Hyaluronate 0.2%, Hamamelis Virginiana (Witch Hazel) Leaf Extract, Rosmarinus Officinalis (Rosemary) Extract, Eucalyptus Globulus Leaf Extract, Thymus Vulgaris (Thyme) Extract, Aspalathus Linearis Extract","10.0% | Azelaic Acid 10% Serum
        

            Cos De BAHA",https://inkeedecoder.com/products/cos-de-baha-azelaic-acid-10-serum
pores,"Aqua (Water), Azelaic Acid 10.0%, Caprylic/​Capric Triglyceride, Niacinamide 5.0%, Dicaprylyl Carbonate, Ascorbyl Glucoside 2.0%, Cetearyl Alcohol, Glycerin, Glyceryl Stearate SE, Cetearyl Olivate, Bakuchiol 1.0%, Sorbitan Olivate, Benzyl Alcohol, Xanthan Gum, Phenoxyethanol, Sodium Hydroxide, Disodium EDTA, Dehydroacetic Acid","10.0% | Flawless Brightly Serum
        

            Dr Sam Bunting",https://inkeedecoder.com/products/dr-sam-bunting-flawless-brightly-serum
pores,"Aqua (Water), Isodecyl Neopentanoate, Dimethicone, Azelaic Acid 10.0%, Dimethicone/​Bis-Isobutyl PPG-20 Crosspolymer, Dimethyl Isosorbide, Hydroxyethyl Acrylate/​Sodium Acryloyldimethyl Taurate Copolymer, Polysilicone-11, Isohexadecane, Tocopherol, Trisodium Ethylenediamine Disuccinate, Isoceteth-20, Polysorbate 60, Triethanolamine, Ethoxydiglycol, Phenoxyethanol, Chlorphenesin","10.0% | Azelaic Acid Suspension 10%
        

            The Ordinary",https://inkeedecoder.com/products/the-ordinary-azelaic-acid-suspension-10
pores,"Aqua (Water), Propylene Glycol, Ammonium Polyacryloyldimethyl Taurate, Azelaic Acid 5.0%, Squalane 5.0%, Salicylic Acid 2.0%, Glyceryl Stearate, Disodium EDTA, PEG-100 Stearate, Sodium Hydroxide, Bakuchiol 0.5%","5.0% | Flawless Neutralising Gel
        

            Dr. Sam Bunting Skincare",https://inkeedecoder.com/products/dr-sam-bunting-skincare-flawless-neutralising-gel
pores,"Aqua (Water/​Eau), Butylene Glycol, Niacinamide 10.0%, Azelaic Acid 5.0%, Dicaprylyl Carbonate, Glycerin, Ethoxydiglycol, Cetearyl Alcohol, Dimethyl Isosorbide, Bakuchiol 1.0%, Tapioca Starch, Benzyl Alcohol, Allantoin, Sodium Stearoyl Glutamate, Xanthan Gum, Phenoxyethanol, Hydroxypinacolone Retinoate 0.2%, Disodium EDTA, Dehydroacetic Acid, Polymethylsilsesquioxane","5.0% | Flawless Nightly Serum
        

            Dr. Sam Bunting Skincare",https://inkeedecoder.com/products/dr-sam-bunting-skincare-flawless-nightly-serum
pores,"Organic Aloe Barbadensis Leaf Extract (Aloe), Niacinamide 10.0%, Propanediol, Glycerin, 1,2-Hexanediol, Zinc Pca 1.0%, Sodium Hyaluronate, Allantoin, Dipotassium Glycyrrhizate, Organic Hamamelis Virginiana (Witch Hazel) Leaf Extract, Organic Rosmarinus Officinalis (Rosemary) Extract, Organic Eucalyptus Globulus (Eucalyptus) Leaf Extract, Organic Thymus Vulgaris (Thyme) Extract, Organic Aspalathus Linearis (Rooibos) Extract","1.0% | Niacinamide 10 Serum
        

            Cos De BAHA",https://inkeedecoder.com/products/cos-de-baha-niacinamide-10-serum
pores,"Aqua (Water), Niacinamide 10.0%, Pentylene Glycol, Zinc Pca 1.0%, Dimethyl Isosorbide, Tamarindus Indica Seed Gum, Xanthan Gum, Isoceteth-20, Ethoxydiglycol, Phenoxyethanol, Chlorphenesin","1.0% | Niacinamide 10% + Zinc 1%
        

            The Ordinary",https://inkeedecoder.com/products/the-ordinary-niacinamide-10-zinc-1-serum1
pores,"Water, Salicylic Acid, Amylopectin, Glycolic Acid 1.8%, Lactobionic Acid 1.6%, Gluconolactone 1.5%, Capryloyl Salicylic Acid 0.9%, Mandelic Acid 0.7%, Glycerin, Cyclodextrin, Hydroxyethylcellulose, Biosaccharide Gum-1, Biosaccharide Gum-2, Acrylates/​C10-30 Alkyl Acrylate Crosspolymer, Quaternium-73, Poloxamer 407, Aloe Barbadensis Leaf Extract, Mentha Piperita Extract, Portulaca Oleracea Extract, Saccharide Isomerate, Dipotassium Glycyrrhizate, Propanediol, Beta-Glucan, 1,2-Hexanediol, Xanthan Gum, Caprylhydroxamic Acid, Butylene Glycol, Allantoin, O-Cymen-5-Ol, Disodium EDTA","0.9% | Compound Six Acid Nourishing Conditioning Biofilm
        

            Aisuanis",https://inkeedecoder.com/products/aisuanis-compound-six-acid-nourishing-conditioning-biofilm
pores,"Water, Salicylic Acid, Amylopectin, Glycolic Acid 1.8%, Lactobionic Acid 1.6%, Gluconolactone 1.5%, Capryloyl Salicylic Acid 0.9%, Mandelic Acid 0.7%, Glycerin, Cyclodextrin, Hydroxyethylcellulose, Biosaccharide Gum-1, Biosaccharide Gum-2, Acrylates/​C10-30 Alkyl Acrylate Crosspolymer, Quaternium-73, Poloxamer 407, Aloe Barbadensis Leaf Extract, Mentha Piperita Extract, Portulaca Oleracea Extract, Saccharide Isomerate, Dipotassium Glycyrrhizate, Propanediol, Beta-Glucan, 1,2-Hexanediol, Xanthan Gum, Caprylhydroxamic Acid, Butylene Glycol, Allantoin, O-Cymen-5-Ol, Disodium EDTA","0.7% | Compound Six Acid Nourishing Conditioning Biofilm
        

            Aisuanis",https://inkeedecoder.com/products/aisuanis-compound-six-acid-nourishing-conditioning-biofilm
pores,"Isohexadecane, Ascorbic Acid 30.0%, Butylene/​Ethylene/​Styrene Copolymer, Ethylene/​Propylene/​Styrene Copolymer, Isononyl Isononanoate, Tetrahexyldecyl Ascorbate, Tocopheryl Acetate, Citrus Grandis (Grapefruit) Peel Oil, Citrus Aurantium Amara (Bitter Orange) Peel Oil, Squalane, Ubiquinone, Isomalt, Hydrated Silica, Limonene, Hydrolyzed Corn Starch, Phenoxyethanol","30.0% | C Scape High Potency Night Booster 30
        

            DCL",https://inkeedecoder.com/products/dcl-c-scape-high-potency-night-booster-30
pores,"Dimethicone, Ascorbic Acid 30.0%, Polysilicone-11, Peg-10 Dimethicone","30.0% | Vitamin C Suspension 30% In Silicone
        

            The Ordinary",https://inkeedecoder.com/products/the-ordinary-vitamin-c-suspension-30-in-silicone
pores,"Water, Ascorbic Acid 25.0%, Propanediol, Tromethamine, Dimethicone, Panthenol, Ethyl Ascorbyl Ether, Squalane, Caffeine, Sodium Chloride, Sodium Hyaluronate, Fragrance, Adenosine, Sodium Sulfite, Disodium EDTA, Glutathione, Gardenia Florida Extract, Acetyl Glucosamine, Dextrin, Hydrogenated Sunflower Seed Oil, Butylene Glycol, Tocopherol, Arginine, Xanthan Gum, Methyl Trimethicone, Niacinamide, Pentylene Glycol, Safflower Seed Oil, Camellia Sinensis Seed Oil, Sodium Citrate, Denatured Alcohol, Daucus Carota Sativa Root Extract, Licorice Root Extract, Beta-Carotene","25.0% | A.C.E. Vitamin C25
        

            IOPE",https://inkeedecoder.com/products/iope-a-c-e-vitamin-c25
pores,"Ethoxydiglycol, L Ascorbic Acid 25.0%, Aqua, PEG-8, Betaine, Harpagophytum Procumbens Root Extract, Hydrolyzed Brassica Alba Seed Extract, Centella Asiatica Extract, Cynara Scolymus Leaf Extract, Yeast Extract, Salicornia Herbacea Extract, Tocopherol, Ethyl Ascorbic Acid, Citrus Paradisi Fruit Extract, Saccharide Isomerate, Glycerol, Butylene Glycol, PEG/​PPG-300/​55 Copolymer, PPG-6-Decyltetradeceth-30, Parfum","25.0% | C25 Neo
        

            Rohto Obagi",https://inkeedecoder.com/products/rohto-obagi-25-neo-vitamin-c-serum
pores,"Water, Ascorbic Acid 23.0%, Propanediol, Dimethicone, Tromethamine, Panthenol, Ethyl Ascorbyl Ether, Squalane, Caffeine, Sodium Chloride, Sodium Hyaluronate, Flavor, Adenosine, Sodium Sulfite, Disodium EDTA, Glutathione, Acetyl Glucosamine, Gardenia Florida Fruit Extract, Dextrin, Helianthus Annuus (Sunflower) Seed Oil, Butylene Glycol, Glycyrrhiza Glabra (Licorice) Root Extract, Tocopherol, Arginine, Methyl Trimethicone, Niacinamide, Pentylene Glycol, Carthamus Tinctorius (Safflower) Seed Oil, Camellia Japonica Seed Oil, Sodium Citrate, Alcohol Denat, Daucus Carota Sativa (Carrot) Root Extract, Beta-Carotene","23.0% | The Vitamin C23
        

            IOPE",https://inkeedecoder.com/products/iope-the-vitamin-c23
pores,"Ascorbic Acid 23.0%, Squalane, Isodecyl Neopentanoate, Isononyl Isononanoate, Coconut Alkanes, Ethylene/​Propylene/​Styrene Copolymer, Ethylhexyl Palmitate, Silica Dimethyl Silylate, Sodium Hyaluronate, Glucomannan, Coco-Caprylate/​Caprate, Butylene/​Ethylene/​Styrene Copolymer, Acrylates/​Ethylhexyl Acrylate Crosspolymer, Trihydroxystearin, Bht","23.0% | Vitamin C Suspension 23% + Ha Spheres 2%
        

            The Ordinary",https://inkeedecoder.com/products/the-ordinary-vitamin-c-suspension-23-ha-spheres-2
pores,"Dimethicone, Ascorbic Acid 22.0%, Polysilicone-11, Ethylhexyl Palmitate, PEG-10 Dimethicone, Silica Silylate, Silica Dimethyl Silylate, Butylene Glycol, Sodium Hyaluronate","22.0% | Vitamin C24
        

            Indeed Labs",https://inkeedecoder.com/products/indeed-labs-vitamin-c24
pores,"Aronia Melanocarpa Fruit Extract (Black Chokeberry), Ascorbic Acid (Vitamin C) 20.5%, Butylene Glycol, Sodium Lactate, Licorice Root Extract, 1,2- Hexanediol, Pullulan, Sodium Hyaluronate, Cassia Obtusifolia Seed Extract, Allantoin","20.5% | Triple C Lightning Liquid
        

            COSRX",https://inkeedecoder.com/products/cosrx-triple-c-lightning-liquid
pores,"Aqua, Ascorbic Acid 20.0%, Butylene Glycol, Propanediol, Dipropylene Glycol, Glycerin, 1,2-Hexanediol, Tromethamine, PEG-40 Hydrogenated Castor Oil, Chondrus Crispus Extract, PEG-240/​Hdi Copolymer Bis-Decyltetradeceth-20 Ether, Propylene Glycol, Saccharum Officinarum (Sugarcane) Extract, Caprylyl Glycol, Diethoxydiglycol, Ferulic Acid (Mixture 1% [Glycerin, Diethoxydiglycol, PEG-40 Hydrogenated Castor Oil, ~, Oryza Sativa Extract]), Resveratrol 0.2%, Allantoin, Melia Azadirachta Flower Extract, Dipotassium Glycyrrhizate, Melia Azadirachta Leaf Extract, Adenosine, Centella Asiatica Extract, Curcuma Longa (Turmeric) Root Extract, Ocimum Sanctum Leaf Extract, Citrus Aurantium Dulcis (Orange) Peel Oil, Gentiana Scabra Root Extract, Glycyrrhiza Uralensis (Licorice) Root Extract, Caramel, Oryza Sativa (Rice) Extract, Citrus Aurantium Amara (Bitter Orange) Flower Oil, Corallina Officinalis Extract, Pelargonium Graveolens Flower Oil, Sodium Metabisulfite, Artemisia Annua Extract, Cnidium Monnieri Fruit Extract, Sophora Angustifolia Root Extract, Potassium Laurate, BHT","20.0% | VC Oxidation Resistance Serum
        

            Dr.magic",https://inkeedecoder.com/products/dr-magic-vc-oxidation-resistance-serum
pores,"Oryza Sativa (Rice) Starch*, Sodium Bicarbonate*, Citric Acid*, Disodium Lauryl Sulfosuccinate*, Cocamidopropyl Betaine*, Parfum (Fragrance)*, Hydrated Silica*, Maltodextrin*, Monosodium Citrate*, Limonene*, Daucus Carota Sativa (Carrot) Juice*, Citrus Limon (Lemon) Peel Powder*, Citrus Aurantium Dulcis (Orange) Peel Powder*, Tocopheryl Acetate*, Tocopherol*, Sodium Chloride*, PEG-150*, Magnesium Aspartate*, Zinc Gluconate*, Panthenol*, Sodium Hyaluronate*, Aqua (Water)*, Linalool*, Citral*, Benzyl Salicylate*, Oryza Sativa (Rice) Starch**, Ascorbic Acid ** 20.0%, Hydrated Silica**","20.0% | Vitamin Nectar Vitamin C Brightening Powder
        

            Fresh",https://inkeedecoder.com/products/fresh-vitamin-nectar-vitamin-c-brightening-powder
pores,"Aqua /​ Water /​ Eau, Ascorbic Acid 20.0%, Ethoxydiglycol, Propylene Glycol, Glycerin, Zinc Sulfate, Phenoxyethanol, Sodium Hydroxide, Panthenol, Ferulic Acid 0.2%, Sodium Hyaluronate","20.0% | Serum 20 AOX+
        

            SkinCeuticals",https://inkeedecoder.com/products/skinceuticals-serum-20-aox
pores,"Aqua, Ethoxydiglycol, Ascorbic Acid 20.0%, Propylene Glycol, Anogeissus Leiocarpus Bark Extract, Centella Asiatica Extract, Tocopheryl Acetate, Lactobionic Acid, Calcium Chloride, Glycerin, Sodium Benzoate, Potassium Sorbate, Polysorbate 80, Benzyl Alcohol, Dehydroacetic Acid","20.0% | 20% Vitamin C Essence
        

            Spring Letter",https://inkeedecoder.com/products/spring-letter-20-vitamin-c-essence
pores,ascorbic-acid,Show all >>,https://inkeedecoder.com/ingredients/ascorbic-acid?koffset=1
pores,"Aqua (Water), Azelaic Acid 10.0%, Caprylic/​Capric Triglyceride, Niacinamide 5.0%, Dicaprylyl Carbonate, Ascorbyl Glucoside 2.0%, Cetearyl Alcohol, Glycerin, Glyceryl Stearate SE, Cetearyl Olivate, Bakuchiol 1.0%, Sorbitan Olivate, Benzyl Alcohol, Xanthan Gum, Phenoxyethanol, Sodium Hydroxide, Disodium EDTA, Dehydroacetic Acid","1.0% | Flawless Brightly Serum
        

            Dr Sam Bunting",https://inkeedecoder.com/products/dr-sam-bunting-flawless-brightly-serum
pores,"Aqua (Water/​Eau), Butylene Glycol, Niacinamide 10.0%, Azelaic Acid 5.0%, Dicaprylyl Carbonate, Glycerin, Ethoxydiglycol, Cetearyl Alcohol, Dimethyl Isosorbide, Bakuchiol 1.0%, Tapioca Starch, Benzyl Alcohol, Allantoin, Sodium Stearoyl Glutamate, Xanthan Gum, Phenoxyethanol, Hydroxypinacolone Retinoate 0.2%, Disodium EDTA, Dehydroacetic Acid, Polymethylsilsesquioxane","1.0% | Flawless Nightly Serum
        

            Dr. Sam Bunting Skincare",https://inkeedecoder.com/products/dr-sam-bunting-skincare-flawless-nightly-serum
pores,"Aqua (Water, Eau), Propanediol, Isopropyl Myristate, Caprylic/​Capric Triglyceride, Vitis Vinifera Seed Oil, Bakuchiol 1.0%, Phenoxyethanol, Polyacrylamide, Xanthan Gum, C13-14 Isoparaffin, Titanium Dioxide, Laureth-7, Ethylhexylglycerin, Ci 17200 (Red 33), Ci 42090 (Blue 1)","1.0% | 1% Bakuchiol Serum
        

            Revolution Skincare",https://inkeedecoder.com/products/revolution-skincare-1-bakuchiol-serum
pores,"Aqua (Water), Propylene Glycol, Ammonium Polyacryloyldimethyl Taurate, Azelaic Acid 5.0%, Squalane 5.0%, Salicylic Acid 2.0%, Glyceryl Stearate, Disodium EDTA, PEG-100 Stearate, Sodium Hydroxide, Bakuchiol 0.5%","0.5% | Flawless Neutralising Gel
        

            Dr. Sam Bunting Skincare",https://inkeedecoder.com/products/dr-sam-bunting-skincare-flawless-neutralising-gel
pores,"Water, Gluconolactone 30.0%, Lactic Acid 15.0%, Glycerin, Sodium Hydroxide, Propanediol, Polyacrylate Crosspolymer-6, Dipropylene Glycol, Boswellia Serrata Gum, Beta-Glucan, Anthocyanins (Ipomoea Batatas Root Extract), Maltodextrin","30.0% | Baby Steps Acid Treatment
        

            Chemist Confessions",https://inkeedecoder.com/products/chemist-confessions-baby-steps-acid-treatment
pores,"Water (Aqua), Gluconolactone 15.0%, C12-15 Alkyl Benzoate, Propylene Glycol, Isododecane, Peg-40 Stearate, Sorbitan Stearate, Isocetyl Alcohol, Stearyl Alcohol, Polyglyceryl-2 Diisostearate, Cyclomethicone, Triethanolamine, Palmitic Acid, Stearic Acid, Ethoxydiglycol, Dimethicone, Butylene Glycol, Tocopheryl (Vitamin E) Acetate, Arginine, Disodium EDTA, Myristic Acid, Magnesium Aluminum Silicate, Xanthan Gum, Methylparaben, Chlorphenesin, Propylparaben","15.0% | Bio-Hydrating Cream
        

            Neostrata",https://inkeedecoder.com/products/neostrata-bio-hydrating-cream
pores,"Aqua (Purified Water), Gluconolactone 14.0%, Dicaprylyl Carbonate, Niacinamide 4.0%, Propanediol, Dimethicone, Glycerin, Sodium Hydroxide, Pseudoalteromonas Ferment Extract, Biosaccharide Gum-4, Camellia Japonica Flower Extract, Cetearyl Dimethicone Crosspolymer, Crithmum Maritimum Extract, Pentaerythrityl Tetra-Di-T-Butyl Hydroxyhydrocinnamate, Sclerotium Gum, Sodium Hyaluronate, Tocopherol, 1,2-Hexanediol, Caprylic/​Capric Triglyceride, Cetearyl Alcohol, Glyceryl Stearate, Hydrogenated Vegetable Oil, Methyl Methacrylate Crosspolymer, PEG-100 Stearate, Coco-Glucoside, Sodium Salicylate, Parfum (Fragrance)","14.0% | Sebiaclear Serum
        

            SVR",https://inkeedecoder.com/products/svr-sebiaclear-serum
pores,"Aqua (Water), Cyclopentasiloxane, Gluconolactone 8.0%, Lactobionic Acid 4.0%, Propylene Glycol, Ethylhexyl Hydroxystearate, Glycerin, Triethanolamine, Arginine, C12-15 Alkyl Ethylhexanoate, Ethoxydiglycol, Glycol Distearate, Hydrogenated Vegetable Oil, Limnanthes Alba (Meadowfoam) Seed Oil, Octyldodecyl Myristate, PEG-100 Stearate, Stearyl Alcohol, Glyceryl Stearate, Butylene Glycol, Dimethylpolysiloxane, Petrolatum, Hydrogenated Lecithin, Algae Extract, Sodium Hyaluronate, Caprylic/​Capric/​Stearic Triglyceride, Sodium Bisulfite, Sodium Sulfite, Myristic Acid, Steareth-2, Palmitic Acid, Laureth-7, Stearic Acid, Hydroxyethylcellulose, Xanthan Gum, Cetyl Alcohol, Disodium EDTA, Arachidyl Alcohol, C13-14 Isoparaffin, Polyacrylamide, Butylparaben, Ethylparaben, Isobutylparaben, Propylparaben, Phenoxyethanol, Methylparaben, Chlorphenesin","8.0% | Bionic Face Cream
        

            Neostrata",https://inkeedecoder.com/products/neostrata-bionic-face-cream
pores,"Aqua (Water), Gluconolactone 5.5%, Glycerin, Hydrolyzed Opuntia Ficus-Indica Flower Extract, Euterpe Oleracea Fruit Extract, Aloe Barbadensis Leaf Juice, Sodium Hydroxide, Sodium Citrate, Hydroxyacetophenone, Phenoxyethanol, Ethylhexylglycerin, Potassium Sorbate, Sodium Benzoate","5.5% | Press And Glow Toner
        

            Medik8",https://inkeedecoder.com/products/medik8-press-and-glow-toner
pores,"Water, Salicylic Acid, Amylopectin, Glycolic Acid 1.8%, Lactobionic Acid 1.6%, Gluconolactone 1.5%, Capryloyl Salicylic Acid 0.9%, Mandelic Acid 0.7%, Glycerin, Cyclodextrin, Hydroxyethylcellulose, Biosaccharide Gum-1, Biosaccharide Gum-2, Acrylates/​C10-30 Alkyl Acrylate Crosspolymer, Quaternium-73, Poloxamer 407, Aloe Barbadensis Leaf Extract, Mentha Piperita Extract, Portulaca Oleracea Extract, Saccharide Isomerate, Dipotassium Glycyrrhizate, Propanediol, Beta-Glucan, 1,2-Hexanediol, Xanthan Gum, Caprylhydroxamic Acid, Butylene Glycol, Allantoin, O-Cymen-5-Ol, Disodium EDTA","1.5% | Compound Six Acid Nourishing Conditioning Biofilm
        

            Aisuanis",https://inkeedecoder.com/products/aisuanis-compound-six-acid-nourishing-conditioning-biofilm
pores,"Adapalene 0.1%, Carbomer Homopolymer, Edetate Disodium, Methylparaben, Poloxamer 182, Propylene Glycol, Purified Water, Sodium Hydroxide","0.1% | Effaclar Adapalene Gel 0.1% Acne Treatment
        

            La Roche-Posay",https://inkeedecoder.com/products/la-roche-posay-effaclar-adapalene-gel-0-1-acne-treatment
pores,"Kaolin, Avena Sativa (Oat) Kernel Flour, Corn Starch, Sodium Cocoyl Isethionate, Maltodextrine, Azelaic Acid, Camellia Sinensis Leaf Extract, Allantoin, Papain, Bromelain, Betaine",ART&FACT. Enzyme Powder,https://inkeedecoder.com/products/art-fact-enzyme-powder
pores,"Kaolin, Avena Sativa (Oat) Kernel Flour, Corn Starch, Maltodextrine, Sodium Cocoyl Isethionate, Azelaic Acid, Camellia Sinensis Leaf Extract, Allantoin",ART&FACT. Enzyme Powder (Regeneration & Cleansing),https://inkeedecoder.com/products/art-fact-enzyme-powder-regeneration-cleansing
pores,"Kaolin, Maltodextrin, Sodium Cetearyl Sulfate, Sodium Ascorbyl Phosphate, Acrylates/​C10-C30 Alkyl Acrylate Crosspolymer, Papain, Centella Asiatica Extract, Silica, Sodium Bicarbonate, Parfum",Afrodita professional Clean Up Enzimski Piling Za Lice I Ruke,https://inkeedecoder.com/products/afrodita-professional-clean-up-enzimski-piling-za-lice-i-ruke
pores,"Kaolin, Silt (Dead Sea Mud), Aqua (Mineral Spring Water), Cocamide MEA, Dmdm Hydantoin, Sodium Lauroamphoacetate, Sodium Trideceth Sulfate, Propanediol (Corn Derived Glycol), Glyceryl Stearate, Ethylhexyl Palmitate, Aloe Barbadensis Leaf Extract, Propylene Glycol, Glycerin, Simmondsia Chinensis (Jojoba) Seed Oil, Ceteareth-30, Cetearyl Alcohol, Maris Sal (Dead Sea Water), Sodium Lactate, Zinc Oxide, Caprylyl Glycol, Chlorphenesin, Phenoxyethanol, Panthenol (Pro Vitamin B5), Chamomilla Recutita (Matricaria) Flower Oil, Stearyl Alcohol, Magnesium Aluminum Silicate, Hydroxyethylcellulose, PEG-40 Stearate, Allantoin, Lactic Acid, Dimethicone, Sorbitan Tristearate, Xanthan Gum, PEG-5 Cocoate, PEG-8 Dicocoate, PEG-9, Iodopropynyl Butylcarbamate, Triclosan, Methylisothiazolinone, BHA, Tocopherol (Vitamin E)",Ahava Time To Clear Purifying Mud Mask,https://inkeedecoder.com/products/ahava-time-to-clear-purifying-mud-mask
pores,"Kaolin, Glycerin, Aqua (Water), Sorbitan Isostearate, Sodium Cocoyl Isethionate, Polysorbate 60, Polyglyceryl-6 Polyricinoleate, Butylene Glycol, Theobroma Cacao (Cocoa) Fruit Powder, C12-15 Alkyl Benzoate, Triethyl Citrate, Carthamus Tinctorius (Safflower) Seed Oil, Silica, Cocamidopropyl Hydroxysultaine, Sodium Stearoyl Glutamate, Polysorbate 20, Lactobacillus, Salicylic Acid, Manuka Honey (Umf 17+), Moroccan Lava Clay, Carnitine (L), Fomes Officinalis (Mushroom) Extract, Hexanoyl Dipeptide-3 Norleucine Acetate, Cannabis Sativa (Hemp) Seed Oil, Theobroma Cacao (Cocoa) Extract, Cocos Nucifera (Coconut) Fruit Extract, Sodium Hyaluronate (L), Laminaria Digitata Extract, Saccharomyces Cerevisiae Extract, Epilobium Angustifolium Flower/​Leaf/​Stem Extract, Colloidal Silver, Avena Sativa (Oat) Kernel Flour, Glucosamine Hcl, Lecithin, Vanillin, Urea, Dimethyl Isosorbide, Caprylic/​Capric Triglyceride, Ethylhexylglycerin, Polyglyceryl-6 Palmitate/​Succinate, Cetearyl Alcohol, Glyceryl Stearate, Sodium Gluconate, Phenoxyethanol",Allies of Skin Fresh Slate Purifying Cleanser + Masque,https://inkeedecoder.com/products/allies-of-skin-fresh-slate-purifying-cleanser-masque
pores,"Kaolin, Polyglyceryl-2 Triisostearate, C12-15 Alkyl Ethylhexanoate, Cyclopentasiloxane, Ceresin, Paraffin, Trimethylsiloxysilicate, Ethylhexyl Methoxycinnamate, Hydrogenated Vegetable Oil, Synthetic Wax, Microcrystalline Wax, Euphorbia Cerifera (Candelilla) Wax, Dimethicone/​Vinyl Dimethicone Crosspolymer, Glyceryl Caprylate, Fragrance, Caprylyl Glycol, Olea Europaea (Olive) Fruit Oil, Persea Gratissima (Avocado) Oil +, Titanium Dioxide (Ci 77891), Ci 45410, Ci 15850, CI 15850:1, Ci 12085, Ci 19140, Ci 15985, Iron Oxide Red (Cl 77491), Iron Oxide Yellow (Ci 77492), Iron Oxide Black (Ci 77499), Rosin, Barium Sulfate, Aluminum Hydroxide",Anjo Professional Black #4,https://inkeedecoder.com/products/anjo-professional-black-4
pores,"Kaolin, Dodecane, Coconut Alkanes, Sclerocarya Birrea Seed Oil, Hydrogenated Vegetable Oil, Helianthus Annuus Seed Cera, Coco-Caprylate/​Caprate, Jojoba Esters, Glyceryl Caprylate, Rhus Verniciflua Peel Cera, Shorea Robusta Resin, Tocopherol, Linalool, Acacia Decurrens Flower Cera, Polyglycerin-3, Ascorbyl Palmitate, Limonene, Ci 77491",Annemarie Börlind Liquid Lipstick Matt Nude,https://inkeedecoder.com/products/annemarie-borlind-liquid-lipstick-matt-nude
pores,"Kaolin, Ricinus Communis Seed Oil, Dodecane, Coconut Alkanes, Sclerocarya Birrea Seed Oil, Hydrogenated Vegetable Oil, Helianthus Annuus Seed Cera, Coco-Caprylate/​Caprate, Jojoba Esters, Glyceryl Caprylate, Rhus Verniciflua Peel Cera, Shorea Robusta Resin, Tocopherol, Linalool, Acacia Decurrens Flower Cera, Polyglycerin-3, Ascorbyl Palmitate, Limonene",Annemarie Börlind Liquid Lipstick Matt Rosewood,https://inkeedecoder.com/products/annemarie-borlind-liquid-lipstick-matt-rosewood
pores,"Kaolin, Avena Sativa Kernel Meal*, Lavandula Angustifolia Flower, Linum Usitatissimum (Linseed) Seed Oil, Citrus Aurantium Dulcis Peel Oil, Lavendula Officinalis Oil, Citrus Aurantium Dulcis Oil, Tocopherol",Anointment Exfoliating Clay Cleanser,https://inkeedecoder.com/products/anointment-natural-skin-care-exfoliating-clay-cleanser
pores,"Kaolin, Mica, Magnesium Stearate, Dimethylimidazolidinone Rice Starch, Zea Mays (Corn) Starch, Zinc Oxide, Phytosqualane, Silica, Diisostearyl Malate, Calcium Carbonate, Bambusa Arundinacea Stem Extract, Helianthus Annuus (Sunflower) Seed Oil, Portulaca Oleracea Extract, Salvia Officinalis (Sage) Oil, Anthemis Nobilis Flower Oil, Santalum Album (Sandalwood) Oil, 1,2-Hexanediol, Glyceryl Caprylate, Myristic Acid, Stearic Acid, Allantoin, Panthenol, Myristoyl/​Palmitoyl Oxostearamide/​Arachamide MEA",Atopalm Derma Soothing Powder,https://inkeedecoder.com/products/atopalm-derma-soothing-powder
pores,Kaolin,Australian Wholesale Oils White Kaolin French Clay,https://inkeedecoder.com/products/australian-wholesale-oils-white-kaolin-french-clay
pores,"Kaolin, Water (Aqua), Dipropylene Glycol, Pentaerythrityl Tetraethylhexanoate, Magnesium Aluminum Silicate, Sodium Methyl Cocoyl Taurate, Allantoin, Argania Spinosa Kernel Oil, Glycosyl Trehalose, Sesamum Indicum (Sesame) Seed Oil (Sesamum Indicum), Honey, Honey Extract, Sodium Hyaluronate, Propolis Extract, Whey Protein, Royal Jelly, Royal Jelly Extract, Spring Water, Hydrogenated Starch Hydrolysate, Saccharum Officinarum (Sugar Cane) Extract, Charcoal Powder, Butylene Glycol, Xanthan Gum, Citric Acid, Sodium Citrate, Glycerin, Polyethylene, Moroccan Lava Clay, Coco-Glucoside, Phenoxyethanol, Methylparaben, Fragrance (Parfum), Iron Oxides (Ci 77499)",BCL Tsururi Ghassoul Mineral Clay Pack,https://inkeedecoder.com/products/bcl-tsururi-ghassoul-mineral-clay-pack
pores,"Kaolin, Aqua, Silt, Propylene Glycol, Disodium Cocoamphodiacetate, Glycerin, Glyceryl Stearate SE, Wooded Charcoal, Cetearyl Alcohol, Ceteareth-30, Olea Europaea Fruit Oil, Imidazolidinyl Urea, Benzyl Alcohol, Potassium Sorbate, Perfume, Tocopheryl Acetate, Dunaliella Salina Extract, Methylchloroisothiazolinone, Methylisothiazolinone",BIOSPA Pure Mud & Charcoal Mask,https://inkeedecoder.com/products/biospa-pure-mud-charcoal-mask
pores,"Kaolin, Crambe Abyssinica Seed Oil, Carthamus Tinctorius Seed Oil, Ricinus Communis Seed Oil, Caryodendron Orinocense Seed Oil, Simmondsia Chinensis Seed Oil, Aqua, Hydrogenated Vegetable Oil, Cetearyl Olivate, Sorbitan Olivate, Olea Europaea Seed Powder, Tocopheryl Acetate, Panthenol, Zinc Oxide, Sodium Benzoate, Citric Acid, Glycerin, Potassium Sorbate, Terminalia Ferdinandiana Fruit Extract, Capryloyl Glycine, Gluconolactone, Citrus Aurantium Amara Flower Oil, Illite, Melaleuca Alternifolia Leaf Extract, Sodium Hyaluronate, Linalool, Limonene, Farnesol, Geraniol",BOGNA SKIN Nutritional Mask&Scrub “Lila Mask”,https://inkeedecoder.com/products/bogna-skin-nutritional-mask-scrub-lila-mask
pores,"Kaolin Clay, Corn Flour, Honey, Lactic Acid, Vegetable Glycerin, Sodium Lactate, Walnut Shell Powder, Lemon Peel, Olive Leaf, Vitamin B3, Licorice Root Extract, Cucumber, Eucalyptus, Rosemary, Peppermint, Willow Bark, Vitamin C",Beesline 4In1Whitening Cleanser,https://inkeedecoder.com/products/beesline-4in1whitening-cleanser
pores,"Kaolin, Cetearyl Alcohol, Glycerin, Hydrogenated Starch Hydrolysate, Isopropyl Palmitate, Glyceryl Stearate, PEG-100 Stearate, Paraffinum Liquidum (Mineral Oil), Dimethicone, Hydroxyacetophenone, Phenoxyethanol, Polyacrylamide, C13-14 Isoparaffin, Laureth-7, Fragrance (Parfum), Xanthan Gum, Hibiscus Abelmoschus (Hibiscus) Flower Extract, Cocos Nucifera (Coconut)",Bolero Clay Mask,https://inkeedecoder.com/products/bolero-clay-mask
pores,"White Kaolin Clay, Oats/​Avoine, Rose Petals/​Pétales De Rose, Bombay Damask Blend Of Pure Essential Oils/​Huile Essentielles",Bombay Beauty Co. No. 04 Detoxify,https://inkeedecoder.com/products/bombay-beauty-co-no-04-detoxify
pores,"Kaolin, Tapioca Starch, Disodium Lauryl Sulfosuccinate, Bambusa Arundinacea Stem Powder, Oryza Sativa (Rice) Powder, Xanthan Gum, Ananas Sativus (Pineapple) Fruit Extract, Salicylic Acid, Papain (Papaya Enzymes), Sodium Metabisulfite",Bondi Sands Glow Dust Exfoliating Powder,https://inkeedecoder.com/products/bondi-sands-glow-dust-exfoliating-powder
pores,"Kaolin Clay, Moroccan Lava Clay, Zinc Oxide, Hamamelis Virginiana (Witch Hazel) Distillate, Aroma, Anthemis Nobilis (Chamomile) Flower Water, Butyrospermum Parkii (Shea Butter), Charcoal (Activated), Simmondsia Chinensis (Jojoba) Seed Oil, Lactobacillus/​Punica Granatum Fruit Ferment Extract, Parfum (Essential Oil)",Buck Naked Beauty Mud Pie,https://inkeedecoder.com/products/buck-naked-beauty-mud-pie
pores,"Kaolin, Coconut Alkanes, Undecane, Helianthus Annuus (Sunflower) Seed Wax, Mica, Tridecane, Ricinus Communis (Castor) Seed Oil, Rhus Verniciflua Peel Wax, Shorea Robusta Resin, Trihydroxystearin, Coco-Caprylate/​Caprate, Helianthus Annuus (Sunflower) Seed Oil, Polyhydroxystearic Acid, Tocopherol, Glycine Soja (Soybean) Oil, Stearoyl Glutamic Acid, Ci 77491, Ci 77492, [Iron Oxides], Jojoba Esters, Parfum [Fragrance]*, Phenoxyethanol, Citronellol",Burt's Bees Eye Shadow Primer,https://inkeedecoder.com/products/burts-bees-eye-shadow-primer
pores,"Kaolin (French Pink Clay), Rosa Canina (Rosehip Powder), Chamomile Extract (Chamomile Powder), Lavandula Angustifolia (Lavender Powder)",Butt Naked Body Rose Clay Face Mask,https://inkeedecoder.com/products/butt-naked-body-rose-clay-face-mask
pores,"Kaolin, Quartz, Sodium Cocoyl Isethionate (Coconut), Organic Cocos Nucifera Fruit Powder, Oryza Sativa, Ananas Sativus, Avena Sativa, Banana, Tasmannia Lanceolata, Lentinus Edodes, Maltodextrin",Butt Naked Cleanse Dust Enzyme Powder Cleanser,https://inkeedecoder.com/products/butt-naked-cleanse-dust-enzyme-powder-cleanser
pores,"Kaolin, Aqua (Water), Hamamelis Virginiana (Witch Hazel) Water, Aloe Barbadensis Leaf Juice, Bentonite, Glycerin, Glyceryl Caprylate, PEG-60 Almond Glycerides, Polysorbate 20 (Coconut Derived), Sodium Citrate, Organic Rosa Canina (Rosehip) Oil, Rubus Idaeus (Raspberry) Seed Oil, Rubus Fruticosus (Blackberry) Fruit Extract, Macropiper Excelsum (Kawakawa) Extract, Lycium Barbarum (Goji Berry) Extract, Phormium Tenax (Harakeke) Extract, Metrosideros Excelsa (Pohutukawa) Extract, Caprylhydroxamic Acid, Parfum (Fragrance), Citronellol*, Hexyl Cinnamal*, Hydroxycitronellal*, Lyral*",By Nature Brightening Clay Mask With Pink Clay + Witch Hazel + Kawakawa Extract,https://inkeedecoder.com/products/by-nature-brightening-clay-mask-with-pink-clay-witch-hazel-kawakawa-extract
pores,"Kaolin, Aqua, Mentha Piperita Extract*, Butyrospermum Parkii Butter*, Aloe Barbadensis Leaf Extract*, Benzyl Alcohol, Cetearyl Alcohol, Cetearyl Glucoside, Jojoba Alcohol, Parfum, Potassium Jojobate, Propanediol, Sodium Benzoate","Cattier Clay Mask (Pink Clay, Aloe Vera)",https://inkeedecoder.com/products/cattier-clay-mask-pink-clay-aloe-vera
pores,"Kaolin, Sodium Chloride (Sea Salt), Sodium Chloride (Mineral Salt), Calendula Officinalis Flower Extract, Activated Bamboo Charcoal Powder",ClariSea Sea Salt Solutions Deep Pore Detox,https://inkeedecoder.com/products/clarisea-sea-salt-solutions-deep-pore-detox
pores,"Kaolin (Clay), Aqua (Water), Polyglyceryl-4 Laurate, Aloe Barbadensis (Aloe Vera) Leaf Juice, Euterpe Oleracea (Açaí Berry) Fruit Extract, Chenopodium Quinoa Seed Extract (Black Quinoa), Hematite Extract, Aluminium Hydroxide, Argilla, Quartz, Sunstone Powder, Glycyrrhiza Glabra (Licorice) Root Extract, Retinyl Palmitate (Vitamin A), Tocopherol (Vitamin E), Undaria Pinnatifida (Kelp) Extract, Punica Granatum (Pomegranate) Sterols, Mangifera Indica (Mango) Seed Butter, Rosmarinus Officinalis (Rosemary) Leaf Extract, Lactic Acid (AHA), Hamamelis Virginiana (Witch Hazel) Bark/​Twig Extract, Glycerine, Phenoxyethanol, Ethylhexylglycerin, Ci 77492",Clay and glow Pink Clay Mask,https://inkeedecoder.com/products/clay-and-glow-pink-clay-mask
pores,"Kaolin (Pink Clay), Oryza Sativa Powder (Rice Powder), Curcuma Longa Rhizome Extract(Turmeric), Carica Papaya Fruit Extract, Santalum Acuminatum Fruit Extract (Quandong), Aloe Barbadensis Leaf Juice Powder (Aloe Vera), Cocos Nucifera Fruit (Coconut Water Powder), Rubus Idaeus Fruit Extract, Cyamopsis Tetragonoloba Gum",Coast Sydney Botanicals Hero BHA Dream Face Powder Exfoliator,https://inkeedecoder.com/products/coast-sydney-botanicals-hero-bha-dream-face-powder-exfoliator
pores,"Kaolin, Hydrolyzed Oat Protein, Emblica Officinalis Fruit Powder, Magnesium Ascorbyl Phosphate, Caffeine, Ferulic Acid",Colo Beauty Face Mask,https://inkeedecoder.com/products/colo-beauty-face-mask
pores,"Kaolin, Helianthus Annuus (Sunflower) Seed Oil, Simmondsia Chinensis (Jojoba) Seed Oil, Ricinus Communis (Castor) Seed Oil, Diethylhexyl Sodium Sulfosuccinate, Silica, Linum Usitatissimum (Linseed) Oil, Sclerocarya Birrea Seed Oil, Spirulina Platensis Powder, Theobroma Cacao (Cocoa) Seed Butter, Camellia Sinensis Leaf Powder, Tocopherol, Glycine Soja (Soybean) Oil",Conserving Beauty Sea Your Glow Mask,https://inkeedecoder.com/products/conserving-beauty-sea-your-glow-mask
pores,"Kaolin (White Clay), Moroccan Lava (Rhassoul) Clay, Oat (Avena Sativa) Flour, Aloe Barbadensis Leaf Extract, Musa Sapientum (Banana) Fruit Extract, Mangifera Indica (Mango) Fruit Powder",DEMES Mask On-Demand Hydrate Dry Skin,https://inkeedecoder.com/products/demes-mask-on-demand-hydrate-dry-skin
pores,"Kaolin, Aqua (Water), Dead Sea Mud, Sodium Cocoamphoacetate, Glycerin, Lauryl Glucoside, Sodium Cocoyl Glutamate, Sodium Lauryl Glucose Carboxylate, Propylene Glycol, Glyceryl Stearate SE, Coco-Glucoside, Glyceryl Oleate, Cetearyl Alcohol, Ceteareth-30, Fragrance (Supplement), Dehydroacetic Acid, Benzyl Alcohol, Phenoxyethanol, Gluconolactone, Sodium Benzoate, Calcium Gluconate, Benzoic Acid, Butylphenyl Methylpropional",Danielle Laroche Facial Mud Mask,https://inkeedecoder.com/products/danielle-laroche-facial-mud-mask
pores,"Kaolin, Aqua, Bentonite (Volcanic Earth), Aloe Barbadensis (Aloe Vera) Leaf Juice, Cannabis Sativa (Hemp) Seed Oil, Diatomaceous (Algal Diatomite) Earth, Fuller’S Earth, Camellia Sinensis (Green Tea) Leaf Extract, Ocimum Sanctum (Tulsi) Leaf Extract, Cucumis Sativus (Cucumber) Fruit Extract, Rosa Centifolia (Rose) Flower Extract, Tocopheryl Acetate, Olea Europaea (Olive) Fruit Oil, Emblica Officinalis (Amla) Fruit Extract, Glycerin, Sodium Benzoate, Potassium Sorbate, Citric Acid (Ph Balancer)",Daughter Earth Hemp + Vitamin E Purifying Mask,https://inkeedecoder.com/products/daughter-earth-hemp-vitamin-e-purifying-mask
pores,"Kaolin, Aqua, Glycerin, Illite, Bentonite, Phenoxyethanol, Montmorillonite, Melaleuca Alternifolia Leaf Oil, Calcite, Citric Acid, Lavandula Hybrida Grosso Herb Oil, Ethylhexylglycerin, Linalool, Ci 75810","Dayes Europe BV. Facial Mask Green Clay, French Clay & Betonite",https://inkeedecoder.com/products/dayes-europe-bv-facial-mask-green-clay-french-clay-betonite
pores,"Kaolin, Aqua, Glyceryl Stearate, Sodium Cetearyl Sulfate, Phenoxyethanol, Ethylhexylglycerin, Cananga Odorata Leaf Oil, Glycerin, Cinnamomum Cassia Oil, Cymbopogon Flexuosus Oil, Citral, Cinnamal, Curcuma Longa Root Extract",De Tuinen Gele Klei Curcuma Masker,https://inkeedecoder.com/products/de-tuinen-gele-klei-curcuma-masker
pores,"Kaolin, Aqua, Illite, Glyceryl Stearate, Sodium Cetearyl Sulfate, Phenoxyethanol, Melaleuca Alternifolia Leaf Oil, Montmorillonite, Lavandula Hybrida Oil, Linalool, Ethylhexylglycerin, Citric Acid, Limonene",De Tuinen Groene Klei Masker,https://inkeedecoder.com/products/de-tuinen-groene-klei-masker-3
pores,"Kaolin, Aqua, Glyceryl Stearate, Glycerol, Sodium Cetearyl Sulfate, Phenoxyethanol, Ethylhexylglycerin, Sodium Hydroxide",De Tuinen Witte Klei Masker,https://inkeedecoder.com/products/de-tuinen-witte-klei-masker
pores,"Kaolin, Aqua, Aloe Vera Extract, Avena Sativa Extract, Dehydroacetic Acid",Dermaglin Anti-Acne Mask,https://inkeedecoder.com/products/dermaglin-anti-acne-mask
pores,"Kaolin, Aqua, Cucumis Sativus, Simmondsia Chinensis (Jojoba) Seed Oil, Propylene Glycol, Diazolidinyl Urea, Methylparaben, Propylparaben",Dermaglin Refreshing Peeling Mask,https://inkeedecoder.com/products/dermaglin-refreshing-peeling-mask
pores,"Kaolin, Solum Diatomeae, Bentonite, Titanium Dioxide, Carica Papaya Extract, Ananas Sativus Extract",Dermaviduals Enzyme Skin Renewal,https://inkeedecoder.com/products/dermaviduals-enzyme-skin-renewal
pores,"Kaolin, Ethylhexyl Isononanoate, Titanium Dioxide, Aloe Barbadensis Leaf Juice, Cetearyl Alcohol, Glyceryl Stearate, Pentylene Glycol, Magnesium Aluminium Silicate, Sorbitan Tristearate, Sulfur, Butylene Glycol, Saccharomyces Cerevisiae Extract, Propylene Glycol, Bisabolol, Thymus Vulgaris Oil, Linalool, Benzyl Benzoate, Disodium EDTA, Diazolidinyl Urea, Sodium Benzoate, Potassium Sorbate, Iodopropynyl Butylcarbamate",Dr Kadir Bio Sulfur Mask,https://inkeedecoder.com/products/dr-kadir-bio-sulfur-mask
pores,"Kaolin, Illite, Hibiscus Sabdariffa Flower Powder, Niacinamide, Inulin, Camellia Oleifera Seed Extract, Solum Fullonum, Ethyl Ferulate, Epigallocatechin Gallate, Fructose, Centella Asiatica Extract, Vigna Radiata Seed Extract, Azadirachta Indica Leaf Extract, Glycyrrhiza Glabra Root Extract, Withania Somnifera Root Extract",Dr. Jetske Ultee Clay Powder,https://inkeedecoder.com/products/dr-jetske-ultee-clay-powder
pores,"Kaolin Clay, Aqua Deionized Water, Caprylic/​Capric Triglyceride, Cetearyl Alcohol, Cetyl Alcohol, Coco-Caprylate/​Caprate, Glycerin, Glyceryl Stearate, Aloe*, Witch Hazel, Wild Geranium, Raspberry, Schisandra, MSM, Stearyl Alcohol, Rosehip Seed*, Vitamin C, Vitamin E, Jojoba Fibers, Cetearyl Glucoside, Lemon Peel, Petitgrain, Pomegranate, Rose, Green Tea*, Coconut Extract, Apple, Sugar Cane, Frankincense Essential Oil, Geranium Essential Oil, Lemongrass Essential Oil, Bee Balm, Beeswax, Lysolecithin, Phenylpropanol, Propanediol, Pullulan, Sclerotium Gum, Sodium Hydroxide, Sodium Phytate, Xanthan Gum, Phenoxyethanol, Ethylhexylglycerin",Eight Saints No Plans Clay Mask,https://inkeedecoder.com/products/eight-saints-no-plans-clay-mask
pores,"Kaolin, Potassium Azeloyl Diglycinate, Zinc Oxide",Elyn’s Lab Acne Care Face Mask Base,https://inkeedecoder.com/products/elyns-lab-acne-care-face-mask-base
pores,Kaolin,Emina Whip Face Wash,https://inkeedecoder.com/products/emina-whip-face-wash
pores,"Kaolin, Solum Fullonum, Illite, Theobroma Cacao Fruit Powder, Spirulina Maxima Powder, Chlorella Vulgaris Powder, Adansonia Digitata Fruit (Pulp) Powder, Melaleuca Alternifolia Oil*, Pelargonium Graveolens Oil*, Citronellol, Geraniol, Lavandula Angustifolia Flower Water*, Chamomilla Recutita Flower Water*",Eterea Maschera Viso Purificante,https://inkeedecoder.com/products/eterea-maschera-viso-purificante
pores,"Kaolin Clay, Bentonite Clay, Peppermint Leaf, Green Tea Leaf Extract, Kelp, Peppermint Leaf Oil",Farryn Amber Mint Facial Mask,https://inkeedecoder.com/products/farryn-amber-mint-facial-mask
pores,"Kaolin Clay, Bentonite Clay, Green Tea Leaf Extract, Kelp, Activated Charcoal (From Coconut Husk), Rose Petal, Rose Geranium Flower Oil",Farryn Amber Rose Facial Mask,https://inkeedecoder.com/products/farryn-amber-rose-facial-mask
pores,"Kaolin, Cellulose Acetate, Talc, Sodium Cocoyl Isethionate, Mica, Fragrance (Parfum), Water (Aqua), Silica, Titanium Dioxide/​ Ci 77891 (Ci77891)",Galénic Purete Sublime Exfoliating Powder,https://inkeedecoder.com/products/galenic-purete-sublime-exfoliating-powder
pores,"Pink Kaolin Clay, Calcium Carbonate, Zinc Oxide, Zea Mays Starch, Populus Tremuloides Bark Extract (Aspen Bark)",Garden of Wisdom  (GOW) Pore Cleaning Powder,https://inkeedecoder.com/products/garden-of-wisdom-gow-pore-cleansing-powder
pores,"Kaolin, Bentonite, Mannitol, Papain, Bromelain, Sodium Carbonate",Gh Peeling Enzimático,https://inkeedecoder.com/products/gh-peeling-enzimatico
pores,kaolin,Next page >>,https://inkeedecoder.com/ingredients/kaolin?uoffset=1
pores,"Deionized Water (Aqua), Ammonium Lauryl Sulfate, Decyl Glucoside, Cocamidopropyl Betaine, Aloe (Aloe Barbadensis), Polysorbate 20, Glycol Stearate, Stearamide Amp, Grape Seed Extract (Vitis Vinifera), Glycoproteins, Panax Ginseng Root Extract, Rosa Canina Fruit Extract, Avocado, Orchis Maculata Flower Extract, Japanese Green Tea, Butylene Glycol, Citric Acid, Cyanocobalamin (Vitamin B 12), Sodium Hydroxymethylglycinate, Essential Oils",Keyano Aromatics Champagne Foaming Gel Cleanser,https://inkeedecoder.com/products/keyano-aromatics-champagne-foaming-gel-cleanser
pores,"Charcoal Powder, Aloe Vera Leaf Juice, Shea Butter, Cyclodextrin, Polyethylene Glycol, Maltodextrin, Tocopherol (Vitamin E)",Billie Razor,https://inkeedecoder.com/products/billie-razor
pores,"Activated Bamboo Charcoal (Carbon), Bamboo Extract, Plant-Based Hydrolyzed Collagen, Glycerin, Hyaluronic Acid, Arbutin, Algae Extract, Licorice Extract, Aqua",Blu42 Bright Eye,https://inkeedecoder.com/products/blu42-bright-eye
pores,"Charcoal, Stearic Acid, Dimethicone, Glycerin",Bo Bana Bobana Charcoal Scrub,https://inkeedecoder.com/products/bo-bana-bobana-charcoal-scrub
pores,"Charcoal Powder, Lavandula Angustifolia (Lavender)Oil, Lavandula Angustifolia (Lavender) Leaf Powder, Cocos Nucifera (Coconut)Oil, Elaeis Guineensis (Palm)Oil, Leptospermum Petersonii Oil, Tocopherol, Theobroma Cacao(Cocoa) Seed Powder, Glycerin, Hyaluronic Acid, Carbonated Water, Glycyrrhiza Glabra (Licorice) Root Extract, Hydrogenated Jojoba Oil, Olea (Olive) Europaea Fruit Oil, Butyrospermum Parkii (Shea)Butter",Caolion Blackhead O2 Sparkling Soap,https://inkeedecoder.com/products/caolion-blackhead-o2-sparkling-soap
pores,"Activated Charcoal, Acerola Extract, Basil Water Extract, Ashwagandha Extract, Methi Extract, Cocamidopropyl Betaine, Lauryl Glucoside, Glycerin, Xylitylglucoside, Anhydroxylitol, Xylitol, Sodium Lauroyl Sarcosinate, Cocodiethanolamide, Xanthan Gum, Sodium Polyacryloyldimethyl Taurate, Sodium Gluconate, Ethyl Hexyl Glycerine, Phenoxyethanol, Essential Oils",Khadi essentials Charcoal Face Wash,https://inkeedecoder.com/products/khadi-essentials-charcoal-face-wash
pores,"Activated Charcoal, Shea Butter, Organic Moroccan Argan Cold Pressed Oil, Avocado Cold Pressed Oil, Golden Virgin Jojoba (Simmondsia Chinensis) Cold Pressed Oil, Sweet Almond Cold Pressed Oil, Organic Virgin Coconut Cold Pressed Oil, Vitamin E, Menthol Crystals, Purified Water, Glycerin, Cetrimonium Chloride, Polyquaternium-73, Cetyl Alcohol, Cetearyl Alcohol, Dimethicone, Behentrimonium Chloride (Hair Conditioning Agent), Guar Hydroxypropyltrimonium Chloride, D-Panthenol (Pro Vitamin B5), Amodimethicone, Trideceth-12, Hydrolyzed Silk Protein, Phenoxyethanol, Hydroxyethyl Cellulose, Methylchloroisothiazolinone, Methylisothiazolinone), Fragrance (Eucalyptus & Spearmint Blend)",Man arden Activated Charcoal Cream Conditioner With Argan Oil,https://inkeedecoder.com/products/man-arden-activated-charcoal-cream-conditioner-with-argan-oil
pores,"Charcoal Powder, Lecithin, Avena Sativa (Oat) Kernel Extract, Calendula Officinalis Flower Extract, Citrus Grandis (Grapefruit) Fruit Extract, Rosmarinus Officinalis (Rosemary) Leaf Extract",Shills Acne Purifying Peel Off Black Mask,https://inkeedecoder.com/products/shills-acne-purifying-peel-off-black-mask
pores,"Activated Charcoal, Grape Seed, Oat Extract, Rosmarinus, Calendula, Citrus Nobilis Fruit",Sunatoria Black Mask Charcoal Peel Off Mask,https://inkeedecoder.com/products/sunatoria-black-mask-charcoal-peel-off-mask
pores,"Charcoal, Salicylic Acid, Water, Glycerin, Cocamidopropyl Betaine, Dipropylene Glycol, Sodium Cocoyl Apple Amino Acids, Methyl Perfluorobutyl Ether, Methyl Perfluoroisobutyl Ether, Sodium Lauroyl Glutamate, Disiloxane, Sodium Chloride, Acrylates Copolymer, Phenoxyethanol, 1,2-Hexanediol, Caprylyl Glycol, Illicium Verum (Anise) Fruit Extract, Propanediol, Butylene Glycol, Sodium Hyaluronate, Camellia Sinensis Leaf Extract, Hamamelis Virginiana (Witch Hazel) Extract, Panax Ginseng Root Extract, Aloe Barbadensis Leaf Extract, Morus Alba Bark Extract, Coix Lacryma-Jobi Ma-Yuen Seed Extract, Cucumis Sativus (Cucumber) Fruit Extract, Disodium EDTA, Ethylhexylglycerin, Triethanolamine, Fragrance",Yesul Bubble. Cleansing Charcoal Mask,https://inkeedecoder.com/products/yesul-bubble-cleansing-charcoal-mask
pores,"Charcoal Powder, Kaolin, Magnesium Aluminum Silicate, Water (Aqua), Glycerin, Solanum Lycopersicum (Tomato) Fruit Extract, Fragrance (Parfum), Lactobacillus Ferment",yes to tomatoes Clear Skin Charcoal Powder-To-Clay Mask,https://inkeedecoder.com/products/yes-to-tomatoes-clear-skin-charcoal-powder-to-clay-mask
pores,"Aqua, Charcoal Powder, Kaolin, Zinc Oxide, Caprylic/​Capric Triglyceride, Pentylene Glycol, Octyldodecanol, Dicaprylyl Ether, Magnesium Aluminum Silicate, Arachidyl Alcohol, Cetyl Alcohol, Glyceryl Stearate, Behenyl Alcohol, Myristyl Myristate, Azelaic Acid, Butyl Avocadate, Volcanic Soil Extract, Glycerin, Arachidyl Glucoside, Xanthan Gum, Citric Acid, Phenoxyethanol, Ethylhexylglycerin, Parfum",AA Emoji Charcoal Mask,https://inkeedecoder.com/products/aa-emoji-charcoal-mask
pores,"Pure Calcium Bentonite Clay, Activated Carbon",Apotheke Detoxifying Face Mask,https://inkeedecoder.com/products/apotheke-detoxifying-face-mask
pores,"Montmorillonite (Italian Green Clay), Activated Charcoal, Allantoin, Zinc Oxide, Ascorbyl Palmitate (Vitamin C Ester), Aphanizomenon Flos-Aquae (Organic Blue Green Algae) Powder, 2- Dimethylaminoethanol (Dmae)",Banish Activated Charcoal Clay Masque,https://inkeedecoder.com/products/banish-activated-charcoal-clay-masque
pores,"Chamomile, Activated Carbon Powder, Iron Powder, Sodium Chloride, Vermiculite, Deionized Water",BeautyPro Warming Eye Mask,https://inkeedecoder.com/products/beautypro-warming-eye-mask
pores,"Water, Charcoal Powder, Glycerin, Bentonite, Kaolin, Propanediol 1,3, Hamamelis Virginiana (Witch Hazel) Extract, Persea Gratissima (Avocado) Oil, Argania Spinosa (Argan) Kernel Oil, Butyrospermum Parkii (Shea) Butter, Helianthus Annuus Seed Oil, Aloe Barbadensis Leaf Extract, Rosmarinus Officinalis Leaf Extract, Cetearyl Alcohol, Glyceryl Stearate, Acrylates/​C10-30 Alkyl Acrylate Crosspolymer, Pentylene Glycol, Caprylyl Glycol, N-Prolyl Palmitoyl Tripeptide-56 Acetate, Sodium PCA, Wheat Amino Acids, Panthenol, Sodium Hyaluronate, Hydroxyproline, Titanium Dioxide, C12-15 Alkyl Benzoate, Polyhydroxystearic Acid, Stearic Acid, Alumina, Phenoxyethanol, Ethylhexylglycerin, Disodium EDTA, Triethanolamine",Buttah Charcoal Detox Mask,https://inkeedecoder.com/products/buttah-charcoal-detox-mask
pores,"Coconut Oil, Charcoal, Tea Tree Oil, Vit E, Shea Butter, Glycerine, Propylene Glycol, Niacinamide, Vitamin B3, Aloe Vera, Cocamidopropyl Betaine, Butylated Hydroxytoluene, Phenoxyethanol, Fragrance",COSHI BEAUTI Niacinamide Soap,https://inkeedecoder.com/products/coshi-beauti-niacinamide-soap
pores,"Coconut Oil, Charcoal, Tea Tree Oil, Vit E, Shea Butter, Glycerine, Propylene Glycol, Niacinamide, Vitamin B3, Aloe Vera, Cocamidopropyl Betaine, Butylated Hydroxytoluene, Phenoxyethanol, Fragrance",Cosmibeauti Niacinamide Soap For Men,https://inkeedecoder.com/products/cosmibeauti-niacinamide-soap-for-men
pores,"Water, Charcoal, Lactic Acid, Cetostearyl Alcohol, Ammonium Chloride, Methylparaben, Fragrance",De-artistic Charcoal Treatment,https://inkeedecoder.com/products/de-artistic-charcoal-treatment
pores,"Bambusa Arundinacea Stem Extract, Charcoal Powder, Microcrystalline Cellulose, Mannitol, Zea Mays (Corn) Starch, Potassium Sorbate",Drunk Elephant Bamboo Booster,https://inkeedecoder.com/products/drunk-elephant-bamboo-booster
pores,"Cellulose, Charcoal Powder, Water, Citrus Aurantium Amara (Bitter Orange) Flower Water, Glycerin, Methyl Perfluorobutyl Ether, Isododecane, Butylene Glycol, Ammonium Lauryl Sulfate, Cocamidopropyl Betaine, Phenoxyethanol, Polysilicone-11, Xanthan Gum, Vaccinium Myrtillus Fruit Extract, Sodium Chloride, Saccharum Officinarum (Sugar Cane) Extract, Allantoin, Sodium Hydroxide, Fragrance, Citrus Limon (Lemon) Fruit Extract, Citrus Aurantium Dulcis (Orange) Fruit Extract, Benzyl Alcohol, Benzoic Acid, Decyl Glucoside, Acer Saccharum (Sugar Maple) Extract, Aloe Barbadensis Leaf Juice Powder, Caprylyl Glycol, Hexylene Glycol, Dehydroacetic Acid, Citric Acid",Ella Baché Charcoal Foaming Mask,https://inkeedecoder.com/products/ella-bache-charcoal-foaming-mask
pores,"Avena Sativa (Oatmeal) Kernel Flour, Charcoal Powder, Glycerin, Kaolin, Sodium Chloride, Sodium Cocoate, Sodium Olivate, Sodium Stearate, Tetrasodium Glutamate Diacetate","Ethique Unscented Charcoal, Kaolin, & Oatmeal Soap Bar",https://inkeedecoder.com/products/ethique-unscented-charcoal-kaolin-oatmeal-soap-bar
pores,"Sodium Bicarbonate, Charcoal Powder, Calcium Powder, Diatomaceous Earth, Magnesium Carbonate, Dicalcium Phosphate^, Tartaric Acid^, Peppermint Oil*^, Vitamin E^, Limonene*^",Georganics Mineral Toothpaste Powder - Activated Charcoal,https://inkeedecoder.com/products/georganics-mineral-toothpaste-powder-activated-charcoal
pores,"Aqua (Water, Eau), Charcoal Powder, Ammonium Styrene/​Acrylates Copolymer, Butylene Glycol, 1,2-Hexanediol, Glycerin, Campsis Grandiflora Flower Extract, Eclipta Prostrata Extract, Paeonia Suffruticosa Root Extract, Panthenol, Pentylene Glycol, Caprylyl Glycol, Ethylhexylglycerin, Sodium Dilauramidoglutamide Lysine, Iodopropynyl Butylcarbamate",HAUS LABS Clear Cut Liquid Eyeliner,https://inkeedecoder.com/products/haus-labs-clear-cut-liquid-eyeliner
pores,"Aqua/​Water/​Eau, Charcoal Powder, Styrene/​Acrylates Copolymer, Butylene Glycol, 1,2-Hexanediol, Diglycerin, Polyglyceryl-10 Isostearate, Polyglyceryl-10 Laurate, Pentylene Glycol, Phenoxyethanol, Citric Acid, Caprylyl Glycol, Ethylhexylglycerin",Ilia Clean Lime Liquid Eyeliner,https://inkeedecoder.com/products/ilia-clean-lime-liquid-eyeliner
pores,"Aqua, Activated Charcoal, Pure Honey, Glycerin, Cocamidopropyl Betaine, Sodium Hydroxide, Gold, Mica",Kayman Beauty Coal Face Soap,https://inkeedecoder.com/products/kayman-beauty-coalface-soap
pores,"Aloe Barbadensis (Aloe Vera) Leaf Juice, Activated Charcoal, Sodium Cocoyl Hydrolyzed Rice Protein, Glycerin, Lactobacillus, Bambusa Vulgaris (Bamboo) Extract, Equisetum Arvense (Horsetail) Extract, Xanthan Gum, Acacia Gum, Panthenol (Vitamin B5), Tetrasodium Glutamate Diacetate, Sclerotium Gum, Mentha Piperita (Peppermint) Essential Oil, Citric Acid",Luna Nectar Obsidian Volumizing & Anti-Pollution Hair Jelly,https://inkeedecoder.com/products/luna-nectar-obsidian-volumizing-anti-pollution-hair-jelly
pores,"Aqua (Eau), Charcoal Powder, Pentylene Glycol, Polyacrylate-21, Polyglyceryl-10 Stearate, Polyglyceryl-10 Myristate, Polyglyceryl-10, Glycerin, Sodium Levulinate, Butylene Glycol, Sodium Anisate, Ammonium, Trideceth-6 Phosphate, Citric Acid, Sodium Dehydroacetate, Caprylyl Glycol, Dipropylene Glycol, Caprylic/​Capric Glycerides, Xanthan Gum, Sodium Citrate",Pacifica Liquid Lines Pen Tip Eye Liner,https://inkeedecoder.com/products/pacifica-liquid-lines-pen-tip-eye-liner
pores,"Coconut, Charcoal, Aqua (Di Water), Acrylates/​C10-30 Alkyl Acrylate Crosspolymer, Disodium EDTA, Glycerine, Decyl Glucoside, Propylene Glycol, Diazolidinyl Urea, Methylparaben, Propylparaben, Polysorbate 20, Fragrance",Prevense Charcoal Face Wash,https://inkeedecoder.com/products/prevense-charcoal-face-wash
pores,"Polysorbate 20, Charcoal Powder, Glycerin, Sodium Benzoate, Aloe Barbadensis Extract, Dehydroacetic Acid, Perfume, Phenoxyethanol, Tocopheryl Acetate, Citric Acid, Benzoic Acid",Skin techniques Activated Charcoal,https://inkeedecoder.com/products/skin-techniques-activated-charcoal
pores,"Niacinamide, Bamboo Charcoal Powder, Aloe Vera Extract, Vitamin E Acetate, Aqua, Cocamidopropyl Betaine, Acrylates Copolymer, Sodium Lauroyl Sarcosinate, Sodium Cocoamphoacetate, Disodium Cocoamphodiacetate, Decyl Glucoside, Aloe Barbadensis Leaf Extract, Glycerin, Lauryl Glucoside, Charcoal Powder, Ethylhexylglycerin, Phenoxyethanol, Disodium EDTA, Tocopheryl Acetate, Sodium Hydroxide, Fragrance",Underated Active Charcol Face Wash,https://inkeedecoder.com/products/underated-active-charcol-face-wash
pores,"Water, Charcoal Powder, Butylene Glycol, Acrylates/​Ethylhexyl Acrylate Copolymer, Alcohol, Pentylene Glycol, AMP-Acrylates Copolymer, Ammonium Acrylates Copolymer, Sodium Dehydroacetate, Caprylyl Glycol, Bentonite, Citric Acid, PVP, Sodium Citrate, Silica, Iron Oxides (Ci 77499)",Wyn Beauty Glideline Waterproof Liquid Eyeliner,https://inkeedecoder.com/products/wyn-beauty-glideline-waterproof-liquid-eyeliner
pores,"Colloidal Oatmeal (Avena Sativa Kernel Flour)*, Oryza Sativa (Brown Rice) Powder*, Activated Charcoal, Theobroma Cacao (Raw Cacao) Powder*, Cocoa Pod Ash, Plantain Peel Ash, Palm Kernel Oil, Camwood Bark, Aloe Barbadensis Leaf Extract, Butyrospermum Parkii (Shea Butter), Vitamin E (Mixed Tocopherols), Zinc Oxide, Ferric Oxide, Curcuma Longa (Turmeric) Root Powder*, Manuka Honey Powder*, Tapioca Starch, Salix Alba Extract (White Willow Bark Extract)*, Simmondsia Chinensis (Jojoba) Seed Oil*, Sucrose Cocoate (Naturally Derived Cleanser From Coconut Oil- Ecocert Approved), Sodium Cocoyl Isethionate(Coconut Derived Surfectant), Melaleuca Alternifolia (Tea Tree Oil)*, Caffeine Anhydrous, Lavandula Angustifolia (Lavender) Oil*",Ausceuticals Dark Star Powder To Foam Cleanser,https://inkeedecoder.com/products/ausceuticals-dark-star-powder-to-foam-cleanser
pores,"Zea Mays (Corn) Starch, Sodium Bicarbonate, Charcoal Powder, Ocimum Tenuiflorum (Holy Basil) Oil, Lavandula Angustifolia (Lavender) Oil, Rosmarinus Officinalis (Rosemary) Leaf Oil, Citrus Paradisi (Grapefruit) Peel Oil, Aroma (Flavour)",BareSoul Wow Dry Shampoo,https://inkeedecoder.com/products/baresoul-wow-dry-shampoo
pores,"Aqua/​Water/​Eau, Kaolin, Charcoal Powder, Magnesium Aluminum Silicate, Illite, Glycerin, Pyrus Malus (Apple) Fruit Extract, Tetrahexyldecyl Ascorbate, Xanthan Gum, Camellia Sinensis (Green Tea) Leaf, Olea Europaea (Olive) Seed Powder, Zingiber Officinale (Ginger) Root Powder, Salicylic Acid, Caprylyl Glycol, Pentylene Glycol, Mentha Piperita (Peppermint) Extract, Allantoin, Lactic Acid, Ethylhexylglycerin, Mentha Piperita (Peppermint) Oil*, Sodium Hyaluronate, Sodium Hydroxide, Chlorphenesin, Phenoxyethanol",Beauty Counter Counter+ Charcoal Facial Mask,https://inkeedecoder.com/products/beauty-counter-counter-charcoal-facial-mask
pores,"Aqua (Water), Glycerin, Charcoal Powder, Xanthan Gum, Hydroxyacetophenone, Chondrus Crispus (Carrageenan) Powder, Chlorphenesin, Glucomannan, Algin, Sodium Hyaluronate, Phenoxyethanol, Potassium Chloride, Citric Acid, Potassium Citrate, Parfum (Fragrance)",Blaq Hyaluronic Acid Eye Mask,https://inkeedecoder.com/products/blaq-hyaluronic-acid-eye-mask
pores,"Avena Sativa (Oat) Kernel Flour, Kaolin, Charcoal Powder, Cocos Nucifera (Coconut) Shell Powder, Eleutherococcus Senticosus (Siberian Ginseng) Root Extract, Nelumbo Nucifera (Lotus) Seed Powder, Papain (Papaya Enzyme), Cymbopogon Martini (Palmarosa) Oil, Ribes Nigrum (Black Currant) Fruit Extract",Bybi Detox Dust Purifying Powder Mask,https://inkeedecoder.com/products/bybi-detox-dust-purifying-powder-mask
pores,"Aqua/​Water/​Eau, Kaolin, Charcoal Powder, Magnesium Aluminum Silicate, Bentonite, Glycerin*, Cetearyl Alcohol, Coco-Glucoside, Camellia Sinensis Leaf, Olea Europaea (Olive) Seed Powder, Zingiber Officinale (Ginger) Root Powder, Salicylic Acid, Coconut Alcohol, Xanthan Gum, Caprylyl Glycol, Dipotassium Glycyrrhizate, Lactic Acid, Tetrasodium Glutamate Diacetate, Sodium Hyaluronate, Citric Acid, Ethylhexylglycerin, Chlorphenesin, Phenoxyethanol",C'est Moi Purifying Charcoal Clay Facial Mask,https://inkeedecoder.com/products/cest-moi-purifying-charcoal-clay-facial-mask
pores,"(Sparkling) Water (Natural), Oat Flour, Charcoal Powder, Volcanic Ash, Sunflower Oil, Olive Oil, Green Tea Leaf Extract",Caolion Pore Cleansing Blackhead Steam,https://inkeedecoder.com/products/caolion-pore-cleansing-blackhead-steam
pores,"Microcrystalline Cellulose, Sodium Cocoyl Isethionate, Bamboo Charcoal Powder, Magnesium Silicate, Tourmaline Crystal, Colloidal Oatmeal, Rice Starch (Oryza Sativa), Yogurt Powder, Menthyl Pca, Salicylic Acid, Titanium Dioxide, Allantoin, Grapefruit (Citrus Grandis) Oil, Cucumber Seed (Cucumis Sativus) Oil, Avocado (Persea Americana) Oil, Grapefruit Extract, Papain, Ginkgo (Ginko
Biloba) Biloba Extract, Green Tea (Camellia Sinensis) Extract, Licorice (Glycyrrhiza Glabra) Extract, Tea Tree (Melaleuca Alternifolia) Oil",Dermafix Dermapolish+ Activated Charchoal,https://inkeedecoder.com/products/dermafix-dermapolish-activated-charchoal
pores,"Purified Water, Kaolin, Activated Charcoal, Titanium Dioxide, Emulsifying Wax, Glycerin, Cetyl Alcohol, Niacinamide, Calcium Pantothenate, Sodium Ascorbyl Phosphate, Tocopheryl Acetate, Pyridoxine Hcl, Maltodextrin, Sodium Starch Octenylsuccinate, Silica, Phenoxyethanol, Methylisothiazolinone, Fragrance, Sodium Caproyl/​Lauroyl Lactylate, Triethyl Citrate, Hydrolyzed Jojoba Esters, Hydroxyethylcellulose, Peppermint Oil, Disodium EDTA, Tea Tree Oil",Dot & Key Underarm Detox Charcoal Mask,https://inkeedecoder.com/products/dot-key-underarm-detox-charcoal-mask
pores,"Aqua, Kaolin, Activated Charcoal, Emulsifying Wax, Cetyl Alcohol, Glycerine, Titanium Dioxide, Niacinamide, Calcium Pantothenate, Sodium Ascorbyl Phosphate, Tocopheryl Acetate, Pyridoxine Hcl, Maltodextrin, Sodium Starch Octenylsuccinate, Silica, Melaleuca Alternifolia (Tea Tree) Leaf Oil, Bisabolol, Mentha Piperita (Peppermint) Oil, Hydrolyzed Jojoba Esters, Sodium Caproyl/​Lauroyl Lactylate, Triethyl Citrate, Triethanolamine, Hydroxyethylcellulose, Disodium EDTA, Phenoxyethanol, Methylisothiazolinone, Ifra Certified Allergen Free Fragrance",Dot & Key Underarm Detox Charcoal Mask,https://inkeedecoder.com/products/dot-key-underarm-detox-charcoal-mask-2
pores,"Bamboo Vinegar, Tourmaline Powder, Charcoal Powder",Fighting Girl Foot Pads,https://inkeedecoder.com/products/fighting-girl-foot-pads
pores,"Organic Lavandula Augustifolia (Lavender Distillate), Organic Aloe Barbadensis (Leaf), Activated Bamboo Charcoal (Bamboo Charcoal Powder), Organic Salix Alba (Willow Bark), Kosher Vegetable Glycerin, Guar Gum, Methylsulfonylmethane (Msm), Saponified Oils Of Cocos Nucifera (Coconut Oil), Organic Helianthus Annuus (Sunflower), Organic Castor Seed, Hamamelis Virginiana (Witch Hazel), Sodium Ascorbyl Phosphate (Vitamin C), Eugenia Caryophyllata (Clove Essential Oil), Organic Juniperus Communis (Juniper), Organic Capsicum Annuum Var Aannuum (Cayenne), Panthenol (Vitamin B5), Citric Acid, Rosemary Seed Extract, Mentha Piperita (Peppermint) Leaf Extract, **Cucumis Sativus (Cucumber) Fruit Extract**",Fitglow Detox Cleanser,https://inkeedecoder.com/products/fitglow-detox-cleanser
pores,"Aqua (Water), Glycerin, Charcoal Powder, Xanthan Gum, Hydroxyacetophenone, Chondrus Crispus (Carrageenan) Powder, Chlorphenesin, Glucomannan, Algin, Sodium Hyaluronate, Phenoxyethanol, Potassium Chloride, Citric Acid, Potassium Citrate, Parfum (Fragrance)",Generation Skin Revitalizing Hyaluronic Acid Eye Patches,https://inkeedecoder.com/products/generation-skin-revitalizing-hyaluronic-acid-eye-patches
pores,"Water (Aqua), Canadian Glacial Clay, Charcoal, Glycerin, Aloe Barbadensis (Vera) Leaf Juice, Matricaria Recutita (Chamomile) Flower Extract, Camellia Sinensis (Green Tea) Leaf Extract, Olea Europaea (Olive) Leaf Extract, Acrylates Copolymer, Citrus Aurantium Dulcis (Orange) Oil, Broad Spectrum Hemp Extract, Caprylic/​Capric Triglyceride, Caprylyl Glycol, Iodopropynyl Butylcarbamate, Phenoxyethanol",HUGS WELLNESS CBD Chamomile Clay Mask,https://inkeedecoder.com/products/hugs-wellness-cbd-chamomile-clay-mask
pores,"Glycerin, Avena Sativa (Oat) Kernel Powder, Charcoal Powder, Babassu Oil Polyglyceryl-4-Esters, Oryza Sativa Powder, Kaolin, Coco-Glucoside, Leuconostoc/​Radish Root Ferment Filtrate, Hydrogenated Farnesene, Cocos Nucifera Fruit Extract, Sodium Alginate, Copaifera Reticulata Balsam Oil, Camellia Sinensis Leaf Extract, Rosmarinus Officinalis Leaf Oil, Lavandula Angustifolia Oil, Citrus Limon Peel Oil, Linalool*, Limonene*, Geraniol*, Citral*",IOSSI Charcoal. Purifying Facial Cleansing Paste,https://inkeedecoder.com/products/iossi-charcoal-purifying-facial-cleansing-paste
pores,"PVP, Water, Charcoal Powder, Acacia Senegal Gum, Glycerin, Polyglyceryl-10 Laurate, Polyglyceryl-10 Myristate, Kaolin, Propylene Glycol, Titanium Dioxide, Hydroxyacetophenone, Butylene Glycol, Melaleuca Alternifolia (Tea Tree) Leaf Extract, Pinus Palustris Leaf Extract, Ulmus Davidiana Root Extract, Oenothera Biennis (Evening Primrose) Flower Extract, Pueraria Lobata Root Extract, Ethylhexylglycerin, Citrus Limon (Lemon) Fruit Extract",Lumin Charcoal Cleansing Pore Strip,https://inkeedecoder.com/products/lumin-charcoal-cleansing-pore-strip
pores,"Water, Salicylic Acid, Activated Charcoal, Organic Coconut Oil, Potassium Hydroxide, Organic Palm Kernel Oil, Organic Olive Oil, Mentha Arvensis, Organic Hemp Oil, Organic Jojoba Oil, Mentha Piperita, Citric Acid, Tocopherol",Matte Purifying Face Wash,https://inkeedecoder.com/products/matte-purifying-face-wash
pores,"Organic Aloe Barbadensis Leaf (Organic
Aloe Vera) Juice, Coco-Glucoside, Activated Charcoal, Decyl Glucoside, Glycerin, Disodium Cocoamphodiacetate, Sodium Cocoyl Glutamate, Inulin, Phospholipids, Hydrolyzed Wheat Protein, Salix Nigra (Willow) Bark Extract, Gaultheria Procumbens (Wintergreen) Extract, Vaccinium Myrtillus (Bilberry) Extract, Saccharum Officinarum (Sugar Cane) Extract, Acer Saccharum (Sugar Maple) Extract, Citrus Aurantium Dulcis (Orange) Fruit, Citrus Limon (Lemon) Fruit Extract, Tocopherol, Retinyl Palmitate, Ascorbyl Palmitate, Beta-Carotene, Panthenol, Lavandula Angustifolia (Lavender) Oil, Anthemis Nobilis (Chamomile) Oil, Melaleuca Alternifolia (Tea Tree) Leaf Oil, Acrylates/​C10-30 Alkyl Acrylate Crosspolymer, Sodium Phytate, Dehydroacetic Acid, Sodium Hydroxide",Michael Todd Beauty Charcoal Detox,https://inkeedecoder.com/products/michael-todd-beauty-charcoal-detox
pores,"Kaolinite (White Clay), Avena Sativa (Rolled Oats), Charcoal, Rosa Centifolia (Rose Petals), Essential Oil Blend",Midnight Paloma Charcoal + Rose Detox Mask,https://inkeedecoder.com/products/midnight-paloma-charcoal-rose-detox-mask
pores,charcoal-powder,Next page >>,https://inkeedecoder.com/ingredients/charcoal-powder?uoffset=1
pores,"Aqua (Water), Butylene Glycol, Lactobionic Acid 10.0%, Glycerin, Polysorbate 80, Arginine, Retinyl (Vitamin A) Palmitate, Tocopheryl (Vitamin E) Acetate, Tetrahexyldecyl (Vitamin C) Ascorbate, Polyquaternium-10, Disodium EDTA, Chlorphenesin, Methylparaben","10.0% | Bionic Face Serum
        

            Neostrata",https://inkeedecoder.com/products/neostrata-bionic-face-serum-10-bionic
pores,"Aqua (Water), Cyclopentasiloxane, Gluconolactone 8.0%, Lactobionic Acid 4.0%, Propylene Glycol, Ethylhexyl Hydroxystearate, Glycerin, Triethanolamine, Arginine, C12-15 Alkyl Ethylhexanoate, Ethoxydiglycol, Glycol Distearate, Hydrogenated Vegetable Oil, Limnanthes Alba (Meadowfoam) Seed Oil, Octyldodecyl Myristate, PEG-100 Stearate, Stearyl Alcohol, Glyceryl Stearate, Butylene Glycol, Dimethylpolysiloxane, Petrolatum, Hydrogenated Lecithin, Algae Extract, Sodium Hyaluronate, Caprylic/​Capric/​Stearic Triglyceride, Sodium Bisulfite, Sodium Sulfite, Myristic Acid, Steareth-2, Palmitic Acid, Laureth-7, Stearic Acid, Hydroxyethylcellulose, Xanthan Gum, Cetyl Alcohol, Disodium EDTA, Arachidyl Alcohol, C13-14 Isoparaffin, Polyacrylamide, Butylparaben, Ethylparaben, Isobutylparaben, Propylparaben, Phenoxyethanol, Methylparaben, Chlorphenesin","4.0% | Bionic Face Cream
        

            Neostrata",https://inkeedecoder.com/products/neostrata-bionic-face-cream
pores,"Water, Salicylic Acid, Amylopectin, Glycolic Acid 1.8%, Lactobionic Acid 1.6%, Gluconolactone 1.5%, Capryloyl Salicylic Acid 0.9%, Mandelic Acid 0.7%, Glycerin, Cyclodextrin, Hydroxyethylcellulose, Biosaccharide Gum-1, Biosaccharide Gum-2, Acrylates/​C10-30 Alkyl Acrylate Crosspolymer, Quaternium-73, Poloxamer 407, Aloe Barbadensis Leaf Extract, Mentha Piperita Extract, Portulaca Oleracea Extract, Saccharide Isomerate, Dipotassium Glycyrrhizate, Propanediol, Beta-Glucan, 1,2-Hexanediol, Xanthan Gum, Caprylhydroxamic Acid, Butylene Glycol, Allantoin, O-Cymen-5-Ol, Disodium EDTA","1.6% | Compound Six Acid Nourishing Conditioning Biofilm
        

            Aisuanis",https://inkeedecoder.com/products/aisuanis-compound-six-acid-nourishing-conditioning-biofilm
pores,"EGF (Rh-Oligopeptide), Centella Asiatica Extract, Salmon Egg Extract, Shea Butter, Ceramide",Dermagen RM-Repair Cream,https://inkeedecoder.com/products/dermagen-rm-repair-cream
pores,"EGF, Gamma-Polyglutamic Acid, Aloe Vera, Vitamin C, Ferulic Acid, Dmae, Niacinamide, Collagen, Glycerin, Jojoba Oil, Hyaluronic Acid","JJLabs Skincare Solution Super Antioxidant Serum With EGF, Gamma Poly Glutamic Acid, And Aloe Vera",https://inkeedecoder.com/products/jjlabs-skincare-solution-super-antioxidant-serum-with-egf-gamma-poly-glutamic-acid-and-aloe-vera
pores,"SH-Oligopeptide-1 (Egf), Nelumbo Nucifera Flower Water, Adenosine, Squalane, Collagen Extract, Niacinamide, Rosa Damascena Callus Extracellular Vesicles, Lactobacillus Extracellular Vesicles, Sodium Hyaluronate, Hydrolyzed Collagen, Exosomes, Sodium Dna (Pdrn)",Ki Cosmetics Ki Stem Cell Exosome Booster Kit,https://inkeedecoder.com/products/ki-cosmetics-ki-stem-cell-exosome-booster-kit
pores,"Sh-Oligopeptide- 1, Sh-Polypeptide- 1, Butylene Glycol, Vaccinium Angustifolium (Blueberry) Fruit Extract, Sorbitan Sesquioleate, Peg-60 Hydrogenated Castor Oil, Chlorphenesin, Guaiazulene, Ethylhexylglycerin, Adenosine",Klairs Midnight Blue Youth Activating Drop,https://inkeedecoder.com/products/klairs-midnight-blue-youth-activating-drop
pores,"SH-Oligopeptide-1, Water, Aloe Barbadensis Leaf Extract, Chamomilla Recutita Flower Extract, Hamamelis Virginiana  Leaf Extract, Caprylic/​Capric Triglyceride, Petrolatum, Cetearyl Alcohol, Macadamia Ternifolia Seed Oil, Carthamus Tinctorius Seed Oil, Polyglyceryl-3 Methylglucose Distearate, Palmitic Acid, Hydroxyethyl Urea, Isopropyl Myristate, Niacinamide, Tranexamic Acid, Adenosine, Hydrolyzed Elastin, Hydrolyzed Collagen, Ceramide NP, Sodium Hyaluronate, Butylene Glycol, Cetyl Palmitate, Glyceryl Stearate, Stearyl Dimethicone, Dimethyl Sulfone, PEG/​PPG-17/​6 Copolymer, Glycerin, Betaine, Butyrospermum Parkii Butter, Beeswax, Sorbitan Olivate, Hydrogenated Lecithin, Hexyl Laurate, Squalane, Argania Spinosa Kernel Oil, Saccharomyces Ferment Filtrate, Sodium PCA, Chondrus Crispus Extract, Ubiquinone, Centella Asiatica Extract, Houttuynia Cordata Extract, Cucumis Sativus (Cucumber) Fruit Extract, Ginkgo Biloba Leaf Extract, Scutellaria Baicalensis Root Extract, Rosmarinus Officinalis (Rosemary) Leaf Extract, Arctium Lappa Root Extract, Cinnamomum Cassia Bark Extract, Carthamus Tinctorius (Safflower) Seed Extract, Glycyrrhiza Glabra (Licorice) Root Extract, Camellia Sinensis Leaf Extract, Portulaca Oleracea Extract, Zingiber Officinale (Ginger) Root Extract, Carbomer, Allantoin, Methyl Gluceth-20, Caprylyl Glycol, Polysorbate 50, Polysorbate 80, Tocopheryl Acetate, Polyacrylate-13, Sorbitan Trioleate, Zinc Oxide, Chlorphenesin, Ethylhexylglycerin, Disodium EDTA",Mitam Cosme Egf 10 Repair Cream,https://inkeedecoder.com/products/mitam-cosme-egf-10-repair-cream
pores,"SH-Oligopeptide-1, Morinda Citrifolia Fruit Extract, S.Benzoate, Euterpe Oleracea Fruit Extract, Phospholipids, Caprylyl Glycol, Vaccinium Myrtillus (Bilberry) Fruit Extract, Dimethicone, Acryloyldimethyl Taurate Copolymer, Garcinia Mangostana Fruit Extract, Water (Aqua), Aloe Barbadensis Leaf Extract, Cyclopentasiloxane, Palmitoyl Tetrapeptide-7, Butyrospermum Parkii (Shea) Butter, Aristotelia Chilensis Fruit Extract, Ethylhexyl Palmitate, 1,2-Hexanediol, Ethylhexylglycerin, Butylene Glycol, Polysorbate 20, Kojic Acid, C12-15 Alkyl 38, Sodium Acrylate/​Sodium Acryloyldimethyl Taurate, Allantoin, Tocopheryl Acetate, Propanediol, Punica Granatum Fruit Extract, Aronia Arbutifolia Fruit Extract, Gorgonia Extract, Acetyl Hexapeptide-8, Sodium Hyaluronate, Retinyl Palmitate, Lecithin, Ubiquinone, Niacinamide, Squalane, Methyl Sulfonyl Methane, Hexapeptide-33, Palmitoyl Tripeptide-5, Aminobutyric Acid, SH-Polypeptide-9, Bacillus/​Folic Acid/​Soybean Ferment Extract, Glycerin, Acetyl Glutamine, Lycium Chinense Fruit Extract, Ascorbyl Palmitate, Benzoic Acid, SH-Oligopeptide-2, SH-Polypeptide-1, Polypeptide-1, SH-Polypeptide-11, Acrylates/​C10-30 Alkyl Acrylate Crosspolymer, Sorbic Acid, Phenoxyethanol, Chlorphenesin",SERUM X-Y CHROMOSOME® Antiage Face Feed,https://inkeedecoder.com/products/serum-x-y-chromosome-r-antiage-face-feed
pores,"SH-Oligopeptide-1, Caprylyl Glycol, Aminopropyl Ascorbyl Phosphate, Water (Aqua), Aloe Barbadensis Leaf Extract, Palmitoyl Tetrapeptide-7, Borago Officinalis (Borage) Oil, Ethylhexylglycerin, Butylene Glycol, Polysorbate 20, Tocopherol, Sodium Acrylate/​Sodium Acryloyldimethyl Taurate Copolymer, Helianthus Annuus Seed Oil, Gorgonia Extract, Acetyl Hexapeptide-8, Sodium Hyaluronate, Hexapeptide-33, Methyl Sulfonyl Methane, Palmitoyl Tripeptide-5, Glycerin, Limnanthes Alba (Meadowfoam) Seed Oil, Vanillyl Butyl Ether, Rosmarinus Officinalis (Rosemary) Leaf Extract, Pentylene Glycol, Phenoxyethanol",SERUM X-Y CHROMOSOME® Antiage Face Serum Booster Silk,https://inkeedecoder.com/products/serum-x-y-chromosome-r-antiage-face-serum-booster-silk
pores,"Centella Asiatica Extract, EGF (Human Oligopeptide), Almond, Roe Extract, Shea Butter, Ceramide NP, Water, Glycerin, Dipropylene Glycol, Dicaprylyl Carbonate, Cetyl Alcohol, Isopropyl Myristate, Hydrogenated Polydecene, C12-15 Alkyl Benzoate, 1,2-Hexanediol, Dimethicone, Butylene Glycol, Asiaticoside, Asiatic Acid, Madecassic Acid, Xanthan Gum, Arginine, Sorbitan Stearate, Carbomer, Cetearyl Olivate, Sorbitan Olivate, Disodium EDTA, Myristyl Alcohol, Stearyl Alcohol",Dermagen Rm Repair Cream,https://inkeedecoder.com/products/dermagen-rm-repair-cream-2
pores,"Hyaluronic Acid, EGF (Rh-Oligopeptide-1), Copper Peptides (Ghk-Cu), Argireline, Water, Acetyl Hexapeptide-8, Sodium Benzoate, Gamma-Polyglutamic Acid (G-Pga), Gluconolactone, Ginseng, Potassium Sorbate, Citric Acid, Distilled Water",JJLabs Skincare Solution Peptide Complex Anti Aging Serum,https://inkeedecoder.com/products/jj-skin-lab-solutions-peptide-complex-antiaging-serum
pores,"Hyaluronic Acid, EGF (Proprietary Formula), Oligopeptide-1, Palmitoyl Tripeptide-5 (Tgf Proprietary Formula), rh-Polypeptide-1, Glycerin, Aqua, Dipeptide Diaminobutyroyl Benzylamide Diacetate, Palmitoyl Tripeptide-1, Palmitoyl Tetrapeptide-7, Niacinamide, Bisabolol, Saccharomyces/​Zinc/​Ferment, Saccharomyces/​Copper Ferment, Saccharomyces/​Magnesium Ferment, Saccharomyces/​Iron Ferment",LE MIEUX CLINICAL Cellpro Gf3,https://inkeedecoder.com/products/le-mieux-clinical-cellpro-gf3
pores,"Centella Asiatica Extract, SH-Oligopeptide-1, SH-Polypeptide-1, Glycerin, Betaglucan, Sodium Hyaluronate, Sodium Acetylated Hyaluronate, Hydrolyzed Hyaluronic Acid, Allantoin, Betaine, Illicium Verum (Anise) Fruit Extract, Ammonium Acryloyldimethyltaurate/​VP Copolymer, 1,2-Hexanediol, Butylene Glycol, Caprylyl Glycol, Adenosine, Disodium EDTA",Lanbelle Ultra Lifting EGF Ampoule,https://inkeedecoder.com/products/lanbelle-ultra-lifting-egf-ampoule
pores,"Hyaluronic Acid, EGF (Proprietary Formula), Palmitoyl Tripeptide-1, Palmitoyl Tetrapeptide-7, Teprenone, Carboxymethyl Beta-Glucan, Superoxide Dismutase, Sodium PCA, Pseudoalteromonas Ferment Extract, Resveratrol, Trehalose, Triacetin, Sodium Hyaluronate, Oryza Sativa (Rice) Bran Water, Palmitoyl Tripeptide-5, Yeast Polypeptides (Proprietary Mitochondrial Peptide Blend), Glutathione, Glycerin, Phospholipids, Argania Spinosa Sprout Cell Extract, Rhododendron Ferrugineum (Alpine Rose) Cell Culture Extract, Saccharomyces Cerevisiae Extract, Urea, Laminaria Cloustoni Extract, Dipalmitoyl Hydroxyproline, Lecithin, Linoleic Acid, Mannitol, Sodium Ascorbate, Tall Oil Sterol, Tocopherol, Dipotassium Glycyrrhizate, Vitis Vinifera (Grape) Seed Extract, Allantoin, Panthenol, Aloe Barbadensis Leaf Juice, Squalane, Glucose, Glucose Oxidase, Lactoperoxidase",Le Mieux Stemcell EGF,https://inkeedecoder.com/products/le-mieux-stemcell-efg
pores,"Hyaluronic Acid, SH-Oligopeptide-1 (Egf Proprietary Formula), Palmitoyl Tripeptide-1, Palmitoyl Tetrapeptide-7, Teprenone, Carboxymethyl Beta-Glucan, Superoxide Dismutase, Sodium PCA, Pseudoalteromonas Ferment Extract, Resveratrol, Trehalose, Triacetin, Sodium Hyaluronate, Oryza Sativa (Rice) Bran Water, Palmitoyl Tripeptide-5, Yeast Polypeptides (Proprietary Mitochondrial Peptide Blend), Glutathione, Glycerin, Phospholipids, Argania Spinosa Sprout Cell Extract, Rhododendron Ferrugineum Leaf Cell Culture Extract, Saccharomyces Cerevisiae Extract, Urea, Laminaria Cloustoni Extract, Dipalmitoyl Hydroxyproline, Lecithin, Linoleic Acid, Mannitol, Sodium Ascorbate, Beta-Sitosterol, Tocopherol, Dipotassium Glycyrrhizate, Vitis Vinifera (Grape) Seed Extract, Allantoin, Panthenol, Aloe Barbadensis Leaf Juice, Squalane, Isomalt, Pentylene Glycol, Propanediol, Caprylyl Glycol, Ethylhexylglycerin",Le Mieux Stemcell Egf,https://inkeedecoder.com/products/le-mieux-stemcell-egf
pores,"Human Fibroblast Conditioned Media, rh-Oligopeptide-1, Rh-Polypeptide-3, SH-Polypeptide-9, SH-Polypeptide-1, SH-Polypeptide-11, Tetradecyl Aminobutyroylvalylaminobutyric Urea Trifluoroacetate, Palmitoyl Dipeptide-5 Diaminobutyroyl Hydroxythreonine, Aloe Barbadensis Leaf Juice (Organic Aloe), Hydrolyzed Caesalpinia Spinosa (Tara) Gum, Caesalpinia Spinosa (Tara) Gum, Dimethyl Sulfone (Msm), Sea Water Extract (Ocean Mineral Concentrate), Simmondsia Chinensis (Organic Jojoba) Seed Oil, Palmitoyl Tetrapeptide-7, Palmitoyl Tripeptide-1, Centella Asiatica (Organic Gotu Kola) Extract, Sodium PCA, Sodium Lactate, Arginine, Aspartic Acid, Glycine, Alanine, Serine, Valine, Isoleucine, Proline, Threonine, Histidine, Phenylalanine, Equisetum Arvense (Horsetail) Extract, Geranium Maculatum (Wild Geranium) Extract, Taraxacum Officinale (Organic Dandelion) Extract, Achillea Millefolium (Yarrow) Extract, Chondrus Crispus (Irish Moss) Extract, Curcuma Longa Rhizome (Organic Tumeric) Extract, Spirulina Maxima Extract, Acetyl Hexapeptide-51 Amide, Hydroxyethylcellulose, Carrageenan, Hamamelis Virginiana (Witch Hazel) Water, Trimethylolpropane Tricaprylate/​Tricaprate, PEG-100 Stearate, Steareth-2, Glyceryl Stearate, Sodium Hydroxide, Propylene Glycol, Sodium Benzoate, Lactobacillus Ferment Lysate, Whey Protein, Chlorella Vulgaris Extract, Saccharide Isomerate, Trifluoroacetyl Tripeptide-2, Dimer Tripeptide-43, Hydrolyzed Linseed Extract, Vitis Vinifera (Grape) Flower Cell Extract, Malus Domestica Fruit Cell Culture Extract, Dextran, Water/​Aqua/​Eau, Cetyl Ethylhexanoate, Olea Europaea Fruit Unsaponifiables, Alpha-Arbutin, Glycerin, Ethoxydiglycol, Butyrospermum Parkii (Shea) Butter, Palmitoyl Tripeptide-5, Ergothioneine, Dipalmitoyl Hydroxyproline, Hydrolyzed Sericin, Phospholipids, Ubiquinone, Rubus Fruticosus (Blackberry) Leaf Extract, Saccharomyces Ferment Lysate Filtrate, Tetrahexyldecyl Ascorbate, Aminobutyric Acid, Phytosterols, Tocopherol, Tocotrienols, Squalene, Oryza Sativa (Rice) Bran Cera, Sodium Hyaluronate, Tocopheryl Acetate, Camellia Oleifera Leaf Extract, Dimethicone, Ethylhexyl Palmitate, Polysorbate 20, Cetearyl Alcohol, Ceteareth-20, Choleth-24, Ceteth-24, Butylene Glycol, Xanthan Gum, Acrylates/​C10-30 Alkyl Acrylate Crosspolymer, Disodium EDTA, Caprylyl Glycol, Ethylhexylglycerin, Phenoxyethanol, Potassium Sorbate",RevivSerums Ultimate Serum - New & Improved,https://inkeedecoder.com/products/revivserums-ultimate-serum-new-improved-2
pores,"Snail Mucin, EGF, Adenosine, Arbutin, Sodium Hyaluronate, Polyglutamic Acid, Acetyl Hexapeptide-8, Allantoin, Vitamin E Acetate, Macadamia Oil",Sherpa Dr-ms Plus Multi Serum,https://inkeedecoder.com/products/sherpa-dr-ms-plus-multi-serum
pores,"Water, Rh-Oligopeptide-1(Human Oligopeptide-1), Glycerin, Acetyl Hexapeptide-8, Hydrolyzed Collagen, Grifola Frondosa Fruiting Body Extract, Maltodextrin, Scutellaria Baicalensis Root Extract, Paeonia Suffruticosa Root Extract, Saccharomyces/​ Caragana Sinica Root Ferment Extract, Adenosine",Sidmool 'Min Jung Gi' Bio-Nano Egf Serum,https://inkeedecoder.com/products/sidmool-min-jung-gi-bio-nano-egf-serum
pores,"Water, rh-Oligopeptide-1, Glycerin, Butylene Glycol, Hydrogenated Lecithin, rh-Polypeptide-1, rh-Oligopeptide-2, Madecassoside, Madecassic Acid, Asiaticoside, Asiatic Acid, Heptyl Undecylenate, Caprylic/​Capric Triglyceride, Methylparaben, Allantoin, Polyglutamic Acid, Sodium PCA, Dextrin, Xanthan Gum, Caprylyl Glycol, Ethylhexylglycerin, 1,2-Hexanediol",Sidmool Revive Derma Cream,https://inkeedecoder.com/products/sidmool-revive-derma-cream
pores,"Aqua, SH-Oligopeptide-1 (Epidermal Growth Factor (Egf), SH-Polypeptide-1 (Fibroblast Growth Factor (Fgf), Sh-Polypeptide-5 (Transforming Growth Factor (Tgf), Palmitoyl Pentapeptide-3 (Matrixyl), Acetyl Hexapeptide-8 (Argireline), Magnesium Ascorbyl Phosphate, Ascorbic Acid, Hydrolyzed Collagen, Niacinamide, Aloe Barbadensis Leaf Juice, Camellia Sinensis Leaf Extract, Avena Sativa (Oat) Kernel Extract, Red Ginseng Extract, Ginkgo Biloba Leaf Extract, Vitis Vinifera (Grape) Seed Extract, Panthenol, Ubiquinone (Co-Q10), Resveratrol, Algae Extract, Tocopheryl Acetate, Sodium Hyaluronate, Adenosine, Retinyl Palmitate, Ferulic Acid, Allantoin, Padina Pavonica Extract, Chamomilla Recutita (Matricaria) Extract, Rosa Damascena Flower Water, Triticum Vulgare (Wheat) Germ Oil, Glycine Max (Soybean) Seed Extract, Butyrospermum Parkii (Shea) Butter, Simmondsia Chinensis (Jojoba) Seed Oil, Lecithin, Oenothera Biennis (Evening Primrose) Oil, Sesamum Indicum (Sesame) Seed Oil, Persea Gratissima (Avocado) Oil, Geranium Maculatum Oil, Chamomilla Recutita (Matricaria) Flower Oil, Salix Alba (Willow) Bark Extract, Laminaria Ochroleuca Extract, Glycerin, Glyceryl Stearate, PEG-100 Stearate, Stearic Acid, Laureth-7, Phenoxyethanol, Stearyl Alcohol, Cetyl, Cetyl Alcohol, Laureth-23, Hydroxyethylcellulose, Chlorphenesin, Vp/​Eicosene Copolymer, Sodium Chloride, Disodium EDTA, Dimethicone/​Vinyl Dimethicone Crosspolymer, Cetyl PEG/​PPG-10/​1 Dimethicone, Ethylhexylglycerin, Dimethicone, PEG-240/​Hdi Copolymer Bis-Decyltetradeceth-20 Ether, Butylene Glycol, Cyclopentasiloxane, PEG-40 Hydrogenated Castor Oil",SkinPep Collagen Renew Growth Factor Night Cream,https://inkeedecoder.com/products/skinpep-collagen-renew-growth-factor-night-cream
pores,"Copper Tripeptide-1, SH-Oligopeptide-1, SH-Oligopeptide-2, SH-Polypeptide-1, Sh-Polypeptide-2, Hyaluronic Acid, Glutathione, Vitamin A, Vitamin C, Vitamin E, Amino Acids",Toskani Rcpr,https://inkeedecoder.com/products/toskani-rcpr
pores,"Centella Asiatica Extract (52.4%), Water, Human Oligopeptide-1, Glycerin, Betaine, Sodium Hyaluronate, Butylene Glycol, Acetyl Glucosamine, Horsetail Extract, Piper Methysticum Root Extract, Caulerpa Lentillifera Extract, Allantoin, Madecassoside, Caprylhydroxamic Acid, 1,2-Hexanediol, Caprylyl Glycol, Boswellia Serrata Resin Extract, Sodium Polyacrylate, Xanthan Gum",2Sol Duna Tiger Repair Ampoule,https://inkeedecoder.com/products/2sol-duna-tiger-repair-ampoule
pores,"Aqua (Water), Glycerin, rh-Oligopeptide-1 (Egf), Chlorophyll, Sodium Chondroitin Sulfate, Allantoin, Aloe Barbadensis Leaf Juice Powder*, Citrus Limon (Lemon) Peel Oil, Ricinus Communis (Castor) Seed Oil*, Benzyl Alcohol",Arcona Magic Green Ice™,https://inkeedecoder.com/products/arcona-magic-green-ice-tm
pores,"Water, Glycerin, Epidermal Growth Factor (Egf), Allantoin, Sodium Hyaluronate, Lactobionic Acid, Butylene Glycol, Centella Asiatica (Centella Asiatica) Extract, Polygonum Cuspidatum Root Extract, (Scutellaria Baicalensis) Root Extract, Tea (Camellia Sinensis) Leaf Extract, Glycyrrhiza Glabra Root Extract, Matricaria (Chamomilla Recutita) Flower Extract, Rosemary Rosmarinus Officinalis Leaf Extract, Xanthan Gum, Carbomer, Triethanolamine, Methyl Hydroxybenzoate, PEG-40 Hydrogenated Castor Oil, Flavor, Propylene Glycol, Imidazolidinyl Urea, Iodopropynyl Butylcarbamate, Caramel Color, Ci 19140",BELAY Lactobionic Acid,https://inkeedecoder.com/products/belay-lactobionic-acid
pores,"Aqua, Propylene Glycol, SH-Oligopeptide-1, Hydroxyethylcellulose, Sodium Chloride, Alcohol Denat, Caprylyl Glycol, Sodium Hyaluronate, Calcium Chloride, Glycerin, Glycine Soja Oil, Disodium EDTA, Lecithin, Tocopheryl Acetate, Phenoxyethanol",BeautyMed Cellular Renewal Serum With EGF,https://inkeedecoder.com/products/beautymed-cellular-renewal-serum-with-egf
pores,"Purified Water, Hyaluronic Acid, SH-Oligopeptide-1, Mannitol, Glycerin, Magnesium Aspartate, Zinc Gluconate, Copper Gluconate, Acetyl Octapeptide-3, Caprooyl Tetrapeptide-3, Dextran, Phenoxyethanol, Ethylhexylglycerin",Cellular Skincare Epidermal Growth Factor Serum,https://inkeedecoder.com/products/cellular-skincare-epidermal-growth-factor-serum
pores,"Water, Pentylene Glycol, Transgenic Barley Sh-Oligopeptide-1, Acrylates/​C10-30 Alkyl Acrylate Crosspolymer, Aminomethyl Propanol, 1,2 Hexanediol, Caprylyl Glycol, Tropolone, Citric Acid",DNA renewal Dna Regeneration Serum,https://inkeedecoder.com/products/dna-renewal-dna-regeneration-serum
pores,"Oenothera Biennis (Evening Primrose) Flower Extract, Rh-Polypeptide-11, rh-Oligopeptide-1, Butylene Glycol, Propanediol, Hydrolyzed Collagen, rh-Oligopeptide-2, Hexacarboxymethyl Dipeptide-12, Heptasodium Hexacarboxymethyl Dipeptide-12, Trehalose, Betaine, Sodium Hyaluronate, Panthenol, Allantoin, Sodium Hyaluronate Crosspolymer, Hydroxypropyltrimonium Hyaluronate, Sodium Acetylated Hyaluronate, Potassium Hyaluronate, Hydrolyzed Hyaluronic Acid, Hydrolyzed Sodium Hyaluronate, Hyaluronic Acid, Water, Disodium EDTA, Carbomer, Arginine, Ethylhexylglycerin, Caprylyl Glycol, 1,2-Hexanediol",De:Maf Egf Peptide Ampoule,https://inkeedecoder.com/products/de-maf-egf-peptide-ampoule
pores,"Centella Asiatica Extract, Camellia Sinensis Leaf Water, rh-Oligopeptide-1 (10Ppm), Glycerin, Niacinamide, 1,2-Hexanediol, Xanthan Gum, Hydroxyacetophenone, Sodium Hyaluronate, Collagen, Adenosine",Dermathod Derma Ez Jet Multi Effector Ampoule,https://inkeedecoder.com/products/dermathod-derma-ez-jet-multi-effector-ampoule
pores,"Purified Water (Aqua), Oligopeptide-3, SH-Oligopeptide-1, Acetyl Octapeptide-3, Glycerin, Tetrapeptide-30, Oligopeptide-68, Caprooyl Tetrapeptide-3, Acetyl Tetrapeptide-2, Epigallocatechin Gallate (Egcg), Hydroxypropyl Cyclodextrin, Palmitoyl Tripeptide-3, Magnesium Aspartate, Zinc Gluconate, Copper Gluconate, Porphyra Tenera Extract (Hydrolysed Marine Collagen), Hyaluronic Acid, Mannitol, Dextran, Caprylyl Glycol, Lecithin, Butylene Glycol, Sodium Oleate, Disodium EDTA, Xanthan Gum, Potassium Sorbate, Citric Acid, Palmitoyl Oligopeptide, Palmitoyl Tetrapeptide-7, Vanilla Planifolia Fruit Extract, Rose Damascena Flower Oil, Phenoxyethanol, Ethylhexylglycerin",Eve Garrett Skincare Post Tx Super Serum,https://inkeedecoder.com/products/eve-garrett-skincare-post-tx-super-serum
pores,"Aqua, Alcohol Denat, SH-Oligopeptide-1, Rosa Canina Fruit Oil, Hydroxyethylcellulose, Phosphatidylcholine, Lysophosphatidylethanolamine, Glycerin, Acetic Acid, Serine, Sodium Lactate, Sorbitol, Tea-Lactate, Urea, Phosphate Buffered Saline, Phosphatidylinositol, Tocopheryl Acetate, Sodium Chloride, Allantoin, Sodium Benzoate, Phenoxyethanol, Ethylhexylglycerin, Imidazolidinyl Urea, Phenethyl Alcohol, Caprylyl Glycol",ISSEIMI Fluido Viscoso Forte,https://inkeedecoder.com/products/isseimi-fluido-viscoso-forte
pores,"Pure Water, Hamamelis Virginiana (Witch Hazel) Water, Epidermal Growth Factor (E.G.F), Arbutin, Niacinamide (Vitamin B3), Methyl Gluceth-20, Glycerin (Vegetable Derived), Zea Mays (Corn) Kernel Extract, Sodium Hyaluronate, Palmitoyl Tripeptide-5, Maltosyl Trehalose, Glycosyl Trehalose, Dipotassium Glycyrrhizate, Allantoin, Butylene Glycol, Pentylene Glycol, Xanthan Gum, Alcohol, Phenoxyethanol, Ethylhexylglycerin, Fragrance",Joanna Vargas Twilight Face Mask,https://inkeedecoder.com/products/joanna-vargas-twilight-face-mask
pores,"Water, Butylene Glycol, SH-Oligopeptide-1, SH-Polypeptide-1, Vaccinium Angustifolium (Blueberry) Fruit Extract, Lecithin, Sorbitan Sesquioleate, 1,2-Hexanediol, Caprylyl Glycol, PEG-60 Hydrogenated Castor Oil, Glycerin, Chlorphenesin, Guaiazulene, Ethylhexylglycerin, Adenosine",Klairs Midnight Blue Youth Activating Drop,https://inkeedecoder.com/products/klairs-midnight-blue-youth-activating-drop-3
pores,"Sodium Hyaluronate, Oligopeptide-1, Epidermal Growth Factor (Proprietary Formula), Saccharomyces Ferment Filtrate, Saccharomyces Lysate Extract",Le Mieux EGF DNA,https://inkeedecoder.com/products/le-mieux-egf-dna
pores,"Hyaluronic Acid, Aqua, SH-Oligopeptide-1 (Egf Proprietary Formula), Palmitoyl Tripeptide-5 (Tgf Proprietary Formula), rh-Polypeptide-1 (Fgf Proprietary Formula), Simmondsia Chinensis Seed Oil, Macadamia Ternifolia Seed Oil, Glycerin, Avena Sativa Protein, Palmitoyl Tripeptide-1, Palmitoyl Tetrapeptide-7, Phospholipids, PEG-100 Stearate, Glyceryl Stearate, Stearic Acid, Caprylic/​Capric Triglyceride, Cetyl Alcohol, Hydrolyzed Hyaluronic Acid, Tocotrienols, Allantoin, Aloe Barbadensis Leaf Extract, Dimethicone, C12-15 Alkyl Benzoate, Cucumis Sativus Extract, Arnica Montana Extract, Vitis Vinifera (Grape) Seed Extract, Squalane, Cyclopentasiloxane, Polysorbate 60, Carthamus Tinctorius Oil, Carbomer, Bisabolol, Disodium EDTA, Hydrolyzed Yeast Protein, Saccharomyces/​Zinc Ferment, Saccharomyces/​Copper Ferment, Saccharomyces/​Magnesium Ferment, Tocopheryl Acetate, Sodium Carboxymethyl Beta-Glucan, DL-Panthenol, Methyl Gluceth-20, Triethanolamine, Phenoxyethanol, Ethylhexylglycerin",Le Mieux Gf3 Cream,https://inkeedecoder.com/products/le-mieux-gf3-cream
pores,"Allantoin, Betaine, EGF, PEG-60, Perfume, B Collagen, Goldleaf, Butylene Glycol, Glycerin, Snail Secretion Filtrate, Water, Xanthan Gum, Chlorphenesin, Methylisothiazolinone, Phenoxyethanol",Ray Gold Facial Mask,https://inkeedecoder.com/products/ray-gold-facial-mask
pores,"Glycerin, Aqua (Water), rh-Oligopeptide-1 (Egf), Glycyrrhiza Glabra (Licorice) Root Extract, Alcohol, Hamamelis Virginiana (Witch Hazel) Water, Fumaric Acid, Superoxide Dismutase, Citrus Aurantium Dulcis (Orange) Peel Oil, Benzyl Alcohol, Phospholipids",Rhonda Allison Bio 53 Matrix,https://inkeedecoder.com/products/rhonda-allison-bio-53-matrix
pores,"Aspergillus/​Rice Ferment Filtrate, Ginseng Callus Culture Extract, rh-Oligopeptide-1, Caffeoyl Tripeptide-1, SH-Octapeptide-4, Nicotinoyl Tripeptide-1, Acetyl Hexapeptide-22, Butylene Glycol, Palmitoyl Tripeptide-38, Dictyopteris Polypodioides Extract, Stearic Acid, Niacinamide, Saccharomyces/​Viscum Album (Mistletoe) Ferment Extract, Saccharomyces/​Imperata Cylindrica Root Ferment Extract, Lactobacillus/​Soybean Ferment Extract, Ceramide EOP, Glycerin, 1,2-Hexanediol, Polysorbate 60, Caprylic/​Capric Triglyceride, Saccharomyces/​Asparagus Cochinchinensis Root/​Lycium Chinense Root/​Ophiopogon Japonicus Root/​Panax Ginseng Root/​Poria Cocos/​Rehmannia Glutinosa Root Ferment Filtrate, Allantoin, Tocopheryl Acetate, Carbomer, Arginine, Centella Asiatica Extract, Magnolia Kobus Bark Extract, Scutellaria Baicalensis Root Extract, Polygonum Cuspidatum Root Extract, Camellia Sinensis Leaf Extract, Ruta Graveolens Oil, Glycyrrhiza Glabra (Licorice) Root Extract, Adenosine, Rosmarinus Officinalis (Rosemary) Leaf Extract, Chamomilla Recutita (Matricaria) Leaf Extract, Citrus Grandis (Grapefruit) Fruit Extract, Thujopsis Dolabrata Branch Extract",Swanicoco Fermentation Peptine Eye Care Cream,https://inkeedecoder.com/products/swanicoco-fermentation-peptine-eye-care-cream-2
pores,"Water, 1.2-Hexanediol, Human Oligopeptide-1, Glycerin, Lecithin, Soybean Oil, Sodium Phosphate, Ethanol, Phenoxyethanol",Tunemakers EGF Essence,https://inkeedecoder.com/products/tunemakers-egf-essence
pores,"Water (Aqua), Propanediol, Human Adipose Derived Stem Cell Conditioned Media, SH-Oligopeptide-1, SH-Oligopeptide-2, SH-Polypeptide-1, SH-Polypeptide-9, SH-Polypeptide-11, Acetyl Glutamine, Alanine, Allantoin, Arginine, Bacillus Ferment, Bacillus/​Folic Acid Ferment Filtrate Extract, Betaine, Bisabolol, Citric Acid, Glutamic Acid, Glycerin, Glycine, Hydrolyzed Eragrostis Tef Seed Extract, Hydrolyzed Hyaluronic Acid, Lecithin, Limnanthes Alba (Meadowfoam) Seed Oil, Lysine Hcl, Niacinamide, Panthenol, Pca, Proline, Pullulan, Serine, Sodium Hyaluronate, Sodium Lactate, Sodium PCA, Threonine, Tremella Fuciformis Sporocarp Extract, Xanthan Gum, Sclerotium Gum, Caprylyl Glycol, Ethylhexylglycerin, 1,2-Hexanediol, Trisodium Ethylenediamine Disuccinate, Sodium Benzoate",Angela Caglia Cell Forté Serum,https://inkeedecoder.com/products/angela-caglia-cell-forte-serum
pores,"Aqua, Lecithin, Acetyl Glutamine, SH-Oligopeptide-1, SH-Oligopeptide-2, SH-Polypeptide-1, SH-Polypeptide-9, SH-Polypeptide-11, Bacillus/​Folic Acid Ferment Extract, Sodium Hyaluronate, Caprylyl Glycol, Butylene Glycol, 1,2-Hexanediol, Hydroxyethylcellulose, Phenoxyethanol, Ethylhexylglycerin, Polysorbate 20, Citric Acid, Xanthan Gum, Triethanolamine, Keratin, Biotin",Bonté Care Hair Serum,https://inkeedecoder.com/products/bonte-care-hair-serum
pores,"Water, Glycerin, Butylene Glycol, SH-Oligopeptide-1 (10Ppb), Lecithin, Ceramide NP, Hydrogenated Lecithin, Betaine, Sodium PCA, Proline, Threonine, Glutamic Acid, Lysine, Arginine, Sorbitol, Glycine, Ceresin, Simmondsia Chinensis (Jojoba) Seed Oil, Squalane, Octyldodecanol, Tocopheryl Acetate, Illicium Verum (Anise) Fruit Extract, Caprylic/​Capric Triglyceride, Cholesterol, Panthenol, Sodium Hyaluronate, Xanthan Gum, Polysorbate 20, Styrene/​Vp Copolymer, Disodium EDTA, Caprylyl Glycol, 1,2-Hexanediol, Fragrance",Esthemax Nano EGF Cure Serum 938,https://inkeedecoder.com/products/esthemax-nano-egf-cure-serum-938
pores,"Aqua, Copper Tripeptide-1, Oligopeptide-1, rh-Oligopeptide-1, rh-Polypeptide-1, rh-Oligopeptide-2, Copper Tripeptide-34, Glycerin, Glycine Soja (Soybean) Oil, Lecithin, Acrylates/​C10-30 Alkyl Acrylate Crosspolymer, Saccharide Isomerate, Sodium Hyaluronate, Hydrolyzed Elastin, Tocopherol Acetate, Aloe Barbadensis Leaf Extract, Acetamide Mea, Panthenol, Hydrolyzed Wheat Protein, Hyaluronic Acid, Phytic Acid, Triticum Vulgare (Wheat) Germ Oil, Linoleic Acid, Linolenic Acid, Simmondsia Chinensis (Jojoba) Seed Oil, Propylene Glycol, Sorbitol, Tocopherol, Glycerin (Vegetable Glycerin), Ascorbyl Methylsilanol Pectinate, Nettle (Urtica Dioica) Extract, Horsetail (Equisetum Arvense) Extract, Cucumber (Cucumis Sativus) Extract, Centella Asiatica (Hydrocotyl) Extract, Chamomile Matricaria Extract, Chlorella Vulgaris Extract, Hydrolyzed Algin, Aminomethyl Propanol, Diazolidinyl Urea, Methyl Paraben, Propyl Paraben",Lamelle Intensive Gf Serum,https://inkeedecoder.com/products/lamelle-intensive-gf-serum
pores,"Water, Lecithin, Acetyl Glutamine, SH‑Oligopeptide‑1, SH‑Oligopeptide‑2, SH‑Polypeptide‑1, SH‑Polypeptide‑9, SH‑Polypeptide‑11, Bacillus/​Folic Acid Ferment Filtrate Extract, Sodium Hyaluronate, Caprylyl Glycol, Butylene Glycol, 1,2‑Hexanediol, Hyaluronic Acid, Vitamin E, Aloe Vera Extract, Dm Water, Transcutol, Propanediol, Propylene Glycol, Aquaxyl, Xylitylglucoside, Anhydroxylitol, Xylitol, Sodium Gluconate, Dmdm Hydantoin, Fragrance",Long Story Bio Lift Growth Factor 3% Bio Placenta Face Serum,https://inkeedecoder.com/products/long-story-bio-lift-growth-factor-3-bio-placenta-face-serum
pores,"Bifida Ferment Extract, Hydrolyzed Collagen, Glycerin, Sh-Oligopeptide-1, Sh-Oligopeptide-2, Sh-Polypeptide-1, Sh-Polypeptide-2, Cetearyl Alcohol, Shea Butter, Squalane, Sorbitan Oleate, Sodium Hyaluronate, Propanediol, Stearyl Oleate, Isoamyl Laurate, Niacinamide, Cetyl Palmitate, Sorbitan Palmitate, Wheat Germ Oil, Flax Oil, Evening Primrose Flower Oil, Rosa Centifolia Flower Water, Quinoa Extract, Acetyl Hexapeptide-8, Wheat Germ Protein, Padina Pavonica Extract, Sesame Oil, Lactobacillus/​Pumpkin Ferment Extract, Panthenol, Beta-Glucan, Apple Extract, Carrot Extract, Zanthoxylum Piperitum Fruit Extract, Pasque Flower Extract, Usnea Extract, Calendula Extract, Betaine, Portulaca Oleracea Extract, Sorbitol, Chamomile Flower Extract, Euterpe Oleracea Fruit Extract, Sea Buckthorn Water, Caprylyl Glycol, Trehalose, Licorice Extract, Sophora Extract, Potassium Olivoyl Hydrolyzed Oat Protein, Glyceryl Stearate, Glyceryl Oleate, Bitter Orange Flower Water, Mulberry Root Extract, Adenosine",Manyo Factory 4Gf Eye Cream,https://inkeedecoder.com/products/manyo-factory-4gf-eye-cream
pores,"Water, Sodium Hyaluronate, Glycerin, SH-Oligopeptide-1, Olea Europaea(Olive) Leaf Extract, Portulaca Oleracea Extract, Vitis Vinifera(Grape) Seed Extract, Hamamelis Virginiana(Witch Hazel) Extract, Madecassoside, Salicylic Acid, Sucrose, Ginsenosides, Epilobium Angustifolium Flower/​Leaf/​Stem Extract, Eucalyptus Globulus Leaf Extract, Disodium EDTA, Centella Asiatica Extract, Artemisia Princeps Extract, Scutellaria Baicalensis Root Extract, Chamomilla Recutita(Matricaria) Flower Extract, Phenoxyethanol, Ethylhexylglycerin, Sodium Metabisulfite, Copper Tripeptide-1",PATCH PRO Micro Needle Patch Trouble Dr.,https://inkeedecoder.com/products/patch-pro-micro-needle-patch-trouble-dr
pores,"Acetyl Hexapeptide-8, Water, Copper Tripeptide-1, rh-Oligopeptide-1, SH-Oligopeptide-2, SH-Polypeptide-1, Adenosine, Hydroxyethyl Acrylate/​Sodium Acryloyldimethyl Taurate Copolymer, Xanthan Gum, 1,2-Hexanediol",Sidmool Acetyl Ampoule,https://inkeedecoder.com/products/sidmool-acetyl-ampoule
pores,"Water, Propanediol, Sodium PCA, SH-Oligopeptide-1, Sodium Hyaluronate, Hydrolyzed Collagen, Phenoxyethanol, Caprylyl Glycol, Sorbic Acid",Skin Actives Scientific High Potency Egf Spray,https://inkeedecoder.com/products/skin-actives-scientific-high-potency-egf-spray
pores,"Water/​Aqua, Butylene Glycol, 1,2-Hexanediol, rh-Oligopeptide-1, Madecassoside, Biotinoyl Hexapeptide-2 Amide, Beta-Glucan, Ethylhexanamide Serinol, Palmitoyl Pentapeptide-4, Sodium Hyaluronate, Xanthan Gum, Hydroxyethyl Cellulose, Polyglyceryl-10 Laurate, Glycerin, Carbomer, Arginine, Tocopheryl Acetate, Adenosine, Pentylene Glycol, Hydrogenated Lecithin, Sodium Phosphate, Glycine Soja (Soybean) Oil, Caprylyl Glycol",Zeroid Dermanewal Revitalizing Ampoule,https://inkeedecoder.com/products/zeroid-dermanewal-revitalizing-ampoule
pores,"Water, Sodium PCA, Retinyl Acetate, SH-Oligopeptide-1, Sodium Hyaluronate, Hydrolyzed Collagen, Hamamelis Virginiana (Witch Hazel) Water, Xylitol, Cholecalciferol, Polysorbate 20, Xanthan Gum, Phenoxyethanol, Caprylyl Glycol, Sorbic Acid",skinVacious EGF Serum With Vitamin A & D,https://inkeedecoder.com/products/skinvacious-egf-serum-with-vitamin-a-d
pores,"Snail Secretion Filtrate, Aloe Barbadensis Leaf Juice, Glycerin, Arbutin, Human Oligopeptide-1, Bee Venom, Plantago Asiatica Extract, Laminaria Digitata Extract, Diospyros Kaki Leaf Extract, Salix Alba (Willow) Bark Extract, Ulmus Campestris (Elm) Extract, Bacillus Ferment, Azelaic Acid, Althaea Rosea Flower Extract, Aloe Barbadensis Leaf Extract, Butylene Glycol, Beta-Glucan, Betaine, Acrylates/​C10-30 Alkyl Acrylate Cross Polymer, Adenosine, Panthenol, Allantoin, Zanthoxylum Piperitum Fruit Extract, Usnea Barbata (Lichen) Extract, Pulsatilla Koreana Extract, Arginine",Benton High Content Steam Cream (Old Formula),https://inkeedecoder.com/products/benton-high-content-steam-cream-old-formula
pores,"Aqua, Pentylene Glycol, Glycerin, Hydroxyethyl Acrylate/​Sodium Acryloyldimethyl Taurate Copolymer, SH-Oligopeptide-1, Sh-Oligopeptide-4, Sh-Polypeptide-4, SH-Polypeptide-7, SH-Polypeptide-9, SH-Polypeptide-59, SH-Polypeptide-86, Dna (Pdrn), Nicotinamide Mononucleotide, Curcumin, Tetrahydrocurcumin, Copper Tripeptide-1, Panthenol, Caffeine, Adenosine, Niacinamide, Arginine, Ketoglutaric Acid, Salicylic Acid, Thioctic Acid, Lecithin, 1,2-Hexanediol, Acetyl Cysteine, Glycine, 3-O-Ethyl Ascorbic Acid, P-Anisic Acid, Polysorbate 60, Sodium Citrate, Citric Acid, Glutathione",Blueprint Peptide Hair Serum,https://inkeedecoder.com/products/blueprint-peptide-hair-serum
pores,sh-oligopeptide-1,Next page >>,https://inkeedecoder.com/ingredients/sh-oligopeptide-1?uoffset=1
pores,"Water, Certified Organic Witch Hazel Extract Blend, Hamamelis Virginiana (Witch Hazel*) Bark/​Leaf/​Twig Extract, Aloe Barbadensis Leaf Extract (Filet Of Aloe Vera*), Melaleuca Alternifolia (Tea Tree) Leaf Oil, Cymbopogon Flexuosus Oil, Glycerin, Decyl Glucoside, Cocamidopropyl Betaine, Citric Acid, Caprylyl Glycol, Phenoxyethanol, Ethylhexylglycerin",Thayers Blemish Clearing Pads,https://inkeedecoder.com/products/thayers-blemish-clearing-pads
pores,"Aqua/​Water/​Eau, Certified Organic Witch Hazel Extract Blend, Hamamelis Virginiana (Witch Hazel*) Bark/​Leaf/​Twig Extract, Aloe Barbadensis Leaf Extract (Filet Of Aloe Vera*), Rosa Damascena Flower Water, Prunus Amygdalus Dulcis (Sweet Almond) Oil, Carthamus Tinctorius (Safflower) Seed Oil, Glyceryl Stearate, Stearyl Alcohol, Polyglyceryl-2 Stearate, Caprylic/​Capric Triglyceride, Isopropyl Palmitate, Behenyl Alcohol, Vitis Vinifera (Grape) Seed Oil, Rosa Canina Fruit Oil, Glycerin, Phytic Acid, Sodium Hyaluronate, Tocopherol, Caprylyl Glycol, Ethylhexylglycerin, Phenoxyethanol, Xanthan Gum, Oryza Sativa (Rice) Bran Extract, Rosmarinus Officinalis (Rosemary) Leaf Extract, Helianthus Annuus (Sunflower) Extract",Thayers Radiance Boosting Balm,https://inkeedecoder.com/products/thayers-radiance-boosting-balm
pores,"Aqua, Organic Rosa Damascena Flower Water, Organic Witch Hazel Extract Blend, Hamamelis Virginiana (Witch Hazel*) Bark/​Leaf/​Twig Extract, Aloe Barbadensis Leaf Extract (Filet Of Aloe Vera*), Lactobacillus Ferment, Propanediol (From Sugar Cane), Niacinamide (5%), Sodium Hyaluronate (Hyaluronic Acid), Isoamyl Laurate, Hordeum Vulgare (Barley) Seed Flour, Sorbitan Olivate, Organic Glycerin (From Flaxseed), Rose Stem Cells",Nirvana Botanics Cloud - Oil Free Gel Moisturizer,https://inkeedecoder.com/products/nirvana-botanics-cloud-oil-free-gel-moisturizer
pores,"Purified Water, Glycerin, Certified Organic Witch Hazel Extract Blend, Hamamelis Virginiana (Witch Hazel*) Bark/​Leaf/​Twig Extract, Aloe Barbadensis Leaf Extract (Filet Of Aloe Vera*), Aloe Barbadensis Leaf Juice (Filet Of Aloe Vera*), Cucumis Sativus (Cucumber) Fruit Extract, Citrus Grandis (Grapefruit) Seed Extract, Phenoxyethanol, Caprylyl Glycol, Ethylhexylglycerin, Citric Acid, Potassium Hydroxide",Thayers Alcohol-free Witch Hazel Toner With Aloe Vera Cucumber,https://inkeedecoder.com/products/thayers-alcohol-free-witch-hazel-toner-with-aloe-vera-cucumber
pores,"Aqua/​Water/​Eau, Propylene Glycol, Certified Organic Witch Hazel Extract Blend, Hamamelis Virginiana (Witch Hazel*) Bark/​Leaf/​Twig Extract, Aloe Barbadensis Leaf Extract (Filet Of Aloe Vera*), Glycerin, Rosa Damascena Flower Water, Sodium PCA, Rosa Canina Fruit Oil, Ascorbic Acid, Sodium Hyaluronate, Citrus Limon (Lemon) Peel Extract, Cucumis Sativus (Cucumber) Fruit Extract, Caprylyl Glycol, Phenoxyethanol, Ethylhexylglycerin, Xanthan Gum",Thayers Witch Hazel Radiance Boosting Serum,https://inkeedecoder.com/products/thayers-witch-hazel-radiance-boosting-serum
pores,"Salicylic Acid (2.0%), Water, Certified Organic Witch Hazel Extract Blend, Hamamelis Virginiana (Witch Hazel*) Bark/​Leaf/​Twig Extract, Aloe Barbadensis Leaf Extract (Filet Of Aloe Vera*), Melaleuca Alternifolia (Tea Tree) Leaf Oil, Cymbopogon Flexuosus Oil, Glycerin, Decyl Glucoside, Cocamidopropyl Betaine, Citric Acid, Caprylyl Glycol, Phenoxyethanol, Ethylhexylglycerin",Thayers Natural Remedies Witch Hazel Blemish Pads,https://inkeedecoder.com/products/thayers-natural-remedies-witch-hazel-blemish-pads
pores,"Aqua/​Water/​Eau, Lauryl Glucoside, Decyl Glucoside, Betaine, Sodium Cocoyl Isethionate, Aloe Barbadensis Leaf Juice, Glycerin, Rosa Centifolia Flower Extract, Persea Gratissima (Avocado) Oil, Certified Organic Witch Hazel Extract Blend, Hamamelis Virginiana (Witch Hazel*) Bark/​Leaf/​Twig Extract, Aloe Barbadensis Leaf Extract (Filet Of Aloe Vera*), Sodium Ascorbyl Phosphate, Tocopherol, Xanthan Gum, Phenoxyethanol, Ethylhexylglycerin, Rosa Canina Fruit Oil, Citric Acid, Guar Hydroxypropyltrimonium Chloride",Thayers Rose Petal Witch Hazel Facial Cleanser,https://inkeedecoder.com/products/thayers-rose-petal-witch-hazel-facial-cleanser
pores,"Aqua, Propylene Glycol, Azelaic Acid 15.0%, Tetrahydroxypropyl Ethylenediamine, Potassium Azeloyl Diglycinate 5.0%, Polyacrylate Crosspolymer-6, Salicylic Acid 2.0%, Lactobionic Acid, Bisabolol, Gluconolactone, Arginine, Quaternium-73, Dipotassium Glycyrrhizate, 1,2-Hexanediol, Isopentyldiol, O- Cymen-5-Ol, Hydroxyacetophenone","5.0% | Azelaic Acid Control Facial Acne Gel
        

            Aisuanis",https://inkeedecoder.com/products/aisuanis-empowerment-azelaic-acid-control-facial-acne-gel
pores,"Propanediol, Resveratrol 3.0%, Ferulic Acid 3.0%","3.0% | Resveratrol 3% + Ferulic Acid 3%
        

            The Ordinary",https://inkeedecoder.com/products/the-ordinary-resveratrol-3-ferulic-acid-3
pores,"Aqua, Ascorbic Acid 20.0%, Butylene Glycol, Propanediol, Dipropylene Glycol, Glycerin, 1,2-Hexanediol, Tromethamine, PEG-40 Hydrogenated Castor Oil, Chondrus Crispus Extract, PEG-240/​Hdi Copolymer Bis-Decyltetradeceth-20 Ether, Propylene Glycol, Saccharum Officinarum (Sugarcane) Extract, Caprylyl Glycol, Diethoxydiglycol, Ferulic Acid (Mixture 1% [Glycerin, Diethoxydiglycol, PEG-40 Hydrogenated Castor Oil, ~, Oryza Sativa Extract]), Resveratrol 0.2%, Allantoin, Melia Azadirachta Flower Extract, Dipotassium Glycyrrhizate, Melia Azadirachta Leaf Extract, Adenosine, Centella Asiatica Extract, Curcuma Longa (Turmeric) Root Extract, Ocimum Sanctum Leaf Extract, Citrus Aurantium Dulcis (Orange) Peel Oil, Gentiana Scabra Root Extract, Glycyrrhiza Uralensis (Licorice) Root Extract, Caramel, Oryza Sativa (Rice) Extract, Citrus Aurantium Amara (Bitter Orange) Flower Oil, Corallina Officinalis Extract, Pelargonium Graveolens Flower Oil, Sodium Metabisulfite, Artemisia Annua Extract, Cnidium Monnieri Fruit Extract, Sophora Angustifolia Root Extract, Potassium Laurate, BHT","0.2% | VC Oxidation Resistance Serum
        

            Dr.magic",https://inkeedecoder.com/products/dr-magic-vc-oxidation-resistance-serum
