problem,ingredient,product name,product link
wrinkles,"Tretinoin, Propylene Glycol, Isopropanol, Carbomer, Triethanolamine, Butylated Hydroxytoluene, Methyl Hydroxybenzoate, Propyl Hydroxybenzoate",A-Ret Tretinoin 0.1%,https://inkeedecoder.com/products/a-ret-tretinoin-0-1
wrinkles,"Tretinoin, PEG-4 Olivate, Olive Oil PEG-7 Esters, Methyl Hydroxybenzoate, Propyl Hydroxybenzoate, Propylene Glycol, Silicon Oil, Caprylic/​Capric Triglyceride, Carbomer, Triethanolamine, Purified Water",A-Ret Tretinoin Gel 0.05%,https://inkeedecoder.com/products/a-ret-tretinoin-gel-0-05
wrinkles,"Retinoic Acid Tretinoin (0.5), Isopropyl Myristate, Carbopol 974 Polymer, Polysorbate 80, Glycerol, Triglyceride, Light Liquid Vaseline, Butylated Hydroxytoluene, Butylated Hydroxy Anisole, Methylparaben, Propylparaben, Sodium Hydroxide, Aqua",ASSOS Tre® %0.05 Krem,https://inkeedecoder.com/products/assos-tre-r-0-05-krem
wrinkles,"Tretinoin, Cetyl Alcohol, Stearyl Alcohol, Tween 60, Sorbitan Monostearate, Methylparaben, Propylparaben, BHT, Propylene Glycol, Deionized-Water",Abdiibrahim Acnelyse,https://inkeedecoder.com/products/abdiibrahim-acnelyse
wrinkles,"Tretinoin (0.025), Butylhydroxytoluene (E321), Cetyl Alcohol, Methyl Parahydroxybenzoate (E218), Propyl Parahydroxybenzoate (E216), Propylene Glycol, Stearyl Alcohol",Acnelyse Tretinoin %0.025,https://inkeedecoder.com/products/acnelyse-tretinoin-0-025
wrinkles,"Tretinoin (0,05%), Butylhydroxytoluene (E321), Paraffin (Vaseline Flant), Polysorbate 60, Cetyl Alcohol, Methyl Parahydroxybenzoate (E218), Propyl Parahydroxybenzoate (E216), Propylene Glycol, Sorbitan Stearate (Span 60), Stearyl Alcohol, Purified Water",Acnelyse Tretinoin %0.05,https://inkeedecoder.com/products/acnelyse-tretinoin-0-05
wrinkles,"Tretinoin (0.05%), Polyoxyl 40 Stearate, Stearyl Alcohol, Isopropyl Myristate, Stearic Acid, BHT, Sorbic Acid, Xanthan Gum, Purified Water",Acretin 0.05% Tretinoin Cream,https://inkeedecoder.com/products/acretin-0-05-tretinoin-cream
wrinkles,"Tretinoin (0.025%), Stearyl Alcohol, Isopropyl Myristate, Propylene Glycol, Polysorbate 60, Sorbitan Monostearate, Glycerin, Carbomer, Edetate Disodium, Methylparaben, Propylparaben, Butylated Hydroxytoluene, Water",Acretin Tretinoin 0.025% Cream,https://inkeedecoder.com/products/acretin-tretinoin-0-025-cream
wrinkles,"Tretinoin (0.025%), Stearic Acid, Polyolprepolymer-2, Isopropyl Myristate, Polyoxyl 40 Stearate, Propylene Glycol, Stearyl Alcohol, Xanthan Gum, Sorbic Acid, Butylated Hydroxytoluene, Purified Water","Actavis Pharma, Inc. Actavis Tretinoin Cream, USP 0.025%",https://inkeedecoder.com/products/actavis-pharma-inc-actavis-tretinoin-cream-usp-0-025
wrinkles,"Tretinoin (0.5 Mg), Butylhydroxyanisole (E320) (X)",Airol cream 0.5 Airol Cream,https://inkeedecoder.com/products/airol-cream-0-5-airol-cream
wrinkles,"Tretinoin, Glycerol Stearate, Ceteareth-20, Sorbitol Solution (70%), Cetyl Esters Wax, Phytosqualene, Butylhydroxyanisole (E320), Disodium Edetate, Magnesium Sulfate Heptahydrate, Benzoic Acid (E210), Purified Water",Airol cream 0.5 Tretinoina,https://inkeedecoder.com/products/airol-cream-0-5-tretinoina
wrinkles,"Tretinoin (0.01%), Soluble Collagen, Elastin, Glyceryl Monostearate, Cetyl Alcohol, Stearyl Alcohol, Octyldodecanol, Methyl Paraben, Propyl Paraben, Carbopol, Trietanolamin (C.S.P Ph 7), Perfum, Imidurea, BHT, BHA, Propylenglycol, Purified Water","Andrómaco Hidrosam T 0,010%",https://inkeedecoder.com/products/andromaco-hidrosam-t-0-010
wrinkles,"Tretinoin (0.025%), Soluble Collagen, Elastin, Glyceryl Monostearate, Cetyl Alcohol, Stearyl Alcohol, Octyldodecanol, Methyl Paraben, Propyl Paraben, Carbopol, Trietanolamin (C.S.P Ph 7), Perfum, Imidurea, BHT, BHA, Propylenglycol, Purified Water","Andrómaco Hidrosam T 0,025%",https://inkeedecoder.com/products/andromaco-hidrosam-t-0-025
wrinkles,"Tretinoin (0,05%), Soluble Collagen, Elastin, Glyceryl Monostearate, Cetyl Alcohol, Stearyl Alcohol, Octyldodecanol, Methyl Paraben, Propyl Paraben, Carbopol, Trietanolamin (C.S.P Ph 7), Perfum, Imidurea, BHT, BHA, Propylenglycol, Purified Water","Andrómaco Hidrosam T 0,050%",https://inkeedecoder.com/products/andromaco-hidrosam-t-0-050
wrinkles,"Tretinoin (0,1%), Soluble Collagen, Elastin, Glyceryl Monostearate, Cetyl Alcohol, Stearyl Alcohol, Octyldodecanol, Methyl Paraben, Propyl Paraben, Carbopol, Trietanolamin (C.S.P Ph 7), Perfum, Imidurea, BHT, BHA, Propylenglycol, Purified Water","Andrómaco Hidrosam T 0,100%",https://inkeedecoder.com/products/andromaco-hidrosam-t-0-100
wrinkles,"Tretinoin (0.025% - 0.1%), Niacinamide (4%), Butylated Hydroxytoluene, C12-15 Alkyl Benzoate, Caprylic/​Capric Triglycerides, Cetyl Alcohol, Ethylhexylglycerin, Glycerin Usp, Glyceryl Stearate, Hydroxyethyl Acrylate/​Sodium Acryloyldimethyl Taurate Copolymer, Olive Oil, Oleic Acid, PEG-100 Stearate, Phenoxyethanol, Polydimethylsiloxane, Purified Water, Propylene Glycol, Stearic Acid, Trolamine, Vitamin E",Apostrophe Tretinoin,https://inkeedecoder.com/products/apostrophe-tretinoin
wrinkles,"Tretinoin (0.05%), Aqua, Petrolatum, Propylene Glycol, Caprylic/​Capric Triglyceride, Ceteareth-20, Cetyl Alcohol, Glyceryl Stearate SE, Paraffinum Liquidum, Butylhydroxytoluene",Apoteka Dona Hidrofilni Krem Sa Tretinoinom 0.05%,https://inkeedecoder.com/products/apoteka-dona-hidrofilni-krem-sa-tretinoinom-0-05
wrinkles,"Tretinoin, Ceteareth-6, Stearyl Alcohol, Ceteareth-25, Glyceryl Mono Sterate, Cetyl Alcohol, Vaseline, Yellow 1, Beeswax, Cetearyl Octanoate, Imidurea, Methyl Paraben, Propylparaben, Propylene Glycol, Titanium Dioxide, Butylated Hydroxy Anisole, Purified Water",Avalon Pharma Avotin-a,https://inkeedecoder.com/products/avalon-pharma-avotin-a
wrinkles,"Retinoic Acid (Tretinoin), Isopropyl Myristate, Carbopol Polymer, Polysorbate 80, Miglyol, Glycerol, Paraffinum Liquidum, Butylated Hydroxytoluene, Butylated Hydroxy Anisole, Methylparaben, Propylparaben, Sodium Hydroxide, Aqua","Bailleul Laboratories Tretin® %0,05 Krem",https://inkeedecoder.com/products/bailleul-laboratories-tretin-r-0-05-krem
wrinkles,"Tretinoin (0.04%), Purified Water, Carbomer, Glycerin, Disodium EDTA, Propylene Glycol, Propylene Glycol Dicaprylate/​Dicaprate, Sorbic Acid, PPG-20 Methyl Glucose Ether Distearate, Cyclomethicone, Dimethicone Copolyol, Benzyl Alcohol, Trolamine, Butylated Hydroxytoluene",Bausch Health Retin-A Micro (0.04%),https://inkeedecoder.com/products/bausch-health-retin-a-micro-0-04
wrinkles,"Tretinoin, Butylhydroxytoluene, Isopropyl Myristate, Polyoxyl 40 Stearate, Stearic Acid, Stearyl Alcohol, Sorbic Acid, Xanthan Gum, Purified Water",Bausch Health Retin-a Cream 0.05%,https://inkeedecoder.com/products/bausch-health-retin-a-cream-0-05
wrinkles,"Tretinoin (0.1%), Water, Carbomer (0.1%), Glycerin, Disodium EDTA, Propylene Glycol, Sorbic Acid, PPG-20 Methyl Glucose Ether Distearate, Dimethicone/​Methicone Copolymer, Benzyl Alcohol, Triethanolamine, BHT",Bausch Health Retin-a Micro (tretinoin) Gel Microsphere 0.1%,https://inkeedecoder.com/products/bausch-health-retin-a-micro-tretinoin-gel-microsphere-0-1
wrinkles,"Tretinoin (0.05%), Alcohol (95%), Carboxyvinyl Polymer, Carbopol 980, Carbomer, Isopropyl Alcohol, Propylene Glycol, Purified Water, Trolamine",Bausch Health Vitamin A Acid Gel (0.05%),https://inkeedecoder.com/products/bausch-health-vitamin-a-acid-gel-0-05
wrinkles,"Retinoic Acid (0.05%), Water, Caprylic/​Capric Triglycerides, Stearyl Alcohol, Stearic Acid, Glyceryl Stearate, PEG-100 Stearate, Diisopropyl Dimer Dilinoleate, Aluminum, Magnesium Silicate, Polyoxyethylene 45 (40), Mg Stearate+, Benzyl Alcohol, Silica Gel, Bisabolol, Retinoic Acid, BHA, BHT",CCSD Rx Reverse Tretinoin 0.05%,https://inkeedecoder.com/products/ccsd-rx-reverse-tretinoin-0-05
wrinkles,"Tretinoin (0.05%), Butylated Hydroxytoluene, Cetomacrogol 1000, Lanolin Anhydrous, Glyceryl Monostearate Se, Cetostearyl Alcohol, Oleic Acid Decylester, Dimethicone 350, Sorbitol Solution (70%), Sorbic Acid, Potassium Sorbate, Purified Water",CTS CHEMICAL INDUSTRIES Ret-Avit Cream 0.05%,https://inkeedecoder.com/products/cts-chemical-industries-ret-avit-cream-0-05
wrinkles,"Tretinoin (0.05%), Cremophor Rh 40, Softigen 767, Carbomer 940, Butylated Hydroxytoluene, Methyl Dihydroxybenzoate, Sodium Propyl Hydroxybenzoate, Sodium Hydroxide, Hydrochloric Acid, Isopropyl Alcohol, Purified Water",CTS CHEMICAL INDUSTRIES Ret-Avit Gel 0.05%,https://inkeedecoder.com/products/cts-chemical-industries-ret-avit-gel-0-05
wrinkles,"Tretinoin, C12-20 Acid PEG-8 Ester, Cetyl Alcohol, Glycerin, Propylene Glycol, BHT, Ascorbyl Palmitate, Glyceryl Stearate, Citric Acid, Methyl Parahydroxybenzoate (E-219), Propyl Parahydroxybenzoate (E-217), Water",Cantabria Labs Neocare 4mg/g cream,https://inkeedecoder.com/products/industrial-farmaceutica-cantabria-neocare
wrinkles,"Ácido Retinoico, Ácido Glicólico, Propylene Glycol, PEG-7 Glyceryl Cocoate, Aminomethyl Propanol, Hydroxyethylcellulose, Polyvinyl Alcohol, Imidazolidinyl Urea, Disodium EDTA, BHT, Aqua",Cantabria Labs Retincare,https://inkeedecoder.com/products/cantabria-labs-retincare
wrinkles,"Tretinoin (0.025%), Gluconolactone (4%), Ethylhexyl Methoxycinnamate, Polydimethylsiloxane, Cetyl Alcohol, Ceramide, Cholesterol, Disodium EDTA, Perfume, Sodium Hydroxide, Ascorbic Acid, Vitamin E Acetate, Glyceryl Monostearate, Sodium PCA, Hydrogenated Lecithin, Propylene Glycol, Cetostearyl Alcohol, Ceteareth-20, Methylparaben, Propylparaben, Mineral Oil, Oat Glycolic Extract, Sulibenzone, Purified Water","Cassará Neotretin M Tretinoína 0,025%",https://inkeedecoder.com/products/cassara-neotretin-m-tretinoina-0-025
wrinkles,"Tretinoin, Butylated Hydroxytoluene, Beryl Perfume Oil, Cetyl Stearyl Alcohol, Trispolyoxyethylenephosphate, Citric Acid Monohydrate, Glyceryl Monostearate, Isopropyl Myristate, Palmitoyl Ascorbic Acid, Macrogol-7-Glycerol Cocoate, Propylene Glycol, Sorbitan Stearate, Sorbic Acid, Purified Water",Cordes Vas,https://inkeedecoder.com/products/cordes-vas
wrinkles,"Tretinoin, Butylated Hydroxytoluene, Cetyl Stearyl Alcohol, Citric Acid, Glycerin Monostearate, Isopropyl Myristate, Ascorbyl Palmitate, PEG-7 Glyceryl Cocoate, Propylene Glycol, Sorbitan Stearate, Sorbic Acid, Purified Water, Stearyl Phosphate",Cordes Vas Creme (0.05 Tretinoin),https://inkeedecoder.com/products/cordes-vas-creme-0-05-tretinoin
wrinkles,"Tretinoin (0.05%), Isopropanol, Propylene Glycol, Cetyl Alcohol, Sorbitan Monostearate, Polysorbate 20, Butylated Hydroxy Anisole, Triethanolamine, Carbomer, Benzyl Alcohol, Disodium Edetate, Purified Water",Dar Al Dawa Smooderm,https://inkeedecoder.com/products/dar-al-dawa-smooderm
wrinkles,"Tretinoin (0.025%, 0,05%, 0,1%), Cetostearyl Alcohol, Stearyl Alcohol, Isopropyl Myristate, Polysorbate 60, Sorbitan Stearate, Butylated Hydroxytoluene, Benzoic Acid, Disodium Edetate, D-Panthenol, Purified Water, Sodium Hydroxide",DermaXP Reticor (tretinoin) cream,https://inkeedecoder.com/products/dermaxp-reticor-tretinoin-cream
wrinkles,"Tretinoin (0.05%, 0.1%), Purified Water, Diisopropyl Adipate, Propylene Glycol, Acrylates/​C10-30 Alkyl Acrylate Crosspolymer, BHT, Methylparaben, Sodium Hydroxide",DermaXP Reticor (tretinoin) gel,https://inkeedecoder.com/products/dermaxp-reticor-tretinoin-gel
wrinkles,"Tretinoin (0.1%), Purified Water, Carthamus Tinctorius Oleosomes, Polyacrylate-13, Polyisobutene, Sodium Carbomer, Polysorbate 20, Tocopheryl Acetate, Benzoic Acid (0.1%), Sorbic Acid (0.1%)",Dermatica 0.1% Tretinoin Cream,https://inkeedecoder.com/products/dermatica-0-1-tretinoin-cream
wrinkles,"Tretinoin (0.025%), Niacinamide (4%), Aqua, Propylene Glycol, Glycerin, Cetyl Alcohol, Glyceryl Stearate, PEG-75 Stearate, Isohexadecane, Isododecane, Dimethicone, Polyisobutene, Polysorbate 20, Polyurethane-39, Phenoxyethanol, Tocopheryl Acetate, Sodium Polyacrylate, Hydrogenated Farnesene",Dermatica Tretinoin 0.025% + Niacinamide 4%,https://inkeedecoder.com/products/dermatica-tretinoin-0-025
wrinkles,"Tretinoin, Azelaic Acid, Tranexamic Acid, Purified Water, Propylene Glycol, Glycerin, Panthenol, Cetyl Alcohol, Glyceryl Stearate, Isohexadecane, Isododecane, C13-15 Alkane, Dimethicone, Propanediol, Polyacrylate-13, Polyisobutene, Polysorbate 20, Polyurethane-39, Phenoxyethanol (0.6%), Tocopheryl Acetate, Ceramide AP, Ceramide EOP, Ceramide NP, Phytosphingosine, Cholesterol, Sodium Lauroyl Lactylate, Xanthan Gum, Carbomer, Sodium Hyaluronate",Dermatica Tretinoin 0.05% - Azelaic Acid 15% - Tranexamic Acid 5%,https://inkeedecoder.com/products/dermatica-tretinoin-0-05-azelaic-acid-15-tranexamic-acid-5
wrinkles,"Tretinoin, Niacinamide, Purified Water, Propylene Glycol, Glycerin, Panthenol, Cetyl Alcohol, Glyceryl Stearate, Isohexadecane, Isododecane, C13-15 Alkane, Dimethicone, Propanediol, Polyacrylate-13, Polyisobutene, Polysorbate 20, Polyurethane-39, Phenoxyethanol (0.6%), Tocopheryl Acetate, Ceramide AP, Ceramide EOP, Ceramide NP, Phytosphingosine, Cholesterol, Sodium Lauroyl Lactylate, Xanthan Gum, Carbomer, Sodium Hyaluronate",Dermatica Tretinoin 0.05% And Niacinamide 4%,https://inkeedecoder.com/products/dermatica-tretinoin-0-05-and-niacinamide-4
wrinkles,"Tretinoin, Niacinamide, Purified Water, Propylene Glycol, Glycerin, Panthenol, Cetyl Alcohol, Glyceryl Stearate, Isohexadecane, Isododecane, C13-15 Alkane, Dimethicone, Propanediol, Polyacrylate-13, Polyisobutene, Polysorbate 20, Polyurethane-39, Phenoxyethanol (0.6%), Tocopheryl Acetate, Ceramide AP, Ceramide EOP, Ceramide NP, Phytosphingosine, Cholesterol, Sodium Lauroyl Lactylate, Xanthan Gum, Carbomer, Sodium Hyaluronate",Dermatica Tretinoin 0.1%,https://inkeedecoder.com/products/dermatica-tretinoin-0-1
wrinkles,"Tretinoin, Niacinamide, Azelaic Acid, Purified Water, Carthamus Tinctorius Oleosomes, Propylene Glycol, Glycerin, Panthenol, Polyacrylate-13, Polyisobutene, Sodium Carbomer, Gluconolactone, Polysorbate 20, Sorbitan Isostearate, Benzoic Acid, Sorbic Acid, Sodium Benzoate, Propanediol, Tocopheryl Acetate, Ceramide AP, Ceramide EOP, Ceramide NP, Phytosphingosine, Cholesterol, Sodium Lauroyl Lactylate, Xanthan Gum, Carbomer, Sodium Hyaluronate","Dermatica Tretinoin, Niacinamide 4%, Azelaic Acid 4%",https://inkeedecoder.com/products/dermatica-tretinoin-niacinamide-4-azelaic-acid-4
wrinkles,"Tretinoin, Aqua, Glycerin, Coco-Caprylate, Cetearyl Olivate, Sorbitan Olivate, Glyceryl Stearate, Stearic Acid, Caprylic/​Capric Triglycerides, Sodium PCA, Urea, Trehalose, Leuconostoc/​Radish Root Ferment Filtrate, Polyquaternium-51, Sodium Hyaluronate, Phenoxyethanol, Ethylhexylglycerin, Tocopherol, Xanthan Gum",Farmacia cu Traditie Tretinoin 0.025% Cream And Moisture Complex,https://inkeedecoder.com/products/farmacia-cu-traditie-tretinoin-0-025-cream-and-moisture-complex
wrinkles,"Tretinoin (0.025%), Clindamycin (1%), Niacinamide (4%), Dimethicone, Caprylyl Methicone, PEG-12 Dimethicone/​PPG-20 Crosspolymer, Butyrospermum Parkii (Shea) Butter, Polysilicone-11, Tocopheryl Acetate",Felix Retinoid +,https://inkeedecoder.com/products/felix-retinoid
wrinkles,"Tretinoin, Butylated Hydroxy Anisole, Butylated Hydroxytoluene, Ethylenediaminetetraacetic Acid Disodium Salt, Isopropyl Palmitate, Methyl Paraben, Polyoxyl 40 Stearate, Propyl Paraben, Propylene Glycol, Purified Water, Stearic Acid, Stearyl Alcohol, White Petrolatum",GSK Stieva-A Cream,https://inkeedecoder.com/products/gsk-stieva-a
wrinkles,"Tretinoin (0.1%), Benzoyl Peroxide (3%), Anhydrous Citric Acid, Butylated Hydroxytoluene, Carbomer Homopolymer Type C, Cetrimonium Chloride, Cetyl Alcohol, Cyclomethicone, Edetate Disodium, Glycerin, Hydrochloric Acid, Imidurea, (S)-Lactic Acid, Macrogol Stearate, PEG-50 Stearate, Mono, Di-Glycerides, Polyquaternium-7, Purified Water, Silicon Dioxide, Sodium Hydroxide, Squalane, Tetraethyl Ortho Silicate, White Wax",Galderma Twyneo 0.1%/3% cream,https://inkeedecoder.com/products/galderma-twyneo-0-1-3-cream
wrinkles,"Tretinoin (0.025%), Sorbic Acid (0.2%), Butylated Hydroxytoluene (0.1%)",Hedge & Hedge Pharmaceutical LLP Tretinoin Cream USP,https://inkeedecoder.com/products/hedge-hedge-pharmaceutical-llp-tretinoin-cream-usp
wrinkles,"Tretinoin, Disodium Edetate, Methylparaben, Propylparaben, Glycerol, Carbomer 934, Stearic Acid, Stearyl Alcohol, Cetyl Alcohol, Glyceryl Monostearate, Mineral Oil, Polysorbate 60, Sorbitan Monostearate, Titanium Dioxide, Octyl Methoxycinnamate, Triethanolamine, Vitamin E Acetate, Ethyl Alcohol, (Lilac) Fragrance, Purified Water",ITF-Labomed Dermodan Tretinoina 0.025%,https://inkeedecoder.com/products/itf-labomed-dermodan-tretinoina-0-025
wrinkles,"Tretinoin (0.05%), Polyoxyl 40 Stearate, Stearyl Alcohol, Isopropyl Myristate, Stearic Acid, Butylated Hydroxytoluene, Sorbic Acid, Xanthan Gum, Purified Water",Jamjoom Pharma Acretin 0.05% Cream,https://inkeedecoder.com/products/jamjoom-pharma-acretin-0-05-cream
wrinkles,"Tretinoin (0.04%), Aqua, Carbomer, Glycerin, Disodium EDTA, Propylene Glycol, Sorbic Acid, PPG-20 Methyl Glucose Ether Distearate, Cyclomethicone, Dimethicone Copolyol, Benzyl Alcohol, Trolamine, Butylated Hydroxytoluene",Janssen Retin A Micro Gel 0.04%,https://inkeedecoder.com/products/janssen-retin-a-micro-gel-0-04
wrinkles,"Tretinoin, Polyoxyl 40 Stearate, Stearyl Alcohol, Stearic Alcohol, Isopropyl Myristate, Butylated Hydroxytoluene, Sorbic Acid, Xanthan Gum, Purified Water",Janssen Retin-a Tretinoina Crema 0.05%,https://inkeedecoder.com/products/janssen-retin-a-tretinoina-crema-0-05
wrinkles,"Tretinoin, PEG-40 Stearate, Stearyl Alcohol, Isopropyl Myristate, BHT, Stearic Acid, Sorbic Acid, Xanthan Gum, Purified Water",Janssen Pharmaceuticals Retino-A Tretinoin Cream U.S.P. 0.05%,https://inkeedecoder.com/products/janssen-retino-a-tretinoin-cream-u-s-p-0-05
wrinkles,tretinoin,Next page >>,https://inkeedecoder.com/ingredients/tretinoin?uoffset=1
wrinkles,"Water/​Aqua/​Eau, Glycerin, Coco-Caprylate, Stearic Acid, Coconut Alkanes, Glyceryl Stearate, Niacinamide, Caprylic/​Capric Triglyceride, Cetearyl Alcohol, Pentylene Glycol, Passiflora Edulis Seed Oil, Retinol 1.0%, Simmondsia Chinensis (Jojoba) Seed Oil, Sclerocarya Birrea Seed Oil, Prunus Armeniaca (Apricot) Kernel Oil, Cetyl Ethylhexanoate, Palmitoyl Tripeptide-1, Palmitoyl Tetrapeptide-7, Brassica Oleracea Acephala Leaf Extract, Brassica Oleracea Italica (Broccoli) Extract, Tetrahexyldecyl Ascorbate, Chrysin, Persea Gratissima (Avocado) Oil, Linoleic Acid, Linolenic Acid, Ceramide NP, Xanthophylls, Phytosphingosine, Phytosterols, Jojoba Esters, Physalis Pubescens Fruit Juice, Stearyl Glycyrrhetinate, Oryza Sativa (Rice) Bran Extract, Glycine Soja (Soybean) Oil, Carthamus Tinctorius Seed Oil, Palmitoyl Hexapeptide-12, Cetyl Palmitate, Trehalose, Lauric Acid, Sodium Hyaluronate Crosspolymer, Olea Europaea (Olive) Fruit Oil, Glucosamine Hcl, Tocopheryl Acetate, Coco-Caprylate/​Caprate, Pisum Sativum (Pea) Extract, Tocopherol, Bambusa Vulgaris Leaf/​Stem Extract, Phenoxyethanol, Caprylyl Glycol, Carbomer, Trideceth-6 Phosphate, N-Hydroxysuccinimide, Ceteareth-20, Sodium Hydroxide, Laureth-23, Steareth-20, Propanediol, Chlorhexidine Digluconate, Polysorbate 20, Trisodium Ethylenediamine Disuccinate, Chlorphenesin, Potassium Sorbate, Ethylhexylglycerin","









            1.0% | A-Passioni Retinol Cream
        

            Drunk Elephant
        

",https://inkeedecoder.com/products/drunk-elephant-a-passioni-retinol-cream
wrinkles,"Aqua (Water), Phospholipids, Leuconostoc/​Radish Root Ferment Filtrate, Retinol 1.0%, Phenoxyethanol, Benzoic Acid, Glyceryl Laurate, EDTA, Dehydroacetic Acid, Ethylhexylglycerin","









            1.0% | Night Switch Retinol 1%
        

            Lixir
        

",https://inkeedecoder.com/products/lixir-night-switch-retinol-1
wrinkles,"Aqua (Water), Cyclomethicone, Allyl Methacrylates Crosspolymer, Polysorbate 20, Retinol 1.0%, BHT, Cyclopentasiloxane, Dimethicone Crosspolymer, Dimethicone, Dimethiconol, Laureth-4, Laureth-23, Hydrogenated Lecithin, Butyrospermum Parkii (Shea Butter), Capric/​Caprylic Triglyceride, Ceramide 2, Ceramide 3, Phytosphingosine, Cholesterol, Hypericum Perforatum Extract, Propylene Glycol, Sodium Polyacrylate, Dimethicone PEG-7 Isostearate, Glycerin, Polyacrylamide, C13-14 Isoparaffin, Laureth-7, Bisabolol, Rosa Canina Leaf Extract, Silybum Marianum Fruit Extract, Passiflora Incarnata Flower Extract, Chamomilla Recutita Leaf Extract (Matricaria), Citric Acid, Methylisothiazolinone, Tetrasodium EDTA","









            1.0% | Retinol 1.0 Maximum Strength Refining Night Cream
        

            SkinCeuticals
        

",https://inkeedecoder.com/products/skinceuticals-retinol-1-0-maximum-strength-refining-night-cream
wrinkles,"Squalane, Caprylic/​Capric Triglyceride, Simmondsia Chinensis (Jojoba) Seed Oil, Retinol 1.0%, Solanum Lycopersicum (Tomato) Fruit Extract, Rosmarinus Officinalis (Rosemary) Leaf Extract, Hydroxymethoxyphenyl Decanone, BHT","









            1.0% | Retinol 1% In Squalane
        

            The Ordinary
        

",https://inkeedecoder.com/products/the-ordinary-retinol-1-in-squalane
wrinkles,"Carthamus Tinctorius (Safflower) Seed Oil, Caprylic/​Capric Triglyceride, Cyclopentasiloxane, PPG-12/​Smdi Copolymer, Cyclohexasiloxane, Retinol 0.6%, Tocopheryl Acetate, Lecithin, BHT","









            0.6% | Retinol 6TR Serum
        

            Medik8
        

",https://inkeedecoder.com/products/medik8-retinol-6tr-serum
wrinkles,"Aqua/​Water/​Eau, Cyclopentasiloxane, Cyclohexasiloxane, Dimethiconol, Alcohol Denat, Pentylene Glycol, Allyl Methacrylates Crosspolymer, Dimethicone PEG-7 Isostearate, Sodium Polyacrylate, Dimethicone Crosspolymer, Dimethicone, Cyclomethicone, Glycerin, Retinol 0.5%, Hydrogenated Lecithin, Polysorbate 20, Polyacrylamide, C13-14 Isoparaffin, Laureth-23, Laureth-4, Bisabolol, BHT, Laureth-7, Trisodium EDTA, Propylene Glycol, Salvia Officinalis Leaf Extract/​Sage Leaf Extract, Chamomilla Recutita Flower Extract, Matricaria Flower Extract, Propyl Gallate","









            0.5% | Retinol 0.5 Refining Night Cream
        

            SkinCeuticals
        

",https://inkeedecoder.com/products/skinceuticals-retinol-0-5-refining-night-cream
wrinkles,"Squalane, Caprylic/​Capric Triglyceride, Simmondsia Chinensis (Jojoba) Seed Oil, Retinol 0.5%, Solanum Lycopersicum (Tomato) Fruit Extract, Rosmarinus Officinalis (Rosemary) Leaf Extract, Hydroxymethoxyphenyl Decanone, BHT","









            0.5% | Retinol 0.5% In Squalane
        

            The Ordinary
        

",https://inkeedecoder.com/products/the-ordinary-retinol-0-5-in-squalane
wrinkles,"Simmondsia Chinensis (Jojoba) Seed Oil, Cyclopentasiloxane, PPG-12/​Smdi Copolymer, Cyclohexasiloxane, Caprylic/​Capric Triglyceride, Tocopheryl Acetate, Retinol 0.3%, Lecithin, BHT","









            0.3% | Retinol 3 Tr Serum
        

            Medik8
        

",https://inkeedecoder.com/products/medik8-retinol-3-tr-serum
wrinkles,"Aqua/​Water, Isostearyl Neopentanoate, Glycerin, Glycine Soja Oil/​Soybean Oil, Propylene Glycol, Acrylamide/​Sodium Acryloyldimethyltaurate Copolymer, Cetearyl Alcohol, Phenoxyethanol, Isohexadecane, Retinol 0.3%, Polysorbate 80, Sodium Hyaluronate, Medicago Sativa Extract/​Alfalfa Extract, Chamomilla Recutita Extract/​Matricaria Flower Extract, Triethanolamine","









            0.3% | Retinol 0.3
        

            SkinCeuticals
        

",https://inkeedecoder.com/products/skinceuticals-retinol-0-3
wrinkles,"Aqua/​Water, Glycerin, Dicaprylyl Ether, Isopropyl Isostearate, Octyldodecanol, Sodium Tetrahydrojasmonate, Cetyl Alcohol, Glycine Soja Oil /​ Soybean Oil, Behenyl Alcohol, Dipropylene Glycol, Ci 61570 /​ Green 5, Tocopherol, Sodium Hyaluronate, Sodium Hydroxide, Phenoxyethanol, Adenosine, PEG-100 Stearate, Chlorphenesin, Ammonium Polyacryloyldimethyl Taurate, Limonene, Linalool, Caprylyl Glycol, Carbomer, Cetearyl Alcohol, Methyldihydrojasmonate, Retinol 0.2%, Cetearyl Glucoside, Citronellol, BHT, Parfum/​Fragrance","









            0.2% | Visionnaire Skin Solutions Retinol Serum
        

            Lancôme
        

",https://inkeedecoder.com/products/lancome-visionnaire-skin-solutions-retinol-serum
wrinkles,"Water, Pentylene Glycol, Dimethicone, Bis-Ethoxydiglycol Cyclohexane 1,4-Dicarboxylate 1.0%, Sodium Polyacrylate, C18-21 Alkane, Trideceth-6, 1,2-Hexanediol, Haematococcus Pluvialis Extract, Hydroxyacetophenone, Chlorphenesin, Retinol 0.15%, Adenosine 0.13%, Hydroxypropyl Cyclodextrin, Sodium Starch Octenylsuccinate, Ascorbic Acid","









            0.15% | Lab. Restoring Radiance Serum
        

            Purid
        

",https://inkeedecoder.com/products/purid-lab-restoring-serum
wrinkles,"Water, Cyclopentasiloxane, Dimethicone Crosspolymer, Ascorbyl Glucoside 2.0%, Ammonium Acryloyldimethyltaurate, Niacinamide, C12-15 Alkyl Benzoate, Dimethicone, Nylon-12, Phenoxyethanol, Glycerin, Portulaca Oleracea Extract, Aluminum Starch Octenylsuccinate, Cyclohexasiloxane, Butylene Glycol, Bisabolol, Laureth-23, Sodium Hydroxide, Methylparaben, Sodium Lactate, Polyacrylamide, Laureth-4, Xanthan Gum, BHT, Disodium EDTA, Propylparaben, C13-14 Isoparaffin, Fragrance, Retinol 0.1%, Sodium PCA, Polysorbate 20, Ascorbic Acid, Propylene Glycol, Ethylparaben, Sorbitol, Laureth-7, Proline, Dipotassium Glycyrrhizate, Hydrolyzed Soy Protein, Lilium Candidum Flower Extract","









            0.1% | Fine Fairness Brightening Serum
        

            Neutrogena
        

",https://inkeedecoder.com/products/neutrogena-fine-fairness-brightening-serum
wrinkles,retinol,"
                                     Show all >>
                                ",https://inkeedecoder.com/ingredients/retinol?koffset=1
wrinkles,"Tazarotene (0.1%), Benzyl Alcohol (1%), Ascorbic Acid, Butylated Hydroxy Anisole, Butylated Hydroxytoluene, Carbomer Homopolymer Type B, Edetate Disodium, Hexylene Glycol, Poloxamer 407, Polyethylene Glycol 400, Polysorbate 40, Purified Water, Tromethamine","Almirall TAZORAC® (tazarotene) gel, 0.1%",https://inkeedecoder.com/products/almirall-tazorac-r-tazarotene-gel-0-1
wrinkles,"Tazarotene (0.045%), Carbomer Copolymer Type B, Carbomer Homopolymer Type A, Diethyl Sebacate, Edetate Disodium, Light Mineral Oil, Methylparaben, Propyl Paraben, Purified Water, Sodium Hydroxide, Sorbitan Monooleate, Sorbitol Solution (70%)","Ortho Dermatologics ARAZLO® (tazarotene) Lotion, 0.045%",https://inkeedecoder.com/products/ortho-dermatologics-arazlo-r-tazarotene-lotion-0-045
wrinkles,"Tazarotene (0.1%), Benzyl Alcohol (1%), Carbomer Copolymer Type A, Carbomer Homopolymer Type B, Edetate Disodium, Medium-Chain Triglycerides, Mineral Oil, Purified Water, Sodium Thiosulfate, Sorbitan Monooleate, Sodium Hydroxide",Rx only Tazarotene Cream 0.1%,https://inkeedecoder.com/products/rx-only-tazarotene-cream-0-1
wrinkles,"Tazarotene (0.1%), Carbopol 934P, Edta Disodium, Benzyl Alcohol, Poloxamer 407, Ascorbic Acid, PEG-400, Hexylene Glycol, Polysorbate 40, BHT, BHA, Triethanolamine, Purified Water",Zarotex Zarotex Gel 0.1%,https://inkeedecoder.com/products/zarotex-zarotex-gel-0-1
wrinkles,"Water, Tazarotene, Ascorbic Acid, Tocopherol, Collagen, Ubiquinone, Carbomer, Squalane, Centella Asiatica Extract, Curcuma Longa Root Extract, Glycolic Acid, Sodium Hydroxide, EDTA, Potassium Sorbate",Alcom Pharma JSC Derma Forte Advanced,https://inkeedecoder.com/products/alcom-pharma-jsc-derma-forte-advanced
wrinkles,"Aqua, Niacinamide, Pseudoalteromonas Ferment Extract, Salicylic Acid, Cocamidopropyl Dimethylamine, Tazarotene, Bisabolol, Allantoin, Propolis Extract, Aloe Barbadensis Leaf Extract, Panthenol, Gluconolactone, Glycerin, Honey, Propylene Glycol, Cetyl Alcohol, Stearic Acid, Glyceryl Stearate, PEG-3 Glyceryl Cocoate, Triethanolamine, Glycolic Acid, Lysine Azelate, Tocopheryl Acetate, Xanthan Gum, Polyacrylamide, Isoparaffin, Pareth, Phenoxyethanol, Ethylhexyl-Glycerin, Sodium Benzoate",Dermactive Acti Clear Global AC Cream,https://inkeedecoder.com/products/dermactive-acti-clear-global-ac-cream
wrinkles,"Aqua, Salicylic Acid, Cocamidopropyl Dimethylamine, Pseudoalteromonas Ferment Extract, Disodium Lauryl Sulfosuccinate, Decyl Glucoside, Cocamidopropyl Betaine, Glycerin, Propylene Glycol, Olea Europaea Fruit Oil, PEG-7 Glyceryl Cocoate, Tazarotene, Sodium Hyaluronate, Panthenol, Caprylic/​Capric Triglycerides, Polyquaternium-10, Lysine Azelate, Glycolic Acid, Citric Acid, PEG-90M, Tocopheryl Acetate, Disodium EDTA, Sodium Benzoate, Phenoxyethanol, Ethylhexyl-Glycerin, Ci 42090",Dermactive Acti-clear Gentle Cleansing Gel,https://inkeedecoder.com/products/dermactive-acti-clear-gentle-cleansing-gel
wrinkles,"Aqua, Caprylic/​Capric Triglyceride, Panthenol, Dimethicone, Steareth-2, PPG-15 Stearyl Ether, Cetearyl Alcohol, Butylene Glycol Dicaprylate/​Dicaprate, Propanediol, Steareth-21, Potassium Azeloyl Diglycinate, Phenoxyethanol, Butyrospermum Parkii Butter, Nigella Sativa Seed Oil, Avena Sativa Kernel Oil, Sodium Polyacrylate, Tocopheryl Acetate, Chlorphenesin, Xanthan Gum, Hydrogenated Polydecene, Chamomilla Recutita Flower Extract, Tazarotene, Sodium Gluconate, Sodium Sulfite, Ethylhexylglycerin, BHT, Sodium Hyaluronate, Trideceth-6",Boderm Tazarene Cream For Oily Skin,https://inkeedecoder.com/products/boderm-tazarene-cream-for-oily-skin
wrinkles,"Aqua, PPG-3 Benzyl Ether Myristate, Glyceryl Stearate, Panthenol, Urea, Diisopropyl Adipate, PPG-15 Stearyl Ether, PEG-100 Stearate, Dibutyl Adipate, Salicylic Acid, Dimethicone, Cetearyl Alcohol, Sodium Polyacrylate, Glycerin, Hydrogenated Polydecene, Phenoxyethanol, Sorbitan Stearate, Bisabolol, Citric Acid, Escin, Chlorphenesin, Allantoin, Hectorite, Hydroxyethylcellulose, Sodium Gluconate, Sodium Sulfite, Trideceth-6, Ethylhexylglycerin, Tazarotene, BHT, Sodium Hyaluronate, Sodium Hydroxide, Sodium Carboxymethyl Betaglucan",Boderm Tazarene Cream For Dry Skin,https://inkeedecoder.com/products/boderm-tazarene-cream-for-dry-skin
wrinkles,"Water (Aqua), Glycolic Acid 20.0%, Pentylene Glycol, Isopropyl Palmitate, Caprylic/​Capric Triglyceride, Ammonium Hydroxide, Cetyl Alcohol, Glyceryl Stearate, PEG-100 Stearate, Potassium Cetyl Phosphate, Butyrospermum Parkii (Shea) Oil, Sodium Hyaluronate, Tocopherol, Glycerin, Aloe Barbadensis Leaf Juice Powder, Vaccinium Myrtillus Fruit/​Leaf Extract, Chamomilla Recutita (Matricaria) Flower Extract, Camellia Sinensis Leaf Extract, Saccharum Officinarum (Sugar Cane) Extract, Citrus Aurantium Dulcis (Orange) Fruit Extract, Citrus Limon (Lemon) Fruit Extract, Acer Saccharum (Sugar Maple) Extract, Simmondsia Chinensis (Jojoba) Seed Oil, Magnesium Aluminum Silicate, Stearic Acid, Sorbitan Stearate, Ethylhexylglycerin, Xanthan Gum, Dimethicone, Hydroxyethylcellulose, Disodium EDTA, Phenoxyethanol","









            20.0% | Aha Resurfacing Lotion 20 Intensive Exfoliating Treatment
        

            DCL
        

",https://inkeedecoder.com/products/dcl-aha-resurfacing-lotion-20-50ml-intensive-exfoliating-treatment
wrinkles,"Purified Water, Glycolic Acid 20.0%, C12-15 Alkyl Benzoate, Cyclopentasiloxane, Ammonium Hydroxide, Stearyl Alcohol, Glyceryl Stearate, Cetearyl Alcohol, Polyacrylamide, C13-14 Isoparaffin, Dimethicone, Squalane, Tocopheryl Acetate, Camellia Sinensis (Green Tea)Leaf Extract, Ubiquinone (Coenzyme Q-10), Hydrolyzed Glycosaminoglycans, Phospholipids, Retinyl Palmitate, Ascorbyl Palmitate, Cetearyl Glucoside, PEG-100 Stearate, Laureth-7, Disodium EDTA, Methylparaben, Propylparaben, Imidazolidinyl Urea","









            20.0% | Glycolix Elite Facial Cream 20%
        

            Topix
        

",https://inkeedecoder.com/products/topix-glycolix-elite-facial-cream-20
wrinkles,"Aqua/​Water/​Eau, Alcohol Denat, Glycolic Acid 15.0%, Propylene Glycol, Ammonium Hydroxide, Polyquaternium-10, Tetrasodium EDTA","









            15.0% | Clarify Gel Plus
        

            Neostrata
        

",https://inkeedecoder.com/products/neostrata-gel-plus
wrinkles,"Aqua, PEG-40 Hydrogenated Castor Oil, Glycolic Acid 10.0%, Gluconolactone, Propanediol, Boerhavia Diffusa Root Extract, Hexylresorcinol, Simmondsia Chinensis Seed Oil, Phenoxyethanol, Sucrose Palmitate, Butylene Glycol, Glyceryl Linoleate, Prunus Amygdalus Dulcis (Sweet Almond) Oil, Glycyrrhiza Glabra (Licorice) Root Extract, Magnesium Ascorbyl Phosphate, Undaria Pinnatifida Extract, Ubiquinone, Xanthan Gum, Ethylhexylglycerin, Benzyl Alcohol, Potassium Sorbate, Propylene Glycol, Ascorbyl Palmitate, Glyceryl Stearate, Glyceryl Distearate, Citric Acid, BHT","









            10.0% | MelaBlok
        

            Dermasence
        

",https://inkeedecoder.com/products/dermasence-melablok
wrinkles,"Aqua/​Water/​Eau, Glycolic Acid 10.0%, Glycerin, Alcohol Denat, Sodium Hydroxide, Aloe Barbadensis Leaf Juice, Sodium Hyaluronate, Hydroxyethylcellulose, Ascorbyl Glucoside, Citric Acid, Potassium Sorbate, Sodium Benzoate","









            10.0% | Revitalift Derm Intensives 10% Pure Glycolic Acid Serum
        

            L'Oreal Paris
        

",https://inkeedecoder.com/products/loreal-paris-10-pure-glycolic-acid-serum
wrinkles,"Water (Aqua), Methylpropanediol, Glycolic Acid 10.0%, Butylene Glycol, Sodium Hydroxide, Camellia Sinensis (Green Tea) Leaf Extract, Aloe Barbadensis Leaf Juice, Sodium Ascorbyl Phosphate, Dipotassium Glycyrrhizate, Glycyrrhiza Glabra Licorice) Root Extract, Vitis Vinifera (Grape) Seed Extract, Arctium (Burdock) Lappa Root Extract, Avena Sativa (Oat) Kernel Extract, Borago Officinalis (Borage) Extract, Boerhavia Diffusa Root Extract, Chamomilla Recutita (Matricaria) Flower Extract, Salix Nigra (Willow) Bark Extract, Ulmus Fulva Bark Extract, Glycerin, Allantoin, Propylene Glycol, Tetrasodium EDTA, Phenoxyethanol","









            10.0% | Resist Weekly Resurfacing Treatment 10% Aha
        

            Paula's Choice
        

",https://inkeedecoder.com/products/paulas-choice-resist-weekly-resurfacing-treatment-10-aha
wrinkles,"Aqua, Glycolic Acid 6.0%, Sodium Hydroxide, Isopentyldiol, Methyl Gluceth-20, Potassium Azeloyl Diglycinate, Zinc Pca, Saccharum Officinarum (Sugarcane) Extract**, Vaccinium Myrtillus Extract**, Citrus Aurantium Dulcis Fruit Extract**, Acer Saccharum (Sugar Maple) Extract**, Citrus Medica Limonum Fruit Extract**, Betaine, Camellia Sinensis Leaf Extract, Gallic Acid, Citrus Reticulata (Tangerine) Peel Extract, Dipropylene Glycol, Allantoin, Dipotassium Glycyrrhizate, Sodium Hyaluronate, Hydrolyzed Sodium Hyaluronate, Acetyl Hydroxyproline, Arginine/​Lysine Polypeptide, Colloidal Platinum, Silica, Pentylene Glycol, 4-T-Butylcyclohexanol, Sodium Citrate, Arginine, 1,10-Decanediol, 10-Hydroxydecanoic Acid, Decylene Glycol, Glycereth-26, Glycerin, 1,2-Hexanediol, Hydroxyacetophenone, PEG-40 Hydrogenated Castor Oil, Potassium Hydroxide, Phenoxyethanol","









            6.0% | Energy Complex Ahas Exfoliating Toner
        

            Aisuanis
        

",https://inkeedecoder.com/products/aisuanis-energy-complex-ahas-exfoliating-toner
wrinkles,"Water, Salicylic Acid, Amylopectin, Glycolic Acid 1.8%, Lactobionic Acid 1.6%, Gluconolactone 1.5%, Capryloyl Salicylic Acid 0.9%, Mandelic Acid 0.7%, Glycerin, Cyclodextrin, Hydroxyethylcellulose, Biosaccharide Gum-1, Biosaccharide Gum-2, Acrylates/​C10-30 Alkyl Acrylate Crosspolymer, Quaternium-73, Poloxamer 407, Aloe Barbadensis Leaf Extract, Mentha Piperita Extract, Portulaca Oleracea Extract, Saccharide Isomerate, Dipotassium Glycyrrhizate, Propanediol, Beta-Glucan, 1,2-Hexanediol, Xanthan Gum, Caprylhydroxamic Acid, Butylene Glycol, Allantoin, O-Cymen-5-Ol, Disodium EDTA","









            1.8% | Compound Six Acid Nourishing Conditioning Biofilm
        

            Aisuanis
        

",https://inkeedecoder.com/products/aisuanis-compound-six-acid-nourishing-conditioning-biofilm
wrinkles,"Isohexadecane, Ascorbic Acid 30.0%, Butylene/​Ethylene/​Styrene Copolymer, Ethylene/​Propylene/​Styrene Copolymer, Isononyl Isononanoate, Tetrahexyldecyl Ascorbate, Tocopheryl Acetate, Citrus Grandis (Grapefruit) Peel Oil, Citrus Aurantium Amara (Bitter Orange) Peel Oil, Squalane, Ubiquinone, Isomalt, Hydrated Silica, Limonene, Hydrolyzed Corn Starch, Phenoxyethanol","









            30.0% | C Scape High Potency Night Booster 30
        

            DCL
        

",https://inkeedecoder.com/products/dcl-c-scape-high-potency-night-booster-30
wrinkles,"Dimethicone, Ascorbic Acid 30.0%, Polysilicone-11, Peg-10 Dimethicone","









            30.0% | Vitamin C Suspension 30% In Silicone
        

            The Ordinary
        

",https://inkeedecoder.com/products/the-ordinary-vitamin-c-suspension-30-in-silicone
wrinkles,"Water, Ascorbic Acid 25.0%, Propanediol, Tromethamine, Dimethicone, Panthenol, Ethyl Ascorbyl Ether, Squalane, Caffeine, Sodium Chloride, Sodium Hyaluronate, Fragrance, Adenosine, Sodium Sulfite, Disodium EDTA, Glutathione, Gardenia Florida Extract, Acetyl Glucosamine, Dextrin, Hydrogenated Sunflower Seed Oil, Butylene Glycol, Tocopherol, Arginine, Xanthan Gum, Methyl Trimethicone, Niacinamide, Pentylene Glycol, Safflower Seed Oil, Camellia Sinensis Seed Oil, Sodium Citrate, Denatured Alcohol, Daucus Carota Sativa Root Extract, Licorice Root Extract, Beta-Carotene","









            25.0% | A.C.E. Vitamin C25
        

            IOPE
        

",https://inkeedecoder.com/products/iope-a-c-e-vitamin-c25
wrinkles,"Ethoxydiglycol, L Ascorbic Acid 25.0%, Aqua, PEG-8, Betaine, Harpagophytum Procumbens Root Extract, Hydrolyzed Brassica Alba Seed Extract, Centella Asiatica Extract, Cynara Scolymus Leaf Extract, Yeast Extract, Salicornia Herbacea Extract, Tocopherol, Ethyl Ascorbic Acid, Citrus Paradisi Fruit Extract, Saccharide Isomerate, Glycerol, Butylene Glycol, PEG/​PPG-300/​55 Copolymer, PPG-6-Decyltetradeceth-30, Parfum","









            25.0% | C25 Neo
        

            Rohto Obagi
        

",https://inkeedecoder.com/products/rohto-obagi-25-neo-vitamin-c-serum
wrinkles,"Water, Ascorbic Acid 23.0%, Propanediol, Dimethicone, Tromethamine, Panthenol, Ethyl Ascorbyl Ether, Squalane, Caffeine, Sodium Chloride, Sodium Hyaluronate, Flavor, Adenosine, Sodium Sulfite, Disodium EDTA, Glutathione, Acetyl Glucosamine, Gardenia Florida Fruit Extract, Dextrin, Helianthus Annuus (Sunflower) Seed Oil, Butylene Glycol, Glycyrrhiza Glabra (Licorice) Root Extract, Tocopherol, Arginine, Methyl Trimethicone, Niacinamide, Pentylene Glycol, Carthamus Tinctorius (Safflower) Seed Oil, Camellia Japonica Seed Oil, Sodium Citrate, Alcohol Denat, Daucus Carota Sativa (Carrot) Root Extract, Beta-Carotene","









            23.0% | The Vitamin C23
        

            IOPE
        

",https://inkeedecoder.com/products/iope-the-vitamin-c23
wrinkles,"Ascorbic Acid 23.0%, Squalane, Isodecyl Neopentanoate, Isononyl Isononanoate, Coconut Alkanes, Ethylene/​Propylene/​Styrene Copolymer, Ethylhexyl Palmitate, Silica Dimethyl Silylate, Sodium Hyaluronate, Glucomannan, Coco-Caprylate/​Caprate, Butylene/​Ethylene/​Styrene Copolymer, Acrylates/​Ethylhexyl Acrylate Crosspolymer, Trihydroxystearin, Bht","









            23.0% | Vitamin C Suspension 23% + Ha Spheres 2%
        

            The Ordinary
        

",https://inkeedecoder.com/products/the-ordinary-vitamin-c-suspension-23-ha-spheres-2
wrinkles,"Dimethicone, Ascorbic Acid 22.0%, Polysilicone-11, Ethylhexyl Palmitate, PEG-10 Dimethicone, Silica Silylate, Silica Dimethyl Silylate, Butylene Glycol, Sodium Hyaluronate","









            22.0% | Vitamin C24
        

            Indeed Labs
        

",https://inkeedecoder.com/products/indeed-labs-vitamin-c24
wrinkles,"Aronia Melanocarpa Fruit Extract (Black Chokeberry), Ascorbic Acid (Vitamin C) 20.5%, Butylene Glycol, Sodium Lactate, Licorice Root Extract, 1,2- Hexanediol, Pullulan, Sodium Hyaluronate, Cassia Obtusifolia Seed Extract, Allantoin","









            20.5% | Triple C Lightning Liquid
        

            COSRX
        

",https://inkeedecoder.com/products/cosrx-triple-c-lightning-liquid
wrinkles,"Aqua, Ascorbic Acid 20.0%, Butylene Glycol, Propanediol, Dipropylene Glycol, Glycerin, 1,2-Hexanediol, Tromethamine, PEG-40 Hydrogenated Castor Oil, Chondrus Crispus Extract, PEG-240/​Hdi Copolymer Bis-Decyltetradeceth-20 Ether, Propylene Glycol, Saccharum Officinarum (Sugarcane) Extract, Caprylyl Glycol, Diethoxydiglycol, Ferulic Acid (Mixture 1% [Glycerin, Diethoxydiglycol, PEG-40 Hydrogenated Castor Oil, ~, Oryza Sativa Extract]), Resveratrol 0.2%, Allantoin, Melia Azadirachta Flower Extract, Dipotassium Glycyrrhizate, Melia Azadirachta Leaf Extract, Adenosine, Centella Asiatica Extract, Curcuma Longa (Turmeric) Root Extract, Ocimum Sanctum Leaf Extract, Citrus Aurantium Dulcis (Orange) Peel Oil, Gentiana Scabra Root Extract, Glycyrrhiza Uralensis (Licorice) Root Extract, Caramel, Oryza Sativa (Rice) Extract, Citrus Aurantium Amara (Bitter Orange) Flower Oil, Corallina Officinalis Extract, Pelargonium Graveolens Flower Oil, Sodium Metabisulfite, Artemisia Annua Extract, Cnidium Monnieri Fruit Extract, Sophora Angustifolia Root Extract, Potassium Laurate, BHT","









            20.0% | VC Oxidation Resistance Serum
        

            Dr.magic
        

",https://inkeedecoder.com/products/dr-magic-vc-oxidation-resistance-serum
wrinkles,"Oryza Sativa (Rice) Starch*, Sodium Bicarbonate*, Citric Acid*, Disodium Lauryl Sulfosuccinate*, Cocamidopropyl Betaine*, Parfum (Fragrance)*, Hydrated Silica*, Maltodextrin*, Monosodium Citrate*, Limonene*, Daucus Carota Sativa (Carrot) Juice*, Citrus Limon (Lemon) Peel Powder*, Citrus Aurantium Dulcis (Orange) Peel Powder*, Tocopheryl Acetate*, Tocopherol*, Sodium Chloride*, PEG-150*, Magnesium Aspartate*, Zinc Gluconate*, Panthenol*, Sodium Hyaluronate*, Aqua (Water)*, Linalool*, Citral*, Benzyl Salicylate*, Oryza Sativa (Rice) Starch**, Ascorbic Acid ** 20.0%, Hydrated Silica**","









            20.0% | Vitamin Nectar Vitamin C Brightening Powder
        

            Fresh
        

",https://inkeedecoder.com/products/fresh-vitamin-nectar-vitamin-c-brightening-powder
wrinkles,"Aqua /​ Water /​ Eau, Ascorbic Acid 20.0%, Ethoxydiglycol, Propylene Glycol, Glycerin, Zinc Sulfate, Phenoxyethanol, Sodium Hydroxide, Panthenol, Ferulic Acid 0.2%, Sodium Hyaluronate","









            20.0% | Serum 20 AOX+
        

            SkinCeuticals
        

",https://inkeedecoder.com/products/skinceuticals-serum-20-aox
wrinkles,"Aqua, Ethoxydiglycol, Ascorbic Acid 20.0%, Propylene Glycol, Anogeissus Leiocarpus Bark Extract, Centella Asiatica Extract, Tocopheryl Acetate, Lactobionic Acid, Calcium Chloride, Glycerin, Sodium Benzoate, Potassium Sorbate, Polysorbate 80, Benzyl Alcohol, Dehydroacetic Acid","









            20.0% | 20% Vitamin C Essence
        

            Spring Letter
        

",https://inkeedecoder.com/products/spring-letter-20-vitamin-c-essence
wrinkles,ascorbic-acid,"
                                     Show all >>
                                ",https://inkeedecoder.com/ingredients/ascorbic-acid?koffset=1
wrinkles,"Water (Aqua), Niacinamide 20.0%, Pentylene Glycol (Solvent/​Texture Enhancer), Butylene Glycol (Slip Agent/​Hydration), Glycerin (Skin-Replenishing), Acetyl Glucosamine (Skin-Replenishing), Ascorbyl Glucoside (Vitamin C/​Antioxidant), Glycyrrhiza Glabra (Licorice) Root Extract (Skinsoothing/​Antioxidant), Spiraea Ulmaria (Meadowsweet) Extract (Antioxidant), Portulaca Oleracea (Purslane) Extract (Antioxidant), Camellia Japonica Flower Extract (Antioxidant), Epigallocatechin Gallate (Green Tea-Derived Antioxidant), Boerhavia Diffusa Root Extract (Skin-Soothing), Camellia Sinensis (Green Tea) Leaf Extract (Antioxidant), Allantoin (Skinsoothing), Lecithin (Skin-Replenishing), Pullulan (Texture Enhancer), Panthenol (Hydration), Silica (Absorbent), Xanthan Gum (Thickener), Sclerotium Gum (Thickener), Propanediol (Hydration), Sodium Phytate (Chelating Agent), Phenoxyethanol (Preservative), Ethylhexylglycerin (Preservative)","









            20.0% | Clinical Niacinamide 20% Treatment
        

            Paula's Choice
        

",https://inkeedecoder.com/products/paulas-choice-clinical-niacinamide-20-treatment
wrinkles,"Water, Niacinamide 10.0%, Butylene Glycol, PEG-8, Propylene Glycol, Poloxamer 407, Tranexamic Acid 3.0%, Laureth-4, Salicylic Acid 1.0%, Carbomer, Dipotassium Glycyrrhizate, Bisabolol, Methylparaben, Phenoxyethanol","









            10.0% | Rejuvenating Brightening Essence
        

            BRODA® PRO
        

",https://inkeedecoder.com/products/broda-r-pro-rejuvenating-brightening-essence
wrinkles,"Organic Aloe Barbadensis Leaf Extract (Aloe), Niacinamide 10.0%, Propanediol, Glycerin, 1,2-Hexanediol, Zinc Pca 1.0%, Sodium Hyaluronate, Allantoin, Dipotassium Glycyrrhizate, Organic Hamamelis Virginiana (Witch Hazel) Leaf Extract, Organic Rosmarinus Officinalis (Rosemary) Extract, Organic Eucalyptus Globulus (Eucalyptus) Leaf Extract, Organic Thymus Vulgaris (Thyme) Extract, Organic Aspalathus Linearis (Rooibos) Extract","









            10.0% | Niacinamide 10 Serum
        

            Cos De BAHA
        

",https://inkeedecoder.com/products/cos-de-baha-niacinamide-10-serum
wrinkles,"Aqua (Water/​Eau), Butylene Glycol, Niacinamide 10.0%, Azelaic Acid 5.0%, Dicaprylyl Carbonate, Glycerin, Ethoxydiglycol, Cetearyl Alcohol, Dimethyl Isosorbide, Bakuchiol 1.0%, Tapioca Starch, Benzyl Alcohol, Allantoin, Sodium Stearoyl Glutamate, Xanthan Gum, Phenoxyethanol, Hydroxypinacolone Retinoate 0.2%, Disodium EDTA, Dehydroacetic Acid, Polymethylsilsesquioxane","









            10.0% | Flawless Nightly Serum
        

            Dr. Sam Bunting Skincare
        

",https://inkeedecoder.com/products/dr-sam-bunting-skincare-flawless-nightly-serum
wrinkles,"Water (Aqua/​Eau), Niacinamide 10.0%, Glycerin, Propanediol, Butylene Glycol, Squalane, Leuconostoc/​Radish Root Ferment Filtrate, Hyaluronic Acid, Phenoxyethanol, Hydroxyethyl Acrylate/​Sodium Acryloyldimethyl Taurate Copolymer, Hydroxyethylcellulose, Phospholipids, Xanthan Gum, Glycine Soja (Soybean) Extract, Allantoin, Disodium EDTA, Polysorbate 60, Panthenol, Glycolipids, Glycine Soja (Soybean) Sterols, Disodium Phosphate, Citric Acid, Sodium Phosphate","









            10.0% | Niacinamide
        

            The Inkey List
        

",https://inkeedecoder.com/products/the-inkey-list-niacinamide
wrinkles,"Aqua (Water), Niacinamide 10.0%, Pentylene Glycol, Zinc Pca 1.0%, Dimethyl Isosorbide, Tamarindus Indica Seed Gum, Xanthan Gum, Isoceteth-20, Ethoxydiglycol, Phenoxyethanol, Chlorphenesin","









            10.0% | Niacinamide 10% + Zinc 1%
        

            The Ordinary
        

",https://inkeedecoder.com/products/the-ordinary-niacinamide-10-zinc-1-serum1
wrinkles,"Aqua, Niacinamide 10.0%, Methylpropanediol, Pentylene Glycol, Salicylic Acid 1.0%, 3-O-Ethyl Ascorbic Acid, Carnosine, Opuntia Streptacantha Stem Extract, Glycine Max (Soybean) Seed Extract, Rhamnose, Amylopectin, Dextrin, Xanthan Gum, Trehalose, Tapioca Starch, Glycerin, Citric Acid, Hydroxyethylcellulose, 1,2-Hexanediol","









            10.0% | Pore Refining & Spot Correcting Concentrate
        

            dermistry⁺
        

",https://inkeedecoder.com/products/dermistry-pore-refining-spot-correcting-concentrate
wrinkles,"Aqua (Water), Niacinamide 5.0%, Tranexamic Acid 3.0%, PEG-11 Methyl Ether Dimethicone, Caprylyl Methicone, Caprylic/​Capric Triglyceride, 1-Methylhydantoin-2-Imide, 1,2-Hexanediol, PEG-12 Dimethicone, Propanediol, PEG-12 Dimethicone/​PPG-20 Crosspolymer, Tocopheryl Acetate, Morus Alba Root Extract, Brassica Campestris (Rapeseed) Seed Oil, Althaea Officinalis Root Extract, Glycyrrhiza Glabra (Licorice) Root Extract, Polyglyceryl-3 Diisostearate, Oryza Sativa (Rice) Bran Extract, Vaccinium Angustifolium (Blueberry) Fruit Extract, Panthenol, Allantoin, Sodium Hyaluronate, Phenoxyethanol, Aminomethyl Propanediol, Carbomer, Ethylhexylglycerin, Sodium Polyacrylate, Dimethicone, Cyclopentasiloxane, Glycerin, Trideceth-6, PEG/​PPG-18/​18 Dimethicone, Disodium EDTA","









            5.0% | Star Light Spot Corrector
        

            Acaderma
        

",https://inkeedecoder.com/products/acaderma-star-light-spot-corrector
wrinkles,"Aqua (Water), Azelaic Acid 10.0%, Caprylic/​Capric Triglyceride, Niacinamide 5.0%, Dicaprylyl Carbonate, Ascorbyl Glucoside 2.0%, Cetearyl Alcohol, Glycerin, Glyceryl Stearate SE, Cetearyl Olivate, Bakuchiol 1.0%, Sorbitan Olivate, Benzyl Alcohol, Xanthan Gum, Phenoxyethanol, Sodium Hydroxide, Disodium EDTA, Dehydroacetic Acid","









            5.0% | Flawless Brightly Serum
        

            Dr Sam Bunting
        

",https://inkeedecoder.com/products/dr-sam-bunting-flawless-brightly-serum
wrinkles,"Aqua (Water/​Eau), Butyrospermum Parkii (Shea) Butter, Cyclopentasiloxane, Niacinamide 5.0%, Propanediol, Dimethicone, Glycerin, Cetyl Alcohol, Caprylic/​Capric Triglyceride, Glyceryl Stearate Se, Panthenol, Xylitylglucoside, Polysilicone-11, Stearic Acid, Anhydroxylitol, Phenoxyethanol, Carbomer, Allantoin, Sodium Hyaluronate, Xylitol, Sodium Hydroxymethylglycinate, Sodium Stearoyl Glutamate, Sodium Hydroxide, Disodium Edta, Ethylhexylglycerin, Citric Acid","









            5.0% | Flawless Moisturiser
        

            Dr. Sam Bunting Skincare
        

",https://inkeedecoder.com/products/dr-sam-bunting-skincare-flawless-moisturiser
wrinkles,"Water, Niacinamide 5.0%, Arbutin 2.0%, Acetyl Glucosamine 2.0%, Bis-Ethoxydiglycol Cyclohexane 1,4-Dicarboxylate 1.0%, Pentylene Glycol, Butylene Glycol, Sophora Flavescens Root Extract**, Glycyrrhiza Inflata Root Extract**, Scutellaria Baicalensis Root Extract**, Dimethicone, Sodium Polyacrylate, C18-21 Alkane, Trideceth-6, 1,2-Hexanediol, Hydroxyacetophenone, Chlorphenesin","









            5.0% | Lab. Restoring Brightening Serum
        

            Purid
        

",https://inkeedecoder.com/products/purid-lab-restoring-brightening-serum
wrinkles,"Water, Aloe Vera Juice Extract, Niacinamide 5.0%, Cyclodextrin, Caprylic/​Capric Triglyceride, Gluconolactone, Terminalia Ferdinandiana (Kakadu Plum) Fruit Extract 5.0%, Carnitine (L), Vegetable Glycerin, Polysorbate 20, Retinaldehyd 0.5%, (Symwhite) Phenylethyl Resorcinol, Tocopheryl Acetate (D-Alpha), Bisabolol (L-Alpha), Hydrolyzed Marine Collagen, Porphyra Umbilicalis (Red Algae) Extract, Vaccinium Macrocarpon (Cranberry) Fruit Extract, Lactic Acid, Rubus Chamaemorus Seed Oil, Citrus Aurantium Bergamia (Bergamot) Fruit Oil, Michelia Alba (Magnolia) Flower Oil, Maltodextrin, Sodium Lactate, Lonicera Caprifolium (Honeysuckle) Flower Extract, Japonica (Honeysuckle) Flower Extract, Lecithin, Citrus Aurantium Dulcis (Orange) Fruit Extract, Jojoba Oil, Glycine Soja (Soybean) Oil, Apple Fruit Extract, Mangosteen Fruit Extract, Sorbitol, Beta-Glucan, Aloe Vera, Allantoin, Calendula Officinalis Flower Extract, Chamomile, Hyaluronic Acid, Hyaluronic Acid Hmw, Colloidal Oatmeal (Avena Sativa), Canadian Willow Herb Extract, Coenzyme Q10, Butylene Glycol, Phenoxyethanol, Caprylyl Glycol, Ethylhexylglycerin, Pentylene Glycol, Potassium Sorbate, Green Tea Leaf Extract, Alcohol, Citric Acid, Xanthan Gum, Sclerotium Gum, Pullulan, Sodium Benzoate, Benzoic Acid, 1,2-Hexanediol, Sodium Phytate","









            5.0% | Abc Repair & Restore Antioxidant Serum Rx2
        

            RejuAus
        

",https://inkeedecoder.com/products/rejuaus-abc-repair-restore-antioxidant-serum-rx2
wrinkles,niacinamide,"
                                     Show all >>
                                ",https://inkeedecoder.com/ingredients/niacinamide?koffset=1
wrinkles,"Aqua (Water), Azelaic Acid 10.0%, Caprylic/​Capric Triglyceride, Niacinamide 5.0%, Dicaprylyl Carbonate, Ascorbyl Glucoside 2.0%, Cetearyl Alcohol, Glycerin, Glyceryl Stearate SE, Cetearyl Olivate, Bakuchiol 1.0%, Sorbitan Olivate, Benzyl Alcohol, Xanthan Gum, Phenoxyethanol, Sodium Hydroxide, Disodium EDTA, Dehydroacetic Acid","









            1.0% | Flawless Brightly Serum
        

            Dr Sam Bunting
        

",https://inkeedecoder.com/products/dr-sam-bunting-flawless-brightly-serum
wrinkles,"Aqua (Water/​Eau), Butylene Glycol, Niacinamide 10.0%, Azelaic Acid 5.0%, Dicaprylyl Carbonate, Glycerin, Ethoxydiglycol, Cetearyl Alcohol, Dimethyl Isosorbide, Bakuchiol 1.0%, Tapioca Starch, Benzyl Alcohol, Allantoin, Sodium Stearoyl Glutamate, Xanthan Gum, Phenoxyethanol, Hydroxypinacolone Retinoate 0.2%, Disodium EDTA, Dehydroacetic Acid, Polymethylsilsesquioxane","









            1.0% | Flawless Nightly Serum
        

            Dr. Sam Bunting Skincare
        

",https://inkeedecoder.com/products/dr-sam-bunting-skincare-flawless-nightly-serum
wrinkles,"Aqua (Water, Eau), Propanediol, Isopropyl Myristate, Caprylic/​Capric Triglyceride, Vitis Vinifera Seed Oil, Bakuchiol 1.0%, Phenoxyethanol, Polyacrylamide, Xanthan Gum, C13-14 Isoparaffin, Titanium Dioxide, Laureth-7, Ethylhexylglycerin, Ci 17200 (Red 33), Ci 42090 (Blue 1)","









            1.0% | 1% Bakuchiol Serum
        

            Revolution Skincare
        

",https://inkeedecoder.com/products/revolution-skincare-1-bakuchiol-serum
wrinkles,"Aqua (Water), Propylene Glycol, Ammonium Polyacryloyldimethyl Taurate, Azelaic Acid 5.0%, Squalane 5.0%, Salicylic Acid 2.0%, Glyceryl Stearate, Disodium EDTA, PEG-100 Stearate, Sodium Hydroxide, Bakuchiol 0.5%","









            0.5% | Flawless Neutralising Gel
        

            Dr. Sam Bunting Skincare
        

",https://inkeedecoder.com/products/dr-sam-bunting-skincare-flawless-neutralising-gel
wrinkles,"Adapalene 0.1%, Carbomer Homopolymer, Edetate Disodium, Methylparaben, Poloxamer 182, Propylene Glycol, Purified Water, Sodium Hydroxide","









            0.1% | Effaclar Adapalene Gel 0.1% Acne Treatment
        

            La Roche-Posay
        

",https://inkeedecoder.com/products/la-roche-posay-effaclar-adapalene-gel-0-1-acne-treatment
wrinkles,"Water, Butylene Glycol, Hydroxypropyl Tetrahydropyrantriol*, Rosa Canina Fruit Oil, Glycine Soja (Soybean) Seed Extract, Retinyl Retinoate, Phospholipids, Bioflavonoids, Caprylic/​Capric Triglyceride, Niacinamide, 3-0-Ethyl Ascorbic Acid, Tocopherol, Panthenol, Thioctic Acid, Carnosine, Glycerin, Inulin Lauryl Carbamate, Cetearyl Olivate, Sorbitan Olivate, Simmondsia Chinensis (Jojoba) Seed, Hydroxypinacolone Retinoate, Dimethyl Isosorbide, Rhamnose, Arginine, Glycine, Sodium Hyaluronate, Xanthan Gum, Propanediol, Caprylyl Glycol, Ethylhexylglycerin, Caprylhydroxamic Acid, Phytic Acid, Polyacrylate Crosspolymer-6, Bisabolol, Citrus Aurantium Amara (Bitter Orange) Flower Oil, Boswellia Carterii Oil, Commiphora Myrrha Oil, Vetiveria Zizanoides Root Oil, Pogostemon Cablin Oil",Daisy Sky Advanced A Renewing Serum,https://inkeedecoder.com/products/daisy-sky-advanced-a-renewing-serum
wrinkles,"Water, Glycerin, Pg, PEG-90, Trehalose, Retinyl Retinoate, Ascorbic Acid, Phospholipids, Caprylic/​Capric Triglyceride, (Acrylates/​Allyl Methacrylate) Copolymer, Amp, Schizophyllan, Caprylhydroxamic Acid, Ethylhexylglycerin, Allantoin, Hyaluronic Acid Na, Hydroxyacetophenone, Xanthan Gum, EDTA 2Na, Orange Peel Oil, PEG-40 Hydrogenated Castor Oil, Ci 42090",Suikan Hada Overnight Refreshing Essence,https://inkeedecoder.com/products/suikan-hada-overnight-refreshing-essence
wrinkles,"Aqua, Propylene Glycol, Sorbitol, Erythritol, Retinol, Retinyl Palmitate, Retinyl Retinoate, Retinyl Linoleate, Retinyl Acetate, Retinyl Propionate, Carbomer, Hydroxyacetophenone, Propanediol, Centella Asiatica Extract, Polysorbate 80, Polyglyceryl-10 Myristate, Caprylhydroxamic Acid, Ethylhexylglycerin, PEG-40, Hydrogenated Castor Oil, Potassium Hydroxide, Isononyl Isononanoate, Caprylic/​Capric Triglyceride, Paeonia Suffruticosa Root Extract, Glyceryl Caprylate, Ceramide NS, Ceramide NP, Ceramide NG, Ceramide EOS, Ceramide EOP, Ceramide AS, Ceramide AP, Resveratrol, Bifida Ferment Extract, Camelia Reticulata Seed Oil, Hexapeptide-8, Hydrolyzed Hyaluronic Acid, Hyaluronic Acid, Sodium Hyaluronate, Tocopheryl Acetate, Oligopeptide-1, Carnosine, Sodium Acetylated Hyaluronate, Hydroxypropyltrimonium Hyaluronate, Hydrogenated Lecithin, BHT",BioAqua 6x Gentle - A Retinol Serum,https://inkeedecoder.com/products/bioaqua-6x-gentle-a-retinol-serum
wrinkles,"Aqua, Propylene Glycol, Sorbitol, Erythritol, Retinol, Retinyl Palmitate, Retinyl Retinoate, Retinyl Linoleate, Retinyl Acetate, Retinyl Propionate, Carbomer, Hydroxyacetophenone, Propanediol, Centella Asiatica Extract, Polysorbate 80, Polyglyceryl-10 Myristate, Caprylhydroxamic Acid, Ethylhexylglycerin, PEG-40 Hydrogenated Castor Oil, Potassium Hydroxide, Isononyl Isononanoate, Caprylic/​Capric Triglyceride, Paeonia Suffruticosa Root Extract, Glyceryl Caprylate, Ceramide NS, Ceramide NP, Ceramide NG, Ceramide EOS, Ceramide EOP, Ceramide AS, Ceramide AP, Resveratrol, Bifida Ferment Extract, Camellia Reticulata Seed Oil, Hexapeptide-8, Hydrolyzed Hyaluronic Acid, Hyaluronic Acid, Sodium Hyaluronate, Tocopheryl Acetate, Oligopeptide-1, Carnosine, Sodium Acetylated Hyaluronate, Hydroxypropyltrimonium Hyaluronate, Hydrogenated Lecithin, BHT",BioAqua 6x Gentle-a Retinal Serum,https://inkeedecoder.com/products/bioaqua-6x-gentle-a-retinal-serum
wrinkles,"Aqua, Butylene Glycol, Pentylene Glycol, Niacinamide, Polyacrylate Crosspolymer-6, Zinc Pca, Retinyl Retinoate, Curcuma Longa Root Extract, Glycerin, Canola Oil, Sodium Hyaluronate, Portulaca Oleracea Extract, Lactic Acid, Ethylhexylglycerin, Biosaccharide Gum-4, T-Butyl Alcohol, Tocopheryl Acetate, Phenoxyethanol",Verso Blemish Fix,https://inkeedecoder.com/products/verso-skincare-blemish-fix
wrinkles,"Aqua, Niacinamide, Butylene Glycol, Diethylhexyl Carbonate, Heptyl Undecylenate, Butyrospermum Parkii Butter, Retinyl Retinoate, Curcuma Longa Root Extract, Tetrahydrodiferuloylmethane, Tetrahydropiperine, Sodium Hyaluronate, Canola Oil, Glycerin, Ammonium Acryloyldimethyltaurate/​VP Copolymer, Dimethicone/​Vinyl Dimethicone Crosspolymer, Tocopheryl Acetate, Caprylyl Glycol, Xanthan Gum, Silica, Phenoxyethanol, Parfum",Verso Daily Facial Fluid,https://inkeedecoder.com/products/verso-daily-facial-fluid
wrinkles,"Caprylic/​Capric Triglyceride, Isopropyl Isostearate, Shea Butter Ethyl Esters, Caprylyl Methicone, Helianthus Annuus Seed Oil Unsaponifiables, Tocopheryl Acetate, Canola Oil, Retinyl Retinoate, Tocopherol",Verso Super Facial Oil With Retinol 8,https://inkeedecoder.com/products/verso-super-facial-oil-with-retinol-8
wrinkles,"Aqua, Butylene Glycol, Glycerin, Heptyl Undecylenate, Squalane, Caprylyl Methicone, Diethylhexyl Carbonate, Dimethicone, Ammonium Acryloyldimethyltaurate/​VP Copolymer, Retinyl Retinoate, Tetrahydrodiferuloylmethane, Tocopheryl Acetate, Hesperidin Methyl Chalcone, Glycine Soja Oil, Curcuma Longa Root Extract, Sodium Hyaluronate, Tetrahydropiperine, Steareth-20, Dipeptide-2, Palmitoyl Tetrapeptide-7, Phenoxyethanol, Caprylyl Glycol, Potassium Sorbate, BHT, Parfum",Verso Super Eye Serum,https://inkeedecoder.com/products/verso-super-eye-serum-2
wrinkles,"Retinol 8, Caprylic/​Capric Triglyceride, Isopropyl Isostearate, Shea Butter Ethyl Esters, Caprylyl Methicone, Helianthus Annuus Seed Oil Unsaponifiables, Tocopheryl Acetate, Canola Oil, Glycine Soja Oil, Retinyl Retinoate, Tocopherol, Beta-Sitosterol, Squalene",Verso Super Facial Oil,https://inkeedecoder.com/products/verso-super-facial-oil
wrinkles,"Aqua (Water), Caprylic/​Capric Triglyceride, Isododecane, Cetearyl Alcohol, 1,2-Hexanediol, Glycerin, Cetearyl Olivate, Sodium Acrylate/​Sodium Acryloyldimethyl Taurate Copolymer, Polylactic Acid, Sorbitan Olivate, Squalane, Retinyl Retinoate, Hydrolyzed Glycosaminoglycans, Cholesteryl Nonanoate, Glucosyl Hesperidin, Caffeine, Sodium Hyaluronate, Tetrahexyldecyl Ascorbate, Tocopheryl Acetate, Caprylhydroxamic Acid, Canola Oil, Scutellaria Baicalensis Root Extract, Vanilla Planifolia (Vanilla) Fruit Extract, Illicium Verum Fruit Extract, Butylene Glycol, Theophylline, Theobromine, Disodium EDTA, Citric Acid",Medik8 R-Retinoate® Eye Serum,https://inkeedecoder.com/products/medik8-r-retinoate-r-eye-serum
wrinkles,"Water (Aqua), Sodium Ascorbyl Phosphate (Vitamin C), Methylsulfonylmethane* (Msm), Cassia Angustifolia Extract (Hyaluronic Acid), Niacinamide (Vitamin B3), Squalane, Rosa Canina Fruit Oil (Organic Rosehip Seed Oil), Capryloyl Salicylic Acid, Melaleuca Alternifolia (Tea Tree) Leaf Oil, Lavandula Angustifolia (Lavender) Oil, Cananga Odorata (Ylang Ylang) Flower Oil, Retinyl Retinoate (Retinol), Centella Asiatica Extract (Organic Gotu Kola), Geranium Maculatum Extract, Pentylene Glycol, Cetearyl Alcohol*, Lecithin, Ethylhexylglycerin",RejuveNaturals Vitamin C Serum,https://inkeedecoder.com/products/rejuvenaturals-vitamin-c-serum
wrinkles,"Purified Water, Glycerin, Butylene Glycol, Meadowfoam Seed Oil, Niacinamide, Dicaprylyl Ether, Polyglyceryl-6 Stearate, 1,2-Hexanediol, Cetearyl Olivate, Sunflower Seed Oil, Jojoba Ester, Centella Asiatica Extract, Retinyl Retinoate (300 Ppm), Hydrolyzed Hyaluronic Acid, Aloe Vera Leaf Juice, Polyglyceryl-3 Methylglucose Distearate, Sorbitan Olivate, Glyceryl Glucoside, Cetearyl Alcohol, Acrylate/​C10-30 Alkyl Acrylate Crosspolymer, Propanediol, Polyglyceryl-6 Behenate, Stearyl Glycyrrhetinate, Allantoin, Tromethamine, Adenosine, Neem Flower Extract, Cholesteryl Nonanoate, Succinoglycan, Holy Basil Leaf Extract, Canola Oil, Polylactic Acid, Dimethicone, Neem Leaf Extract, Turmeric Root Extract, Coral, Seahorse Extract, Disodium EDTA, Ethylhexyl-Glycerin, Tocopherol",Enprani Bota Retinol Youth Repair Solution,https://inkeedecoder.com/products/enprani-bota-retinol-youth-repair-solution
wrinkles,"Aqua/​Water, Caprylic/​Capric Triglyceride, Coco-Caprylate, Dimethicone, Tribehenin PEG-20 Esters, Silica, Coco-Caprylate/​Caprate, Glycerin, Panthenol, Betaine, Cetearyl Alcohol, Retinal, Retinyl Retinoate, Sodium Retinoyl Hyaluronate, Ubiquinone, PPG-13-Decyltetradeceth-24, Dimethicone/​Vinyl Dimethicone Crosspolymer, Jojoba Esters, Carbomer, Butylene Glycol, Phosphatidylcholine, Mannitol, Helianthus Annuus Seed Wax/​Sunflower Seed Wax, Isopropyl Lauroyl Sarcosinate, Pentylene Glycol, Potassium Cetyl Phosphate, Sodium Hydroxide, Cetyl Alcohol, Polysorbate 80, Acacia Decurrens Flower Wax, Polyglyceryl-10 Laurate, Polyglycerin-3, Benzotriazolyl Dodecyl P-Cresol, Diethylhexyl Syringylidenemalonate, Tocopherol, Phosphoric Acid, Potassium Sorbate, Sodium Benzoate, Ethylhexylglycerin, Phenoxyethanol",Theramid A Retinyl Retinoate (2026),https://inkeedecoder.com/products/theramid-a-retinyl-retinoate-2026
wrinkles,"Aqua (Water), Heptyl Undecylenate, Caprylic/​Capric Triglyceride, Polylactic Acid, Methylpropanediol, Cetearyl Olivate, Sodium Polyacryloyldimethyl Taurate, Cetearyl Isononanoate, Distarch Phosphate, Tocopheryl Acetate, Sodium Hyaluronate, Sorbitan Olivate, Caprylyl Glycol, Retinyl Retinoate, Tetrahexyldecyl Ascorbate, Hydrogenated Polydecene, Glycerin, Ethyl Ascorbic Acid, Cholesteryl Nonanoate, Disodium Edta, Phenylpropanol, Hydroxyacetophenone, Canola Oil, Vanilla Planifolia Fruit Extract, Cetearyl Alcohol, Sodium Metabisulfite, Bht, Sodium Hydroxide, Trideceth-10",Medik8 R-Retionate Youth Activating Cream,https://inkeedecoder.com/products/medik8-r-retionate-youth-activating-cream
wrinkles,"Aqua (Water), Caprylic/​Capric Triglyceride, Coco-Caprylate, Glycerin, Dimethicone, Tribehenin PEG-20 Esters, Silica, Coco-Caprylate/​Caprate, Betaine, Panthenol, Cetearyl Alcohol, PPG-13-Decyltetradeceth-24, Retinal (0.1%), Retinyl Retinoate (0.06%), Sodium Retinoyl Hyaluronate, Jojoba Esters, Helianthus Annuus (Sunflower) Seed Wax, Dimethicone/​Vinyl Dimethicone Crosspolymer, Carbomer, Butylene Glycol, Mannitol, Phosphatidylcholine, Isopropyl Lauroyl Sarcosinate, Potassium Cetyl Phosphate, Cetyl Alcohol, Acacia Decurrens Flower Wax, Polyglycerin-3, Diethylhexyl Syringylidenemalonate, Benzotriazolyl Dodecyl P-Cresol, Xanthan Gum, Tocopherol, Phosphoric Acid, Citric Acid, Ethylhexylglycerin, Sodium Benzoate, Potassium Sorbate, Sodium Chloride, Phenoxyethanol, Sodium Hydroxide",Niche Beauty Lab Theramid A-Retinoate,https://inkeedecoder.com/products/niche-beauty-lab-theramid-a-retinoate
wrinkles,"Aqua, Dimethicone, Niacinamide, Glycerin, Squalane, Silica, Butyrospermum Parkii Butter, Butylene Glycol, Cetyl Alcohol, Glyceryl Stearate, Synthetic Fluorphlogopite, Jojoba Esters, Sodium Ascorbyl Phosphate, Retinyl Retinoate, Tocopheryl Acetate, Sodium Hyaluronate, Canola Oil, PEG-75 Stearate, Hydroxyethyl Acrylate/​Sodium Acryloyldimethyl Taurate Copolymer, Ceteth-20, Steareth-20, Xanthan Gum, Polysorbate 60, Glycine Soja Oil, Sorbitan Isostearate, Tocopherol, Squalene, Beta-Sitosterol, Parfum, Phenoxyethanol, Ethylhexylglycerin, Titanium Dioxide, Alumina, Ci 77891, Ci 77491, Ci 77499, Tin Oxide, Sodium Citrate, Lactic Acid",Verso Daily Glow,https://inkeedecoder.com/products/verso-daily-glow
wrinkles,"Aqua, Glycerin, Butyrospermum Parkii Oil, Butylene Glycol, Pentylene Glycol, Heptyl Undecylenate, Caprylic/​Capric Triglyceride, Squalane, Cetearyl Olivate, Sorbitan Olivate, Stearic Acid, Jojoba Esters, Canola Oil, Retinyl Retinoate, Tetrahydrodiferuloylmethane, Tocopheryl Acetate, Hydroxyethyl Acrylate/​Sodium Acryloyldimethyl Taurate Copolymer, Curcuma Longa Root Extract, Tetrahydropiperine, Hydroxyphenyl Propamidobenzoic Acid, Alcohol, Cetyl Palmitate, Sorbitan Palmitate, Sodium Hyaluronate, Soy Isoflavones, Lecithin, Ascorbyl Palmitate, Phenoxyethanol, Caprylyl Glycol, Citric Acid, Tocopherol, Sodium Hydroxide, Parfum",Verso Night Cream,https://inkeedecoder.com/products/verso-night-cream
wrinkles,"Aqua, Caprylic/​Capric Triglyceride, Hydrogenated Lecithin, Pentylene Glycol, Butyrospermum Parkii Butter, Palmitic Acid, Glycerin, C12-16 Alcohols, Squalane, Palmitoyl Glycine, Canola Oil, Palmitoyl Proline, Magnesium Palmitoyl Glutamate, Sodium Palmitoyl Sarcosinate, Retinyl Retinoate, Tetrahydrodiferuloylmethane, Tocopheryl Acetate, Ceramide Np, Curcuma Longa Root Extract, Tetrahydropiperine, Phenoxyethanol, Caprylyl Glycol, Acrylates/​C10 – 30 Alkyl Acrylate Crosspolymer, Xanthan Gum, Sodium Hydroxide, Ascorbyl Palmitate, Parfum",Verso Super Facial Serum,https://inkeedecoder.com/products/verso-super-facial-serum
wrinkles,"Water (Aqua), Glycerin, Squalane, Caprylic/​Capric Triglyceride, C12-15 Alkyl Benzoate, Aloe Barbadensis Leaf Juice, Cetearyl Olivate, Sorbitan Olivate, Cetearyl Alcohol, Butyrospermum Parkii Nut Extract, Dimethicone, Dicaprylyl Ether, Safflower Seed Oil Piperonyl Esters, Retinol, Retinal, Retinyl Retinoate, Retinyl Linoleate, Tranexamic Acid, Cetyl Palmitate, Sorbitan Palmitate, Sodium Hyaluronate Crosspolymer, Carbomer, Tocopherol, Cellulose, Bakuchiol, Sodium Hyaluronate, Hydroxyapatite, Olea Europaea (Olive) Leaf Extract, Camellia Sinensis Leaf Extract, Sodium Palmitoyl Proline, Nymphaea Alba Flower Extract, Laminaria Digitata Extract, Chlorella Vulgaris Extract, Saccharide Isomerate, Symphytum Officinale Leaf Extract, Buddleja Davidii Meristem Cell Culture, Cyperus Papyrus Leaf Cell Extract, Niacinamide, Dipotassium Glycyrrhizate, Disodium EDTA, Ethylhexyl Palmitate, Silica Dimethyl Silylate, Butylene Glycol, Pentylene Glycol, Phenoxyethanol, Caprylyl Glycol, Ethylhexylglycerin, Hexylene Glycol, Polyacrylamide, C13-14 Isoparaffin, Laureth-7, Dipropylene Glycol, Sea Water, Polysorbate 20, Xanthan Gum, BHT, BHA, Potassium Sorbate, Sodium Benzoate, Benzoic Acid, Sodium Hydroxide, Lavandula Angustifolia (Lavender) Oil, Linalool",Dermaquest Stem Cell 3D Active Retinol Repair 1%,https://inkeedecoder.com/products/dermaquest-stem-cell-3d-active-retinol-repair-1
wrinkles,"Purified Water, Glycerin, Ethylhexyl Palmitate, Cetyl Ethylhexanoate, Glycereth-26, Dipropylene Glycol, Niacinamide, Butylene Glycol, Palmitic Acid, C14-22 Alcohols, Caprylic/​Capric Triglyceride, C12-20 Alkyl Glucoside, 1,2-Hexanediol, Propanediol, Retinyl Palmitate (10,000 Iu/​G), Retinyl Retinoate (30 Ppb), Hydroxypinacolone Retinoate (10 Ppb), Madecassoside, Camellia Flower Extract, Tomato Extract, Diethylhexyl Syringylidenemalonate, Benzotriazolyl Dodecyl P-Cresol, Glucose, Panthenol, Dipotassium Glycyrrhizate, SH-Polypeptide -121 (9,900 Ppb), Diisopropyl Adipate, Anastatica Hierochuntica (True Rose Of Jericho) Extract, Lecithin, PPG-13-Decyltetradeceth-24, Peanut Oil, Silybin, Retinal (50 Ppb), Retinol (461 Ppb) ), BHT, Water-Soluble Collagen (0.01 Ppb), Polyglyceryl-10 Behenate/​Eicosadioate, Isopropyl Lauroyl Sarcosinate, Cyanocobalamin, Caramel, Tocopherol, Pentylene Glycol, BHA, Decyl Glucoside, Polysorbate 60, Polysorbate 20, Sorbitan Stearate, Glycereth-25 Pca Isostearate, Sorbitan Isostearate, Xanthan Gum, Acrylates/​C10-30 Alkyl Acrylate Crosspolymer, Hydroxyethyl Acrylate/​Sodium Acryloyldimethyl Taurate Copolymer, Glyceryl Acrylate/​Acrylic Acid Copolymer, Ammonium Acryloyldimethyl Taurate/​VP Copolymer, Tromethamine, Stearic Acid, Potassium Sorbate, Pentaerythrityl Tetraethylhexanoate, Disodium EDTA, Hydroxyacetophenone, Caprylyl Glycol, Ethylhexylglycerin, Fragrance",MEDI-PEEL Retinol Collagen Lifting Cream,https://inkeedecoder.com/products/medi-peel-retinol-collagen-lifting-cream
wrinkles,"Aqua, Glycerin, Squalane, Diethylhexyl Carbonate, Heptyl Undecylenate, Dimethicone, Ammonium Acryloyldimethyltaurate/​VP Copolymer, Phenoxyethanol, Tocopheryl Acetate, Tetrahydrodiferuloylmethane, Canola Oil, Hesperidin Methyl Chalcone, Sodium Hyaluronate, Ethylhexylglycerin, Steareth-20, Retinyl Retinoate, Sodium Citrate, Potassium Sorbate, Dipeptide-2, Citric Acid, Palmitoyl Tetrapeptide-7",Verso Super Eye Serum,https://inkeedecoder.com/products/verso-super-eye-serum
wrinkles,"Aqua, Dimethicone, Glycerin, Propanediol, Caprylic/​Capric Triglyceride, Cetearyl Olivate, Sorbitan Olivate, C14-22 Alcohols, C12-20 Alkyl Glucoside, Butyrospermum Parkii (Shea Butter), Tocopheryl Acetate, Acetyl Hexapeptide-8, 1,2-Hexanediol, Ethylhexylglycerin, Ascorbic Acid, Phospholipids, Retinyl Retinoate, Trehalose, Betaine, Neopentyl Glycol Diheptanoate, Sodium Hyaluronate, Chrysanthemum Parthenium Extract, Cornflower (Centaurea Cyanus) Extract, Helichrysum Stoechas Extract, Hydroxyacetophenone, Butylene Glycol, Ammonium Acryloyldimethyltaurate/​VP Copolymer, Disodium EDTA, Methylparaben, Caprylhydroxamic Acid",Peterson’s Lab Day & Night Eye Cream,https://inkeedecoder.com/products/petersons-lab-day-night-eye-cream
wrinkles,"Water, Ethylhexyl Methoxycinnamate, Niacinamide, C12–15 Alkyl Benzoate, Canola Oil, Diethylamino Hydroxybenzoyl Hexyl Benzoate, Butylene Glycol, Diethylhexyl Carbonate, Heptyl Undecylenate, Glycerin, Glyceryl Stearate, PEG-100 Stearate, Butyrospermum Parkii Oil, Ethylhexyl Triazone, Cetearyl Alcohol, Jojoba Esters, Retinyl Retinoate, Tetrahydrodiferuloylmethane, Tocopheryl Acetate, Hydroxyethyl Acrylate/​Sodium Acryloyldimethyl Taurate Copolymer, Tetrahydropiperine, Curcuma Longa Root Extract, Sodium Hyaluronate, Tocopherol, Tapioca Starch, Polymethylsilsesquioxane, Citric Acid, Phenoxyethanol, Caprylyl Glycol, Sodium Hydroxide, BHT, Fragrance",Verso Dark Spot Fix With Retinol 8,https://inkeedecoder.com/products/verso-dark-spot-fix-with-retinol-8
wrinkles,"Aqua, Ethylhexyl Methoxycinnamate, Niacinamide, Butylene Glycol, C12-15 Alkyl Benzoate, Diethylamino Hydroxybenzoyl Hexyl Benzoate, Diethylhexyl Carbonate, Heptyl Undecylenate, Glycerin, Butyrospermum Parkii Oil, Cetearyl Olivate, Aluminum Starch Octenylsuccinate, Sorbitan Olivate, Ethylhexyl Triazone, Jojoba Esters, Canola Oil, Retinyl Retinoate, Hydroxyethyl Acrylate/​Sodium Acryloyldimethyl Taurate Copolymer, Tetrahydrodiferuloylmethane, Tetrahydropiperine, Tocopheryl Acetate, Curcuma Longa Root Extract, Sodium Hyaluronate, Tocopherol, Cetyl Palmitate, Sorbitan Palmitate, Citric Acid, Phenoxyethanol, Caprylyl Glycol, Sodium Hydroxide, Parfum",Verso Day Cream,https://inkeedecoder.com/products/verso-day-cream
wrinkles,"Aqua, Butylene Glycol, Glycerin, Cetyl Ethylhexanoate, Citrus Paradisi (Grapefruit) Fruit Extract, Ceratonia Siliqua Gum, Chondrus Crispus Powder, Glyceryl Stearate, Cellulose Gum, Sodium Polyacrylate, Chamomilla Recutita (Matricaria) Flower/​Leaf Extract, Hydrogenated Polydecene, Carthamus Tinctorius (Safflower) Flower Extract, Rosa Rugosa Flower Extract, Paeonia Albiflora Flower Extract, Canola Oil, Trideceth-6, Retinyl Retinoate, Sodium Hyaluronate, Tocopheryl Acetate, Disodium EDTA, Phenoxyethanol, Parfum",Verso Reviving Eye Mask,https://inkeedecoder.com/products/verso-reviving-eye-mask
wrinkles,"Water, Dicaprylyl Carbonate, Caprylic/​Capric/​Myristic/​Stearic Triglyceride, Propanediol, Myristyl Lactate, Urea, Behenyl Alcohol, Glycerin, Hyaluronic Acid, Ectoin, Acetyl Glucosamine, Sorbitol, Trehalose, Capryloyl Salicylic Acid, Pentylene Glycol, Polyglyceryl-3 Stearate, Cetyl Palmitate, Glyceryl Stearate Citrate, Retinyl Retinoate, Arachidyl Alcohol, Lactic Acid, Salicylic Acid, Triethyl Citrate, Triacetin, Arachidyl Glucoside, Xanthan Gum, Caprylyl Glycol, 1,2-Hexanediol, Sorbic Acid",Blends and Formulas Hydrating Day & Night Cream +Barrier Repair,https://inkeedecoder.com/products/blends-and-formulas-hydrating-day-night-cream-barrier-repair
wrinkles,"Aqua/​Water, Aloe Barbadensis Leaf Extract, Hamamelis Virginiana (Witch Hazel) Extract, Butylene Glycol, Glycerin, Simmondsia Chinensis (Jojoba) Seed Oil, Butyrospermum Parkii (Shea Butter), Polyacrylamide, Glyceryl Stearate, PEG-100 Stearate, Hydroxyacetophenone, 1,2-Hexanediol, Carbomer, Triethanolamine, Disodium EDTA, Sodium Hyaluronate, Hydroxypinacolone Retinoate, Retinal, Retinyl Retinoate, Hyaluronic Acid, Potassium Hyaluronate, Sodium Hyaluronate Crosspolymer, Sodium Acetylated Hyaluronate, Hydrolyzed Hyaluronic Acid, Dimethylsilanol Hyaluronate, Hydroxypropyltrimonium Hyaluronate, Centella Asiatica Extract, Polygonum Cuspidatum Root Extract, Camellia Sinensis Leaf Extract, Scutellaria Baicalensis Root Extract, Glycyrrhiza Glabra Rhizome/​Root Extract, Chamomilla Recutita (Matricaria) Flower Extract, Rosmarinus Officinalis (Rosmery) Leaf Extract",ELFormula Advanced Retinol Serum,https://inkeedecoder.com/products/elformula-advanced-retinol-serum-2
wrinkles,"Anastatica Hierochuntica (Rose Of Jericho) Extract (81%), Glycerin, 1,2-Hexanediol, Niacinamide, Butylene Glycol, Dipropylene Glycol, Propanediol, Pentylene Glycol, Panthenol, Purified Water, Camellia Flower Extract, Tomato Extract, Anhydroxylitol, Xylitylglucoside, Xylitol, Retinol (461 Ppb), Retinol (50 Ppb), Retinyl Palmitate (555 Ppb), Hydroxypinacolone Retinoate (10 Ppb), Retinyl Retinoate (30 Ppb), Silybin, SH-Polypeptide-121 (9,900 Ppb), Water-Soluble Collagen (0.01 Ppb), Madecassoside, Glucose, Allantoin, Adenosine, Dipotassium Glycyrrhizate, Diisopropyl Adipate, Lecithin, Peanut Oil, Caprylic/​Capric Triglyceride, Isopropyl Lauroyl Sarcosinate, Diethylhexyl Syringylidenemalonate, Benzotriazolyl Dodecyl P-Cresol, Glycereth-25 Pca Isostearate, Decyl Glucoside, Tocopherol, Potassium Sorbate, BHT, BHA, PPG-13-Decyltetradeceth-24, Polysorbate 20, Caramel, Carbomer, Tromethamine, Disodium EDTA, Caprylyl Glycol, Ethylhexylglycerin, Hydroxyacetophenone, Fragrance",MEDI-PEEL Retinol Collagen Lifting Toner,https://inkeedecoder.com/products/medi-peel-retinol-collagen-lifting-toner
wrinkles,"Cyclopentasiloxane, Dimethicone Crosspolymer, Hydrogenated Polydecene, Dimethicone, Styrene/​Acrylates Copolymer, Hexyl Laurate, PEG-10 Dimethicone, Polyglyceryl-4 Isostearate, Stearic Acid, Alumina, Silica, Tocopherol, Magnesium Silicate, Panthenol, Glycyrrhiza Glabra (Licorice) Root Extract, Aloe Barbadensis Leaf Extract, Stearyl Triethoxysilane, Tetrahexyldecyl Ascorbate, Magnesium Ascorbyl Phosphate, Retinyl Retinoate, Cyclodextrin, Titanium Dioxide, Iron Oxides",bareMinerals Prime Time BB Primer Cream SPF30,https://inkeedecoder.com/products/bareminerals-prime-time-bb-primer-cream-spf30
wrinkles,"Cyclopentasiloxane, Dimethicone Crosspolymer, Hydrogenated Polydecene, Dimethicone, Styrene/​Acrylates Copolymer, Hexyl Laurate, PEG-10 Dimethicone, Polyglyceryl-4 Isostearate, Stearic Acid, Alumina, Silica, Tocopherol, Magnesium Silicate, Panthenol, Glycyrrhiza Glabra (Licorice) Root Extract, Aloe Barbadensis Leaf Extract, Stearyl Triethoxysilane, Tetrahexyldecyl Ascorbate, Magnesium Ascorbyl Phosphate, Retinyl Retinoate, Cyclodextrin, Titanium Dioxide (Ci 77891)",bareMinerals Prime Time BB Primer-cream Daily Defence SPF 30,https://inkeedecoder.com/products/bareminerals-prime-time-bb-primer-cream-daily-defence-spf30
wrinkles,"Aqua, Propylene Glycol, Sorbitol, Erythritol, Centella Asiatica Extract, Paeonia Suffruticosa Root Extract, Carbomer, Potassium Hydroxide, Hydroxyacetophenone, Caprylhydroxamic Acid, Ethylhexylglycerin, Glyceryl Caprylate, Ceramide NS, Ceramide NP, Ceramide NG, Ceramide EOS, Ceramide EOP, Ceramide AS, Ceramide AP, Retinol, Retinyl Retinoate, Retinyl Linoleate, Retinyl Acetate, Retinyl Palmitate, Retinyl Propionate, Rosa Rugosa Flower Extract, Oligopeptide-1, Carnosine, Hexapeptide-8, Sodium Acetylated Hyaluronate, Hydrolyzed Hyaluronic Acid, Hyaluronic Acid, Hydroxypropyltrimonium Hyaluronate, Sodium Hyaluronate, PEG-40 Hydrogenated Castor Oil, Hydrogenated Lecithin, Tocopheryl Acetate, Isononyl Isononanoate, Polysorbate 80, Polyglyceryl-10 Myristate, Caprylic/​Capric Triglyceride, Propanediol, BHT",BioAqua 6x Gentle-a Retinal Anti Aging Toner,https://inkeedecoder.com/products/bioaqua-6x-gentle-a-retinal-anti-aging-toner
wrinkles,"Water, Tetrahexyldecyl Ascorbate, Heptyl Undecylenate, Caprylic/​Capric Triglyceride, Methylpropanediol, Polylactic Acid, Cetearyl Olivate, Sodium Polyacryloyldimethyl Taurate, Cetearyl Isononanoate, Distarch Phosphate, Tocopheryl Acetate, Sorbitan Olivate, Hydrogenated Polydecene, Glycerin, Caprylyl Glycol, Sodium Hyaluronate, Cholesteryl Nonanoate, Disodium EDTA, Hydroxyacetophenone, Canola Oil, Retinyl Retinoate, Cetearyl Alcohol, Phenylpropanol, Vanilla Planifolia Fruit Extract, 3-O-Ethyl Ascorbic Acid, Sodium Metabisulfite, BHT, Sodium Hydroxide, Trideceth-10",Medik8 R-retinoate® Day & Night,https://inkeedecoder.com/products/medik8-r-retinoate-r-day-night
wrinkles,"Aqua, Sodium Lauroyl Isethionate, Cocamidopropyl Betaine, Sodium Lauroyl Sarcosinate, Glycol Distearate, Acrylates Copolymer, Cocamide DEA, Sodium Chloride, Disodium EDTA, Hydroxyacetophenone, Propanediol, Centella Asiatica Extract, Polysorbate 80, Polyglyceryl-10 Myristate, Caprylhydroxamic Acid, Hexylglycerin, Retinol, Retinyl Palmitate, Isononyl Isononanoate, Caprylic/​Capric Triglyceride, Potassium Hydroxide, Glyceryl Caprylate, Retinyl Retinoate, Retinyl Linoleate, Retinyl Acetate, Retinyl Propionate, Ceramide NS, Ceramide NP, Ceramide NG, Ceramide EOS, Ceramide EOP, Ceramide AS, Ceramide AP, Camellia Seed Oil, Hexapeptide-8, Tocopheryl Acetate, Oligopeptide-1, Carnosine, Sodium Acetylated Hyaluronate, Hydrolyzed Hyaluronic Acid, Hyaluronic Acid, Hydroxypropyltrimonium Hyaluronate, Sodium Hyaluronate, Hydrogenated Lecithin, BHT",BioAqua 6x Gentle-a Retinol Anti Aging Cleanser,https://inkeedecoder.com/products/bioaqua-6x-gentle-a-retinol-anti-aging-cleanser
wrinkles,"Aqua, Ethylhexyl Methoxycinnamate, Niacinamide, Diethylhexyl Carbonate, Butylene Glycol, C12-15 Alkyl Benzoate, Diethylamino Hydroxybenzoyl Hexyl Benzoate, Glycerin, Cetearyl Alcohol, Glyceryl Stearate, PEG-100 Stearate, Butyrospermum Parkii Butter, Shorea Stenoptera Butter, Canola Oil, Ethylhexyl Triazone, Cera Alba, Phenoxyethanol, Caprylyl Glycol, C12-16 Alcohols, Hydrogenated Lecithin, Palmitic Acid, Tocopheryl Acetate, Retinyl Retinoate, Parfum, Tetrahydrodiferuloylmethane, Curcuma Longa Root Extract, Hydroxyethyl Acrylate/​Sodium Acryloyldimethyl Taurate Copolymer, Tocopherol, Beta-Sitosterol, Squalene, Glycine Soja Oil, Citric Acid, Sodium Hydroxide",Verso Hand Serum With Retinol 8,https://inkeedecoder.com/products/verso-hand-serum-with-retinol-8
wrinkles,"Theobroma Cacao Seed Butter, Bis-Diglyceryl Polyacyladipate-2, Butyrospermum Parkii Butter, Glyceryl Rosinate, Hydrogenated Polyisobutene, Canola Oil, Crambe Abyssinica Seed Oil Phytosterol Esters, Olea Europaea Oil Unsaponifiables, C12-16 Alcohols, Hydrogenated Lecithin, Palmitic Acid, Isohexadecane, Aqua, Ethylene/​Propylene/​Styrene Copolymer, Butylene/​Ethylene/​Styrene Copolymer, Sodium Hyaluronate, Xantham Gum, Phenoxyethanol, Tripeptide-1, Pseudoalteromonas Ferment Extract, Salicylic Acid, Citric Acid, Sodium Salicylate, Cera Alba, Retinyl Retinoate, Tocopheryl Acetate, Curcuma Longa Root Extract, Tocopherol, Beta-Sitosterol, Squalene, Glycine Soja Oil, Aroma, Limonene, Eucalyptus Globulus Leaf Oil",Verso Lip Serum By Verso,https://inkeedecoder.com/products/verso-lip-serum-by-verso
wrinkles,"Purified Water, Butylene Glycol, Glycerin, Cetyl Ethylhexanoate, Niacinamide, Cetearyl Alcohol, Meadowfoam Seed Oil, Propanediol, Anastatica Hierochuntica (True Rose Of Jericho) Extract, Camellia Flower Extract, Tomato Extract, 1,2- Hexanediol, Caprylic/​Capric Triglyceride, Argan Kernel Oil, Macadamia Seed Oil, Sunflower Seed Oil, Dipropylene Glycol, Hydrogenated Polydecene, Sodium Hyaluronate, Glucose, Dipotassium Glycyrrhizate, Retinyl Palmitate (10,000 Iu/​G), SH-Polypeptide-121 (9,900 Ppb), Retinol (461 Ppb), Retinol (50 Ppb), Retinyl Retinoate (30 Ppb), Hydroxypinacolone Retinoate (10 Ppb), Water-Soluble Collagen (0.01 Ppb), Silybin, Cetearyl Glucoside, Caprylyl Glycol, Sodium Polyacrylate, Arginine, Lecithin, Xanthan Gum, Tocopherol, Mulberry Root Extract, Tocopheryl Acetate, Diisopropyl Adipate, C14-22 Alcohols, Cetyl Palmitate, Sorbitan Olivate, Sorbitan Palmitate, C12-20 Alkyl Glucoside, Isopropyl Lauroyl Sarcosinate, Pentylene Glycol, Madecassoside, Decyl Glucoside, Benzotriazolyl Dodecyl P-Cresol, Diethylhexyl Syringylidenemalonate, Simethicone, Cetearyl Ethylhexanoate, Acrylates/​C10-30 Alkyl Acrylate Crosspolymer, Hydroxyacetophenone, Carbomer, Peanut Oil, Ethylhexylglycerin, Potassium Sorbate, PPG-13-Decyltetradeceth-24, Polysorbate 20, BHT, BHA, Disodium EDTA, Fragrance",MEDI-PEEL Retinol Collagen Lifting Ampoule,https://inkeedecoder.com/products/medi-peel-retinol-collagen-lifting-ampoule
wrinkles,"Titanium Dioxide (2.6%), Zinc Oxide (6.2%), Cyclopentasiloxane, Dimethicone Crosspolymer, Hydrogenated Polydecene, Cyclohexasiloxane, Dimethicone, Styrene/​Acrylates Copolymer, Aloe Barbadensis Leaf Juice, Glycyrrhiza Glabra (Licorice) Root Extract, Alumina, Silica, Tocopherol, Magnesium Silicate, Panthenol, Magnesium Ascorbyl Phosphate, Hexyl Laurate, Stearic Acid, Polyglyceryl-4 Isostearate, PEG-10 Dimethicone, Stearyl Triethoxysilane, Tetrahexyldecyl Ascorbate, Canola Oil, Cetearyl Alcohol, Polylactic Acid, Cholesteryl Nonanoate, Retinyl Retinoate, Titanium Dioxide, Iron Oxides",bareMinerals Prime Time BB Primer-cream,https://inkeedecoder.com/products/bareminerals-prime-time-bb-primer-cream
wrinkles,"Aqua, Propylene Glycol, Isohexadecane, Glycereth-26, Trehalose, Glycerin, Centella Asiatica Extract, Bifida Ferment Extract, Paeonia Suffruticosa Root Extract, Hydroxyethyl Acrylate/​Sodium Acryloyldimethyl Taurate Copolymer, Resveratrol, Camellia Reticulata Seed Oil, Meadowfoam (Limnanthes Alba) Seed Oil, Shea Butter (Butyrospermum Parkii), Allantoin, Honey (Mel), Hydroxyacetophenone, Caprylhydroxamic Acid, Ethylhexylglycerin, Glyceryl Caprylate, Ceramide NS, Ceramide NP, Ceramide NG, Ceramide EOS, Ceramide EOP, Ceramide AS, Ceramide AP, Retinol, Retinyl Retinoate, Retinyl Linoleate, Retinyl Acetate, Retinyl Palmitate, Retinyl Propionate, Carbomer, Potassium Hydroxide, Oligopeptide-1, Carnosine, Hexapeptide-8, Sodium Acetylated Hyaluronate, Hydrolyzed Hyaluronic Acid, Hyaluronic Acid, Hydroxypropyltrimonium Hyaluronate, Hydrogenated Lecithin, Tocopheryl Acetate, Isononyl Isononanoate, Polysorbate 80, Polyglyceryl-10 Myristate, Caprylic/​Capric Triglyceride, Propanediol, BHT",BioAqua 6x Gentle-a Retinal Anti Aging Cream,https://inkeedecoder.com/products/bioaqua-6x-gentle-a-retinal-anti-aging-cream
wrinkles,"Aqua (Water), Caprylic/​Capric Triglyceride, Glycerin, Butylene Glycol, Isododecane, Squalane, Cetearyl Alcohol, Dimethicone, Polylactic Acid, Sodium Acrylate/​Sodium Acryloyldimethyl Taurate Copolymer, Cyclodextrin, PPG-12/​Smdi Copolymer, Phenoxyethanol, Phytosterols, Cholesterol, Sodium Hyaluronate, Ceramide EOP, Ceramide NP, Ceramide AP, Cholesteryl Nonanoate, Linoleic Acid, Palmitic Acid, Canola Oil, Ethylhexylglycerin, Tocopheryl Acetate, Daucus Carota Sativa (Carrot) Seed Oil, Rubus Chamaemorus (Cloudberry) Seed Oil, Pentylene Glycol, Retinyl Retinoate, Retinal, Polyhydroxystearic Acid, Citrus Limon (Lemon) Peel Oil, Vanilla Planifolia (Vanilla) Fruit Extract, Citric Acid, Citrus Aurantium Dulcis (Orange) Peel Oil, Polyglyceryl-3 Polyricinoleate, Citrus Aurantium Amara (Bitter Orange) Leaf/​Twig Oil, Sorbitan Olivate, Citrus Aurantium Bergamia (Bergamot) Fruit Oil, Citrus Nobilis (Mandarin) Peel Oil, Isostearic Acid, Phytosphingosine, Zingiber Officinale (Ginger) Root Extract, Lecithin, Carbomer, C12-16 Alcohols, Caprylyl Glycol, Cananga Odorata Flower (Ylang Ylang) Oil, Sodium Lauroyl Lactylate, Litsea Cubeba (Verbena) Fruit Oil, Ethyl Ascorbic Acid, Pelargonium Graveolens (Geranium) Oil, Lonicera Japonica (Honeysuckle) Flower Extract, Stearic Acid, Lonicera Caprifolium (Honeysuckle) Flower Extract, Xanthan Gum, Lactic Acid/​Glycolic Acid Copolymer, Hydrogenated Lecithin, Sodium Polyaspartate, Acacia Decurrens (Black Wattle) Flower Extract, Boswellia Carterii (Frankincense) Oil, Cedrus Atlantica (Atlas Cedar) Bark Oil, Glyceryl Caprylate, Salvia Sclarea (Clary Sage) Leaf Oil, Vetiveria Zizanoides (Vetiver) Root Oil, Phenethyl Alcohol, Disodium EDTA, Copper Heptapeptide-14 Pantothenate, Heptapeptide-15 Palmitate, Phenylpropanol, Polyvinyl Alcohol, Titanium Dioxide, Alumina, BHT, Linalool, Limonene, Citral, Ci 14700 (Red 4)",Medik8 R-Retinoate Intense,https://inkeedecoder.com/products/medik8-r-retinoate-intense
wrinkles,"Water, Caprylic/​Capric Triglyceride, Glycerin, Butylene Glycol, Isododecane, Squalane, Cetearyl Alcohol, Dimethicone, Cetearyl Olivate, Sodium Acrylate/​Sodium Acryloyldimethyl Taurate Copolymer, Polylactic Acid, Cyclodextrin, PPG-12/​Smdi Copolymer, Sorbitan Olivate, Sodium Hyaluronate, Tocopheryl Acetate, Rubus Chamaemorus Seed Oil, Canola Oil, Pentylene Glycol, Citric Acid, Alumina, Phenoxyethanol, Isostearic Acid, Lecithin, Polyglyceryl-3 Polyricinoleate, Polyhydroxystearic Acid, Stearic Acid, Sodium Lauroyl Lactylate, Vanilla Planifolia Fruit Extract, Ceramide NP, Daucus Carota Sativa Seed Oil, Retinal, Retinyl Retinoate, 3-O-Ethyl Ascorbic Acid, Sodium Polyaspartate, Ceramide AP, Phytosphingosine, Disodium EDTA, Phytosterols, Copper Palmitoyl Heptapeptide-14, Heptapeptide-15 Palmitate, Ceramide EOP, Phenethyl Alcohol, Cholesterol, Lonicera Japonica (Honeysuckle) Flower Extract, Lonicera Caprifolium (Honeysuckle) Flower Extract, C12-16 Alcohols, BHT, Caprylyl Glycol, Carbomer, Linoleic Acid, Palmitic Acid, Xanthan Gum, Cholesteryl Nonanoate, Ethylhexylglycerin, Hydrogenated Lecithin, Glyceryl Caprylate, Lactic Acid/​Glycolic Acid Copolymer, Polyvinyl Alcohol, Phenylpropanol, Fragrance*, Limonene, Linalool, Citral, Red 4, Titanium Dioxide/​Ci 77891",Medik8 R-Retinoate Ultimate Night Serum,https://inkeedecoder.com/products/medik8-r-retinoate-ultimate-night-serum
wrinkles,"Water, Propanediol, Butylene Glycol, Glycerin, Glycereth-26, 1,2-Hexanediol, Niacinamide, Isoamyl Laurate, Squalane, Cetyl Palmitate, Cetearyl Olivate, Glyceryl Stearate, Hyaluronic Acid, Hydrolyzed Hyaluronic Acid, Sodium Hyaluronate, Sorbitan Olivate, Pentylene Glycol, Carbomer, Betaine, Tromethamine, Hippophae Rhamnoides Fruit Extract, Caprylic/​Capric Triglyceride, Tocopherol, Methylpropanediol, Macadamia Ternifolia Seed Oil, Retinal, Polyglyceryl-10 Oleate, Lecithin, Inulin Lauryl Carbamate, Caprylyl Glycol, Adenosine, Sodium Polyacrylate, Xanthan Gum, Brassica Campestris (Rapeseed) Sterols, Disodium EDTA, Polyglyceryl-10 Laurate, Cholesterol, Phytosteryl/​Behenyl/​Octyldodecyl Lauroyl Glutamate, Polyglutamic Acid, Erythritol, Sodium Hyaluronate Crosspolymer, Camellia Japonica Flower Extract, Nicotinamide Adenine Dinucleotide, Nicotinamide Mononucleotide, Pentaerythrityl Tetra-Di-T-Butyl Hydroxyhydrocinnamate, Aluminum/​Magnesium Hydroxide Stearate, Hydrogenated Lecithin, Potassium Cetyl Phosphate, PPG-13-Decyltetradeceth-24, Dimethyl Isosorbide, Tris(Tetramethylhydroxypiperidinol) Citrate, Isopropyl Lauroyl Sarcosinate, Sodium Surfactin, Rosmarinus Officinalis (Rosemary) Leaf Extract, Hydroxypinacolone Retinoate, Bakuchiol, Retinyl Acetate, Retinyl Retinoate, Glucosylrutin, Silybin, Benzotriazolyl Dodecyl P-Cresol, Diethylhexyl Syringylidenemalonate, Fragrance, Tetramethyl Acetyloctahydronaphthalenes, Hexamethylindanopyran, Benzyl Salicylate, Linalool",MEDIPEEL Retinal Nmn Bounce Shot Booster,https://inkeedecoder.com/products/medipeel-retinal-nmn-bounce-shot-booster
wrinkles,"Water, Dipropylene Glycol, Butylene Glycol, Glycerin, Propanediol, 1,2-Hexanediol, Niacinamide, Coco-Caprylate/​Caprate, Squalane, Polyglyceryl-3 Distearate, Dimethyl Isosorbide, Pentylene Glycol, Panthenol, 4-T-Butylcyclohexanol, Fragrance(Parfum), Hydrogenated Lecithin, Hydroxyethyl Acrylate/​Sodium Acryloyldimethyl Taurate Copolymer, Acrylates/​C10-30 Alkyl Acrylate Crosspolymer, Sucrose Palmitate, Caprylic/​Capric Triglyceride, Hydroxypinacolone Retinoate, Diethylhexyl Syringylidenemalonate, Tromethamine, Ethylhexylglycerin, Glyceryl Stearate Citrate, Allantoin, Biosaccharide Gum-1, Dipotassium Glycyrrhizate, Xanthan Gum, Macadamia Integrifolia Seed Oil, Olea Europaea (Olive) Fruit Oil, Simmondsia Chinensis (Jojoba) Seed Oil, Vitis Vinifera (Grape) Seed Oil, Adenosine, Macadamia Ternifolia Seed Oil, Retinal, Sodium Hyaluronate, Disodium EDTA, Retinol, Bakuchiol, Retinyl Palmitate, Brassica Campestris (Rapeseed) Sterols, Linoleic Acid, Cholesterol, Polyglyceryl-10 Laurate, Ceramide NP, PPG-13-Decyltetradeceth-24, Retinyl Linoleate, Phytosteryl/​Behenyl/​Octyldodecyl Lauroyl Glutamate, Beta-Glucan, Aluminum/​Magnesium Hydroxide Stearate, Pentaerythrityl Tetra-Di-T-Butyl Hydroxyhydrocinnamate, Potassium Cetyl Phosphate, Polyglyceryl-3 Methylglucose Distearate, Silica, Isopropyl Lauroyl Sarcosinate, Tocopherol, Hydrolyzed Collagen, Retinyl Retinoate, Chitosan, Centella Asiatica Extract/​Centella Asiatica Leaf Extract, Centella Asiatica Root Extract, Tris(Tetramethy Lhydroxypiperidinol) Citrate, Benzotriazolyl Dodecyl P-Cresol",Medicube Deep Vita A Retinol Serum,https://inkeedecoder.com/products/medicube-deep-vita-a-retinol-serum
wrinkles,"Water, Dipropylene Glycol, Butylene Glycol, Glycerin, Propanediol, 1,2-Hexanediol, Niacinamide, Macadamia Integrifolia Seed Oil, Olea Europaea Fruit Oil, Simmondsia Chinensis Seed Oil, Vitis Vinifera Seed Oil, Macadamia Ternifolia Seed Oil, Retinal, Sodium Hyaluronate, Hydrolyzed Collagen, Chitosan, Centella Asiatica Extract, Centella Asiatica Leaf Extract, Centella Asiatica Root Extract, Coco-Caprylate/​Caprate, Squalane, Polyglyceryl-3 Distearate, Dimethyl Isosorbide, Pentylene Glycol, Panthenol, 4-T-Butylcyclohexanol, Hydrogenated Lecithin, Hydroxyethyl Acrylate/​Sodium Acryloyldimethyl Taurate Copolymer, Acrylates/​C10-30 Alkyl Acrylate Crosspolymer, Sucrose Palmitate, Caprylic/​Capric Triglyceride, Hydroxypinacolone Retinoate, Diethylhexyl Syringylidenemalonate, Tromethamine, Ethylhexylglycerin, Glyceryl Stearate Citrate, Allantoin, Biosaccharide Gum-1, Dipotassium Glycyrrhizate, Adenosine, Retinol, Bakuchiol, Retinyl Palmitate, Brassica Campestris Sterols, Linoleic Acid, Cholesterol, Polyglyceryl-10 Laurate, Ceramide NP, PPG-13-Decyltetradeceth-24, Retinyl Linoleate, Phytosteryl/​Behenyl/​Octyldodecyl Lauroyl Glutamate, Beta-Glucan, Aluminum/​Magnesium Hydroxide Stearate, Pentaerythrityl Tetra-Di-T-Butyl Hydroxyhydrocinnamate, Potassium Cetyl Phosphate, Polyglyceryl-3 Methylglucose Distearate, Silica, Isopropyl Lauroyl Sarcosinate, Tocopherol, Retinyl Retinoate, Tristearyl Citrate, Benzotriazolyl Dodecyl P-Cresol, Xanthan Gum, Disodium EDTA, Parfum",Medicube Deep Reviving Bakuchiol Retinol Serum,https://inkeedecoder.com/products/medicube-deep-reviving-bakuchiol-retinol-serum
wrinkles,"Water, Butylene Glycol, Cyclopentasiloxane, Glycerin, Butylene Glycol Dicaprylate/​Dicaprate, Ethylhexyl Isononanoate, Hydrogenated Polyisobutene, Glyceryl Stearate, Dimethicone, Caprylic/​Capric/​Myristic/​Stearic Triglyceride, PEG-100 Stearate, Polyglyceryl-3 Methylglucose Distearate, Stearyl Behenate, Pentaerythrityl Tetraethylhexanoate, Biosaccharide Gum-1, Cetearyl Alcohol, Hydrogenated Lecithin, Polyethylene, PEG/​PPG-20/​15 Dimethicone, Phenyl Methicone, Dimethicone/​Vinyl Dimethicone Crosspolymer, Stearyl Stearate, PEG-150 Distearate, Stearic Acid, Palmitic Acid, Cocos Nucifera (Coconut) Oil, Aloe Barbadensis Leaf Extract, Butyrospermum Parkii (Shea) Butter, Phytosteryl/​Isostearyl/​Cetyl/​Stearyl/​Behenyl Dimer Dilinoleate, Ceramide NP, Hydrogenated Polydecene, Ceteareth-20, Glyceryl Citrate/​Lactate/​Linoleate/​Oleate, Hydroxypropyl Bispalmitamide MEA, Glycosphingolipids, Ceramide AP, Meadowfoam Estolide, Glycine Soja (Soybean) Sterols, Cetearyl Glucoside, Betaine, Sodium Hyaluronate, Polyquaternium-51, Glyceryl Polymethacrylate, Aleuritic Acid, Yeast Extract, Glycoproteins, Hydroxyethyl Acrylate/​Sodium Acryloyldimethyl Taurate Copolymer, Squalane, Polysorbate 60, Sorbitan Isostearate, Portulaca Oleracea Extract, Tocopheryl Acetate, Allantoin, Carbomer, Glucose, Tromethamine, Eruca Sativa Leaf Extract, Sodium Benzotriazolyl Butylphenol Sulfonate, Buteth-3, Tributyl Citrate, Hydrolyzed Collagen, Ethylhexylglycerin, Niacinamide, Camellia Sinensis Leaf Extract, Citric Acid, Retinyl Retinoate, Polylactic Acid, Canola Oil, Cholesteryl Nonanoate, Ascorbyl Tetraisopalmitate, Glycyrrhiza Glabra (Licorice) Root Extract, Chamomilla Recutita (Matricaria) Flower Water, Curcuma Longa (Turmeric) Root Extract, Colloidal Oatmeal, Leuconostoc/​Radish Root Ferment Filtrate, Steareth-20, N-Hydroxysuccinimide, Chrysin, Palmitoyl Oligopeptide, Palmitoyl Tetrapeptide-7, Chlorhexidine Digluconate, Potassium Sorbate, Panthenol, Persea Gratissima (Avocado) Oil, Vitis Vinifera (Grape) Seed Oil, Beta-Glucan, Acetyl Hexapeptide-8, Acetyl Octapeptide-3, Caprylyl Glycol, Olea Europaea (Olive) Fruit Oil, Cholesteryl Isostearate, Cholesteryl Chloride, BHT, Silica, Dipropylene Glycol, Magnolia Acuminata Bark Extract, Chrysanthemum Parthenium (Feverfew) Extract, Lithospermum Officinale Extract, Agaricus Bisporus (Mushroom) Extract, Saccharum Officinarum (Sugar Cane) Extract, Cucumis Sativus (Cucumber) Fruit Extract, Zinc Pca, Hippophae Rhamnoides Fruit Extract, Hydrolyzed Silk, Phenoxyethanol, Caprylhydroxamic Acid, Disodium EDTA, 1,2-Hexanediol, FD&C Blue 1 (Ci 42090), FD&C Yellow No. 5 (Ci 19140)",it Cosmetics Bye Bye Redness Sensitive Skin Moisturizer,https://inkeedecoder.com/products/it-cosmetics-bye-bye-redness-sensitive-skin-moisturizer
wrinkles,"Deionized Water, Retinyl Propionate 5.0%, Aloe Vera, Glycereth-26, Octyldimethyl, Polysorbate-80, Propylene Glycol, Sodium Lactate, Sodium PCA, Niacinamide, Sodium Benzoate, Inositol, Lactic Acid, Quaternium-15","









            5.0% | Retinol Reform
        

            Resurface by Shani Darden
        

",https://inkeedecoder.com/products/resurface-by-shani-darden-retinol-reform
wrinkles,"Palmitoyl Pentapeptide-3, Glycerin, Water, Ascorbic Acid, Ferulic Acid, Borago Officinalis Seed Oil, Isohexadecane, Tocopherol, Mandelic Acid, Dipotassium Glycyrrhizate",Crystolite Melona-F,https://inkeedecoder.com/products/crystolite-melona-f
wrinkles,"Matrixyl, Matrixyl 3000, Glycerin, Water, Butylene Glycol, Carbomer, Polysorbate 20, Palmitoyl Tripeptide-1, Palmitoyl Tetrapeptide-7, Matrixyl Synthe’6, Aqua, Hydroxypropyl Cyclodextrin, Palmitoyl Tripeptide-38, Acetyl Tetrapeptide-9, De-Ionized Water, Aloe Leaf Gel, Vegetable Glycerine, Cucumber Fruit Extract, Grape Fruit Extract, Chamomile Flower Extract, Camellia Sinensis (Japanese Green Tea) Leaf Extract, Wild Mushroom Extract, Soy-Rice Peptides, Hydrolyzed Rice Bran Protein, Glycine Soja (Soybean) Protein, Oxido Reductases, Pepha-Tight, Algae Extract, Pullulan, Chrysin, N-Hydroxysuccinimide, Steareth-20, Optiphen, Phenoxyethanol, Caprylyl Glycol",NCN PRO SKINCARE Multi-Active Peptide Matrixyl Serum 25%,https://inkeedecoder.com/products/ncn-pro-skincare-multi-active-peptide-matrixyl-serum-25-2
wrinkles,"Matrixyl, Matrixyl 3000, Glycerin, Water, Butylene Glycol, Carbomer, Polysorbate 20, Palmitoyl Tripeptide-1, Palmitoyl Tetrapeptide-7, Matrixyl Synthe'6, Aqua, Hydroxypropyl Cyclodextrin, Palmitoyl Tripeptide-38, Sodium Hyaluronate, PPG-26-Buteth-26, PEG-40 Hydrogenated Castor Oil, Polyacrylate Crosspolymer-6, Trisodium Ethylenediamine Disuccinate, Ethoxydiglycol, Phenoxyethanol, Chlorphenesin",The Ordinary Matrixyl 10% + Ha,https://inkeedecoder.com/products/the-ordinary-matrixyl-10-ha-2
wrinkles,"Estriol (1%), Palmitoyl Pentapeptide-4 (0.1%), Acetyl Hexapeptide-8 (0.1%), C12-15 Alkyl Benzoate, Caprylic/​Capric Triglyceride, Cetyl Alcohol, Ethylhexylglycerin, Glycerin, Glyceryl Stearate, Hydroxyethyl Acrylate/​Sodium Acryloyldimethyl Taurate Copolymer, Oleic Acid, Olea Europaea (Olive) Fruit Oil, PEG-100 Stearate, Phenoxyethanol, Dimethicone, Polydimethylsiloxane, Water (Aqua), Stearic Acid, Trolamine, Tocopheryl (Vitamin E) Acetate",Alloy M4 Eye Cream,https://inkeedecoder.com/products/alloy-m4-eye-cream
wrinkles,"Butylene Glycol, Palmitoyl Pentapeptide-3, Myristoyl Octapeptide-1, Hexapeptide-10, Dextran, Oligopeptide-1, Betaine, Dexpanthenol, Niacin, Folic Acid, Sodium Hyaluronate, Phenoxyethanol, Polyglutamic Acid, Portulaca Oleracea (Purslane) Extract, Hydrolyzed Soybean Extract, Aloe Barbadensis Flower Extract, Carbomer, Yeast Extract, Water",Beverly Hills Global Firm3 Serum,https://inkeedecoder.com/products/beverly-hills-global-firm3-serum
wrinkles,"Glycolic Acid, Palmitoyl Pentapeptide-3, Lactic Acid, Citric Acid, Selaginella Lepidophylla (Resurrection) Oil, Sodium Hyaluronate, Aspalathus Linearis (Rooibos) Extract, Kigelia Africana Fruit Extract",Kalahari Vita-Gel Mask,https://inkeedecoder.com/products/kalahari-vita-gel-mask
wrinkles,"Water (Aqua), Palmitoyl Pentapeptide-4, Aloe Barbadensis Leaf Juice, Vegetable Glycerin, Acetyl Hexapeptide-8, Helianthus Annuus (Sunflower) Seed Oil, Glyceryl Stearate, Octyl Palmitate, Magnesium Ascorbyl Phosphate, Polysilicone-11, Gamma-Aminobutyric Acid, Ginseng Extract, Portulaca Oleracea Extract, Centella Asiatica (Brahmi) Extract, Cetearyl Alcohol, Phenoxyethanol, Dimethicone, Natural Fragrance, Panthenol, Citrus Grandis (Grapefruit) Seed Extract, Tocopheryl Acetate, Mixed Tocopherols, Linum Usitatissimum (Linseed) Seed Oil, Borago Officinalis Seed Oil, Rosa Canina Seed Extract, Camellia Sinensis (Green Tea) Leaf Extract, Prunus Amygdalus Dulcis (Sweet Almond) Oil, Allantoin, Ethylhexylglycerin, Olea Europaea (Olive) Fruit Oil, Lecithin (Soy), Retinyl Palmitate","NutriBiotic Ultra-Hydrating, Peptide Face Creme",https://inkeedecoder.com/products/nutribiotic-ultra-hydrating-peptide-face-creme
wrinkles,"Palmitoyl Dipeptide-7*, Palmitoyl Pentapeptide-4*, Tocopheryl Acetate**, Sodium Hyaluronate***, Caprylic/​Capric Triglyceride, Ethylhexylglycerin, Hydroxyacetophenone, Dimethiconol, Cetearyl Glucoside, Cetearyl Alcohol, Stearic Acid, Palmitic Acid, Stearyl Alcohol, Cetyl Alcohol, Behenyl Alcohol, Disodium EDTA, Sodium Acrylates Copolymer, PEG-100 Stearate, Phenoxyethanol, Fragrance, Titanium Dioxide, Mica",Olay Pro Advanced Regenerist Complex,https://inkeedecoder.com/products/olay-pro-advanced-regenerist-complex
wrinkles,"Purified Water, Hyaluronic Acid, Matrixyl, Benzyl Alcohol",Clear SkinCare Tighten Serum,https://inkeedecoder.com/products/clear-skincare-tighten-serum
wrinkles,"Aqua (Water), Caprylic/​Capric Triglyceride, Palmitoyl Pentapeptide-4, Hesperidin Methyl Chalcone, Steareth-20, Dipeptide-2, Palmitoyl Tetrapeptide-7, Camellia Sinensis (White Tea) Leaf Extract, Glycerin, Methyl Gluceth-20, Cetyl Alcohol, Glyceryl Stearate, Stearic Acid, Polyethylene, Sodium Stearoyl Lactylate, Caffeine, Sodium Hyaluronate, Sodium Ascorbyl Phosphate, Propylene Glycol, Macrocystis Pyrifera Extract, Spirulina Maxima Extract, Fucus Vesiculosus Extract, Chondrus Crispus (Carrageenan) Extract, Nasturtium Officinale Extract, Cetraria Islandica Extract, Vitis Vinifera (Grape) Seed Extract, Ilex Paraguariensis (Paraguay Tea) Leaf Extract, Lecithin, Superoxide Dismutase, Butylene Glycol, Saccharomyces Lysate Extract, Squalane, Ubiquinone, Retinyl Palmitate, Tocopheryl Acetate, Dimethicone, Cyclomethicone, Acrylates/​C10-30 Alkyl Acrylate Cross Polymer, Carbomer, Disodium EDTA, Polysorbate 20, PPG-2 Myristyl Ether Propionate, Aminomethyl Propanol, Phenoxyethanol, Methylparaben, Ethylparaben, Propyl Paraben, Butylparaben, Isobutylparaben",Dermadoctor Wrinkle Revenge Rescue And Protect Eye Balm,https://inkeedecoder.com/products/dermadoctor-wrinkle-revenge-rescue-and-protect-eye-balm
wrinkles,"Aqua, Sodium Hyaluronate, Palmitoyl Pentapeptide-4, Magnesium Ascorbyl Phosphate, Centella Asiatica Extract, Dipalmitoyl Hydroxyproline, Glycosaminoglycans, Darutoside, Palmitoyl Tripeptide-1, Palmitoyl Tetrapeptide-7, Malus Domestica Fruit Cell Culture Extract, Acetyl Octapeptide-3, Hesperidin Methyl Chalcone, Dipeptide Diaminobutyroyl Benzylamide Diacetate, Glycerin, Echinacea Purpurea Extract, Imperata Cylindrica Root Extract, Polysorbate 20, Palmitoyl Tripeptide-5, Glycine, Potassium Sorbate, Caprylic/​Capric Triglyceride, Cyclopentasiloxane, PEG-8/​Smdi Copolymer, PEG-8 Dimethicone, Acrylates/​C10-30 Alkyl Acrylate Crosspolymer, Sodium Hydroxide, Caprylyl Glycol, Linoleic Acid, Glycine Soja (Soybean) Sterols, Phospholipids, Ethylhexylglycerin, Hexylene Glycol, Steareth-20, Disodium EDTA, Carbomer, Citrus Nobilis (Mandarin Orange) Peel Oil, Butylene Glycol, PEG-8, Xanthan Gum, N-Hydroxysuccinimide, Retinyl Palmitate, Acetyl Hexapeptide-8, Glucose, Dipeptide-2, Chondrus Crispus Extract, Chrysin, Trisodium EDTA, Phenoxyethanol, Olea Europaea (Olive) Leaf Extract",Image Skincare Vital C Hydrating Eye Recovery Gel,https://inkeedecoder.com/products/image-skincare-vital-c-hydrating-eye-recovery-gel
wrinkles,"Aqua, Propanediol, Palmitoyl Pentapeptide-4, Lactobacillus/​Collagen/​Mesembryanthemum Crystallinum Leaf Extract Ferment Lysate, Glycerin, Polyglutamic Acid, Sodium Hyaluronate, Hydrolyzed Hyaluronic Acid, Sodium Acetylated Hyaluronate, Hydroxypropyltrimonium Hyaluronate, Hydrolyzed Sodium Hyaluronate, Butylene Glycol, Ethylhexylglycerin, 1,2-Hexanediol, Panthenol, Phenoxyethanol, Hydroxyethylcellulose, Sodium Nitrate, Glyoxal, Allantoin, Tetrasodium Glutamate Diacetate, Citric Acid",Innertrue Focus Penta Hyaluronic + Peptide Ampoule,https://inkeedecoder.com/products/innertrue-focus-penta-hyaluronic-peptide-ampoule
wrinkles,"Deionized Water, Acetyl Octapeptide-3 (Snap 8), Palmitoyl Pentapeptide-3 (Matrixyl), Squalane, Butylene Glycol, Glycosaminoglycans (Mdi Complex), Hyaluronic Acid, Glycerine, Ceramides 3,6,1, Phytosphingosine, Carbomer, Lauroyl Lactylate Na (Sk-Influx), Dmae, Gynostemma Pentaphyllum Extract, Panax Ginseng Root Extract (Actigen 02), Polyacrylate, Polyisobutene, Polysorbate 20 (Sepiplus 400), Benzyl Alcohol (Anti Microbial), Methylisothiazolinone",Makeup Artist Choice Transforming Anti Aging Serum - Loaded With Multi-Actives,https://inkeedecoder.com/products/makeup-artist-choice-transforming-anti-aging-serum-loaded-with-multi-actives
wrinkles,"Water, Glycerin, Palmitoyl Pentapeptide-3, Propylene Glycol, Diazolidinyl Urea, Methylparaben, Propylparaben",Skin Actives Scientific Palmitoyl Pentapeptide-3,https://inkeedecoder.com/products/skin-actives-scientific-palmitoyl-pentapeptide-3
wrinkles,"Hydrolyzed Hibiscus Esculentus Extract, Acetyl Hexapeptide-3, Palmitoyl Pentapeptide-4, Palmitoyl Tetrapeptide-10, Copper Tripeptide-1, C12-15 Alkyl Benzoate, Tribehenin, Ceramide 2, PEG-10 Rapeseed Sterol, Palmitoyl Oligopeptide, Ubiquinone, Hyaluronic Acid, Camellia Sinensis Leaf Extract, Dimethicone, Hydrogenated Olive Oil, Soybean Glycerides, Zingiber Officinale Root Oil, Rétinol, Hydrolyzed Rice Bran Extract, Hydrolyzed Wheat Protein, Thioctic Acid, Laminaria Japonica Extract, Cattleya Extract, Hamamelis Virginiana Leaf Extract, Agar",Suiphar Peptix,https://inkeedecoder.com/products/suiphar-peptix
wrinkles,"Propylene Glycol, Water, Glycerin, Palmitoyl Pentapeptide-3, Ascorbic Acid, Borago Officinalis Seed Oil, Isohexadecane, Tocopherol, Nicotinamide, Panthenol, Dipotassium Glycyrrhizate",Be ceuticals Perfect Eyes,https://inkeedecoder.com/products/be-ceuticals-perfect-eyes
wrinkles,"Water, Butylene Glycol, Hexapeptide-9 (Collagen Peptide), Palmitoyl Pentapeptide-3, Glycerin, Melon Extract, Shiitake Mushroom Extract, Alpha Glucosyl Hesperidin, Glucosyl Hesperidin, Centella Asiatica, Pichia/​Resveratrol Ferment Extract, Phenoxyethanol, Sodium Hyaluronate",CELLBONE Collagen Peptide Xc,https://inkeedecoder.com/products/cellbone-collagen-peptide-xc
wrinkles,"Water, Acetyl Hexapeptide-8, Acetyl Glutamyl Heptapeptide-1, Palmitoyl Pentapeptide-3, Dipeptide Diaminobutyroyl Benzylamide Diacetate, Palmitoyl Oligopeptide, Tetrapeptide-3, Dimethyl Isosorbide, Butylene Glycol, Glycerin, Willow Bark Extract, Bilberry Extract, Sugar Cane Extract, Sugar Maple Extract, Orange Fruit Extract, Lemon Extract, Sodium Lactate, Panthenol, Cucumber Flower Extract, Phenoxyethanol, Sodium Hyaluronate, Centella Asiatica Extract, Lycopene, Alpha Tocopherol, Menthol",CELLBONE Hyper Peptides,https://inkeedecoder.com/products/cellbone-hyper-peptides
wrinkles,"Water (Aqua), Pentylene Glycol, Ethoxydiglycol, Palmitoyl Pentapeptide-4, Aloe Barbadensis Leaf Juice, Acetyl Hexapeptide-49, Dimethylaminoethanol Tartrate, Glycine, Alanine, Serine, Saccharomyces Lysate Extract, Sodium Hyaluronate, Allantoin, Glycerin, Butylene Glycol, Polysorbate 20, Carbomer, Hydroxyethylcellulose, Sodium Hydroxide, Dehydroacetic Acid, Benzyl Alcohol, Disodium EDTA",Cara Skin Care Amicelle Anti-Line Serum,https://inkeedecoder.com/products/cara-skin-care-amicelle-anti-line-serum
wrinkles,"Oligopeptide-1, Hexapeptide-10, Palmitoyl Pentapeptide-3, Folic Acid, Myristoyl Octapeptide-1, Portulaca Oleracea Extract, Aqua, Panthenol, Aloe Barbadensis Extract, Betaine, Natto Gum, Phenoxyethanol, Glycine Soja Protein, Dextran, Butylene Glycol, Carbomer, Niacin",Herbal Skin Solutions Egf Cellular Activator,https://inkeedecoder.com/products/herbal-skin-solutions-egf-cellular-activator
wrinkles,"Aqua, Propanediol, Niacinamide, Palmitoyl Pentapeptide-4, Sodium Hyaluronate, Aloe Barbadensis (Vera) Leaf Juice*, Matricaria (Chamomile) Flower Extract*, Camellia Sinensis (Green Tea) Leaf Extract*, Olea Europaea (Olive) Leaf Extract*, Cellulose Gum, Citrus Aurantium Dulcis (Orange) Oil, Phenoxyethanol, Ethylhexylglycerin",Joli Brightening Serum,https://inkeedecoder.com/products/joli-brightening-serum
wrinkles,"Aqua, Aloe Barbadensis (Vera) Leaf Juice*, Sodium Ascorbyl Phosphate (Vitamin C), Palmitoyl Pentapeptide-4, Sodium Hyaluronate, Butyrospermum Parkii (Shea Butter), Matricaria (Chamomile) Flower Extract*, Camellia Sinensis (Green Tea) Leaf Extract, Olea Europaea (Olive) Leaf Extract*, Carbomer, Arginine, Citrus Aurantium Dulcis (Orange) Oil, Phenoxyethanol, Ethylhexylglycerin",Joli Sculpting & Firming Serum,https://inkeedecoder.com/products/joli-sculpting-firming-serum
wrinkles,"Water, Glycerin, Grape Seed Oil, Palmitoyl Pentapeptide-4, Palmitoyl Pentapeptide-7, Palmitoyl Tripeptide-1, Hyaluronic Acid, Scutellaria Baicalensis Root Extract, Rosmarinus Officinalis Leaf Extract, Caprylic/​Capric Triglyceride, Cetearyl Alcohol, Phenoxyethanol, Panthenol, Carbomer, Squalene, PPG-26-Buteth-26, Tocopheryl Acetate, Propanediol, Xanthan Gum, Scent, Ci 15985",Lanbena Grape Seed Cream Moisturizer,https://inkeedecoder.com/products/lanbena-grape-seed-cream-moisturizer
wrinkles,"Water, Glycerin, Grapeseed Oil, Palmitoyl Pentapeptide-4, Palmitoyl Pentapeptide-7, Palmitoyl Tripeptide-1, Hyaluronic Acid, Dimethicone Crosspolymer, Panthenol, Skullcap Root Extract, Carbomer, Tocopheryl Acetate, Propanediol, Triethanolamine, Disodium EDTA, Glucosyl Hesperidin, Ci 15985",Lanbena Grape Seed Eye Cream,https://inkeedecoder.com/products/lanbena-grape-seed-eye-cream
wrinkles,"Hyaluronic Acid, Acetyl Hexapeptide-8, Dipalmitoyl Hydroxyproline, Palmitoyl Pentapeptide-4, Palmitoyl Tripeptide-5, Ceramide I, Ceramide III, Squalane, Cimicifuga Racemosa (Black Cohosh) Root Extract, Saccharomyces Lysate Extract (Live Yeast Cell Derivative), Phospholipids, Glyceryl Polymethacrylate, Simmondsia Chinensis (Jojoba) Oil, Argania Spinosa (Argan) Oil, Plukenetia Volubilis (Sacha Inchi) Seed Oil, Butyrospermum Parkii (Shea) Butter, Cetyl Alcohol, Tocotrienols (Vitamin E), Tocopheryl Linoleate, Sodium Carboxymethyl Beta-Glucan, Vitis Vinifera (Grape) Seed Extract, Oenothera Biennis (Evening Primrose) Oil, Rosa Canina (Rose Hip) Oil, Proprietary Essential Oil Blend, Glucose, Glucose Oxidase, Lactoperoxidase",Le Mieux Bio Cell Rejuvenating Cream,https://inkeedecoder.com/products/le-mieux-bio-cell-rejuvenating-cream
wrinkles,"Hyaluronic Acid, Acetyl Hexapeptide-8, Dipalmitoyl Hydroxyproline, Palmitoyl Pentapeptide-4, Palmitoyl Tripeptide-5, Ceramide EOP, Ceramide NP, Squalane, Cimicifuga Racemosa (Black Cohosh) Root Extract, Saccharomyces Lysate Extract, Phospholipids, Glyceryl Polymethacrylate, Simmondsia Chinensis Seed Oil, Argania Spinosa (Argan) Oil, Plukenetia Volubilis (Sacha Inchi) Seed Oil, Butyrospermum Parkii (Shea) Butter, Cetyl Alcohol, Tocotrienols (Vitamin E), Tocopheryl Linoleate, Sodium Carboxymethyl Beta-Glucan, Vitis Vinifera (Grape) Seed Extract, Oenothera Biennis (Evening Primrose) Oil, Rosa Canina (Rose Hip) Oil, Proprietary Essential Oil Blend, Caprylyl Glycol, Ethylhexylglycerin, Undecylenoyl Glycine, Capryloyl Glycine",Le Mieux Bio Cell Rejuvenating Cream,https://inkeedecoder.com/products/le-mieux-bio-cell-rejuvenating-cream-2
wrinkles,"Hyaluronic Acid, Acetyl Hexapeptide-8, Dipalmitoyl Hydroxyproline, Palmitoyl Pentapeptide-4, Palmitoyl Tripeptide-5, Ceramide EOP, Ceramide NP, Squalane, Cimicifuga Racemosa (Black Cohosh) Root Extract, Saccharomyces Lysate Extract, Phospholipids, Glyceryl Polymethacrylate, Simmondsia Chinensis Seed Oil, Argania Spinosa (Argan) Oil, Plukenetia Volubilis (Sacha Inchi) Seed Oil, Butyrospermum Parkii (Shea) Butter, Cetyl Alcohol, Tocotrienols (Vitamin E), Tocopheryl Linoleate, Sodium Carboxymethyl Beta-Glucan, Vitis Vinifera (Grape) Seed Extract, Oenothera Biennis (Evening Primrose) Oil, Rosa Canina (Rose Hip) Oil, Proprietary Essential Oil Blend, Caprylyl Glycol, Ethylhexylglycerin, Undecylenoyl Glycine, Capryloyl Glycine",Le Mieux Bio Cell Rejuvenating Cream,https://inkeedecoder.com/products/le-mieux-bio-cell-rejuvenating-cream-3
wrinkles,"Hyaluronic Acid, Acetyl Hexapeptide-8, Dipalmitoyl Hydroxyproline, Palmitoyl Pentapeptide-4, Palmitoyl Tripeptide-5, Ceramide EOP, Ceramide NP, Butyrospermum Parkii (Shea) Butter, Phospholipids, Soluble Marine Collagen, Dipotassium Glycyrrhizate, Superoxide Dismutase, Beta-Glucan, Sodium PCA, Chitosan, Pullulan, Sorbitol, Macrocystis Pyrifera (Brown Algae) Extract, Camellia Sinensis (Green Tea) Distillate, Caprylyl Glycol, Ethylhexylglycerin, Undecylenoyl Glycine, Capryloyl Glycine",Le Mieux Essence Moisturizer,https://inkeedecoder.com/products/le-mieux-essence-moisturizer
wrinkles,"Hyaluronic Acid, Marine Collagen, Acetyl Hexapeptide-8, Palmitoyl Pentapeptide-4, Ceramide NP, Magnesium Ascorbyl Phosphate, Camellia Sinensis (White Tea) Extract,Camellia Sinensis (Green Tea) Extract, Pantothenic Acid, Caviar Extract, Acetyl Octapeptide-3, Saxifrage Extract, Vitis Vinifera Extract, Morus Alba Root Extract, Scutellaria Root Extract, Glycyrrhizic Acid, Allantoin, (Ugl Complex) Glucosamine Hcl, Algae Extract, Yeast Extract, Urea, Fagus Sylvatica (Beech) Bud Extract, Enteromorpha Compressa Extract, Pseudoalteromonas Ferment Extract, Glucose, Glucose Oxidase, Lactoperoxidase",Le Mieux Moisture Infusion Mask,https://inkeedecoder.com/products/le-mieux-moisture-infusion-mask
wrinkles,"Hyaluronic Acid, Palmitoyl Tripeptide-5, Acetyl Hexapeptide-8, Palmitoyl Pentapeptide-4, Lavandula Officinalis (Lavender) Hydrosol, Chondrus Crispus Extract, Marine Collagen, Dna, Rna, Camellia Sinensis (White Tea) Extract, Panthenol, Fagus Sylvatica Extract, Alginate, Enteromorpha Compressa Extract, Chitosan, Xanthan Gum, Gelatin, Allantoin, Glucose Oxidase, Lactoperoxidase",Le Mieux Tgf-B Eye Firming Mask,https://inkeedecoder.com/products/le-mieux-tgf-b-eye-firming-mask
wrinkles,"Aqua, Glycerin, Pentylene Glycol, Palmitoyl Pentapeptide-4, Creatine, Panthenol, Butylene Glycol, Polysorbate 20, Acrylates/​C10-30 Alkyl Acrylate Crosspolymer, Carbomer, Sodium Gluconate, Sodium Hydroxide",Matas Striber Anti Wrinkle Øjengele Til Normal Hud Uden Parfume,https://inkeedecoder.com/products/matas-striber-anti-wrinkle-ojengele-til-normal-hud-uden-parfume
wrinkles,"Aqua, Propanediol, Niacinamide, Palmitoyl Pentapeptide-4, Lactobacillus/​Nereocystis Luetkeana Ferment Filtrate, Sodium Hyaluronate, Aloe Barbadensis (Vera) Leaf Juice*, Matricaria Recutita (Chamomile) Flower Extract*, Camellia Sinensis (Green Tea) Leaf Extract*, Olea Europaea (Olive) Leaf Extract*, Cellulose Gum, Citrus Aurantium Dulcis (Orange) Oil, Phenoxyethanol, Ethylhexylglycerin",Nayelle Revitalizing Serum,https://inkeedecoder.com/products/nayelle-revitalizing-serum
wrinkles,"Aqua, Aloe Barbadensis (Vera) Leaf Juice*, Sodium Ascorbyl Phosphate (Vitamin C), Palmitoyl Pentapeptide-4, Sodium Hyaluronate, Butyrospermum Parkii (Shea Butter), Matricaria (Chamomile) Flower Extract*, Camellia Sinensis (Green Tea) Leaf Extract, Olea Europaea (Olive) Leaf Extract*, Carbomer, Arginine, Citrus Aurantium Dulcis (Orange) Oil, Phenoxyethanol, Ethylhexyl Glycerine",Nayelle Vitamin C Luminous Serum,https://inkeedecoder.com/products/nayelle-vitamin-c-luminous-serum
wrinkles,"Water, Butylene Glycol, Niacinamide, Palmitoyl Pentapeptide-4, Magnesium Ascorbyl Phosphate, Xanthan Gum, Sodium Salicylate, Polysorbate 20, Disodium Phosphate, Disodium EDTA, Titanium Dioxide, Glycerin, Sodium Phosphate, Fragrance, Benzyl Alcohol, Methylparaben",Olay Advanced Brightening Sheet Mask,https://inkeedecoder.com/products/olay-advanced-brightening-sheet-mask
wrinkles,"Cyclopentasiloxane, Polyethylene, Dimethicone Crosspolymer, Palmitoyl Pentapeptide-4*, Tocopheryl Acetate**, Panthenyl Ethyl Ether, Glycerin, Titanium Dioxide, Silica, Water, Isohexadecane, Benzyl Alcohol, PPG-15 Stearyl Ether, PEG-100 Stearate, Phenoxyethanol, Caprylyl Glycol, Ethylhexylglycerin, Hexylene Glycol, Polyhydroxystearic Acid, Triethoxycaprylylsilane, PEG/​PPG-20/​15 Dimethicone, Iron Oxides",Olay Winkle And Pore Filler,https://inkeedecoder.com/products/olay-winkle-and-pore-filler
wrinkles,"Cyclopentasiloxane, Polyethylene, Dimethicone Crosspolymer, Palmitoyl Pentapeptide-4*, Tocopheryl Acetate**, Panthenyl Ethyl Ether, Phenoxyethanol, Titanium Dioxide, Silica, Isohexadecane, PPG-15 Stearyl Ether, Polyhydroxystearic Acid, Triethoxycaprylylsilane, PEG/​PPG-20/​15 Dimethicone, Iron Oxides",Olay Regenerist Wrinkle & Pore Vanisher,https://inkeedecoder.com/products/olay-regenerist-wrinkle-pore-vanisher
wrinkles,"Purified Water, Capric Caprylic Triglycerides, Sunflower Seed Oil, Matrixyl™ (Palmitoyl Pentapeptide-4), Glyceryl Stearate, Cetearyl Alcohol, Stearic Acid, Glycerin (Veg.), Adipofill’In™ (Propanediol+Ornithine+Phospholipids+Glycolipids), Progeline™ (Trifluoroacetyl Tripeptide-2), Syn-Ake™ (Dipeptide Diaminobutytoyl Benzylamide Diacetate), Aloe Leaf Juice, Shea Butter, Xanthan Gum, Hyaluronic Acid, Soy Protein, Saccharomyces Lysate Extract, Jojoba Seed Oil, Lecithin, Magnesium Ascorbyl Phosphate (Vit. C), Tocopherol Acetate, Panthenol, Allantoin, Tocopherol (Vit. E), Ethylhexylglycerin, Phenoxyethanol",Reviva Labs Nasolabial Fold+ Multi-Peptide Comp,https://inkeedecoder.com/products/reviva-labs-nasolabial-fold-multi-peptide-comp
wrinkles,"Aqua, Sodium Hyaluronate, Acetyl Tetrapeptide-5, Palmitoyl Pentapeptide-4, Acetyl Hexapeptide-8, Allantoin, Glycerin, Panthenol, Prunus Amygdalus Dulcis Seed Extract, Pyrus Malus Fruit Extract, Sorbitol, Phenoxyethanol, Hydroxyethylcellulose, Xylitylglucoside, Anhydroxylitol, Xylitol, Polysorbate 20, Ethylhexylglycerin, Tetrasodium EDTA",SkinMaster Peptide Repair Serum,https://inkeedecoder.com/products/skinmaster-peptide-repair-serum
wrinkles,"Aqua, Glycerin, Butylene Glycol, Palmitoyl Pentapeptide-4, Sodium Hyaluronate, Arctostaphylos Uva-Ursi Leaf Extract, Arnica Montana Flower Extract, Echinacea Purpurea Extract, Mimosa Tenuiﬂora Bark Extract, Calendula Ofﬁcinalis Flower Extract, Tilia Cordata Flower Extract, Ginkgo Biloba Leaf Extract, Hedera Helix (Ivy) Extract, Avena Sativa (Oat) Kernel Extract, Hypericum Perforatum Extract, Camellia Oleifera Leaf Extract, Allantoin, Propylene Glycol Alginate, PVM/​MA Decadiene Crosspolymer, Carbomer, Sodium Polyacrylate, Polysorbate 20, Sodium Citrate, Propylene Glycol, Parfum/​Fragrance, Tetrasodium EDTA, Diazolidinyl Urea, Iodopropynyl Butylcarbamate, Citric Acid, Sodium Hydroxide",Skoah. Skin Boost Serum,https://inkeedecoder.com/products/skoah-skin-boost-serum
wrinkles,"Aqua, Propanediol, Acetyl Hexapeptide-8, Palmitoyl Pentapeptide-4, Acetyl Tetrapeptide-11, Acetyl Tetrapeptide-9, Aloe Barbadensis (Vera) Leaf Juice, Matricaria Recutita (Chamomile) Flower Extract, Camellia Sinensis (Green Tea) Leaf Extract, Olea Europaea (Olive) Leaf Extract, Cellulose Gum, Citrus Aurantium Dulcis (Orange) Oil, Phenoxyethanol, Ethylhexylglycerin",Tree of Life Pro Collagen Triple Peptide Serum,https://inkeedecoder.com/products/tree-of-life-pro-collagen-triple-peptide-serum
wrinkles,"FGF, Igf, Palmitoyl Pentapeptide-4, Palmitoyl Tetrapeptide-7, Antioxidant",Velatox Gf11,https://inkeedecoder.com/products/velatox-gf11
wrinkles,"Aqua, Glycerin, Aloe Barbadensis Leaf Extract, Propylene Glycol, Palmitoyl Pentapeptide-4, Arginine, Niacinamide, Panthenol, Hydrolyzed Rice Protein, Hyaluronic Acid, Caprylic/​Capric Triglyceride, Polysorbate 20, Hydrolyzed Wheat Protein, Ceramide NP, Ceramide AP, Ceramide EOP, Phenoxyethanol, Chamomilla Recutita (Matricaria) Flower Extract, Sodium Hyaluronate, Allantoin, Tocopherol, Rétinol, Sodium Acrylate/​Sodium Acryloyldimethyl Taurate Copolymer, Lactic Acid, Acetyl Hexapeptide-8, Ci 45405, Mica, Butylene Glycol, Carbomer, Palmitoyl Tripeptide-1, Palmitoyl Tetrapeptide-7",Altesse Soin Reservoir Hydrating Serum,https://inkeedecoder.com/products/altesse-soin-reservoir-hydrating-serum
wrinkles,"Aqua (Water), Hyaluronic Acid, Ethoxydiglycol, Acetyl Glutamyl Heptapeptide-1, Palmitoyl Pentapeptide-4, Acetyl Hexapeptide-30, Arginine, Palmitoyl Oligopeptide, Palmitoyl Tetrapeptide-7, Glycerin, Butylene Glycol, Carbomer, Magnesium Ascorbyl Phosphate, Carnosine, Proline, Glycine, Threonine, Passiflora Incarnata (Passion) Flower Extract, Rosmarinus Officinalis (Rosemary) Leaf Extract, Matricaria Recutita Flower Extract, Polysorbate 20, Tetrasodium EDTA, Caprylyl Glycol, Phenoxyethanol, Hexylene Glycol",Circadia Myo-Cyte Plus Anti Wrinkle Serum,https://inkeedecoder.com/products/circadia-myo-cyte
wrinkles,"Aqua, Propylene Glycol, Acetyl Hexapeptide-8, Copper Tripeptide-1, Palmitoyl Pentapeptide-4, Tripeptide-1, Hexapeptide-9, Palmitoyl Tripeptide-1, Polyglyceryl-10 Laurate, Butylene Glycol, 1,2-Hexanediol, Glycerin, Niacinamide, Phenoxyethanol, Carbomer, Sodium Hyaluronate, Allantoin, Disodium EDTA, Acrylates/​C10-30 Alkyl Acrylate Crosspolymer, Sodium Hydroxide, Propanediol, Himanthalia Elongata Extract",Conscious Chemist 6 Peptide Booster Complex,https://inkeedecoder.com/products/conscious-chemist-6-peptide-booster-complex
wrinkles,"Aqua, Propylene Glycol, Acetyl Hexapeptide-8, Copper Tripeptide-1, Palmitoyl Pentapeptide-4, Tripeptide-1, Hexapeptide-9, Palmitoyl Tripeptide-1, Polyglyceryl-10 Laurate, Butylene Glycol, 1,2-Hexanediol, Glycerin, Niacinamide, Phenoxyethanol, Carbomer, Sodium Hyaluronate, Allantoin, Disodium EDTA, Acrylates/​C10-30 Alkyl Acrylate Crosspolymer, Sodium Hydroxide, Propanediol, Himanthalia Elongata Extract",Conscious Chemist 6 Peptide Complex Collagen Boosting Firming Essence Serum,https://inkeedecoder.com/products/conscious-chemist-6-peptide-complex-collagen-boosting-firming-essence-serum
wrinkles,"Water, Dimethicone, Glycerin, Retinyl Propionate, Palmitoyl Pentapeptide-4, C13-14 Isoparaffin, Dimethiconol, Polysorbate 20, Laureth-4, Laureth-7, Disodium EDTA, Dimethicone Crosspolymer, Polyacrylamide, Titanium Dioxide, Mica, DMDM Hydantoin, Iodopropynyl Butylcarbamate",Derma Geek Smoothing Facial Serum 0.3% Retinoid,https://inkeedecoder.com/products/derma-geek-smoothing-facial-serum-0-3-retinoid
wrinkles,"Water, Hydrolyzed Wheat Protein, Hydrolyzed Wheat Protein/​PVP Crosspolymer, Citrus Aurantium Amara Flower Extract (Bitter Orange), Palmitoyl Pentapeptide-4, Macrocystis Pyrifera Extract, Yeast Extract, Glycolipids, Sodium Ascorbyl Phosphate, Trifolium Pratense Flower Extract (Clover), Hydrolyzed Corallina Officinalis, Equisetum Hyemale Extract, Sodium Hyaluronate, PVP, Glycerin, Lecithin, Carbomer, Polysorbate 20, PEG-40 Hydrogenated Castor Oil, Butylene Glycol, Acrylates/​C10-30 Alkyl Acrylate Crosspolymer, Tetrasodium EDTA, Aminomethyl Propanol, Phenoxyethanol, Methylparaben, Linalool, Cananga Odorata Flower Oil (Ylang Ylang)",Dermalogica Extra Firming Booster,https://inkeedecoder.com/products/dermalogica-extra-firming-booster
wrinkles,"Aqua, Propylene Glycol, Xanthan Gum, Tocopherol, Matrixyl (Palmitoyl Pentapeptide-3), Hyaluronic Acid, Ceramide EOP (Cetyl-Pg Hydroxyethyl Palmitamide), Coconut Acid, Fragrance",Dermaroller Intensive Hyaluronic Moisturizer Mask,https://inkeedecoder.com/products/dermaroller-intensive-hyaluronic-moisturizer
wrinkles,"Distilled Water, Butylene Glycol, Carbomer, Polysorbate 20, Palmitoyl Pentapeptide-3, Hesperidin Methyl Chalcone, Steareth-20, Dipeptide-2, Palmitoyl Tetrapeptide-7, N-Hydroxysuccinimide, Chrysin, Palmitoyl Oligopeptide, Glycerine, Hydroxypropyl Bispalmitamide MEA, Propylene Glycol, Diazolidinyl Urea",Earthen Skincare Repair & Lift,https://inkeedecoder.com/products/earthen-skincare-repair-lift
wrinkles,"Water, Glycerin, Retinol, Beta-Glucan, Matrixyl (3 %), Vitamin C, Niacinamide (4%), Probiobalance, Sodium PCA, Sodium Acrylates Copolymer, Lecithin, Acetyl Hexapeptide-3, Polysorbate 20, CCTG, Palmitoyl Tripeptide-1, Palmitoyl Tetrapeptide-7, Squalene, Liquorice Root Extract, Avocado Oil, Glyceryl Stearate, PEG- 100 Stearate, Butyrospermum Parkii (Shea) Butter, D-Panthenol, Terminalia Ferdinandiana Fruit Extract, Theobroma Cacao (Cocoa) Seed Butter, Vitis Vinifera Seed Extract, Aloe Vera Leaf Extract, Hydrolyzed Collagen, Sodium Lactate, Hydrolyzed Wheat Protein, Sodium Hyaluronate, Polyacrylate-13, Polyisobutene",Glo blanc Intensive Repair Night Cream,https://inkeedecoder.com/products/glo-blanc-intensive-repair-night-cream
wrinkles,palmitoyl-pentapeptide-4,Next page >>,https://inkeedecoder.com/ingredients/palmitoyl-pentapeptide-4?uoffset=1
wrinkles,"Acetyl Hexapeptide-8, Acetyl Octapeptide-3, Nonapeptide-1, Dipeptide-1, Dipeptide-2, Dipeptide-4, Acetyl Tetrapeptide-2, Acetyl Tetrapeptide-3, Acetyl Tetrapeptide-5, Acetyl Tripeptide-1, Alanine/​Histidine/​Lysine Polypeptide Copper HCL, Oligopeptide-6, Copper Tripeptide-1, Tripeptide-1, Tripeptide-2, Tripeptide-3, Hexapeptide-2, Hexapeptide-8, Hexapeptide-9, Dipeptide Diaminobutyroyl Benzylamide Diacetate, Palmitoyl Dipeptide-7, Palmitoyl Tetrapeptide-7, Palmitoyl Tripeptide-1, Palmitoyl Tripeptide-5, Palmitoyl Pentapeptide-4, Palmitoyl Hexapeptide-12",Cellimure Peptide Pdrn Botul Lifting Ampoule,https://inkeedecoder.com/products/cellimure-peptide-pdrn-botul-lifting-ampoule
wrinkles,"Acetyl Hexapeptide -8, Copper Tripeptide -1, Oligopeptide -1, Sodium Hyaluronate, Anthemis Nobilis Flower Extract, ，Saccharomyces/​Viscum Album (Mistletoe) Ferment Extract, ，Portulaca Oleracea Extract",Dew and Dew Luxury Cell Collagen Peptide Ampoule,https://inkeedecoder.com/products/dew-and-dew-luxury-cell-collagen-peptide-ampoule
wrinkles,"Acetyl Hexapeptide-8, Water, Butylene Glycol, Glycerin, 1,2-Hexanediol, Caprylyl Glycol, Glycosyl Trehalose, Hydrogenated Starch Hydrolysate, Betaine, Allantoin, Carbomer, Polyglyceryl-4 Caprate, Arginine, Adenosine, Ethylhexylglycerin, Dipotassium Glycyrrhizate, Pentylene Glycol, Lavandula Angustifolia Oil, Aspalathus Linearis Extract, Glycyrrhiza Glabra Root Extract, Commiphora Myrrha Resin Extract, Perilla Frutescens Leaf Extract, Yucca Schidigera Root Extract, Copper Tripeptide-1, Nicotinoyl Tripeptide-1, Palmitoyl Pentapeptide-4, Caffeoyl SH-Octapeptide-4, Caffeoyl Tripeptide-1, SH-Octapeptide-4, Sh-Decapeptide-9, SH-Pentapeptide-19",Greymelin Multi Peptide Ampoule,https://inkeedecoder.com/products/greymelin-multi-peptide-ampoule
wrinkles,"Acetyl Hexapeptide-8 (1 Ppm), Niacinamide, Butylene Glycol, Panthenol, Dipotassium Glycyrrhizate, Aloe Barbadensis Leaf Extract, Peg-60 Hydrogenated Castor Oil, Lactobacillus/​Soybean Ferment Extract, Salix Alba (Willow) Bark Extract, Cinnamomum Cassia Bark Extract, Origanum Vulgare Leaf Extract, Chamaecyparis Obtusa Leaf Extract, Scutellaria Baicalensis Root Extract, Portulaca Oleracea Extract, Hordeum Vulgare Seed Extract, Cucumis Sativus (Cucumber) Seed Extract, Nelumbo Nucifera Seed Extract, Panax Ginseng Seed Extract, Punica Granatum Seed Extract, Phenylalanine, Proline, Threonine, Tryptophan, Valine, Adenosine, Disodium Edta, Punica Granatum Fruit Extract, Ficus Carica (Fig) Fruit Extract, Morus Alba Fruit Extract, Ginkgo Biloba Nut Extract, Borago Officinalis Seed Oil, Prunus Amygdalus Dulcis (Sweet Almond) Oil, Macadamia Integrifolia Seed Oil, Helianthus Annuus (Sunflower) Seed Oil, Brassica Campestris (Rapeseed) Seed Oil, Carbomer, Triethanolamine, Malt Extract, Phenoxyethanol, 1,2-Hexanediol, Caprylyl Glycol, Illicium Verum (Anise) Fruit Extract, Fragrance",Scinic Peptide Ampoule 95,https://inkeedecoder.com/products/scinic-peptide-ampoule-95
wrinkles,"Acetyl Hexapeptide-8, Water, Copper Tripeptide-1, rh-Oligopeptide-1, SH-Oligopeptide-2, SH-Polypeptide-1, Adenosine, Hydroxyethyl Acrylate/​Sodium Acryloyldimethyl Taurate Copolymer, Xanthan Gum, 1,2-Hexanediol",Sidmool Acetyl Ampoule,https://inkeedecoder.com/products/sidmool-acetyl-ampoule
wrinkles,"Acetyl Hexapeptide-8(10Ppm,64%), Caprylic/​Capric Triglyceride(Ecocert Natural), Butylene Glycol, Aloe Barbadensis Leaf Water, Dicaprylyl Carbonate(Ecocert Natural), Glycerin, Niacinamide, Cetearyl Alcohol(Ecocert Natural), Fucoxanthin, Human Oligopeptide-1(Egf), Rh-Polypeptide-11(Fgf), rh-Oligopeptide-2(Igf), Astaxanthin, Heptyl Glucoside(Ecocert Natural), Betaine, Trehalose, Hyaluronic Acid(Ecocert Natural), Sodium Hyaluronate, Tocopherol, Beta-Carotene, Vitis Vinifera (Grape) Seed Extract, Ascorbic Acid, Polyglyceryl-10 Stearate(Ecocert Natural), Adenosine, 1,2-Hexanediol, Allantoin, Dipotassium Glycyrrhizate, Sorbitan Olivate, Cetearyl Olivate",Sidmool Min Jung Gi Efi Eye Cream,https://inkeedecoder.com/products/sidmool-min-jung-gi-efi-eye-cream
wrinkles,"Water, Acetyl Hexapeptide-8, Palmitoyl Tripeptide-5, Glycerin, Sodium Hyaluronate, rh-Oligopeptide-1, Sodium Ascorbyl Phosphate, Sodium Benzoate, Phenoxyethanol, Disodium EDTA, Citric Acid",Ageless Serums Growth Factor Infusion,https://inkeedecoder.com/products/ageless-serums-growth-factor-infusion
wrinkles,"Aqua, Acetyl Hexapeptide-8, Sodium Hyaluronate, Propylene Glycol, Phenoxyethanol, Polysorbate 80, Caprylyl Glycol, Xanthan Gum, Glycerin, EDTA",Aromavit Serum Botox Argireline,https://inkeedecoder.com/products/aromavit-serum-botox-argireline
wrinkles,"Water, Acetyl Hexapeptide-8, Sodium Hyaluronate, Acmella Oleracea Extract, Algae Extract, Pullulan, Alcohol, Cetyl Alcohol, Sodium Acrylate/​Sodium Acryloyldimethyl Taurate Copolymer, Glyceryl Stearate, Caprylic/​Capric Triglyceride, Allantoin, Pseudoalteromonas Ferment Extract, Hydrolyzed Wheat Protein, Hydrolyzed Soy Protein, Tripeptide-10 Citrulline, Tripeptide-1, Lecithin, Xanthan Gum, Carbomer, Triethanolamine, Butylene Glycol, Caprylyl Glycol, Rhododendron Ferrugineum Leaf Cell Culture Extract, Isomalt, Epilobium Angustifolium (Willowherb) Flower/​Leaf/​Stem Extract, Glycerin, Citrus Bergamia (Bergamot) Fruit Oil, Acrylamide/​Sodium Acrylate Copolymer, Mineral Oil, Trideceth-6, Phenoxyethanol, Potassium Sorbate, Sodium Benzoate, Lactic Acid, Propylene Glycol, Diazolidinyl Urea, Iodopropynyl Butylcarbamate, Tetrasodium EDTA",Bazi - SkyForest Anti-aging Cream Base - MC,https://inkeedecoder.com/products/bazi-skyforest-anti-aging-cream-base-mc
wrinkles,"Water (Aqua), Acetyl Hexapeptide-8, Glycerin, Algae Extract, Pullulan, Glyceryl Acrylate/​Acrylic Acid Copolymer, PEG-7 Glyceryl Cocoate, Hydroxyethylcellulose, Carbomer, Polyacrylamide, Aloe Barbadensis Leaf Extract, Tocopheryl Acetate, Hydrolyzed Collagen, Hyaluronic Acid, Collagen Amino Acids, Adenosine Triphosphate, Sea Salt (Maris Sal), Sodium Sulfate, Sodium Chloride, Sodium Carbonate, Potassium Chloride, Sodium Hyaluronate, C13-14 Isoparaffin, Laureth-7, Propylene Glycol, Disodium EDTA, Butylene Glycol, Sodium Hydroxide, Benzoic Acid, Sorbic Acid",Borghese Insta Form Platinum,https://inkeedecoder.com/products/borghese-insta-form-platinum
wrinkles,"Water, Acetyl Hexapeptide-8, Acetyl Glutamyl Heptapeptide-1, Palmitoyl Pentapeptide-3, Dipeptide Diaminobutyroyl Benzylamide Diacetate, Palmitoyl Oligopeptide, Tetrapeptide-3, Dimethyl Isosorbide, Butylene Glycol, Glycerin, Willow Bark Extract, Bilberry Extract, Sugar Cane Extract, Sugar Maple Extract, Orange Fruit Extract, Lemon Extract, Sodium Lactate, Panthenol, Cucumber Flower Extract, Phenoxyethanol, Sodium Hyaluronate, Centella Asiatica Extract, Lycopene, Alpha Tocopherol, Menthol",CELLBONE Hyper Peptides,https://inkeedecoder.com/products/cellbone-hyper-peptides
wrinkles,"Water, Acetyl Hexapeptide-8, Rhododendron Ferrugineum Leaf Cell (Alpine Rose)Culture Extract, Malus Domestica Fruit Cell (Apple) Culture Extract, Chamomilla Recutita (Matricaria) Flower Extract, Hydrolyzed Collagen, Disodium EDTA, Glycerin, Portulaca Oleracea Extract, Mannan, Polysorbate 80, Sodium Hyaluronate, Ceratonia Siliqua Gum, Dipotassium Glycyrrhizate, Potassium Hydroxide, Phenoxyethanol",CRL Peptide Aqua Gel Mask,https://inkeedecoder.com/products/crl-peptide-aqua-gel-mask
wrinkles,"Aqua, Acetyl Hexapeptide-8, Ethylhexyl Palmitate, Glyceryl Stearate, Squalane, Cetearyl Alcohol, Dimethicone, Ascorbyl Glucoside, Hyaluronic Acid, Aluminum Starch Octenylsuccinate, Carthamus Tinctorius Seed Oil, Beta-Glucan, Hippophae Rhamnoides Oil, Centella Asiatica Leaf Extract, Phenoxyethanol, Caprylyl Glycol, Sorbic Acid, Ethoxydiglycol, Glycerin, Titanium Dioxide, Zinc Oxide, Beta-Carotene, Curcuma Longa Root Extract, Taurine, Xanthan Gum, Chloroxylenol, Sodium Hydroxide",DMK Eye Tone,https://inkeedecoder.com/products/dmk-eye-tone
wrinkles,"Aqua, Acetyl Hexapeptide-8, Caprylyl Glycol, Butylene Glycol, Glycerine, Sodium Acrylates Copolymer, Lecithin, Adansonia Digitata Pulp Extract, Xanthan Gum, Sodium Hyaluronate, Cucumis Sativus (Cucumber) Fruit Extract, Helianthus Annuus (Sunflower) Sprout Extract, Maltodextrin, Phenoxyethanol, Triethylene Glycol, EDTA",De Anne Skincare ￼10% Argireline Serum With Nad+,https://inkeedecoder.com/products/de-anne-skincare-10-argireline-serum-with-nad
wrinkles,"Demineralized Water (Aqua), Acetyl Hexapeptide-8, Acetyl Octapeptide-3, Dipeptide Diaminobutyroyl Benzylamide Diacetate, Palmitoyl Oligopeptide, Palmitoyl Tetrapeptide-7, Lecithin, Ectoin, Cyclotetrapeptide-24 Aminocyclohexane Carboxylate, Pseudoalteromonas Ferment Extract, Hydrolyzed Wheat Protein, Hydrolyzed Soy Protein, Tripeptide-10 Citrulline, Tripeptide-1, Hesperidin Methyl Chalcone, Dipeptide-2, Palmitoyl Tetrapeptide-3, Pentapeptide-18, N-Hydroxysuccinimide, Chrysin, Palmitoyl Tripeptide-5, Palmitoyl Dipeptide-5 Diaminobutyroyl Hydroxythreonine, Palmitoyl Dipeptide-5 Diaminohydroxybutyrate, Acetyl Tetrapeptide-15, Palmitoyl Tripeptide-38, Avena Sativa (Oat) Kernel Extract, Aminobutyric Acid, Cetearyl Alcohol, Cetearyl Glucoside, Alpinia Galanga Leaf Extract, Limnanthes Alba (Meadowfoam) Seed Oil, Diethylhexyl Sebacate, C10-30 Cholesterol/​Lanosterol Esters, Glycerin, Niacinamide, Acetyl Tyrosine, Proline, Hydrolyzed Vegetable Protein, Adenosine Triphosphate, Saccharide Isomerate, Octyldodecyl Myristate, Butyrospermum Parkii (Shea) Butter, Menthyl Ethylamido Oxalate, Sodium Hyaluronate, Melia Azadirachta Leaf Extract, Bacopa Monniera Extract, Capryloyl Heptapeptide-12, Colloidal Gold (Nano), Melanin, Malachite Extract, Acetyl Tetrapeptide-17, Colloidal Platinum (Nano), Phenoxyethanol, Resveratrol, Retinyl Palmitate, Ergothioneine, Mica, Chlorphenesin, Tetrahydropiperine, Algae Extract, Fragrance, Ethylhexylglycerin, Gold",Derm Institute Youth Alchemy Eye Cream,https://inkeedecoder.com/products/derm-institute-youth-alchemy-eye-cream
wrinkles,"Distilled Water, Acetyl Hexapeptide-8, Palmitoyl Tripeptide-1, Palmitoyl Tetrapeptide-7, Pentapeptide-18, Palmitoyl Tripeptide-38, Palmitoyl Tripeptide-52, N-Prolyl Palmitoyl Tripeptide-56 Acetate, Agave Tequilana (Agave), Hydrolyzed Amaranth Protein, Matricaria Chamomilla (Chamomile), Cucumis Sativus (Cucumber), Tropaeolum Majus Flower Extract, Glycyrrhiza Glabra (Liquorice), Camellia Sinensis (Green Tea), Iris Latifolia Extract, Chondrus Crispus Extract, Copper Tripeptide-1 (Copper Peptides), Adenosine, Trehalose, Betaine, Sodium PCA, Serine, Glycine, Alanine, Lysine, Arginine, Threonine, Proline, Glutamic Acid, Leuconostoc/​Radish Root Ferment Filtrate, Vegetable Glycerin, Lactococcus Ferment Lysate, Propanediol, Pentylene Glycol, Allantoin, Sodium Hyaluronate (Hyaluronic Acid Source Based On High And Low Molecular Weight Plants), Citrus Paradisi (Grapefruit) Seed Extract, Xanthan Gum",Dermaceutic Peptidos De Cobre Suero Anti-edad,https://inkeedecoder.com/products/dermaceutic-peptidos-de-cobre-suero-anti-edad
wrinkles,"Aqua, Acetyl Hexapeptide-8, Pentapeptide-18, Palmitoyl Tripeptide-1, Palmitoyl Tetrapeptide-7, Palmitoyl Tripeptide-38, Glycerin, Ceramide EOP, Ceramide NP, Ceramide AP, Hydrolyzed Collagen, Alanine, Serine, Valine, Isoleucine, Proline, Histidine, Phenylalanine, Arginine, Aspartic Acid, Phenoxyethanol",Dermaten Firming Power Serum,https://inkeedecoder.com/products/dermaten-firming-power-serum
wrinkles,"Aqua (Water), Acetyl Hexapeptide-8, Squalene, Butylene Glycol, Simmondsia Chinensis (Jojoba) Seed Oil, Dimethicone, Vitis Vinifera (Grape) Seed Oil, Phenyl Trimethicone, Glyceryl Acrylate/​Acrylic Acid Copolymer, C14-22 Alcohols, C12-20 Alkyl Glucoside, Cyclomethicone, Carthamus Tinctorius (Safflower) Flower Extract, Hydrogenated Lecithin, Methyl Glucose Sesquistearate, Glycerin, Arachidyl Alcohol, Behenyl Alcohol, Arachidyl Glucoside, Cetearyl Olivate, Sorbitan Olivate, Polysorbate 20, Retinyl Palmitate, Rosa Canina (Dog Rose) Seed Extract, Tocopheryl Acetate, Caffeine, Polyisobutene, Cholesterol, Polyacrylate-13, Ginkgo Biloba (Maidenhair Tree) Leaf Extract, Scutellaria Baicalensis (Baikal Skullcap) Root Extract, Collagen Amino Acids, Panthenol, Hydrolyzed Soy Protein, Allantoin, Xanthan Gum, Citrus Aurantium Dulcis (Orange) Peel Oil, Adenosine, Sodium Hyaluronate, Hydrolyzed Conalbumin, Palmitoyl Oligopeptide, Copper Tripeptide-1, Oligopeptide-1, Oligopeptide-2, Oligopeptide-3, Phenoxyethanol, Methylparaben",Dr's Secret Aestier By Dr's Secret Eye Cream,https://inkeedecoder.com/products/drs-secret-aestier-by-drs-secret-eye-cream
wrinkles,"Aqua (Water), Acetyl Hexapeptide-8, Squalene, Butylene Glycol, Simmondsia Chinensis (Jojoba) Seed Oil, Dimethicone, Vitis Vinifera (Grape) Seed Oil, Phenyl Trimethicone, Glyceryl Acrylate/​Acrylic Acid Copolymer, C14-22 Alcohols, C12-20 Alkyl Glucoside, Cyclomethicone, Carthamus Tinctorius (Safflower) Flower Extract, Hydrogenated Lecithin, Methyl Glucose Sesquistearate, Glycerin, Arachidyl Alcohol, Behenyl Alcohol, Arachidyl Glucoside, Cetearyl Olivate, Sorbitan Olivate, Polysorbate 20, Retinyl Palmitate, Rosa Canina (Dog Rose) Seed Extract, Tocopheryl Acetate, Caffeine, Polyisobutene, Cholesterol, Polyacrylate-13, Ginkgo Biloba (Maidenhair Tree) Leaf Extract, Scutellaria Baicalensis (Baikal Skullcap) Root Extract, Collagen Amino Acids, Panthenol, Hydrolyzed Soy Protein, Allantoin, Xanthan Gum, Citrus Aurantium Dulcis (Orange) Peel Oil, Adenosine, Sodium Hyaluronate, Hydrolyzed Conalbumin, Palmitoyl Oligopeptide, Copper Tripeptide-1, Oligopeptide-1, Oligopeptide-2, Oligopeptide-3, Phenoxyethanol, Methylparaben",Dr's Secret Eye Cream,https://inkeedecoder.com/products/drs-secret-eye-cream
wrinkles,"Aqua, Acetyl Hexapeptide-8, Niacinamide, Hydroxyethyl Urea, Glycerin*, Fomes Officinalis Extract, Malva Sylvestris Flower/​Leaf/​Stem Extract, Alchemilla Vulgaris Extract, Melissa Officinalis Leaf Extract, Mentha Piperita Leaf Extract, Veronica Officinalis Flower/​Leaf/​Stem Extract, Achillea Millefolium Extract, Primula Veris Extract, Butylene Glycol, Hydrogenated Lecithin, Sodium Oleate, Oligopeptide-68, Ascorbyl Glucoside, Glycine Soja Oil, Sophora Flavescens Extract, Glycyrrhiza Inflata Root Extract, Scutellaria Baicalensis Root Extract, Simmondsia Chinensis Seed Oil*, Adansonia Digitata Seed Oil, Citrullus Lanatus Seed Oil, Propanediol, Aloe Barbadensis Leaf Juice"", Phospholipids, Adansonia Digitata Fruit Extract, Sodium Hyaluronate*, Phenoxyethanol, Ethylhexyl-Glycerin, Xanthan Gum*, Vitamin E Acetate, Polysorbate 20, Hexylresorcinol, Caprylic Acid, Isopropyl Alcohol, PEG-400, Caproic Acid, Capric Acid",Foresta Pore And Whitening Serum,https://inkeedecoder.com/products/foresta-pore-and-whitening-serum
wrinkles,"Aqua, Acetyl Hexapeptide-8, Caprylyl Glycol, Ethylhexylglycerin, Glycerine, Propanediol, Ethoxydiglycol, Sodium PCA, Sodium Hyaluronate, Bifida Ferment Lysate, Chamomilla Recutita Flower Extract, Potassium Sorbate, Sodium Benzoate, Gluconolactone, Tetrapeptide-21, Butylene Glycol, Acetyl Glucosamine, Inulin, Hydroxypropyl Cyclodextrin, Cyclodextrin, Polydextrose, Resveratrol, Panthenol, Allantoin, Sodium Gluconate, Xylitylglucoside, Anhydroxylitol, Xylitol, Ascorbyl Glucoside, Ectoin",Gabit Multi-peptide & Resveratrol Face Serum,https://inkeedecoder.com/products/gabit-multi-peptide-resveratrol-face-serum
wrinkles,"Aqua, Acetyl Hexapeptide-8, Witch Hazel Extract, Glycerin, Niacinamide, Hydroxyethyl Urea, Isoprene Glycol, Glycereth-26, Portulaca Oleracea Extract, Galactoarabinan, SH-Oligopeptide-1, Aphanothece Sacrum Polysaccharide, Coffea Arabica Seed Extract, Trehalose, Carnosine, Butylene Glycol, 1,2-Hexanediol, Lecithin, Hydrogenated Lecithin, Dipotassium Glycyrrhizate, Chamaecyparis Obtusa Leaf Extract, Ceramide NP, Tromethamine, Caprylyl Glycol, Sodium Hyaluronate, Hyaluronic Acid, Potassium Hyaluronate, Hydrolyzed Hyaluronic Acid, Sodium Hyaluronate Crosspolymer, Hydroxypropyltrimonium Hyaluronate, Sodium Acetylated Hyaluronate, Hydrolyzed Sodium Hyaluronate, Xanthan Gum, Ethylhexylglycerin, Parfum",Gravity Skincare 1All™ Serum,https://inkeedecoder.com/products/gravity-skincare-1all-tm-serum
wrinkles,"Aqua, Acetyl Hexapeptide-8, Tripeptide-1, Niacinamide, SH-Oligopeptide-1, Glycerin, Hydroxypropyl Cyclodextrin, Palmitoyl Tripeptide-38, Copper Tripeptide-1, Dextran, Tripeptide-32, Salix Nigra (Willow) Bark Extract, Lecithin, Acetyl Glutamine, SH-Oligopeptide-2, SH-Polypeptide-1, SH-Polypeptide-9, SH-Polypeptide-11, Glyceryl Acrylate Acrylic Acid Copolymer, Bacillus/​Folic Acid Ferment Filtrate Extract, Aloe Barbadensis Leaf Extract, Xanthan Gum, Royal Jelly, Ectoin, Phenoxyethanol, Caprylyl Glycol, Glyceryl Caprylate, Lactic Acid/​Glycolic Acid Copolymer*, Phenylpropanol, Palmitoyl Sh-Octapeptide-24 Amide, Polyvinyl Alcohol, Palmitoyl Sh-Tripeptide-5 Norisoleucyl Sh-Nonapeptide-1, Sodium Hyaluronate, Butylene Glycol, Carbomer, Dipotassium Glycyrrhizate, Tocopheryl Acetate, Ethylhexylglycerin, Disodium EDTA",Her Hyness Bio-peptide Advanced Youth Plus Glow Serum,https://inkeedecoder.com/products/her-hyness-bio-peptide-advanced-youth-plus-glow-serum
wrinkles,"Water, Acetyl Hexapeptide-8 (Argireline), Vegetable Glycerin, Sodium Hyaluronate (Hyaluronic Acid), Xanthan Gum, Aloe Barbadensis Leaf Juice, Glucose, Lactoperoxidase, Glucose Oxidase","Hyalogic Episilk, Facial Relax Face Serum",https://inkeedecoder.com/products/hyalogic-episilk-facial-relax-face-serum
wrinkles,"Aqua, Acetyl Hexapeptide-8, Sucrose Palmitate, Polysorbate 20, Tocopheryl Acetate, Malus Domestica Fruit Cell Culture Extract, Plankton Extract, Sodium Hyaluronate, Hydrolyzed Rice Bran Protein, Imperata Cylindrica Root Extract, Tetrahexyldecyl Ascorbate, Palmitoyl Tripeptide-1, Algae Extract, Camellia Sinensis (Green Tea) Leaf Extract, Spiraea Ulmaria Flower Extract, Centella Asiatica Extract, Echinacea Purpurea Extract, Phaseolus Radiatus, Acetyl Octapeptide-3, Leontopodium Alpinum Meristem Cell Culture, Macrocystis Pyrifera Extract, Argania Spinosa Sprout Cell Culture Extract, Superoxide Dismutase, Palmitoyl Tripeptide-38, Hydroxypropyl Cyclodextrin, Hydrolyzed Wheat Protein, Arabidopsis Extract, Lecithin, Phospholipids, Butylene Glycol, PEG-8 Smdi Copolymer, Pullulan, Glycine Soja (Soybean) Protein, Isomalt, Propylene Glycol, Glyceryl Polymethacrylate, Sodium Dextran Sulfate, Citric Acid, PVP, Disodium EDTA, Xanthan Gum, Sodium Benzoate, Potassium Sorbate, Hydroxyethylcellulose, Phenoxyethanol, Ethylhexylglycerin",Image Skincare The Max Stem Cell Eye Creme,https://inkeedecoder.com/products/image-skincare-the-max-stem-cell-eye-creme
wrinkles,"Aqua, Acetyl Hexapeptide-8, Sucrose Palmitate, Polysorbate 20, Tocopheryl Acetate, Malus Domestica Fruit Cell Culture Extract, Plankton Extract, Sodium Hyaluronate, Hydrolyzed Rice Bran Protein, Imperata Cylindrica Root Extract, Tetrahexyldecyl Ascorbate, Palmitoyl Tripeptide-1, Algae Extract, Camellia Sinensis (Green Tea) Leaf Extract, Spiraea Ulmaria Flower Extract, Centella Asiatica Extract, Echinacea Purpurea Extract, Phaseolus Radiatus L Callus Extract, Acetyl Octapeptide-3, Leontopodium Alpinum Meristem Cell Culture, Macrocystis Pyrifera Extract, Argania Spinosa Sprout Cell Culture Extract, Superoxide Dismutase, Palmitoyl Tripeptide-38, Hydroxypropyl Cyclodextrin, Hydrolyzed Wheat Protein, Arabidopsis Extract, Lecithin, Phospholipids, Butylene Glycol, PEG-8 Smdi Copolymer, Pullulan, Glycine Soja (Soybean) Protein, Isomalt, Propylene Glycol, Glyceryl Polymethacrylate, Sodium Dextran Sulfate, Citric Acid, PVP, Disodium EDTA, Xanthan Gum, Sodium Benzoate, Potassium Sorbate, Hydroxyethylcellulose, Phenoxyethanol",Image Skincare The Max™ Stem Cell Serum,https://inkeedecoder.com/products/image-skincare-the-max-tm-stem-cell-serum
wrinkles,"Aqua, Acetyl Hexapeptide-8, Glycerin, Algae Extract, Pullulan, Glyceryl Acrylate/​Acrylic Acid Copolymer, PEG-7 Glyceryl Cocoate, Hydroxyethylcellulose, Carbomer, Polyacrylamide, Aloe Barbadensis Leaf Extract, Tocopheryl Acetate, Hydrolyzed Collagen, Hyaluronic Acid, Collagen Amino Acids, Adenosine Triphosphate, Maris Sal, Sodium Sulfate, Sodium Chloride, Sodium Carbonate, Potassium Chloride, Sodium Hyaluronate, C13-14 Isoparaffin, Laureth-7, Propylene Glycol, Disodium EDTA, Butylene Glycol, Sodium Hydroxide, Sorbic Acid, Benzoic Acid, Phenoxyethanol, Chlorphenesin",Kirkland Signature Borghese Insta-Firm Platinum Advanced Wrinkle Relaxer,https://inkeedecoder.com/products/kirkland-signature-borghese-insta-firm-platinum-advanced-wrinkle-relaxer
wrinkles,"Hyaluronic Acid, Acetyl Hexapeptide-8, Dipalmitoyl Hydroxyproline, Palmitoyl Pentapeptide-4, Palmitoyl Tripeptide-5, Ceramide I, Ceramide III, Squalane, Cimicifuga Racemosa (Black Cohosh) Root Extract, Saccharomyces Lysate Extract (Live Yeast Cell Derivative), Phospholipids, Glyceryl Polymethacrylate, Simmondsia Chinensis (Jojoba) Oil, Argania Spinosa (Argan) Oil, Plukenetia Volubilis (Sacha Inchi) Seed Oil, Butyrospermum Parkii (Shea) Butter, Cetyl Alcohol, Tocotrienols (Vitamin E), Tocopheryl Linoleate, Sodium Carboxymethyl Beta-Glucan, Vitis Vinifera (Grape) Seed Extract, Oenothera Biennis (Evening Primrose) Oil, Rosa Canina (Rose Hip) Oil, Proprietary Essential Oil Blend, Glucose, Glucose Oxidase, Lactoperoxidase",Le Mieux Bio Cell Rejuvenating Cream,https://inkeedecoder.com/products/le-mieux-bio-cell-rejuvenating-cream
wrinkles,"Hyaluronic Acid, Acetyl Hexapeptide-8, Dipalmitoyl Hydroxyproline, Palmitoyl Pentapeptide-4, Palmitoyl Tripeptide-5, Ceramide EOP, Ceramide NP, Squalane, Cimicifuga Racemosa (Black Cohosh) Root Extract, Saccharomyces Lysate Extract, Phospholipids, Glyceryl Polymethacrylate, Simmondsia Chinensis Seed Oil, Argania Spinosa (Argan) Oil, Plukenetia Volubilis (Sacha Inchi) Seed Oil, Butyrospermum Parkii (Shea) Butter, Cetyl Alcohol, Tocotrienols (Vitamin E), Tocopheryl Linoleate, Sodium Carboxymethyl Beta-Glucan, Vitis Vinifera (Grape) Seed Extract, Oenothera Biennis (Evening Primrose) Oil, Rosa Canina (Rose Hip) Oil, Proprietary Essential Oil Blend, Caprylyl Glycol, Ethylhexylglycerin, Undecylenoyl Glycine, Capryloyl Glycine",Le Mieux Bio Cell Rejuvenating Cream,https://inkeedecoder.com/products/le-mieux-bio-cell-rejuvenating-cream-2
wrinkles,"Hyaluronic Acid, Acetyl Hexapeptide-8, Dipalmitoyl Hydroxyproline, Palmitoyl Pentapeptide-4, Palmitoyl Tripeptide-5, Ceramide EOP, Ceramide NP, Squalane, Cimicifuga Racemosa (Black Cohosh) Root Extract, Saccharomyces Lysate Extract, Phospholipids, Glyceryl Polymethacrylate, Simmondsia Chinensis Seed Oil, Argania Spinosa (Argan) Oil, Plukenetia Volubilis (Sacha Inchi) Seed Oil, Butyrospermum Parkii (Shea) Butter, Cetyl Alcohol, Tocotrienols (Vitamin E), Tocopheryl Linoleate, Sodium Carboxymethyl Beta-Glucan, Vitis Vinifera (Grape) Seed Extract, Oenothera Biennis (Evening Primrose) Oil, Rosa Canina (Rose Hip) Oil, Proprietary Essential Oil Blend, Caprylyl Glycol, Ethylhexylglycerin, Undecylenoyl Glycine, Capryloyl Glycine",Le Mieux Bio Cell Rejuvenating Cream,https://inkeedecoder.com/products/le-mieux-bio-cell-rejuvenating-cream-3
wrinkles,"Hyaluronic Acid, Acetyl Hexapeptide-8, Dipalmitoyl Hydroxyproline, Palmitoyl Pentapeptide-4, Palmitoyl Tripeptide-5, Ceramide EOP, Ceramide NP, Butyrospermum Parkii (Shea) Butter, Phospholipids, Soluble Marine Collagen, Dipotassium Glycyrrhizate, Superoxide Dismutase, Beta-Glucan, Sodium PCA, Chitosan, Pullulan, Sorbitol, Macrocystis Pyrifera (Brown Algae) Extract, Camellia Sinensis (Green Tea) Distillate, Caprylyl Glycol, Ethylhexylglycerin, Undecylenoyl Glycine, Capryloyl Glycine",Le Mieux Essence Moisturizer,https://inkeedecoder.com/products/le-mieux-essence-moisturizer
wrinkles,"Water, Acetyl Hexapeptide-8, Glycerin, Caprylic/​Capric Triglyceride, Cetyl Alcohol, Tetrahexyldecyl Ascorbate, Cetearyl Alcohol, Dimethicone, Pentapeptide-48, Ceteareth-20, Sorbitan Stearate, Acetyl Octapeptide-3, Trifluoroacetyl Tripeptide-2, Glycosaminoglycans, Allantoin, Cyclotetrapeptide-24 Aminocyclohexane Carboxylate, Dipeptide Diaminobutyroyl Benzylamide Diacetate, Glyceryl Stearate, Isomalt, Vanillin, Microglena Reginae, Sodium Benzoate, Leontopodium Alpinum Meristem Cell Culture, Benzyl Benzoate, Ectoin, Dextran, Crithmum Maritimum Callus Culture Filtrate, Lactic Acid, Rhododendron Ferrugineum Leaf Cell Culture Extract, Malus Domestica Fruit Cell Culture Extract, Rosa Damascena Extract, Butyrospermum Parkii (Shea) Butter, Simmondsia Chinensis (Jojoba) Seed Oil, Kukui (Aleurites Moluccana) Nut Oil, Citrus Limon (Lemon) Peel Oil, Citrus Aurantifolia (Lime) Oil, Citrus Aurantium Dulcis (Orange) Peel Oil, Citrus Paradisi (Grapefruit) Oil, Citrus Nobilis (Mandarin Orange) Peel Oil, Lavandula Angustifolia (Lavender) Oil, Rosmarinus Officinalis (Rosemary) Leaf Oil, Citrus Tangerina (Tangerine) Peel Oil, Prunus Amygdalus Amara (Bitter Almond) Kernel Oil, Cymbopogon Schoenanthus Oil, Citrus Aurantium Bergamia (Bergamot) Fruit Oil, Geranium Maculatum Oil, Piper Nigrum (Pepper) Seed Oil, Salvia Officinalis (Sage) Oil, Citrus Reticulata (Tangerine) Leaf Oil, Ocimum Basilicum (Basil) Oil, Tocopheryl Acetate, Lecithin, Alcohol, PPG-12 Smdi Copolymer, Pistacia Lentiscus (Mastic) Gum, Xanthan Gum, Caprylyl Glycol",Lira Clinical Bio Lift Creme,https://inkeedecoder.com/products/lira-clinical-bio-lift-creme
wrinkles,"Snail Secretion Filtrate, Acetyl Hexapeptide-8, Sodium Hyaluronate, Glycerin, Panthenol, Allantoin, Caprylyl Glycol, Phenethyl Alcohol, Aqua, Hydroxyethylcellulose, Sodium Polyacrylate, Sodium Benzoate, Potassium Sorbate, Betaine, Tetrasodium EDTA, Sodium Hydroxide",Maruderm Tonik %96 Salyangoz Özlü,https://inkeedecoder.com/products/maruderm-tonik-96-salyangoz-ozlu
wrinkles,"Purified Water, Acetyl Hexapeptide-8 (Argireline), Niacinamide, Palmitoyl Oligopeptide, Palmitoyl Tetrapeptide-7, Hyaluronic Acid, Ferulic Acid, Organic Glycerin",Matte Renewal Serum,https://inkeedecoder.com/products/matte-renewal-serum
wrinkles,"Distilled Water, Acetyl Hexapeptide-8, Betaine, Matrixyl 3000, Glycerin, Water, Butylene Glycol, Carbomer, Polysorbate 20, Palmitoyl Tripeptide-1, Palmitoyl Tetrapeptide-7, Aloe Barbadensis, Vitamin C, Hyaluronic Acid, Ethylhexylglycerin, Benzyl Alcohol, Phenoxyethanol",Mzel 20% Argireline With HA,https://inkeedecoder.com/products/mzel-20-argireline-with-ha
wrinkles,"Human Adipose Derived Stem Cell Conditioned Media, Acetyl Hexapeptide-8, Niacinamide, Polysorbate-20, Acetyl Tetrapeptide-5, Aloe Barbadensis Leaf Juice, Pentapeptide-18, Caprylyl Glycol, Citrus Grandis Seed Extract, Sodium Carboxymethyl Cellulose, Phenoxyethanol, Sorbic Acid, Sodium Hyaluronate, Alpha Arbutin, Dl-Panthenol, Camellia Sinensis Leaf Extract, Nanosome Copper Peptides, Human Oligopeptide-1, Fd&C Red 40",NuGene Eye Serum,https://inkeedecoder.com/products/nugene-eye-serum
wrinkles,"Distilled Water, Acetyl Hexapeptide-8, Betaine, Matrixyl 3000, Glycerin, Water, Butylene Glycol, Carbomer, Polysorbate 20, Palmitoyl Tripeptide-1, Palmitoyl Tetrapeptide-7, Aloe Barbadensis, Vitamin C, Hyaluronic Acid","Papaba 20% Argireline Serum With Matrixyl 3000 Pure Hyaluronic Acid For Face,with Vitamin C",https://inkeedecoder.com/products/papaba-20-argireline-serum-with-matrixyl-3000-pure-hyaluronic-acid-for-face-with-vitamin-c
wrinkles,"Aqua, Acetyl Hexapeptide-8, Sodium Hyaluronate, Butylene Glycol, Bakuchiol, Copper Tripeptide-1, Polyglutamic Acid, Palmitoyl Pentapeptide-4, Palmitoyl Tripeptide-1, Palmitoyl Tetrapeptide-7, Palmitoyl Tripeptide-38, Palmitoyl Tripeptide-5, Ceramide NP, Ceramide AP, Ceramide EOP, Bisabolol, Phytosphingosine, Ferulic Acid, Camellia Sinensis Leaf Extract, Olea Europaea Leaf Extract, Salvia Officinalis Leaf Extract, Beta-Glucan, Avena Sativa Kernel Extract, Propanediol, Pentapeptide-34 Trifluoroacetate, Cholesterol, Panthenol, Niacinamide, Allantoin, Arginine, 1,2-Hexanediol, Escin, Phenoxyethanol, Pentylene Glycol, Xanthan Gum, Carbomer, Tocopherol, Hydrolyzed Hyaluronic Acid, Hyaluronic Acid, Sodium Acetylated Hyaluronate, PEG-9 Diglycidyl Ether/​Sodium Hyaluronate Crosspolymer, Hydroxypropyltrimonium Hyaluronate, Hydrolyzed Sodium Hyaluronate, Potassium Hyaluronate, Ethylhexylglycerin, Menaquinone-7, Sodium Benzoate, Potassium Sorbate, Citric Acid",Pure Choice Pure Choice X Çisem Çakır Peptide Complex Serum,https://inkeedecoder.com/products/pure-choice-pure-choice-x-cisem-cakir-peptide-complex-serum
wrinkles,"Aqua, Acetyl Hexapeptide-8, Sodium Hyaluronate, Hydroxypropyl Methylcellulose, Polysorbate 20, Dimethylamino Ethanol Bitartrate, Diazolidinyl Urea, Ceteareth-20, Disodium EDTA, Vitamin A Palmitate, BHA, BHT, Methylchloroisothiazolinone, Methylisothiazolinone, Triethanolamine, Citric Acid, Parfum, Benzyl Salicylate, Linalool, Citronellol, Butylphenyl Methylpropional, Alpha-Isomethyl Ionone",Recover Antiaging Antiarrugas Intensivo,https://inkeedecoder.com/products/recover-antiaging-antiarrugas-intensivo
wrinkles,"Aqua, Acetyl Hexapeptide-8, Cetearyl Olivate, Sorbitan Olivate, Caprylyl Methicone, Grape Seed Oil, Evening Primrose Oil, Trimethylglycine, Phenoxyethanol, Ethylhexylglycerin, Sodium Polyacrylate, Parfum",Sharova Pro Anti-wrinkle Facial Line Cream,https://inkeedecoder.com/products/sharova-pro-anti-wrinkle-facial-line-cream
wrinkles,"Purified Water (Aqua), Acetyl Hexapeptide-8, Macrocystis Pyrifera Extract, Hydrolyzed Wheat Protein, Palmitoyl Tripeptide-5, Glycerin, Sodium Hyaluronate, Chamomilla Recutita (Matricaria) Flower Extract, Polysorbate 20, Cucumis Sativus (Cucumber)Fruit Extract, Ubiquinone (Co-Q10), PVM/​MA Decadiene Crosspolymer, PVP, Triethanolamine, Phenoxyethanol, Disodium EDTA",Skin1765 Repair,https://inkeedecoder.com/products/skin1765-repair
wrinkles,"Water, Acetyl Hexapeptide-8, Butylene Glycol, Ethoxydiglycol, Palmitoyl Hexapeptide-14, Lycium Barbarum Fruit Extract (Goji Berry), Camellia Oleifera (Green Tea Extract), Glycosaminoglycans, Sodium Chondroitin Sulfate, Cetearyl Alcohol, Ceteareth-20, Glyceryl Stearate, Hexyldecanol, Bisabolol, Cetylhydroxyproline Palmitamide, Stearic Acid, Brassica Campestris (Rapeseed) Sterols, Tetrahexyldecyl Ascorbate, Glycerin, Hesperidin Methyl Chalcone, Steareth-20, Dipeptide-2, Palmitoyl Tetrapeptide-3, Di-C12-13 Alkyl Malate, Isopropyl Palmitate, Tocopheryl Acetate, Niacinamide, Dextran, Caprooyl Tetrapeptide-3, Petrolatum, Isododecane, Evodia Rutaecarpa Fruit Extract, L-Ergothioneine, Feruloyl Soy Glycerides, 1,2-Hexanediol, Caprylyl Glycol, Sodium Hyaluronate, Acrylates/​C10-30 Alkyl Acrylate Crosspolymer, Trolamine, Allantoin, Potassium Sorbate, Hydroxypinacolone Retinoate, Kinetin, Sodium Benzoate, Edetate Disodium, BHT",Skinwell Derm (Dr. Ava Khosraviani) Total Eye,https://inkeedecoder.com/products/skinwell-derm-dr-ava-khosraviani-total-eye
wrinkles,"Organic Aloe Barbadensis Leaf Juice, Acetyl Hexapeptide-8, Palm Free Vegetable Glycerin, Sodium Carbomer, Hydroxypropyl Cyclodextrin, Palmitoyl Tripeptide-38, Phenoxyethanol, Ethylhexylglycerin",Spa Salonnepro Anti-aging Serum,https://inkeedecoder.com/products/spa-salonnepro-anti-aging-serum
wrinkles,"Hydrolyzed Hibiscus Esculentus Extract, Acetyl Hexapeptide-3, Palmitoyl Pentapeptide-4, Palmitoyl Tetrapeptide-10, Copper Tripeptide-1, C12-15 Alkyl Benzoate, Tribehenin, Ceramide 2, PEG-10 Rapeseed Sterol, Palmitoyl Oligopeptide, Ubiquinone, Hyaluronic Acid, Camellia Sinensis Leaf Extract, Dimethicone, Hydrogenated Olive Oil, Soybean Glycerides, Zingiber Officinale Root Oil, Rétinol, Hydrolyzed Rice Bran Extract, Hydrolyzed Wheat Protein, Thioctic Acid, Laminaria Japonica Extract, Cattleya Extract, Hamamelis Virginiana Leaf Extract, Agar",Suiphar Peptix,https://inkeedecoder.com/products/suiphar-peptix
wrinkles,"Ascorbic Acid (Vitamin C), Acetyl Hexapeptide-8, Caffeine, Water, Behenyl Alcohol, Glycerin, Butyrospermum Parkii (Shea) Butter, Pentylene Glycol, Coco-Caprylate, Cetearyl Alcohol, Caprylic/​Capric Triglyceride, Niacinamide, Hydroxyethyl Acrylate/​Sodium Acryloyldimethyl Taurate Copolymer, Glyceryl Stearate, Jojoba Esters, Tetrahexyldecyl Ascorbate, Isostearyl Isostearate, Sodium Hyaluronate, Persea Gratissima (Avocado) Oil, Rosa Canina (Rosehip) Seed Oil, Allantoin, Propanediol, Phospholipids, Prunus Amygdalus Dulcis (Sweet Almond) Oil, Papaver Rhoeas Petal Extract, Tocopherol (Vitamin E), Carica Papaya (Papaya) Leaf Extract, Curcuma Longa (Turmeric) Root Extract, Corallina Officinalis Extract, Coccinia Indica Fruit Extract, Helianthus Annuus (Sunflower) Seed Oil, Helianthus Annuus (Sunflower) Seed Wax, Ocimum Sanctum Leaf Extract, Ocimum Basilicum (Basil) Flower/​Leaf/​Stem Extract, Simmondsia Chinensis (Jojoba) Seed Oil, Bambusa Vulgaris Leaf/​Stem Extract, Pisum Sativum (Pea) Extract, Glucosamine Hcl, Silica, Melia Azadirachta Flower Extract, Melia Azadirachta Leaf Extract, Sodium Stearoyl Glutamate, Polyglycerin-3, Diheptyl Succinate, Capryloyl Glycerin/​Sebacic Acid Copolymer, Sorbitan Isostearate, Sodium Phytate, Glyceryl Caprylate, Glyceryl Undecylenate, Xanthan Gum, 1,2-Hexanediol, Caprylyl Glycol",Summer Fridays Light Aura Vitamin C + Peptide Eye Cream,https://inkeedecoder.com/products/summer-fridays-light-aura-vitamin-c-peptide-eye-cream-3
wrinkles,"Aqua, Acetyl Hexapeptide-8 (Argireline), Butylene Glycol, Sodium Hyaluronate, Glycerin, Isopentyldiol, Ethylhexylglycerin, Panthenol, PEG-40 Hydrogenated Castor Oil, Xanthan Gum, Allantoin, Propanediol, Aloe Barbadensis Leaf Extract Essential Oil",The Skin Collection Argireline 10%,https://inkeedecoder.com/products/the-skin-collection-argireline-10
wrinkles,"Aqua, Acetyl Hexapeptide-8, Butylene Glycol, Sodium Hyaluronate, Glycerin, Isopentyldiol, Ethylhexylglycerin, Panthenol, PEG-40 Hydrogenated Castor Oil, Xanthan Gum, Allantoin, Propanediol, Aloe Barbadensis Leaf Extract, Citronellol, Geraniol, Cinnamaldehyde, Citronellyl Acetate, Citrus Sinensis Oil, D-Limonene",The Skin Collection Serum Argireline 10%,https://inkeedecoder.com/products/the-skin-collection-serum-argireline-10
wrinkles,"Aloe Barbadensis Leaf Extract, Acetyl Hexapeptide-8, Hydrolyzed Keratin, Cyclomethicone, Caprylic/​Capric Triglyceride, Hypnea Musciformis Extract, Cetearyl Alcohol, Water, Tridecyl Stearate, Glycerin, Glyceryl Stearate, PEG-100 Stearate, Ceteareth-20, Sargassum Filipendula Extract, Neopentyl Glycol Dicaprylate/​Dicaprate, Hyaluronic Acid, Glycosaminoglycans, Biosaccharide Gum-1, Palmitoyl Oligopeptide, Palmitoyl Tetrapeptide-3, Cucumber Extract, Green Tea Leaf Extract, Grape Seed Extract, Echinacea Angustifolia Extract, Comfrey Extract, Chamomile Flower Extract, Gelidiella Acerosa Extract, Tocopheryl Acetate, Sodium PCA, Allantoin, Panthenol, Sodium Hyaluronate, Polyacrylamide, C13-14 Isoparaffin, Laureth-7, Sorbitol, Tridecyl Trimellitate, Urea, Trehalose, Polyquaternium-51, Polysorbate 20, Carbomer, Butylene Glycol, Diazolidinyl Urea, Iodopropynyl Butylcarbamate, Tetrasodium EDTA, Blue 1",Theraderm Eternox Peptide Creme,https://inkeedecoder.com/products/theraderm-eternox-peptide-creme
wrinkles,"Aqua, Acetyl Hexapeptide-8, Caprylyl Glycol, Chondrus Crispus (Carrageenan), Propylene Glycol, Citric Acid, Methyl Perfluorobutyl Ether, Methyl Perfluoroisobutyl Ether, Lentinus Edodes Extract, Retinol, Phenoxyethanol, Benzyl Alcohol, Ethylhexylglycerin, Polyacrylamide, C13-14 Isoparaffin, Laureth-7, Tocopheryl Acetate, Xanthan Gum, Sodium Hyaluronate, Tetrasodium EDTA, Triethanolamine, rh-Oligopeptide-1, sh-Polypeptide-10, SH-Polypeptide-3",TiN5 The Youth Booster,https://inkeedecoder.com/products/tin5-the-youth-booster
wrinkles,"Purified Water (Aqua), Acetyl Hexapeptide-8, Sodium Hyaluronate, Glycerin, Centella Asiatica Extract, Echinacea Purpurea Extract, Aloe Barbadensis Leaf Juice Extract, Plankton Extract, Aphanizomenon Flos-Aquae Powder, Palmitoyl Pentapeptide-4, Steareth-20, Chrysin, N-Hydroxysuccinimide, Palmitoyl Tripeptide-1, Polysorbate 20, Palmitoyl Tetrapeptide-7, Dipeptide-2, Hesperidin Methyl Chalcone, Lecithin, Maltodextrin, Panthenol, Hydrolyzed Wheat Protein, Butylene Glycol, Carbomer, Sodium Benzoate, Potassium Sorbate, Phenoxyethanol, Disodium EDTA",Trish McEvoy Instant Solutions Triangle Of Light Eye Mask,https://inkeedecoder.com/products/trish-mcevoy-instant-solutions-triangle-of-light-eye-mask
wrinkles,acetyl-hexapeptide-8,Next page >>,https://inkeedecoder.com/ingredients/acetyl-hexapeptide-8?uoffset=1
wrinkles,"Deionized Water, Niacinamide, Pentylene Glycol, Alpha-Arbutin, Sodium Hyaluronate Acid, Centella Asiatica Extract, Acetyl Hexapeptide-8, Palmitoyl Tripeptide-5, Palmitoyl Tetrapeptide-7, SH-Oligopeptide-1, Caprylyl Glycol, Lactic Acid, Phenoxyethanol, Ethylhexylglycerin",Urban Skin Rx Hydrafirm+ Brightening Serum,https://inkeedecoder.com/products/urban-skin-rx-hydrafirm-brightening-serum
wrinkles,"Titanium Dioxide (5%), Zinc Oxide (7%), Water (Aqua), Triethoxycaprylylsilane, Sodium Hyaluronate Acid, Sodium Chloride, Propanediol, Polyhydroxystearic Acid, Macrocystis Pyrifera (Sea Kelp) Extract, Tocopheryl Acetate (Vitamin E), Ascorbic Acid (Vitamin C), Phenoxyethanol, Octyldodecyl Stearyl Citrate Crosspolymer, Isostearic Acid, Glycerin, Glycereth-2 Cocoate, Dicaprylyl Ether, Cetyl PEG/​PPG-10/​1 Dimethicone, Caprylic Capric Triglycerides, C12-C15 Alkyl Benzoate, Benzoic Acid, Ethylhexylglycerin",vitaSea Play Day Mineral Sunscreen,https://inkeedecoder.com/products/vitasea-play-day-mineral-sunscreen
wrinkles,"Water (Aqua), Aloe Barbadensis (Aloe) Leaf Juice, Hamamelis Virginiana (Witch Hazel) Extract, Glycerin, Simmondsia Chinensis (Jojoba) Seed Oil, Xanthan Gum, Sodium Hyaluronate Acid, Retinol, Capric/​Caprylic Triglycerides, Centella Asiatica (Gotu Kola) Extract, Tocopheryl Acetate (Vitamin E Acetate), Camellia Sinensis (Green Tea) Leaf Extract",Art Naturals Retinol Serum,https://inkeedecoder.com/products/art-naturals-retinol-serum
wrinkles,"Water, Glycerin, Caprylic Capric Triglycerides, Chenopodium Quinoa Seed Extract, Propanediol, Potassium Cetyl Phosphate, Acetyl Tetrapeptide-2, Sodium Hyaluronate Acid, Apium Graveolens (Celery) Seed Extract, Linum Usitatissimum (Linseed) Seed Extract, Hydroxypropyl Cyclodextrin, Palmitoyl Tripeptide-38, Tremella Fuciformis Polysaccharide, Squalane, Hydrolyzed Yeast Extract, Sorbitan Trioleate, Cetyl Hydroxyethylcellulose, Polyglucuronic Acid, Acetyl Tetrapeptide-22, Avena Sativa (Oat) Meal Extract, Phenethyl Alcohol, Caprylyl Glycol, Ethylhexyl-Glycerin, Stearyl Alcohol, Polyglutamic Acid, Hydroxyethylcellulose, Citrus Aurantium Dulcis (Orange) Peel Oil, Lecithin, Ceramide NP, Tocopherol",Mad Hippie Corrective Peptide Serum,https://inkeedecoder.com/products/mad-hippie-corrective-peptide-serum
wrinkles,"Deionized Water (Aqua), Glycerin, Caprylic Capric Triglycerides, Chenopodium Quinoa Seed Extract, Propanediol, Potassium Cetyl Phosphate, Acetyl Tetrapeptide-2, Sodium Hyaluronate Acid, Apium Graveolens (Celery) Seed Extract, Linum Usitatissimum (Linseed) Seed Extract, Matrixyl Synthe'6, Aqua, Hydroxypropyl Cyclodextrin, Palmitoyl Tripeptide-38, Tremella Fuciformis Polysaccharide, Squalane, Hydrolyzed Yeast Extract, Sorbitan Trioleate, Cetyl Hydroxyethylcellulose, Polyglucuronic Acid, Acetyl Tetrapeptide-22, Avena Sativa (Oat) Meal Extract, Phenethyl Alcohol, Caprylyl Glycol, Ethylhexyl-Glycerin, Stearyl Alcohol, Polyglutamic Acid, Hydroxyethylcellulose, Citrus Aurantium Dulcis (Orange) Peel Oil, Lecithin, Ceramide NP, Tocopherol",Mad Hippie Peptide Serum,https://inkeedecoder.com/products/mad-hippie-peptide-serum
wrinkles,"Water, Aloe Barbadensis Leaf Juice, Sodium Ascorbyl Phosphate, Glycerin, Phenethyl Alcohol, Caprylyl Glycol, Ethylhexylglycerin, Hydroxyethylcellulose, Xanthan Gum, Citrus Paradisi (Grapefruit) Oil, Sodium Hyaluronate Acid, Hydroxypropyl Cyclodextrin, Palmitoyl Tripeptide-38, Camellia Sinensis (Green Tea) Leaf Extract, Glycine Soja [Soybean] Protein, Hydrolyzed Rice Protein, Superoxide Dismutase, Simmondsia Chinensis (Jojoba) Seed Oil, Tocopheryl Acetate (Vitamin E Acetate)",Art Naturals Hyaluronic Acid Serum,https://inkeedecoder.com/products/art-naturals-hyaluronic-acid-serum
wrinkles,"Water (Aqua), Aloe Barbadensis (Aloe) Leaf Juice, Sodium Ascorbyl Phosphate, Glycerin, Phenoxyethanol, Benzoic Acid, Xanthan Gum, Simmondsia Chinensis (Jojoba) Seed Oil, Chondrus Crispus (Carrageenan) Extract, MSM (Methylsulfonylmethane), Sodium Hyaluronate Acid, Tocopheryl Acetate (Vitamin E Acetate), Ferulic Acid, Matricaria Recutita (Chamomile) Flower Extract",Art Naturals Vitamin C Serum,https://inkeedecoder.com/products/art-naturals-vitamin-c-serum
wrinkles,"Water, Aloe Barbadensis Leaf Juice, Mandelic Acid, Niacinamide, Butylene Glycol, Lactic Acid, Phenoxyethanol, Benzoic Acid, Ethylhexylglycerin, Glycereth-2 Cocoate, Polyacrylate Crosspolymer-6, Sodium Hyaluronate Acid, Glycolic Acid, Zinc Pca, Bakuchiol, Manuka Honey, Camellia Sinensis (Green Tea) Leaf Extract, Centella Asiatica Extract",OathMD TBH Facial Serum,https://inkeedecoder.com/products/oathmd-tbh-facial-serum
wrinkles,"Water, Aloe Barbadensis (Aloe) Leaf Juice, Simmondsia Chinensis (Jojoba) Seed Oil, Glycerin, Hydroxyethylcellulose, Globularia Cordifolia Callus (Globe Daisy) Culture Extract, Cucumis Sativus (Cucumber) Fruit Extract, Phenoxyethanol, Ethylhexylglycerin, Cassia Angustifolia (Alexandiran Senna) Seed Extract, Sodium PCA, Xanthan Gum, Carrageenan, Sodium Hyaluronate Acid, Potassium Sorbate, Sodium Benzoate, Hydroxypropyl Cyclodextrin, Palmitoyl Tripeptide-38, Tocopheryl Acetate (Vitamin E), Glycyrrhiza Glabra (Licorice) Root Extract, Centella Asiatica (Gotu Kola) Extract, Argania Spinosa (Argan) Kernel Oil, Camellia Sinensis (Green Tea) Leaf Extract, Ginkgo Biloba Leaf Extract, Geranium Maculatum (Cranesbill) Extract, Equisetum Arvense (Horsetail) Extract, Taraxacum Officinale (Dandelion) Extract, Sodium Lactate, Arginine, Aspartic Acid, Glycine, Alanine, Serine, Valine, Proline, Threonine, Isoleucine, Histidine, Phenylalanine, Caffeine, Panthenol (Vitamin B5)","Artnaturas Youth Eye Gel, Deep Hydration + Firming Formula",https://inkeedecoder.com/products/artnaturas-youth-eye-gel-deep-hydration-firming-formula
wrinkles,"Aqua, Glycolic Acid**, Potassium Hydroxide**, Hydroxyethylcellulose*, Sodium Ascorbyl Phosphate**, Helianthus Annuus (Sunflower) Seed Oil, Allium Cepa (Onion) Bulb Extract, Tocopherol*, Eucalyptus Globulus Leaf Extract, Zingiber Officinale (Ginger) Root Extract, Gaultheria Procumbens (Wintergreen) Leaf Extract, Avena Sativa (Oat) Kernel Extract, Allantoin**, Sodium Hyaluronate Acid*",Insta Natural Glycolic Acid Facial Peel With Vitamin C,https://inkeedecoder.com/products/insta-natural-glycolic-acid-facial-peel-with-vitamin-c
wrinkles,"Water (Aqua), Aloe Barbadensis Leaf Juice, Ricinus Communis (Castor) Seed Oil, Caprylic Capric Triglycerides, Palmitoyl Tripeptide-5, Glycerin, Aqua, Cetearyl Alcohol, Sucrose Polystearate, Cetyl Palmitate, C10-18 Triglycerides, Squalane (Vegan), Behenyl Behenate, Sodium Stearoyl Glutamate, Phenethyl Alcohol, Caprylyl Glycol, Ethylhexyl-Glycerin, Xanthan Gum, Butyrospermum Parkii (Shea) Butter, Jojoba Esters, Sodium Hyaluronate Acid (Hyaluronic Acid), Tocopherol (Vitamin E), Sodium Ascorbyl Phosphate (Vitamin C), Gigawhite (Water (Aqua), Glycerin, Malva Sylvestris (Mallow) Extract, Mentha Piperita (Peppermint) Leaf Extract, Primula Veris Extract, Alchemilla Vulgaris Extract, Veronica Officinalis Extract, Melissa Officinalis Leaf Extract, Achillea Millefolium Extract), Hesperidin, Iron Oxides (Vary Shade To Shade)",Mad Hippie Concealer,https://inkeedecoder.com/products/mad-hippie-concealer
wrinkles,"Zinc Oxide (18%), Water (Aqua), Caprylic Capric Triglycerides, C12-C15 Alkyl Benzoate, Butyloctyl Salicylate, Polyglyceryl-2 Dipolyhydroxystearate, Glycerin, Vp/​Eicosene Copolymer, Jojoba Esters, Macrocystis Pyrifera (Sea Kelp) Extract, Tocopheryl Acetate (Vitamin E), Ascorbic Acid (Vitamin C), Cetyl PEG/​PPG-10/​1 Dimethicone, Squalane, Phenoxyethanol, Benzoic Acid, Ethylhexylglycerin, Glycereth-2 Cocoate, Polyhydroxystearic Acid, Sodium Chloride, Isostearic Acid, Hydroxyethylcellulose, Sodium Hyaluronate Acid, Triethoxycaprylylsilane, Fragrance (Parfum)","vitaSea Ultra Sheer Mineral Sunscreen, SPF 30",https://inkeedecoder.com/products/vitasea-ultra-sheer-mineral-sunscreen-spf-30
wrinkles,"Water, Caprylic Capric Triglycerides, Niacinamide (Vitamin B3), Jojoba Esters, Hydroxyethyl Acrylate/​Sodium Acryloyldimethyl Taurate Copolymer, Squalane, Polysorbate 60, Cetearyl Alcohol, Glycerin, Cetyl Alcohol, Butyrospermum Parkii (Shea) Butter, Glyceryl Stearate, Phenoxyethanol, Benzoic Acid, Ethylhexylglycerin, Glycereth-2 Cocoate, Dimethicone, Cyclopentasiloxane, Cyclohexasiloxane, Dicaprylyl Ether, Carbomer, Sodium Lauryl Sulfoacetate, Sodium Ascorbyl Phosphate (Vitamin C), Sodium Hyaluronate Acid (Hyaluronic Acid), Sorbic Acid, Tocopherol (Vitamin E), Ceramide 3, Citrus Paradisi (Grapefruit) Oil, Punica Granatum (Pomegranate) Seed Oil, Argania Spinosa (Argan) Oil, Citrus Aurantium Bergamia (Bergamot) Oil",Civant Moisturizer,https://inkeedecoder.com/products/civant-moisturizer
wrinkles,"Water (Aqua), Aloe Barbadensis Leaf Juice, Propanediol, Glycerin, Squalane, Caprylic Capric Triglycerides, Retinyl Linoleate*, Bakuchiol, Tremella Fuciformis Sporocarp Extract, Polyglutamic Acid, Dimethyl Isosorbide, Hydroxypinacolone Retinoate*, Retinol*, Cetearyl Alcohol, Cetearyl Glucoside, Phenethyl Alcohol, Caprylyl Glycol, Oat Beta-Glucan, Ethylhexyl-Glycerin, Stearyl Phosphate, Stearyl Alcohol, Coffea Arabica (Coffee). Fruit Extract, Acetyl Glucosamine, Sodium Hyaluronate Acid, Xanthan Gum, Steam Distilled, Citrus Aurantium Dulcis Peel Oil, Tocopherol",Mad Hippie Super A Serum,https://inkeedecoder.com/products/mad-hippie-super-a-serum
wrinkles,"Deionized Water (Aqua), Disodium Cocoamphodiacetate, Bambusa Arundinacea Stem Extract (Bamboo), Lactic Acid, Glycolic Acid, Pumice (Volcanic Ash), Mandelic Acid, Vaccinium Myrtillus Fruit Extract, Saccharum Officinarum [Sugarcane] Extract, Acer Saccharinum [Sugar Maple] Extract, Citrus Aurantium Dulcis [Orange] Fruit Extract, Citrus Limon [Lemon] Fruit Extract, Myristic Acid, Cetyl Alcohol, Glycerin, Glycyrrhiza Glabra (Licorice) Root Extract, Camellia Sinensis (Green Tea) Leaf Extract, Calendula Officinalis Flower Extract, Stearic Acid, Squalane (Vegan), Lactococcus Ferment Lysate (Probiotic), Phenethyl Alcohol, Caprylyl Glycol, Ethylhexyl Glycerine, Sodium Hyaluronate Acid (Hyaluronic Acid), (Steam Distilled) Citrus Aurantium Dulcis (Orange) Peel Oil, (Steam Distilled) Citrus Aurantifolia (Lime) Oil",Mad Hippie Microdermabrasion Facial,https://inkeedecoder.com/products/mad-hippie-microdermabrasion-facial
wrinkles,"Deionized Water (Aqua), Organic Carthamus Tinctorius (Safflower) Seed Oil, Isopropyl Palmitate, Tetrahexyldecyl Ascorbate (Vitamin C), Magnesium Ascorbyl Phosphate (Vitamin C), Ascorbyl Glucoside (Vitamin C), Cetyl Alcohol, Glycerin, Polyglyceryl-2 Stearate, Glyceryl Stearate, Stearyl Alcohol, Stearic Acid, Inonotus Obliquus (Chaga Mushroom) Extract, Ganoderma Lucidum (Reishi Mushroom) Extract, Butyrospermum Parkii (Shea) Butter, Phenethyl Alcohol, Caprylyl Glycol, Ethylhexyl-Glycerin, Calendula Officinalis Flower Extract, Rubus Chamaemorus (Cloudberry) Fruit Extract, Ribes Nigrum (Blackcurrant) Seed Oil, Squalane, Sodium PCA, Xanthan Gum, Steam Distilled, Citrus Aurantium Dulcis (Sweet Orange) Oil, Sodium Hyaluronate Acid (Hyaluronic Acid), Tocotrienols (Vitamin E), Curcuma Longa (Turmeric) Root Extract, Chlorella Pyrenoidosa Extract, Allantoin, Ceramide 3, Riboflavin (Vitamin B2)",Mad Hippie Triple C Night Cream,https://inkeedecoder.com/products/mad-hippie-triple-c-night-cream-2
wrinkles,"Water, Caprylic Capric Triglycerides, Niacinamide (Vitamin B3), Potassium Azeloyl Diglycinate (Azelaic Acid), Butylene Glycol, Morus Alba (White Mulberry) Root Extract, Glycyrrhiza Glabra (Licorice) Root Extract, Scutellaria Baicalensis Root Extract, Arctostaphylos Uva-Ursi (Bearberry) Leaf Extract, Kojic Acid, Cetearyl Alcohol, Glyceryl Stearate, Glycerin, Alpha-Arbutin, Undecylenoyl Phenylalanine (Sepiwhite™), Hydroxyethyl Acrylate/​Sodium Acryloyldimethyl Taurate Copolymer, Squalane, Polysorbate 60, Dimethicone, Cyclopentasiloxane, Cyclohexasiloxane, Sodium Ascorbyl Phosphate (Vitamin C), Phenoxyethanol, Benzoic Acid, Ethylhexylglycerin, Glycereth-2 Cocoate, Citric Acid, Hydrogenated Palm Oil, Theobroma Cacao (Cocoa) Seed Butter, Cetyl Palmitate, Dicaprylyl Ether, Sodium Hyaluronate Acid (Hyaluronic Acid), Phenylethyl Resorcinol (Symwhite®), Sorbic Acid, Citrus Paradisi (Grapefruit) Oil, Punica Granatum (Pomegranate) Seed Oil, Argania Spinosa (Argan) Oil, Tocopheryl Acetate (Vitamin E), Citrus Limon (Lemon) Fruit Extract, Phyllanthus Emblica Fruit Extract",Civant Meladerm,https://inkeedecoder.com/products/civant-meladerm
wrinkles,"Water/​Aqua/​Eau, Glycerin, Butylene Glycol, Sodium Hyaluronate, Hydroxyethylcellulose, Sodium Chloride, Myristoyl Pentapeptide-16, Myristoyl Pentapeptide-17, Coenzyme A, Copper Tripeptide-1, Acetyl Tetrapeptide-5, Myristoyl Pentapeptide-4, Myristoyl Hexapeptide-16, Ergothioneine, Biotin, 1,2-Hexanediol, Pentylene Glycol",Mirabella Amp 2.0 Eyelash & Brow Growth Enhancing Serum,https://inkeedecoder.com/products/mirabella-amp-2-0-eyelash-brow-growth-enhancing-serum
wrinkles,"Water, Glycerin, Butylene Glycol, PEG-40 Hydrogenated Castor Oil, Caprylic/​Capric Triglyceride, 1,2-Hexanediol, Ammonium Acryloyldimethyltaurate/​VP Copolymer, Cucumis Sativus (Cucumber) Juice, Coenzyme A, Palmitoyl Tripeptide-1, Palmitoyl Tetrapeptide-7, Bupleurum Falcatum Root Extract, Caffeine, Citric Acid, Ascorbic Acid, Rosa Canina Fruit Oil, Tocopherol, Panthenol, Trilaureth-4 Phosphate, Carbomer, Phenoxyethanol, Sodium Hydroxide, Tocopheryl Acetate, Propylene Glycol, Trisodium Ethylenediamine Disuccinate, Saccharide Isomerate, PEG-8, Sodium Citrate, Polysorbate 20, Biotin, Sodium Benzoate, Phosphoric Acid, Potassium Sorbate, Sodium Lactate, Sodium Sulfite",Versed The Fix Emergency Eye Mask,https://inkeedecoder.com/products/versed-the-fix
wrinkles,"Water, Carbomer, Butylene Glycol, Phenoxyethanol, Panthenol, Boerhavia Diffusa Root Extract, Pentasodium Pentetate, Phytic Acid, Silver Oxide, Fragrance, Coenzyme A, Beta-Glucan, Honey Extract, Algae Extract, Lavandula Angustifolia (Lavender) Extract, Sorbic Acid, Serine, Potassium Iodide, Sodium Hyaluronate, Lecithin, Propylene Glycol, Salvia Sclarea (Clary) Extract, Propanediol, Phospholipids, Green 5(Ci 61570), Glycogen, Aloe Barbadensis Leaf Extract, Sodium Benzoate, Paeonia Albiflora Root Extract, Sodium PCA, Glycerin, Glycereth-6 Trioleate, Potassium Sorbate",Annie's Way Honey Deep Moisturizing Jelly Mask,https://inkeedecoder.com/products/annies-way-honey-deep-moisturizing-jelly-mask
wrinkles,"Aqua, Glyceryl Stearate, Glycerin, Helianthus Annuus Seed Oil, Urea, Isopropyl Palmitate, Dimethicone, Stearic Acid, Olea Europaea Fruit Oil, Sideritis Scardica Extract, Rosa Damascena Flower Extract, Carnitine, Caffeine, Coenzyme A, PEG-100 Stearate, Theobroma Cacao Seed Butter, Dioscorea Villosa Root Extract, Algae, Aesculus Hippocastanum Seed Extract, Vitis Vinifera Seed Oil, Vanillyl Butyl Ether, Lanolin, Retinyl Palmitate, Tocopheryl Acetate, Panthenol, Schinus Terebinthifolius Seed Extract, Allantoin, Xanthan Gum, Disodium EDTA, Capsaicin, Sodium Metabisulfite, BHT, Benzyl Alcohol, Ethylhexylglycerin, Parfum",Pirin Dream Anti Cellulite Cream,https://inkeedecoder.com/products/pirin-dream-anti-cellulite-cream
wrinkles,"Aqua/​Water/​Eau, Glycerin, Propanediol, Betaine, Methylsilanol Carboxymethyl Theophylline Alginate, C12-15 Alkyl Benzoate, Isohexadecane, Pentylene Glycol, Cetyl Alcohol, Cyclopentasiloxane, Phosphatidylcholine, Carnitine, Caffeine, Coenzyme A, Saccharide Isomerate, Bacillus/​Soybean Ferment Extract, Carrageenan, Tocopherol, Ascorbyl Palmitate, Cyclohexasiloxane, Butylene Glycol, Caprylyl Glycol, Glyceryl Caprylate, Acrylates/​C10-30 Alkyl Acrylate Crosspolymer, Polysorbate 20, Potassium Cetyl Phosphate, Stearic Acid, Palmitic Acid, Xanthan Gum, Glucose, Disodium Phosphate, Sodium Phosphate, Sodium Hydroxide, Phenoxyethanol, Ethylhexylglycerin, Sodium Benzoate",Zo Skin Health Zein Obagi Body Smoothing Creme,https://inkeedecoder.com/products/zo-skin-health-zein-obagi-body-smoothing-creme
wrinkles,"Water/​Aqua/​Eau, Caprylic/​Capric Triglyceride, Glycerin, Cetearyl Glucoside, Glyceryl Stearate SE, Cetyl Alcohol, Cetyl Esters, Theobroma Cacao (Cocoa) Seed Butter, Cetearyl Alcohol, Kappaphycus Alvarezii Extract, Laminaria Digitata Extract, Caesalpinia Spinosa Fruit Extract, Bupleurum Falcatum Root Extract, Enteromorpha Compressa Extract, Coenzyme A, Caffeine, Butylene Glycol, PEG-8, Dimethicone, Caprylyl Glycol, Hexylene Glycol, Acrylates/​C10-30 Alkyl Acrylate Crosspolymer, Xanthan Gum, Tetrasodium Glutamate Diacetate, Phenoxyethanol, Potassium Sorbate, Fragrance, Sodium Hydroxide",Repechage Vita Cura® Cellusea Lift™ Body Contour Cream,https://inkeedecoder.com/products/repechage-vita-cura-r-cellusea-lift-tm-body-contour-cream
wrinkles,"Aloe Barbadensis Leaf Juice, Aqua (Water/​Eau), Propanediol, Isopropyl Palmitate, Sorbitan Palmitate, Dimethicone, Butyrospermum Parkii (Shea) Butter, Glycerin, Stearic Acid, Glyceryl Stearate, Parfum (Fragrance), Coffea Arabica Seed Extract, Ilex Paraguariensis (Yerba Mate) Leaf Extract, Hydrolyzed Collagen, Palmitoyl Tripeptide-38, Centella Asiatica (Gotu Kola) Extract, Glaucine, Coenzyme A, Caffeine, Coleus Forskohlii (Forskolin) Root Extract, Theobroma Cacao (Cocoa) Seed Butter, Simmondsia Chinensis (Jojoba) Seed Oil, Ascorbic Acid, Camellia Oleifera (Green Tea) Leaf Extract, Acetyl Dipeptide-1 Cetyl Ester, Hydroxypropyl Cyclodextrin, Cocos Nucifera (Coconut) Oil, Butylene Glycol, PEG-60 Almond Glycerides, Cetyl Hydroxyethylcellulose, Potassium Sorbate, Sodium Benzoate, Phenoxyethanol, Caprylyl Glycol, Propylene Glycol, Bacillus Ferment, Carnitine, Coco-Glucoside, Alcohol, PEG-8, Bupleurum Falcatum Root Extract, Hydrolyzed Cucurbita Pepo (Pumpkin) Seedcake, Carthamus Tinctorius (Safflower) Seed Oil, Tocopherol, Polysorbate 80, Cetyl Alcohol, Triethanolamine, Acrylates/​C10-30 Alkyl Acrylate Crosspolymer, Coumarin, Linalool, Limonene, Hydroxycitronellal",Steelfit Steel Fit + Tone,https://inkeedecoder.com/products/steelfit-steel-fit-tone
wrinkles,"Rosa Damascena (Rose) Flower Water, Tricaprylin, Squalane, Ribes Nigrum (Black Currant) Seed Oil, Cetearyl Olivate, Cetearyl Alcohol, Coco-Glucoside, Aqua (Water), Saccharide Isomerate, Sorbitan Olivate, Caprylic/​Capric Triglyceride, Simmondsia Chinensis (Jojoba) Seed Oil, Rosa Canina (Rose Hip) Fruit Oil, Camellia Sinensis (Green Tea) Leaf Extract, Trehalose (D), Carnosine (L), Cucurbita Pepo (Pumpkin) Seed Oil, Carnitine (L), Caffeine, Coenzyme A, Disodium Adenosine Triphosphate, Tetrahexyldecyl Ascorbate, Tocopherol (D-Alpha), Helianthus Annuus (Sunflower) Seed Oil, Rosmarinus Officinalis (Rosemary) Leaf Extract, Rosa Damascena Flower Oil, Decyl Glucoside, Copernicia Cerifera (Carnauba) Wax, Glyceryl Caprylate, Glyceryl Undecylenate, Glycerin, Potassium Sorbate, Xanthan Gum",Tracie Martyn Face Resculpting Cream,https://inkeedecoder.com/products/tracie-martyn-face-resculpting-cream
wrinkles,"Aqua (Water), Caprylic/​Capric Triglyceride, C12-20 Acid PEG-8 Ester, Glycerin, Dimethicone, Propanediol, Cetyl Alcohol, Phenoxyethanol, Butylene Glycol, Potassium Cetyl Phosphate, Butyrospermum Parkii (Shea Butter), Carbomer, Tocopheryl Acetate, Ci 77891 (Titanium Dioxide), Ethylhexylglycerin, PEG-8, Sodium Hydroxide, Caviar Extract, Helianthus Annuus (Sunflower) Seed Oil, Tocopherol, Coenzyme A, Caffeine, Bupleurum Falcatum Root Extract, Camellia Sinensis Leaf Extract*, Chondrus Crispus (Carrageenan), Alcohol, Parfum (Fragrance), Rosa Damascena Flower Oil, Biosaccharide Gum-1, Sodium Benzoate, Disodium EDTA, Limonene, Citronellol, Hydroxyisohexyl 3-Cyclohexene Carboxaldehyde, Hexyl Cinnamal",KERSTIN FLORIAN Caviar Age-Defense Serum,https://inkeedecoder.com/products/kerstin-florian-caviar-age-defense-serum
wrinkles,"Aqua, Paraffinum Liquidum, Glycerin, Isopropyl Myristate, Cetearyl Alcohol, Glyceryl Stearate, Phenoxyethanol, Parfum, Ceteareth-25, Triethanolamine, Acrylates/​C10-30 Alkyl Acrylate Crosspolymer, Dimethicone, Methylparaben, Stearic Acid, Disodium EDTA, Tocopheryl Acetate, Retinyl Palmitate, Magnesium Ascorbyl Phosphate, Carnitine, Caffeine, Sodium Benzoate, Tocopherol, Coenzyme A, Biotin, Benzyl Salicylate, Hexyl Cinnamal, Linalool, Limonene",Watsons Whitening & Firming Body Lotion,https://inkeedecoder.com/products/watsons-whitening-firming-body-lotion
wrinkles,"Aqua, Glycerin, Butylene Glycol, Lycopodium Clavatum Extract, PEG-8, Albizia Julibrissin Bark Extract, Phenoxyethanol, Xanthan Gum, Imperata Cylindrica Root Extract, Bupleurum Falcatum Root Extract, Steareth-20, Hesperidin Methyl Chalcone, Ethylhexylglycerin, Mentha Aquatica Leaf Extract, Sodium Benzoate, Caffeine, Sodium Citrate, Chlorhexidine Digluconate, Potassium Sorbate, N-Hydroxysuccinimide, Dipeptide-2, Ascorbic Acid, Citric Acid, Darutoside, Palmitoyl Tetrapeptide-7, Coenzyme A, Chrysin, Palmitoyl Tripeptide-1",Aimée Refreshing Eye Cocktail,https://inkeedecoder.com/products/aimee-refreshing-eye-cocktail
wrinkles,"Aqua (Water/​Eau), Glycine Soja (Soybean) Oil, Propylene Glycol, PEG-40 Stearate, Cetyl Alcohol, Isopropyl Palmitate, Glyceryl Stearate, PEG-100 Stearate, Butylene Glycol, Phenoxyethanol, Glycerin, PEG-8, Parfum (Fragrance), Carnitine, Methyl Nicotinate, Bupleurum Falcatum Root Extract, Benzyl Nicotinate, Ethylhexylglycerin, Caffeine, Sodium Benzoate, Linalool, Butylphenyl Methylpropional, Alpha-Isomethyl Ionone, Citronellol, Bacillus Ferment, Benzyl Salicylate, Benzyl Benzoate, Aloe Barbadensis Leaf Juice Powder, Potassium Sorbate, Benzyl Alcohol, Coenzyme A, Ci 42090 (Blue 1), Ci 16035 (Red 40), Ci 19140 (Yellow 5)",Steelfit Abs Of Steel,https://inkeedecoder.com/products/steelfit-abs-of-steel
wrinkles,"Aqua, Glycerin, Caprylic/​Capric Triglyceride, Isopropyl Myristate, Glyceryl Stearate, PEG-100 Stearate, Cetearyl Alcohol, Phenoxyethanol, Parfum, Acrylates/​C10-30 Alkyl Acrylate Crosspolymer, Triethanolamine, Chlorphenesin, Sorbitan Stearate, Microcrystalline Wax, Disodium EDTA, Titanium Dioxide, Hydrogenated Soybean Oil, Tocopheryl Acetate, Stearic Acid, Butylene Glycol, Saccharide Isomerate, Caffeine, Hydrolyzed Collagen, Sodium Benzoate, 1,2-Hexanediol, Xanthan Gum, Ethylhexylglycerin, Citric Acid, Sodium Citrate, Caprylyl Glycol, Coenzyme A, Glucose, Biotin, Sodium Hyaluronate, Chondrus Crispus Extract, Hydroxypropyltrimonium Hyaluronate, Hydrolyzed Hyaluronic Acid, Sodium Acetylated Hyaluronate, Hyaluronic Acid, Hydrolyzed Sodium Hyaluronate, Sodium Hyaluronate Crosspolymer, Potassium Hyaluronate",Watsons Collagen Firming Body Lotion,https://inkeedecoder.com/products/watsons-collagen-firming-body-lotion
wrinkles,"Salicylic Acid (0.5%), Water (Aqua), Dimethicone, Glycerin, Ppg-26-Buteth-26, Hydroxyethyl Acrylate/​Sodium Acryloyldimethyl Taurate Copolymer, Urea, Yeast Amino Acids, Trehalose, Inositol, Taurine, Betaine, Ethylhexyl Palmitate, Silica Dimethyl Silylate, Butylene Glycol, Sodium Hyaluronate, Tocopheryl Acetate, Sulfur, Retinyl Palmitate, Caprylic/​Capric Triglyceride, Retinol, Ascorbic Acid, Chitosan, Silver Citrate, Glucosamine Hcl, Algae Extract, Yeast Extract, Saccharomyces/​Xylinum/​Black Tea Ferment, Hydroxyethylcellulose, Bupleurum Falcatum Root Extract, Caffeine, Coenzyme A, Peg-8, Cetearyl Olivate, Sorbitan Olivate, Citrullus Lanatus (Watermelon) Fruit Extract, Pyrus Malus (Apple) Fruit Extract, Lens Esculenta (Lentil) Fruit Extract, Sodium Pca, Sodium Lactate, Glycolic Acid, Zinc Gluconate, Macrocystis Pyrifera Extract, Hydrolyzed Wheat Protein, Pvp, Hydrolyzed Ceratonia Siliqua Seed Extract, Cimicifuga Racemosa Root Extract, Melaleuca Alternifolia (Tea Tree) Leaf Oil, Vinyl Dimethicone/​Methicone Silsesquioxane Crosspolymer, Polymethylsilsesquioxane, Glyceryl Stearate, Cocamidopropyl Dimethylamine, Zea Mays (Corn) Starch, Hydrolyzed Corn Starch, Hydrolyzed Corn Starch Octenylsuccinate, Cetyl Alcohol, Xanthan Gum, Citric Acid, Disodium Edta, Propyl Gallate, Polysorbate 80, Peg-40 Hydrogenated Castor Oil, Sodium Hydroxide, Phenoxyethanol, Caprylyl Glycol, Chlorphenesin, Citronellol, Geraniol, Limonene, Linalool, Fragrance (Parfum)",Murad Advance Acne And Wrinkle Reducer,https://inkeedecoder.com/products/murad-advance-acne-and-wrinkle-reducer
wrinkles,"Aqua/​Water/​Eau, Glycerin, Propanediol, Betaine, C12-15 Alkyl Benzoate, Isohexadecane, Pentylene Glycol, Cetyl Alcohol, Cyclopentasiloxane, Cyclohexasiloxane, Butylene Glycol, Phosphatidylcholine, Sodium Hydroxide, Carnitine, Disodium Phosphate, Caprylyl Glycol, Methylsilanol Carboxymethyl Theophylline Alginate, Sodium Phosphate, Caffeine, Ethylhexylglycerin, Glyceryl Caprylate, Saccharide Isomerate, Glucose, Bacillus/​Soybean Ferment Extract, Chondrus Crispus Extract, Polysorbate 20, Potassium Cetyl Phosphate, Acrylates/​C10-30 Alkyl Acrylate Crosspolymer, Palmitic Acid, Stearic Acid, Xanthan Gum, Coenzyme A, Fragrance (Parfum), Limonene, Benzyl Benzoate, Phenoxyethanol",Zo Skin Health Zein Obagi Cellulite Control,https://inkeedecoder.com/products/zo-skin-health-zein-obagi-cellulite-control
wrinkles,"Aqua/​Water/​Eau, Olea Europaea (Olive) Oil Unsaponifiables, Lactobacillus Ferment Lysate Filtrate, Glycerin, Caprylic/​Capric Triglyceride, Butyrospermum Parkii (Shea Butter), Cetyl Alcohol, Cyclopentasiloxane, Cetearyl Alcohol, Titanium Dioxide, Cyclohexasiloxane, Tocopheryl Acetate, Glyceryl Stearate, Helianthus Annuus (Sunflower) Seed Extract, Hydrogenated Coco-Glycerides, Silica, Octyldodecanol, Cera Alba/​Beeswax/​Cire D'Abeille, Palmitoyl Tripeptide-38, Asparagopsis Armata Extract, Bupleurum Falcatum Root Extract, Allantoin, Sorbitol, Ascophyllum Nodosum Extract, Alumina, Mica, Ceteareth-20, Sodium Polyacrylate, Butylene Glycol, Hydroxypropyl Cyclodextrin, Caffeine, Propylene Glycol, Coenzyme A, Panthenol, Sodium Benzoate, Sodium Salicylate, Potassium Sorbate, PEG-8, Diazolidinyl Urea, Phenoxyethanol, Chlorphenesin, Iodopropynyl Butylcarbamate, Xanthan Gum, Disodium EDTA",Marcelle New-Age Precision Anti-Wrinkle + Firming Day Cream,https://inkeedecoder.com/products/marcelle-new-age-precision-anti-wrinkle-firming-day-cream
wrinkles,"Aqua/​Water/​Eau, Cyclopentasiloxane, Caprylic/​Capric Triglyceride, Lactobacillus Ferment Lysate, Glycerin, Olea Europaea (Olive) Oil Unsaponifiables, Octyldodecanol, Butyrospermum Parkii (Shea Butter), Cetearyl Alcohol, Petrolatum, Glyceryl Stearate, Cetyl Alcohol, Polysilicone-11, Algae Extract, Biosaccharide Gum-1, Synthetic Carnauba, Hydrogenated Coco-Glycerides, Helianthus Annuus (Sunflower) Seed Extract, Silica, Sodium Stearoyl Glutamate, Xanthan Gum, PEG-75 Stearate, Tocopheryl Acetate, Steareth-20, Bupleurum Falcatum Root Extract, Allantoin, Palmitoyl Tripeptide-38, Disodium EDTA, Ascophyllum Nodosum Extract, Caffeine, Asparagopsis Armata Extract, Hydroxypropyl Cyclodextrin, Sorbitol, Coenzyme A, Titanium Dioxide, Ceteth-20, Hedera Helix (Ivy) Leaf/​Stem Extract, Paullinia Cupana (Guarana) Seed Extract, Fucus Vesiculosus Extract, Equisetum Arvense Extract, Spiraea Ulmaria Flower Extract, Garcinia Cambogia Fruit Extract, Phenoxyethanol, Triethanolamine, Propylene Glycol, Butylene Glycol, PEG-8, Red 4, Diazolidinyl Urea, Iodopropynyl Butylcarbamate",Marcelle Newage Precision Anti-Wrinkle + Firming Night Cream,https://inkeedecoder.com/products/marcelle-newage-precision-anti-wrinkle-firming-night-cream
wrinkles,"Water (Aqua), Thiamine Diphosphate, Pyridoxine, Sh-Polypeptide-2, Tocopherol, Riboflavin, Inositol, Cyanocobalamin, Calcium Pantothenate, Folic Acid, Asparagine, Glycine, Methionine, Leucine, Lysine, Ornithine, Serine, Valine, Taurine, Tyrosine, Potassium Chloride, Sodium Phosphate, Adenosine Cyclic Phosphate, Guanosine, Cytosine, Glutathione, SH-Polypeptide-1, Biotin, Menadione, Arginine, Aspartic Acid, Threonine, Phenylalanine, Thymine, SH-Oligopeptide-2, Tryptophan, Isoleucine, Ascorbic Acid, Coenzyme A, Alanine, Niacin, Thiamine Nitrate, Histidine, Magnesium Sulfate, Hydroxyproline, Nicotinamide Adenine Dinucleotide, Glutamic Acid, Glutamine, Aminobutyric Acid, Cystine, SH-Oligopeptide-1, Copper Tripeptide-1, Calcium Chloride, Proline, Retinol, Disodium Flavine Adenine Dinucleotide",Biologique Recherche Cocktail D'Actifs Regenerants Serums,https://inkeedecoder.com/products/biologique-recherche-cocktail-dactifs-regenerants-serums
wrinkles,"Aqua, Sodium Hyaluronate, Sodium Phosphate, Potassium Chloride, Sodium Hydroxide, Glutamine, Benzalkonium Chloride, Magnesium Sulfate, Aminobutyric Acid, Sodium Ascorbate, Alanine, Arginine, Lysine Hcl, Valine, Histidine, Leucine, Threonine, Isoleucine, Tryptophan, Phenylalanine, Tyrosine, Glycine, Serine, Aspartic Acid, Adenosine Cyclic Phosphate, Cystine, Cytosine, Guanosine,Guanosine, Niacinamide, Thymine, Glutamic Acid, Asparagine, Nicotinamide Adenine Dinucleotide, Ornithine Hcl, Proline, Methionine, Hydroxyproline, Taurine, Coenzyme A, Disodium Flavine Adenine Dinucleotide, Polysorbate 80, Thiamine Diphosphate, Cyanocobalamin, Retinyl Palmitate, Thiamine Nitrate, Glycerin, Phenoxyethanol, Inositol, Pyridoxine Hcl, Sodium Oleate, Glycine Soja Oil, Disodium EDTA, Folic Acid, Biotin, Calcium Pantothenate, Tocopherol, Menadione,Menadione, Hydrogenated Lecithin, Copper Tripeptide-1, SH-Polypeptide-1, SH-Oligopeptide-1, SH-Oligopeptide-2, Sh-Polypeptide-2",mesoxy Rejuvenating + Ha 1% / Yoğun Antiaging,https://inkeedecoder.com/products/mesoxy-rejuvenating-ha-1-yogun-antiaging
wrinkles,"Water (Aqua), Oligopeptide-24, Tripeptide-6, Acetyl Decapeptide-3, Decapeptide-4, Calcium Chloride, Glutamine, Aminobutyric Acid, Ascorbic Acid, Alanine, Arginine, Lysine, Valine, Histidine, Leucine, Threonine, Isoleucine, Tryptophan, Phenylalanine, Tyrosine, Glycine, Serine, Adenosine Cyclic Phosphate, Aspartic Acid, Copper Tripeptide-1, Cystine, Cytosine, Glutathione, Guanosine, Niacinamide, Thymine, Asparagine, Glutamic Acid, Nicotinamide Adenine Dinucleotide, Ornithine, Proline, Hydroxyproline, Methionine, Taurine, Coenzyme A, Disodium Flavine Adenine Dinucleotide, Thiamine Diphosphate, Cyanocobalamin, Retinol, Thiamine Nitrate, Inositol, Biotin, Calcium Pantothenate, Folic Acid, Menadione, Riboflavin, Tocopherol, Sodium Phosphate, Magnesium Sulfate, Pyridoxine, Potassium Chloride",Biologique Recherche Cocktail d’Actifs Regenerants,https://inkeedecoder.com/products/biologique-recherche-cocktail-dactifs-regenerants
wrinkles,"Water\Aqua\Eau, Algae Extract, Dimethicone, Hdi/​Trimethylol Hexyllactone Crosspolymer, Cyclopentasiloxane, Hydrogenated Polyisobutene, Caprylic/​Capric/​Myristic/​Stearic Triglyceride, Polysilicone-11, PEG-100 Stearate, PEG-8 Dimethicone, PEG-10 Dimethicone, Glyceryl Triacetyl Ricinoleate, Macadamia Integrifolia Seed Oil, Glycerin, Sesamum Indicum (Sesame) Seed Oil, Medicago Sativa (Alfalfa) Seed Powder, Helianthus Annuus (Sunflower) Seedcake, Prunus Amygdalus Dulcis (Sweet Almond) Seed Meal, Eucalyptus Globulus (Eucalyptus) Leaf Oil, Sodium Gluconate, Copper Gluconate, Calcium Gluconate, Magnesium Gluconate, Zinc Gluconate, Tocopheryl Succinate, Niacin, Sesamum Indicum (Sesame) Seed Powder, Vitis Vinifera (Grape) Seed Extract, Citrus Aurantifolia (Lime) Peel Extract, Sigesbeckia Orientalis (St. Paul'S Wort) Extract, Crithmum Maritimum Extract, Eryngium Maritimum Extract, Polygonum Cuspidatum Root Extract, Silybum Marianum (Lady'S Thistle) Extract, Bupleurum Falcatum Root Extract, Humulus Lupulus (Hops) Extract, Citrus Reticulata (Tangerine) Peel Extract, Mimosa Tenuiflora Bark Extract, Narcissus Tazetta Bulb Extract, Chlorella Vulgaris Extract, Saccharomyces Lysate Extract, Prunus Mume Fruit Extract, Whey Protein\Lactis Protein\Proteine Du Petit-Lait, Gelidium Cartilagineum Extract, Coenzyme A, Micrococcus Lysate, Laminaria Digitata Extract, Rosmarinus Officinalis (Rosemary) Leaf Extract, Laminaria Ochroleuca Extract, Punica Granatum (Pomegranate) Fruit Juice, Sorbitol, Corallina Officinalis Extract, Molasses Extract\Saccharum Officinarum\Extrait De Melasse, Glycine Soja (Soybean) Seed Extract, Tourmaline, Caffeine, Linolenic Acid, Hydrogenated Lecithin, Gold, Hydrolyzed Wheat Protein, Glycosaminoglycans, Palmitoyl Hexapeptide-12, Ammonium Acryloyldimethyltaurate/​Beheneth-25 Methacrylate Crosspolymer, Bifida Ferment Lysate, Alcaligenes Polysaccharides, Butylene Glycol, Tetraacetylphytosphingosine, Dipotassium Glycyrrhizate, Lecithin, Acetyl Glucosamine, Sodium Hyaluronate, Laureth-23, Acetyl Hexapeptide-8, Linoleic Acid, Dipalmitoyl Hydroxyproline, Propylene Glycol Diethylhexanoate, Triethylhexanoin, Yeast Extract\Faex\Extrait De Levure, Caprylic/​Capric Triglyceride, Laureth-4, Tocopheryl Acetate, Diethylhexyl Syringylidenemalonate, Pentylene Glycol, PEG-8, Alcohol Denat, Potassium Sorbate, Yeast Polysaccharides, Hydroxypropyl Cyclodextrin, Nordihydroguaiaretic Acid, Caprylyl Glycol, Cyclodextrin, Maltodextrin, Sucrose, Glyceryl Polymethacrylate, Fragrance (Parfum), Polymethylsilsesquioxane, Silica, Ethylbisiminomethylguaiacol Manganese Chloride, Tocopherol, BHT, Disodium EDTA, Phenoxyethanol, Linalool, Hydroxycitronellal, Citronellol, Geraniol, Limonene, Green 5 (Ci 61570)",La Mer The Lifting And Firming Mask,https://inkeedecoder.com/products/la-mer-the-lifting-and-firming-mask
wrinkles,"Water, Ethylhexyl Methoxycinnamate, Niacinamide, Ethylhexyl Stearate, Isohexadecane, Caprylic/​Capric Triglyceride, Propylene Glycol, Glyceryl Stearate, PEG-100 Stearate, Ethylhexyl Salicylate, Mineral Oil, Benzophenone-3, Cetearyl Alcohol, Sorbitan Stearate, Ethylhexyl Triazone, Methylene Bis-Benzotriazolyl Tetramethylbutylphenol, Titanium Dioxide, Butylene Glycol, Hydrated Silica, Ammonium Polyacrylate, Dimethicone, Laureth-23, Glycerin, Organic Prunus Amygdalus Dulcis Oil, Organic Sesamum Indicum Seed Oil, Organic Punica Granatum Seed Oil, Organic Cocos Nucifera Oil, Organic Persea Gratissima Oil, Organic Carthamus Tinctorius Seed Oil, Organic Oryza Sativa Bran Oil, Organic Argania Spinosa Kernel Oil, Organic Simmondsia Chinensis Seed Oil, Organic Anthemis Nobilis Flower Oil, Squalane, Phytantriol, Organic Oryza Sativa Extract, Pascopyron Smithii Extract, Tocopheryl Acetate, Macrocystis Pyrifera Extract, PVP, Hydrolyzed Vegetable Protein, PEG-8, Bupleurum Falcatum Root Extract, Caffeine, Coenzyme A, Ascorbyl Tetraisopalmitate, Glycyrrhiza Glabra Root Extract, Hydrolyzed Milk Protein, Camellia Sinensis Leaf Extract, Alpha-Arbutin, Retinyl Palmitate, Helianthus Annuus Seed Oil, VP/​Hexadecene Copolymer, Acrylates/​C10-30 Alkyl Acrylate Crosspolymer, Xanthan Gum, Disodium EDTA, Allantoin, Fragrance, Triethanolamine, Phenoxyethanol, Methylparaben, Propylparaben, Chlorphenesin",Oriental Princess Milky Whitening Radiance Intensive Booster Whitening & Firming Body Lotion SPF25,https://inkeedecoder.com/products/oriental-princess-milky-whitening-radiance-intensive-booster-whitening-firming-body-lotion-spf25
wrinkles,"Carbomer, Kappaphycus Alvarezii Extract, Sodium Citrate, Dipeptide Diaminobutyroyl Benzylamide Diacetate, Crithmum Maritimum Extract, Glucose, Sodium Hyaluronate, Citric Acid, Sodium Benzoate, Potassium Chloride, Potassium Sorbate, Calcium Chloride, Magnesium Sulfate, Glutamine, Sodium Phosphate, Ascorbic Acid, Sodium Acetate, Tocopherol, Lysine Hcl, Arginine Hcl, Palmitoyl Tripeptide-1, Alanine, Histidine Hcl, Valine, Leucine, Threonine, Isoleucine, Palmitoyl Tetrapeptide-7, Tryptophan, Phenylalanine, Tyrosine, Glycine, Polysorbate 80, Serine, Cystine, Cyanocobalamin, Glutathione, Asparagine, Aspartic Acid, Ornithine Hcl, Glutamic Acid, Nicotinamide Adenine Dinucleotide, Biotin, Proline, Methionine, Taurine, Hydroxyproline, Glucosamine Hcl, Coenzyme A, Sodium Glucuronate, Thiamine Diphosphate, Retinyl Acetate, Inositol, Niacin, Niacinamide, Pyridoxine Hcl, Calcium Pantothenate, Riboflavin, Sodium Tocopheryl Phosphate, Thiamine Hcl, Folic Acid",Filorga Laboratories Time-filler Intensive 5xp,https://inkeedecoder.com/products/filorga-laboratories-time-filler-intensive-5xp
wrinkles,"Water (Aqua), Butyrospermum Parkii (Shea) Butter, Butylene Glycol, Cetyl Esters, Polysorbate 60, Glyceryl Stearate, PEG-100 Stearate, Glycerin, Squalane, Dimethicone, Cetearyl Alcohol, Dipentaerythrityl Hexa C5-9 Acid Esters, Myristyl Myristate, Sodium Hyaluronate, Isostearyl Neopentanoate, Tromethamine, Carbomer, Palmitic Acid, Silica, Boron Nitride, Stearic Acid, Polyacrylate-21, Sorbitan Stearate, Brassica Oleracea Italica (Broccoli) Extract, Hydrolyzed Sericin, Phospholipids, Kojic Dipalmitate, Acrylates/​Dimethylaminoethyl Methacrylate Copolymer, Sodium PCA, Saccharomyces Lysate Extract, Hydroxyethyl Acrylate/​Sodium Acryloyldimethyl Taurate Copolymer, Myristyl Laurate, Arnica Montana Flower Extract, Buddleja Davidii Meristem Cell Culture, Disodium EDTA, PEG-4 Laurate, PEG-4 Dilaurate, Carnitine, Hexylene Glycol, Xanthan Gum, Caprylyl Glycol, C11-15 Pareth-7, Sodium Laureth Sulfate, Polysorbate 20, Retinol, Myristic Acid, PEG-4, Caffeine, Glycine Soja (Soybean) Seed Extract, BHT, BHA, Coenzyme A, Biotin, Phenoxyethanol, Potassium Sorbate, Iodopropynyl Butylcarbamate, Methylisothiazolinone, Sodium Benzoate, Titanium Dioxide (Ci 77891), Iron Oxides (Ci 77491)",Zo skin health Eye Brightening Creme,https://inkeedecoder.com/products/zo-skin-health-eye-brightening-creme
wrinkles,"Water, Butylene Glycol, Jojoba Esters, Butyrospermum Parkii, C12-20 Acid PEG-8 Ester, Glycerin, Pentaerythrityl Tetraethylhexanoate, Caprylic/​Capric Triglyceride, Simmondsia Chinensis Seed Oil, Petrolatum, Behenyl Alcohol, Cetyl Alcohol, Sucrose, Algae Extract, Sesamum Indicum Seed Oil, Medicago Sativa Seed Powder, Helianthus Annuus Seedcake, Prunus Amygdalus Dulcis Seed Meal, Eucalyptus Globulus Leaf Oil, Sodium Gluconate, Copper Gluconate, Calcium Gluconate, Magnesium Gluconate, Zinc Gluconate, Tocopheryl Succinate, Niacin, Sesamum Indicum Seed Powder, Yeast Extract\Faex\Extrait De Levure, Bupleurum Falcatum Root Extract, Cucumis Sativus Fruit Extract, Sigesbeckia Orientalis Extract, Phaeodactylum Tricornutum Extract, Cucumis Melo Fruit Extract, Ahnfeltia Concinna Extract, Polyglyceryl-2 Triisostearate, Morus Nigra Root Extract, Hordeum Vulgare Extract\Extrait D'Orge, Avena Sativa Kernel Extract, Vitis Vinifera Fruit Extract, Silybum Marianum Extract, Acetyl Glucosamine, Persea Gratissima Oil, Sodium Hyaluronate, Caffeine, Bifida Ferment Lysate, Astrocaryum Murumuru Butter, Dimethicone, Acetyl Hexapeptide-8, Glyceryl Stearate, Acetyl Carnitine Hcl, Sodium Rna, Creatine, Potassium Cetyl Phosphate, Saccharomyces Lysate Extract, Propylene Glycol Dicaprate, Coenzyme A, PEG-100 Stearate, Decarboxy Carnosine Hcl, PEG-8, Sodium Hydroxide, Phospholipids, Acrylates/​C10-30 Alkyl Acrylate Crosspolymer, Tetrahexyldecyl Ascorbate, Hydrogenated Lecithin, Propylene Glycol Dicaprylate, Scutellaria Baicalensis Root Extract, Sorbitol, Simethicone, Laminaria Ochroleuca Extract, Cholesterol, Caprylyl Glycol, Potassium Sulfate, Disodium Cocoamphodiacetate, Xanthan Gum, Fragrance, Limonene, Hexyl Cinnamal, Geraniol, Citral, Linalool, Benzyl Benzoate, Amyl Cinnamal, Coumarin, Citronellol, Disodium EDTA, Sodium Benzoate, Phenoxyethanol",La Mer The Body Crème,https://inkeedecoder.com/products/la-mer-the-body-creme
wrinkles,"Aqua (Water, Eau), Gluconolactone, Alcohol Denat, Propanediol, Sodium Hydroxide, Capryloyl Glycine, Phenoxyethanol, Sodium Citrate, PEG-60 Hydrogenated Castor Oil, Citric Acid, Pentylene Glycol, Methyl Diisopropyl Propionamide, Glycolic Acid, Disodium EDTA, Mandelic Acid, Parfum (Fragrance), Salicylic Acid, Tropaeolum Majus Flower/​Leaf/​Stem Extract, Sodium Chloride, Phytic Acid, Sodium Hyaluronate, Glucose, Ethylhexylglycerin, Potassium Chloride, Calcium Chloride, Magnesium Sulfate, Glutamine, Sodium Phosphate, Ascorbic Acid, Sodium Acetate, Lysine Hcl, Arginine Hcl, Alanine, Histidine Hcl, Valine, Leucine, Threonine, Isoleucine, Tryptophan, Phenylalanine, Tyrosine, Glycine, Polysorbate 80, Serine, Cystine, Cyanocobalamin, Glutathione, Asparagine, Aspartic Acid, Ornithine Hcl, Glutamic Acid, Nicotinamide Adenine Dinucleotide, Proline, Methionine, Taurine, Hydroxyproline, Glucosamine Hcl, Coenzyme A, Sodium Glucuronate, Thiamine Diphosphate, Retinyl Acetate, Inositol, Niacin, Niacinamide, Pyridoxine Hcl, Biotin, Calcium Pantothenate, Riboflavin, Sodium Tocopheryl Phosphate, Thiamine Hcl, Folic Acid",Filorga Laboratories Oxygen-Peel Loção Micropeeling Reoxigenante,https://inkeedecoder.com/products/filorga-oxygen-peel-locao-micropeeling-reoxigenante
wrinkles,"Water, Bentonite, Glycerin, Hydrogenated Castor Oil, Propanediol, Cetyl Alcohol, Glyceryl Stearate, Kaolin, Stearic Acid, PEG-100 Stearate, Ricinus Communis (Castor) Seed Oil, Glyceryl Caprylate, Butyrospermum Parkii (Shea) Butter, Menthyl Lactate, Lecithin, Dimethicone, Leuconostoc/​Radish Root Ferment Filtrate, Panthenol, Titanium Dioxide, Caprylyl Glycol, 1,2-Hexanediol, Butylene Glycol, Xanthan Gum, Carrageenan, Vaccinium Myrtillus Fruit Extract, Pseudoalteromonas Ferment Extract, Camellia Sinensis Leaf Extract, Cucumis Sativus (Cucumber) Fruit Extract, Tocopheryl Acetate, PEG-8, Aminopeptidase, Protease, Saccharum Officinarum (Sugarcane) Extract, Triethyl Citrate, Citric Acid, Glyceryl Undecylenate, Hydrolyzed Wheat Protein, Lavandula Angustifolia (Lavender) Flower/​Leaf/​Stem Extract, Hydrolyzed Soy Protein, Acer Saccharum (Sugar Maple) Extract, Citrus Aurantium Dulcis (Orange) Fruit Extract, Phenoxyethanol, Citrus Medica Limonum (Lemon) Fruit Extract, Citrus Limon (Lemon) Peel Extract, Sodium Hyaluronate, Tetrahexyldecyl Ascorbate, Pyrus Malus (Apple) Fruit Extract, Rubus Idaeus (Raspberry) Fruit Extract, Bupleurum Falcatum Root Extract, Potassium Sorbate, Acetyl Hexapeptide-8, Retinyl Palmitate, Salvia Officinalis (Sage) Leaf Extract, Ubiquinone, Vanilla Planifolia Fruit Extract, Tripeptide-10 Citrulline, Carbomer, Caffeine, Coenzyme A, Salvia Sclarea (Clary) Extract, Vaccinium Macrocarpon (Cranberry) Fruit Extract, Zingiber Officinale (Ginger) Root Extract, Triethanolamine, Tripeptide -1",HydroPeptide Clarifying Toner Balance & Control Pads,https://inkeedecoder.com/products/hydropeptide-clarifying-toner-balance-control-pads
wrinkles,"Aqua (Water, Eau), Ascorbic Acid, Caprylic/​Capric Triglyceride, Cyclopentasiloxane, Propylene Glycol Laurate, Cyclohexasiloxane, Phenoxyethanol, Biosaccharide Gum-1, Hydroxyethyl Acrylate/​Sodium Acryloyldimethyl Taurate Copolymer, Parfum (Fragrance), Squalane, Sucrose Palmitate, Chlorphenesin, Ethylcellulose, Propylene Glycol Isostearate, Glyceryl Linoleate, Polysorbate 60, Triethanolamine, Prunus Amygdalus Dulcis (Sweet Almond) Oil, Sodium Chloride, Sorbitan Isostearate, Glucose, Sodium Hyaluronate, Citric Acid, Potassium Chloride, Potassium Sorbate, Calcium Chloride, Magnesium Sulfate, Glutamine, Sodium Phosphate, Sodium Acetate, Tocopherol, Lysine Hcl, Arginine Hcl, Alanine, Histidine Hcl, Valine, Leucine, Threonine, Isoleucine, Tryptophan, Phenylalanine, Tyrosine, Glycine, Polysorbate 80, Serine, Cystine, Cyanocobalamin, Glutathione, Asparagine, Aspartic Acid, Ornithine Hcl, Glutamic Acid, Nicotinamide Adenine Dinucleotide, Proline, Methionine, Taurine, Hydroxyproline, Glucosamine Hcl, Coenzyme A, Sodium Glucuronate, Thiamine Diphosphate, Retinyl Acetate, Inositol, Niacin, Niacinamide, Pyridoxine Hcl, Biotin, Calcium Pantothenate, Riboflavin, Sodium Tocopheryl Phosphate, Thiamine Hcl, Folic Acid",Filorga Laboratories C-recover Radiance Boosting Concentrate,https://inkeedecoder.com/products/filorga-laboratories-c-recover-radiance-boosting-concentrate
wrinkles,"Aqua (Water, Eau), Gluconolactone, Alcohol Denat, Propanediol, Sodium Hydroxide, Capryloyl Glycine, Phenoxyethanol, Sodium Citrate, PEG-60 Hydrogenated Castor Oil, Citric Acid, Pentylene Glycol, Methyl Diisopropyl Propionamide, Glycolic Acid, Disodium EDTA, Mandelic Acid, Parfum (Fragrance), Salicylic Acid, Tropaeolum Majus Flower/​Leaf/​Stem Extract, Sodium Chloride, Phytic Acid, Sodium Hyaluronate, Glucose, Ethylhexylglycerin, Potassium Chloride, Calcium Chloride, Magnesium Sulfate, Glutamine, Sodium Phosphate, Ascorbic Acid, Sodium Acetate, Lysine Hcl, Arginine Hcl, Alanine, Histidine Hcl, Valine, Leucine, Threonine, Isoleucine, Tryptophan, Phenylalanine, Tyrosine, Glycine, Polysorbate 80, Serine, Cystine, Cyanocobalamin, Glutathione, Asparagine, Aspartic Acid, Ornithine Hcl, Glutamic Acid, Nicotinamide, Adenine, Dinucleotide, Proline, Methionine, Taurine, Hydroxyproline, Glucosamine Hcl, Coenzyme A, Glucuronolactone, Thiamine Diphosphate, Retinyl Acetate, Inositol, Niacin, Niacinamide, Pyridoxine Hcl, Biotin, Calcium Pantothenate, Riboflavin, Sodium Tocopheryl Phosphate, Thiamine Hcl, Folic Acid",Filorga Laboratories Oxygen-Peel,https://inkeedecoder.com/products/filorga-oxygen-peel
wrinkles,"Aqua (Water, Eau), Glycerin, Methylpropanediol, 1,2-Hexanediol, Isopentyldiol, Gluconolactone, Polysorbate 20, Saccharide Isomerate, Sodium Hydroxide, Chondrus Crispus (Carrageenan) Powder, Vigna Aconitifolia Seed Extract, Parfum (Fragrance), O-Cymen-5-Ol, Maltodextrin, Adenosine, Sucrose Palmitate, Glucose, Sodium Hyaluronate, Glyceryl Linoleate, Prunus Amygdalus Dulcis (Sweet Almond) Oil, Sodium Chloride, Citric Acid, Sodium Citrate, Sodium Benzoate, Potassium Chloride, Potassium Sorbate, Calcium Chloride, Magnesium Sulfate, Glutamine, Sodium Phosphate, Ascorbic Acid, Sodium Acetate, Tocopherol, Lysine Hcl, Arginine Hcl, Alanine, Histidine Hcl, Valine, Leucine, Threonine, Isoleucine, Tryptophan, Phenylalanine, Tyrosine, Glycine, Polysorbate 80, Serine, Cystine, Cyanocobalamin, Glutathione, Asparagine, Aspartic Acid, Ornithine Hcl, Glutamic Acid, Nicotinamide Adenine Dinucleotide, Proline, Methionine, Taurine, Hydroxyproline, Glucosamine Hcl, Coenzyme A, Sodium Glucuronate, Thiamine Diphosphate, Retinyl Acetate, Inositol, Niacin, Niacinamide, Pyridoxine Hcl, Biotin, Calcium Pantothenate, Riboflavin, Sodium Tocopheryl Phosphate, Thiamine Hcl, Folic Acid",Filorga Time-filler Essence,https://inkeedecoder.com/products/filorga-time-filler-essence
wrinkles,"Aqua (Water, Eau), Glycereth-26, Glycerin, Methylpropanediol, Pentylene Glycol, Sodium Chloride, PPG-26-Buteth-26, PEG-40 Hydrogenated Castor Oil, Phenoxyethanol, Parfum (Fragrance), Sodium Hyaluronate, Propanediol, Sucrose Palmitate, Glucose, Xanthan Gum, Tocopheryl Acetate, Disodium EDTA, Octadecyl Di-T-Butyl-4-Hydroxyhydrocinnamate, Potassium Chloride, Glyceryl Linoleate, Prunus Amygdalus Dulcis-(Sweet Almond) Oil, Calcium Chloride, Adenosine, Magnesium Sulfate, Glutamine, Sodium Hydroxide, Sodium Phosphate, Ascorbic Acid, Sodium Acetate, Glyceryl Caprylate, Lysine Hcl, Arginine Hcl, Alanine, Histidine Hcl, Valine, Leucine, Threonine, Citric Acid, Isoleucine, Tryptophan, Phenylalanine, Tyrosine, Glycine, Polysorbate 80, Potassium Sorbate, Serine, Cystine, Cyanocobalamin, Glutathione, Asparagine, Aspartic Acid, Pseudoalteromonas Ferment Extract, Ornithine Hcl, Glutamic Acid, Nicotinamide Adenine Dinucleotide, Proline, Methionine, Taurine, Hydroxyproline, Glucosamine Hcl, Coenzyme A, Tocopherol, Sodium Glucuronate, Thiamine Diphosphate, Retinyl Acetate, Inositol, Niacin, Niacinamide, Pyridoxine Hcl, Biotin, Calcium Pantothenate, Riboflavin, Sodium Tocopheryl Phosphate, Thiamine Hcl, Folic Acid",Filorga Laboratories Ncef - Shot,https://inkeedecoder.com/products/filorga-laboratories-ncef-shot
wrinkles,"Water, Bentonite, Glycerin, Hydrogenated Castor Oil, Propanediol, Cetyl Alcohol, Glyceryl Stearate, Kaolin, Stearic Acid, PEG-100 Stearate, Ricinus Communis (Castor) Seed Oil, Glyceryl Caprylate, Butyrospermum Parkii (Shea) Butter, Menthyl Lactate, Lecithin, Dimethicone, Leuconostoc/​Radish Root Ferment Filtrate, Panthenol, Titanium Dioxide, Caprylyl Glycol, 1,2-Hexanediol, Butylene Glycol, Xanthan Gum, Carrageenan, Vaccinium Myrtillus Fruit Extract, Pseudoalteromonas Ferment Extract, Camellia Sinensis Leaf Extract, Rosmarinus Officinalis (Rosemary) Leaf Extract, Arctostaphylos Uva-Ursi Leaf Extract, Cucumis Sativus (Cucumber) Fruit Extract, Tocopheryl Acetate, PEG-8, Aminopeptidase, Protease, Saccharum Officinarum (Sugarcane) Extract, Triethyl Citrate, Citric Acid, Glyceryl Undecylenate, Hydrolyzed Wheat Protein, Lavandula Angustifolia (Lavender) Flower/​Leaf/​Stem Extract, Hydrolyzed Soy Protein, Acer Saccharum (Sugar Maple) Extract, Citrus Aurantium Dulcis (Orange) Fruit Extract, Phenoxyethanol, Citrus Medica Limonum (Lemon) Fruit Extract, Citrus Limon (Lemon) Peel Extract, Sodium Hyaluronate, Tetrahexyldecyl Ascorbate, Pyrus Malus (Apple) Fruit Extract, Rubus Idaeus (Raspberry) Fruit Extract, Bupleurum Falcatum Root Extract, Potassium Sorbate, Acetyl Hexapeptide-8, Retinyl Palmitate, Salvia Officinalis (Sage) Leaf Extract, Ubiquinone, Vanilla Planifolia Fruit Extract, Tripeptide-10 Citrulline, Carbomer, Caffeine, Coenzyme A, Salvia Sclarea (Clary) Extract, Vaccinium Macrocarpon (Cranberry) Fruit Extract, Zingiber Officinale (Ginger) Root Extract, Triethanolamine, Tripeptide-1",HydroPeptide Miracle Face Mask,https://inkeedecoder.com/products/hydropeptide-miracle-face-mask
wrinkles,"Aqua (Water, Eau), Gluconolactone, Alcohol, Propanediol, Sodium Hydroxide, Capryloyl Glycine, Phenoxyethanol, Sodium Citrate, PEG-60 Hydrogenated Castor Oil, Pentylene Glycol, Methyl Diisopropyl Propionamide, Glycolic Acid, Citric Acid, Disodium EDTA, Mandelic Acid, Parfum (Fragrance), Phytic Acid, Salicylic Acid, Tropaeolum Majus Flower/​Leaf/​Stem Extract, Sodium Chloride, Sodium Hyaluronate, Glucose, Ethylhexylglycerin, Potassium Chloride, Calcium Chloride, Magnesium Sulfate, Glutamine, Sodium Phosphate, Ascorbic Acid, Sodium Acetate, Lysine Hcl, Arginine, Alanine, Histidine, Valine, Leucine, Threonine, Isoleucine, Tryptophan, Phenylalanine, Tyrosine, Glycine, Polysorbate 80, Serine, Deoxyadenosine, Cystine, Cyanocobalamin, Deoxycytidine, Deoxyguanosine, Deoxythymidine, Glutathione, Asparagine, Aspartic Acid, Ornithine, Glutamic Acid, Nicotinamide Adenine Dinucleotide, Proline, Aminobutyric Acid, Methionine, Taurine, Hydroxyproline, Glucosamine, Coenzyme A, Glucuronolactone, Sodium Glucuronate, Thiamine Diphosphate, Sodium Uridine Triphosphate, Disodium Flavine Adenine Dinucleotide, Retinyl Acetate, Inositol, Methyl Deoxycytidine, Niacin, Niacinamide, Pyridoxal 5-Phosphate, Pyridoxine Hcl, Biotin, Calcium Pantothenate, Folic Acid, Riboflavin, Tocopheryl Phosphate",Filorga Laboratories Filorga Oxygen-peel Loción,https://inkeedecoder.com/products/filorga-laboratories-filorga-oxygen-peel-locion
wrinkles,"Aqua (Water, Eau), Ascorbic Acid, Caprylic/​Capric Triglyceride, Cyclopentasiloxane, Propylene Glycol Laurate, Cyclohexasiloxane, Phenoxyethanol, Biosaccharide Gum-1, Hydroxyethyl Acrylate/​Sodium Acryloyldimethyl Taurate Copolymer, Parfum (Fragrance), Squalane, Sucrose Palmitate, Chlorphenesin, Ethylcellulose, Propylene Glycol Isostearate, Glyceryl Linoleate, Polysorbate 60, Triethanolamine, Prunus Amygdalus Dulcis (Sweet Almond) Oil, Sodium Chloride, Sorbitan Isostearate, Glucose, Sodium Hyaluronate, Citric Acid, Potassium Chloride, Potassium Sorbate, Calcium Chloride, Magnesium Sulfate, Glutamine, Sodium Phosphate, Sodium Acetate, Tocopherol, Lysine Hcl, Arginine, Alanine, Histidine, Valine, Leucine, Threonine, Isoleucine, Tryptophan, Phenylalanine, Tyrosine, Glycine, Polysorbate 80, Serine, Deoxyadenosine, Cystine, Cyanocobalamin, Deoxycytidine, Deoxyguanosine, Deoxythymidine, Glutathione, Asparagine, Aspartic Acid, Ornithine, Glutamic Acid, Nicotinamide Adenine Dinucleotide, Proline, Aminobutyric Acid, Methionine, Taurine, Hydroxyproline, Glucosamine, Coenzyme A, Glucuronolactone, Sodium Glucuronate, Thiamine Diphosphate, Disodium Flavine Adenine Dinucleotide, Sodium Uridine Triphosphate, Retinyl Acetate, Inositol, Methyl Deoxycytidine, Niacin, Niacinamide, Pyridoxal 5-Phosphate, Pyridoxine Hcl, Biotin, Calcium Pantothenate, Folic Acid, Riboflavin, Tocopheryl Phosphate",Filorga Laboratories C-Recover Radiance Booster Concentrate,https://inkeedecoder.com/products/filorga-c-recover-radiance-booster-concentrate
wrinkles,"Aqua (Water, Eau), Propanediol, Niacinamide, Pumice, Sodium Polyacrylate, Phenoxyethanol, Ci 77499 (Iron Oxides), Sodium Acrylates Crosspolymer-2, Synthetic Fluorphlogopite, Parfum (Fragrance), Tocopheryl Acetate, Chlorphenesin, Shellac, Ci 77891 (Titanium Dioxide), Sucrose Palmitate, Passiflora Edulis Fruit Extract, Charcoal Powder, Papain, Silica, Glyceryl Linoleate, Prunus Amygdalus Dulcis (Sweet Almond) Oil, Sodium Chloride, 1,2-Hexanediol, Caprylyl Glycol, Carbomer, Algin, Glucose, Sodium Hyaluronate, Citric Acid, Potassium Chloride, Potassium Sorbate, Calcium Chloride, Magnesium Sulfate, Glutamine, Sodium Phosphate, Ascorbic Acid, Sodium Acetate, Tocopherol, Lysine Hcl, Arginine Hcl, Alanine, Histidine Hcl, Valine, Leucine, Threonine, Isoleucine, Tryptophan, Phenylalanine, Tyrosine, Glycine, Polysorbate 80, Serine, Cystine, Cyanocobalamin, Glutathione, Asparagine, Aspartic Acid, Ornithine Hcl, Glutamic Acid, Nicotinamide Adenine Dinucleotide, Proline, Methionine, Taurine, Hydroxyproline, Glucosamine Hcl, Coenzyme A, Sodium Glucuronate, Thiamine Diphosphate, Retinyl Acetate, Inositol, Niacin, Pyridoxine Hcl, Biotin, Calcium Pantothenate, Riboflavin, Sodium Tocopheryl Phosphate, Thiamine Hcl, Folic Acid",Filorga Laboratories Scrub & Detox Intense Purity Foam Exfoliator,https://inkeedecoder.com/products/filorga-laboratories-scrub-detox-intense-purity-foam-exfoliator
wrinkles,"C18-21 Alkane, Helianthus Annuus (Sunflower) Seed Oil, Aqua, Glycerin, Hydrated Silica, Gluconolactone, Glycolic Acid, Sodium Hydroxide, Sucrose Stearate, Volcanic Sand, Phenoxyethanol, Ci 77891 (Titanium Dioxide), Parfum, Tocopherol, Chlorphenesin, Xanthan Gum, Sucrose Palmitate, Hydrogenated Polydecene, Hydroxystearic Acid, Glyceryl Linoleate, Prunus Amygdalus Dulcis (Sweet Almond) Oil, Sodium Chloride, Glucose, Sodium Hyaluronate, Citric Acid, Potassium Chloride, Potassium Sorbate, Calcium Chloride, Magnesium Sulfate, Glutamine, Sodium Phosphate, Ascorbic Acid, Sodium Acetate, Lysine Hcl, Arginine, Alanine, Histidine, Valine, Leucine, Threonine, Isoleucine, Tryptophan, Phenylalanine, Tyrosine, Glycine, Polysorbate 80, Serine, Deoxyadenosine, Cystine, Cyanocobalamin, Deoxycytidine, Deoxyguanosine, Deoxythymidine, Glutathione, Asparagine, Aspartic Acid, Ornithine, Glutamic Acid, Nicotinamide Adenine Dinucleotide, Proline, Aminobutyric Acid, Methionine, Taurine, Hydroxyproline, Glucosamine, Coenzyme A, Glucuronolactone, Sodium Glucuronate, Thiamine Diphosphate, Disodium Flavine Adenine Dinucleotide, Sodium Uridine Triphosphate, Retinyl Acetate, Inositol, Methyl Deoxycytidine, Niacin, Niacinamide, Pyridoxal 5-Phosphate, Pyridoxine Hcl, Biotin, Calcium Pantothenate, Folic Acid, Riboflavin, Tocopheryl Phosphate",Filorga Laboratories Scrub & Peel,https://inkeedecoder.com/products/filorga-scrub-peel
wrinkles,"Aqua (Water, Eau), Glycerin, Butylene Glycol, Capryloyl Glycine, Citric Acid, Dimethicone PEG-7 Phosphate, Sodium Hydroxide, Sodium Polyacrylate Starch, Ethylhexyl Salicylate, Disodium EDTA, Parfum (Fragrance), Sodium Chloride, Sucrose Palmitate, Cetrimonium Bromide, Caesalpinia Spinosa Gum, Butyl Methoxydibenzoylmethane, Salvia Sclarea (Clary) Extract, Glyceryl Linoleate, Diethylhexyl Syringylidenemalonate, Prunus Amygdalus Dulcis (Sweet Almond) Oil, Potassium Sorbate, Sodium Benzoate, Glucose, Cyamopsis Tetragonoloba (Guar) Gum, Xanthan Gum, Alteromonas Ferment Extract, Pentaerythrityl Tetra-Di-T-Butyl Hydroxyhydrocinnamate, Potassium Chloride, Calcium Chloride, Phenoxyethanol, Sodium Hyaluronate, Magnesium Sulfate, Glutamine, Sodium Phosphate, Alcohol, Ascorbic Acid, Sodium Acetate, Tris(Tetramethylhydroxypiperidinol) Citrate, Lysine Hcl, Arginine Hcl, Alanine, Histidine Hcl, Valine, Leucine, Threonine, Isoleucine, Tryptophan, Phenylalanine, Tyrosine, Glycine, Polysorbate 80, Serine, Cystine, Cyanocobalamin, Glutathione, Asparagine, Aspartic Acid, Ornithine Hcl, Glutamic Acid, Nicotinamide Adenine Dinucleotide, Tocopherol, Proline, Methionine, Taurine, Hydroxyproline, Glucosamine Hcl, Coenzyme A, Ci 17200 (Red 33), Sodium Glucuronate, Thiamine Diphosphate, Retinyl Acetate, Inositol, Niacin, Niacinamide, Pyridoxine Hcl, Biotin, Calcium Pantothenate, Riboflavin, Sodium Tocopheryl Phosphate, Thiamine Hcl, Folic Acid",Filorga Ncef-essence Supreme Multi-correction Lotion,https://inkeedecoder.com/products/filorga-ncef-essence-supreme-multi-correction-lotion
wrinkles,"Aqua (Water, Eau), Glycereth-26, Methylpropanediol, Niacinamide, Ascorbyl Glucoside, PPG-26-Buteth-26, PEG-40 Hydrogenated Castor Oil, Pentylene Glycol, Tocopherol, Caprylyl Glycol, Hydrolyzed Hyaluronic Acid, Mannitol, Sodium Citrate, Xanthan Gum, Parfum (Fragrance), Sodium Hydroxide, Sodium Benzoate, Citric Acid, Sodium Phytate, Adenosine, Sucrose Palmitate, Glyceryl Linoleate, Prunus Amygdalus Dulcis (Sweet Almond) Oil, Sodium Chloride, Simmondsia Chinensis (Jojoba) Seed Oil, Linalool, Haematococcus Pluvialis Extract, Ergothioneine, Glucose, Sodium Hyaluronate, Potassium Chloride, Potassium Sorbate, Calcium Chloride, Magnesium Sulfate, Glutamine, Sodium Phosphate, Ascorbic Acid, Sodium Acetate, Lysine Hcl, Arginine Hcl, Alanine, Histidine Hcl, Valine, Leucine, Threonine, Isoleucine, Tryptophan, Phenylalanine, Tyrosine, Glycine, Polysorbate 80, Serine, Cystine, Cyanocobalamin, Glutathione, Asparagine, Aspartic Acid, Ornithine Hcl, Helianthus Annuus (Sunflower) Seed Oil, Glutamic Acid, Nicotinamide Adenine Dinucleotide, Proline, Methionine, Taurine, Hydroxyproline, Glucosamine Hcl, Coenzyme A, Sodium Glucuronate, Thiamine Diphosphate, Retinyl Acetate, Inositol, Niacin, Pyridoxine Hcl, Biotin, Calcium Pantothenate, Riboflavin, Sodium Tocopheryl Phosphate, Thiamine Hcl, Folic Acid",Filorga Laboratories Hydra - Aox [5],https://inkeedecoder.com/products/filorga-laboratories-hydra-aox-5
wrinkles,"Isopropyl Myristate, Propylene Glycol Dicaprylate/​Dicaprate, Polyglyceryl-3 Diisostearate, Sesamum Indicum (Sesame) Seed Oil, Polysorbate 80, Aqua (Water, Eau), Carapa Guaianensis Seed Oil, Brassica Campestris (Rapeseed) Seed Oil, Caprylic/​Capric Triglyceride, Pentylene Glycol, C18-36 Acid Triglyceride, Parfum (Fragrance), Dimethyl Isosorbide, Jojoba Esters, C12-18 Acid Triglyceride, Squalene, Tabebuia Impetiginosa Bark Extract, Borago Officinalis Seed Oil, Oenothera Biennis (Evening Primrose) Oil, Simmondsia Chinensis (Jojoba) Seed Oil, Camellia Oleifera Seed Oil, Sesamum Indicum (Sesame) Seed Extract, Sodium Chloride, Tocopherol, Helianthus Annuus (Sunflower) Seed Oil, Phytosteryl Macadamiate, Adenosine, Pistacia Lentiscus (Mastic) Gum, Ceramide NP, Phytosterols, Glucose, Rosa Damascena Flower Oil, Rosa Damascena Flower Water, Potassium Chloride, Calcium Chloride, Magnesium Sulfate, Glutamine, Citronellol, Sodium Phosphate, Ascorbic Acid, Sodium Acetate, Lysine Hcl, Arginine Hcl, Alanine, Histidine Hcl, Valine, Leucine, Threonine, Isoleucine, Tryptophan, Phenylalanine, Tyrosine, Glycine, Serine, Cystine, Cyanocobalamin, Glutathione, Asparagine, Aspartic Acid, Ornithine Hcl, Glutamic Acid, Nicotinamide Adenine Dinucleotide, Proline, Methionine, Taurine, Hydroxyproline, Glucosamine Hcl, Coenzyme A, Sodium Glucuronate, Thiamine Diphosphate, Retinyl Acetate, Inositol, Niacin, Niacinamide, Pyridoxine Hcl, Biotin, Calcium Pantothenate, Riboflavin, Sodium Tocopheryl Phosphate, Thiamine Hcl, Folic Acid",Filorga Global Repair Advanced Elixir,https://inkeedecoder.com/products/filorga-global-repair-advanced-elixir
wrinkles,"Aqua (Water, Eau), Glycereth-26, 1,2-Hexanediol, PPG-26-Buteth-26, PEG-40 Hydrogenated Castor Oil, Sucrose Palmitate, Hydrolyzed Sodium Hyaluronate, Propanediol, Parfum (Fragrance), Sodium Polyacrylate Starch, Glyceryl Linoleate, Tocopheryl Acetate, Sodium Hyaluronate, Sodium Benzoate, Chondrus Crispus (Carrageenan) Extract, Citric Acid, Disodium EDTA, Xanthan Gum, O-Cymen-5-Ol, Benzyl Alcohol, Acrylates/​C10-30 Alkyl Acrylate Crosspolymer, Adenosine, Lithothamnion Calcareum Extract, Pentylene Glycol, Sodium Hyaluronate Crosspolymer, Potassium Sorbate, Prunus Amygdalus Dulcis (Sweet Almond) Oil, Sodium Chloride, Dehydroacetic Acid, Sophora Japonica Flower Extract, Glucose, Phenoxyethanol, Potassium Chloride, Calcium Chloride, Magnesium Sulfate, Glutamine, Sodium Phosphate, Ascorbic Acid, Sodium Acetate, Tocopherol, Lysine Hcl, Arginine Hcl, Alanine, Histidine Hcl, Valine, Leucine, Threonine, Isoleucine, Tryptophan, Phenylalanine, Tyrosine, Glycine, Polysorbate 80, Serine, Cystine, Cyanocobalamin, Glutathione, Asparagine, Aspartic Acid, Ornithine Hcl, Glutamic Acid, Nicotinamide Adenine Dinucleotide, Proline, Methionine, Taurine, Hydroxyproline, Glucosamine Hcl, Coenzyme A, Sodium Glucuronate, Thiamine Diphosphate, Retinyl Acetate, Inositol, Niacin, Niacinamide, Pyridoxine Hcl, Biotin, Calcium Pantothenate, Riboflavin, Sodium Tocopheryl Phosphate, Thiamine Hcl, Folic Acid",Filorga Hydra-hyal Sérum,https://inkeedecoder.com/products/filorga-hydra-hyal-serum-2
wrinkles,"Aqua (Water, Eau), Glycerin, Propanediol, Pentaerythrityl Distearate, Hydroxyethyl Urea, Paraffinum Liquidum (Mineral Oil), Cetearyl Alcohol, Sorbitol, C20-22 Alkyl Phosphate, Ci 77891 (Titanium Dioxide), C20-22 Alcohols, Octyldodecanol, Cera Alba (Beeswax, Cire D'Abeille), Phenoxyethanol, 1,2-Hexanediol, Glyceryl Stearate, PEG-100 Stearate, Hydrolyzed Elastin, Soluble Collagen, Hydrogenated Polydecene, Parfum (Fragrance), Sucrose Palmitate, Xanthan Gum, Chlorphenesin, Sodium Hydroxide, Hydroxystearic Acid, Biosaccharide Gum-2, Allantoin, Glyceryl Linoleate, Alumina, Prunus Amygdalus Dulcis (Sweet Almond) Oil, Sodium Chloride, Glucose, Sodium Hyaluronate, Citric Acid, Potassium Chloride, Potassium Sorbate, Calcium Chloride, Magnesium Sulfate, Glutamine, Sodium Phosphate, Ascorbic Acid, Sodium Acetate, Tocopherol, Lysine Hcl, Arginine Hcl, Alanine, Histidine Hcl, Valine, Leucine, Threonine, Isoleucine, Tryptophan, Phenylalanine, Tyrosine, Glycine, Polysorbate 80, Serine, Cystine, Cyanocobalamin, Glutathione, Asparagine, Aspartic Acid, Ornithine Hcl, Glutamic Acid, Nicotinamide Adenine Dinucleotide, Proline, Methionine, Taurine, Hydroxyproline, Glucosamine Hcl, Coenzyme A, Sodium Glucuronate, Thiamine Diphosphate, Retinyl Acetate, Inositol, Niacin, Niacinamide, Pyridoxine Hcl, Biotin, Calcium Pantothenate, Riboflavin, Sodium Tocopheryl Phosphate, Thiamine Hcl, Folic Acid",Filorga Meso-mask Smoothing Radiance Mask,https://inkeedecoder.com/products/filorga-meso-mask-smoothing-radiance-mask-2
wrinkles,"Aqua (Water, Eau), Ethylhexyl Palmitate, Isodecyl Neopentanoate, Glycerin, Pentaerythrityl Tetracaprylate/​Tetracaprate, Synthetic Wax, Arachidyl Alcohol, Behenyl Alcohol, Polymethyl Methacrylate, Ammonium Acryloyldimethyltaurate/​VP Copolymer, Parfum (Fragrance), Arachidyl Glucoside, Phenoxyethanol, Sodium Hyaluronate, 1,2-Hexanediol, Dimethicone, Sucrose Palmitate, Glyceryl Stearate, PEG-100 Stearate, Caprylic/​Capric Triglyceride, Chlorphenesin, Sorbitan Oleate, Glyceryl Linoleate, Prunus Amygdalus Dulcis (Sweet Almond) Oil, Sodium Chloride, Biosaccharide Gum-1, Sorbitan Laurate, Levulinic Acid, Citric Acid, Glyceryl Caprylate, Salicornia Herbacea Extract, Glucose, Sodium Hydroxide, Potassium Chloride, Potassium Sorbate, Calcium Chloride, P-Anisic Acid, Magnesium Sulfate, Glutamine, Sodium Phosphate, Myristyl Malate Phosphonic Acid, Ascorbic Acid, Sodium Acetate, Tocopherol, Lysine Hcl, Arginine Hcl, Alanine, Histidine Hcl, Valine, Leucine, Threonine, Isoleucine, Tryptophan, Phenylalanine, Tyrosine, Glycine, Polysorbate 80, Serine, Cystine, Cyanocobalamin, Glutathione, Asparagine, Aspartic Acid, Ornithine Hcl, Glutamic Acid, Nicotinamide Adenine Dinucleotide, Proline, Methionine, Taurine, Hydroxyproline, Glucosamine Hcl, Coenzyme A, Sodium Glucuronate, Thiamine Diphosphate, Retinyl Acetate, Inositol, Niacin, Niacinamide, Pyridoxine Hcl, Biotin, Calcium Pantothenate, Riboflavin, Sodium Tocopheryl Phosphate, Thiamine Hcl, Folic Acid",Filorga Laboratories Hydra Filler Pro-Youth Moisturizer Care,https://inkeedecoder.com/products/filorga-laboratories-hydra-filler-pro-youth-moisturizer-care
wrinkles,"Aqua (Water, Eau), Glycerin, Caprylic/​Capric Triglyceride, Propylene Glycol, Sodium Polyacrylate, Butylene Glycol, Albizia Julibrissin Bark Extract, Ammonium Acryloyldimethyltaurate/​Vp Copolymer, Squalane, Propanediol, Sodium Chloride, 1,2-Hexanediol, Propylene Glycol Dicaprylate/​Dicaprate, Sodium Polyacrylate Starch, Parfum (Fragrance), Sucrose Palmitate, Chlorphenesin, Tocopheryl Acetate, Hydroxyethyl Acrylate/​Sodium Acryloyldimethyl Taurate Copolymer, Isohexadecane, Glucose, O-Cymen-5-Ol, Glyceryl Linoleate, Prunus Amygdalus Dulcis (Sweet Almond) Oil, Tephrosia Purpurea Seed Extract, Disodium EDTA, Potassium Chloride, Carbomer, Sodium Lactate, Calcium Chloride, Polysorbate 60, Polysorbate 20, Magnesium Sulfate, Glutamine, Sorbitan Isostearate, Sodium Phosphate, Sodium Benzoate, Phenoxyethanol, Sodium Hyaluronate, Ascorbic Acid, Sodium Acetate, Citric Acid, Lysine Hcl, Arginine Hcl, Alanine, Histidine Hcl, Valine, Potassium Sorbate, Leucine, Threonine, Isoleucine, Tryptophan, Phenylalanine, Tyrosine, Glycine, Polysorbate 80, Serine, Cystine, Cyanocobalamin, Glutathione, Asparagine, Aspartic Acid, Ornithine Hcl, Glutamic Acid, Nicotinamide Adenine Dinucleotide, Proline, Methionine, Taurine, Hydroxyproline, Glucosamine Hcl, Tocopherol, Coenzyme A, Palmitoyl Tripeptide-1, Sodium Glucuronate, Palmitoyl Tetrapeptide-7, Thiamine Diphosphate, Retinyl Acetate, Inositol, Niacin, Niacinamide, Pyridoxine Hcl, Biotin, Calcium Pantothenate, Riboflavin, Sodium Tocopheryl Phosphate, Thiamine Hcl, Folic Acid",Filorga Laboratories Ncef Night Mask,https://inkeedecoder.com/products/filorga-ncef-night-mask
wrinkles,"Aqua (Water, Eau), Oxidized Corn Oil, Propanediol, Caprylyl Methicone, Glycerin, Ammonium Acryloyldimethyltaurate/​VP Copolymer, Polymethyl Methacrylate, Hydroxyethyl Urea, Caprylic/​Capric Triglyceride, Butylene Glycol, Lauryl Glucoside, Polyglyceryl-2 Dipolyhydroxystearate, Phenoxyethanol, Sodium Acrylate/​Sodium Acryloyldimethyl Taurate Copolymer, 1,2-Hexanediol, Sodium Stearoyl Glutamate, Parfum (Fragrance), Isohexadecane, Sucrose Palmitate, Tocopheryl Acetate, Chlorphenesin, Biosaccharide Gum-2, Mimosa Tenuiflora Bark Extract, Polysorbate 80, Allantoin, Disodium EDTA, Laminaria Ochroleuca Extract, Glyceryl Linoleate, Prunus Amygdalus Dulcis (Sweet Almond) Oil, Sodium Chloride, Sorbitan Oleate, Citric Acid, Artemia Extract, Glucose, Sodium Hyaluronate, Potassium Chloride, Potassium Sorbate, Calcium Chloride, Magnesium Sulfate, Glutamine, Sodium Phosphate, Ascorbic Acid, Sodium Acetate, Tocopherol, Lysine Hcl, Arginine Hcl, Alanine, Histidine Hcl, Valine, Leucine, Threonine, Isoleucine, Hexapeptide-9, Tryptophan, Phenylalanine, Tyrosine, Glycine, Serine, Cystine, Cyanocobalamin, Glutathione, Asparagine, Aspartic Acid, Ornithine Hcl, Glutamic Acid, Nicotinamide Adenine Dinucleotide, Proline, Methionine, Taurine, Hydroxyproline, Glucosamine Hcl, Coenzyme A, Sodium Glucuronate, Thiamine Diphosphate, Retinyl Acetate, Inositol, Niacin, Niacinamide, Pyridoxine Hcl, Biotin, Calcium Pantothenate, Riboflavin, Sodium Tocopheryl Phosphate, Thiamine Hcl, Folic Acid",Filorga Laboratories Neocica Moisturizing Repairing Care,https://inkeedecoder.com/products/filorga-laboratories-neocica-moisturizing-repairing-care
wrinkles,"Aqua (Water, Eau), Propanediol, Butylene Glycol Dicaprylate/​Dicaprate, Gluconolactone, Glycerin, Alcohol Denat, Silica, Hydroxyethyl Acrylate/​Sodium Acryloyldimethyl Taurate Copolymer, Zinc Pca, Sodium Hydroxide, Parfum (Fragrance), Sodium Benzoate, Chondrus Crispus (Carrageenan), Levulinic Acid, Sucrose Palmitate, Maltodextrin, Sodium Levulinate, Citric Acid, Azelaic Acid, Bixa Orellana Seed Extract, Mandelic Acid, Glycolic Acid, Polysorbate 60, Sorbitan Isostearate, Hydrolyzed Wheat Flour, Sodium Phytate, Glyceryl Linoleate, Prunus Amygdalus Dulcis (Sweet Almond) Oil, Sodium Chloride, Ci 77289 (Chromium Hydroxide Green), 1,2-Hexanediol, Caprylyl Glycol, Dipeptide Diaminobutyroyl Benzylamide Diacetate, Glucose, Phenoxyethanol, Sodium Hyaluronate, Potassium Chloride, Potassium Sorbate, Calcium Chloride, Magnesium Sulfate, Glutamine, Sodium Phosphate, Ascorbic Acid, Sodium Acetate, Tocopherol, Lysine Hcl, Arginine Hcl, Alanine, Histidine Hcl, Valine, Leucine, Threonine, Isoleucine, Tryptophan, Phenylalanine, Tyrosine, Glycine, Polysorbate 80, Serine, Cystine, Cyanocobalamin, Glutathione, Asparagine, Aspartic Acid, Ornithine Hcl, Glutamic Acid, Nicotinamide Adenine Dinucleotide, Proline, Methionine, Taurine, Hydroxyproline, Glucosamine Hcl, Coenzyme A, Sodium Glucuronate, Thiamine Diphosphate, Retinyl Acetate, Inositol, Niacin, Niacinamide, Pyridoxine Hcl, Biotin, Calcium Pantothenate, Riboflavin, Sodium Tocopheryl Phosphate, Thiamine Hcl, Folic Acid",Filorga Laboratories Age-purify Intensive Serum,https://inkeedecoder.com/products/filorga-laboratories-age-purify-intensive-serum
wrinkles,"Ricinus Communis [Castor] Seed Oil, Glycine, Soybean Oil, Polyamide-1, Oleic/​Linoleic/​Linolenic Polyglycerides, Myristyl Lactate, Polyglyceryl-3 Diisostearate, Pentaerythrityl Tetrabehenate, Shorea Robusta Seed Butter, Isopropyl Palmitate, Butyrospermum Parkii [Shea] Butter, Parfum (Fragrance), Ethylhexyl Palmitate, Sucrose Palmitate, Aqua, [Water, Eau], Lecithin, Pentaerythrityl Tetra-Di-T-Butyl Hydroxyhydrocinnamate, Tribehenin, Citric Acid, Tocopheryl Acetate, Glyceryl Linoleate, Prunus Amygdalus Dulcis (Sweet Almond] Oil, Sodium Chloride, Sorbitan Isostearate, Swertia Chirata Extract, Ci 15510, (Red 27], Lactic Acid, Glucose, Phenoxyethanol, Sodium Hyaluronate, Potassium Chloride, Potassium Sorbate, Calcium Chloride, Magnesium Sulfate, Glutamine, Sodium Phosphate, Palmitoyl Tripeptide-1, Ascorbic Acid, Sodium Acetate, Tocopherol, Lysine Hcl, Arginine, Alanine, Histidine, Valine, Leucine, Threonine, Isoleucine, Tryptophan, Phenylalanine, Tyrosine, Polysorbate 80, Serine, Cystine, Cyanocobalamin, Glutathione, Asparagine, Aspartic Acid, Ornithine, Glutamic Acid, Nicotinamide Adenine Dinucleotide, Proline, Aminobutyric Acid, Methionine, Taurine, Hydroxyproline, Glucosamine, Coenzyme A, Thiamine Diphosphate, Retinyl Acetate, Inositol, Niacin, Niacinamide, Pyridoxine Hcl, Biotin, Calcium Pantothenate, Folic Acid, Riboflavin, Tocopheryl Phosphate",Filorga Laboratories Filorga Nutri-filler Plumping Lip Balm,https://inkeedecoder.com/products/filorga-laboratories-filorga-nutri-filler-plumping-lip-balm
wrinkles,"Aqua (Water), Propanediol, Glycerin, Lauryl Laurate, Isodecyl Neopentanoate, Butyrospermum Parkii Butter, Maltodextrin, Synthetic Fluorphlogopite, Phenoxyethanol, Acrylates/​C10-30 Alkyl Acrylate Crosspolymer, Methyl Methacrylate Crosspolymer, Butylene Glycol, Sucrose Palmitate, Sodium Polyacrylate, Sodium Hyaluronate, Parfum (Fragrance), Sodium Stearoyl Glutamate, Ethylhexylglycerin, Sodium Hydroxide, Glyceryl Linoleate, Prunus Amygdalus Dulcis (Sweet Almond) Oil, Pentylene Glycol, Sodium Hyaluronate Crosspolymer, Sodium Chloride, Lauroyl Lysine, Lecithin, Papain, Pistacia Lentiscus (Mastic) Gum, Swertia Chirata Extract, Citric Acid, 1-2 Hexanediol, Alteromonas Ferment Extract, Caprylyl Glycol, Carbomer, Glucose, Potassium Chloride, Algin, Potassium Sorbate, Calcium Chloride, Magnesium Sulfate, Glutamine, Sodium Phosphate, Tocopherol, Ascorbic Acid, Sodium Acetate, Lysine Hcl, Arginine, Alanine, Histidine, Valine, Leucine, Threonine, Isoleucine, Tryptophan, Phenylalanine, Tyrosine, Glycine, Polysorbate 80, Serine, Deoxythymidine, Glutathione, Asparagine, Aspartic Acid, Ornithine, Glutamic Acid, Nicotinamide Adenine Dinucleotide, Proline, Aminobutyric Acid, Methionine, Taurine, Hydroxyproline, Glucosamine, Coenzyme A, Glucuronolactone, Sodium Glucuronate, Thiamine Diphosphate, Disodium Flavine Adenine Dinucleotide, Sodium Uridine Triphosphate, Retinyl Acetate, Inositol, Methyl Deoxycytidine, Niacin, Niacinamide, Pyridoxal 5-Phosphate, Pyridoxine Hcl, Biotin, Calcium Pantothenate, Folic Acid, Riboflavin, Tocopheryl Phosphate, Alcohol Denat, Alcohol",Filorga Laboratories Hydra-Filler Mat Moisturizer Gel Cream,https://inkeedecoder.com/products/filorga-hydra-filler-mat-moisturizer-gel-cream
wrinkles,"Aqua (Water, Eau), Glycerin, Propanediol, Pentaerythrityl Distearate, Hydroxyethyl Urea, Paraffinum Liquidum (Mineral Oil), Cetearyl Alcohol, Hydrogenated Starch Hydrolysate, C20-22 Alkyl Phosphate, Ci 77891(Titanium Dioxide), C20-22 Alcohols, Octyldodecanol, Cera Alba (Beeswax), Phenoxyethanol, 1,2-Hexanediol, Glyceryl Stearate, Peg-100 Stearate, Hydrolyzed Elastin, Soluble Collagen, Hydrogenated Polydecene, Parfum (Fragrance), Sucrose Palmitate, Xanthan Gum, Chlorphenesin, Ammonium Lactate, Hydroxystearic Acid, Sodium Hydroxide, Biosaccharide Gum-2, Allantoin, Glyceryl Linoleate, Prunus Amygdalus Dulcis (Sweet Almond) Oil, Sodium Chloride, Glucose, Sodium Hyaluronate, Citric Acid, Potassium Chloride, Potassium Sorbate, Calcium Chloride, Magnesium Sulfate, Glutamine, Sodium Phosphate, Ascorbic Acid, Sodium Acetate, Tocopherol, Lysine Hcl, Arginine, Alanine, Histidine, Valine, Leucine, Threonine, Isoleucine, Tryptophan, Phenylalanine, Tyrosine, Glycine, Polysorbate 80, Serine, Cystine, Cyanocobalamin, Glutathione, Asparagine, Aspartic Acid, Ornithine, Glutamic Acid, Nicotinamide Adenine Dinucleotide, Proline, Aminobutyric Acid, Methionine, Taurine, Hydroxyproline, Glucosamine, Coenzyme A, Thiamine Diphosphate, Tocopheryl Phosphate, Retinyl Acetate, Inositol, Niacin, Niacinamide, Pyridoxine Hcl, Biotin, Calcium Pantothenate, Folic Acid, Riboflavin",Filorga Laboratories Meso-Mask Smoothing Radiance Mask,https://inkeedecoder.com/products/filorga-meso-mask-smoothing-radiance-mask
wrinkles,"Aqua (Water), Perfluorohexane, Propanediol, Protease, Perlite, Sodium Polyacrylate, Polysorbate 20, Perfluorodecalin, Polyacrylate-13, Butylene Glycol, Decyl Glucoside, Benzyl Alcohol, Pentafluoropropane, Polyisobutene, Parfum (Fragrance), Polyacrylate Crosspolymer-6, Chlorphenesin, Sucrose Palmitate, Citric Acid, Ci 77891 (Titanium Dioxide), Disodium EDTA, Sorbitan Isostearate, Glyceryl Linoleate, Prunus Amygdalus Dulcis (Sweet Almond) Oil, Sodium Chloride, 1,2-Hexanediol, Caprylyl Glycol, T-Butyl Alcohol, Glucose, Phenoxyethanol, Sodium Hyaluronate, Potassium Chloride, Potassium Sorbate, Calcium Chloride, Magnesium Sulfate, Glutamine, Sodium Phosphate, Ascorbic Acid, Sodium Acetate, Tocopherol, Lysine Hcl, Arginine, Alanine, Histidine, Valine, Leucine, Threonine, Isoleucine, Tryptophan, Phenylalanine, Tyrosine, Glycine, Polysorbate 80, Serine, Deoxyadenosine, Cystine, Asparagine, Aspartic Acid, Glutathione, Cyanocobalamin, Deoxycytidine, Deoxyguanosine, Deoxythymidine, Ornithine, Glutamic Acid, Nicotinamide Adenine Dinucleotide, Proline, Aminobutyric Acid, Methionine, Taurine, Hydroxyproline, Glucosamine, Coenzyme A, Glucuronolactone, Sodium Glucuronate, Sodium Uridine Triphosphate, Thiamine Diphosphate, Inositol, Methyl Deoxycytidine, Retinyl Acetate, Disodium Flavine Adenine Dinucleotide, Niacin, Niacinamide, Pyridoxal 5-Phosphate, Pyridoxine Hcl, Biotin, Calcium Pantothenate, Folic Acid, Riboflavin, Tocopheryl Phosphate",Filorga Laboratories Scrub & Mask ,https://inkeedecoder.com/products/filorga-scrub-mask-exfoliant-reoxygenant
wrinkles,"Aqua (Water, Eau), Glycerin, Butylene Glycol, Propylheptyl Caprylate, Hydroxyethyl Acrylate/​Sodium Acryloyldimethyl Taurate Copolymer, C15-19 Alkane, C9-12 Alkane, 1,2-Hexanediol, Hydrolyzed Sodium Hyaluronate, Ci 77163 (Bismuth Oxychloride), Parfum (Fragrance), Maltodextrin, Carbomer, Disteardimonium Hectorite, Sodium Hyaluronate, Sodium Benzoate, Xanthan Gum, Polysorbate 60, Sorbitan Isostearate, Triethyl Citrate, O-Cymen-5-Ol, Tetramethyl Acetyloctahydronaphthalenes, Biosaccharide Gum-1, Linalool, Sodium Phytate, Adenosine, Sucrose Palmitate, Linalyl Acetate, Pentylene Glycol, Sodium Hyaluronate Crosspolymer, Sodium Hydroxide, Glyceryl Linoleate, Prunus Amygdalus Dulcis (Sweet Almond) Oil, Sodium Chloride, Geranyl Acetate, Tocopherol, Glucose, Potassium Chloride, Potassium Sorbate, Calcium Chloride, Citric Acid, Magnesium Sulfate, Glutamine, Sodium Phosphate, Ascorbic Acid, Sodium Acetate, Lysine Hcl, Arginine Hcl, Alanine, Histidine Hcl, Valine, Leucine, Threonine, Isoleucine, Tryptophan, Phenylalanine, Tyrosine, Glycine, Polysorbate 80, Serine, Cystine, Cyanocobalamin, Glutathione, Asparagine, Aspartic Acid, Ornithine Hcl, Glutamic Acid, Nicotinamide Adenine Dinucleotide, Proline, Methionine, Taurine, Hydroxyproline, Glucosamine Hcl, Coenzyme A, Sodium Glucuronate, Thiamine Diphosphate, Retinyl Acetate, Inositol, Niacin, Niacinamide, Pyridoxine Hcl, Biotin, Calcium Pantothenate, Riboflavin, Sodium Tocopheryl Phosphate, Thiamine Hcl, Folic Acid",Filorga Labaratories Hyalu-filler Hydrating Plumping Cream,https://inkeedecoder.com/products/filorga-labaratories-hyalu-filler-hydrating-plumping-cream
wrinkles,coenzyme-a,Next page >>,https://inkeedecoder.com/ingredients/coenzyme-a?uoffset=1
wrinkles,"Organic 1,2-Propanediol, L Ascorbic Acid, Niacinamide (Vitamin B3), Creatine, Pyridoxine Cyclic Phosphate (Vitamin B6), Kinetin, Pyrroloquinoline Quinone Disodium Salt (Bio-Pqq), Biotin (Vitamin B7)",transderma Transderma O,https://inkeedecoder.com/products/transderma-transderma-o
wrinkles,"Aloe Barbadensis Leaf Juice, Bacillus Ferment, Glycerin, Apple Cider Vinegar, Niacinamide (Vitamin B3), Lactic Acid, Saccharide Isomerate, Sodium Hydroxide, Kinetin, Pyrus Malus (Apple) Fruit Extract, Gluconolactone, Althaea Officinalis (Marshmallow) Root Extract, Argemone Mexicana Callus (Poppy) Extract, Arginine, Astragalus Membranaceus (Huáng Qí) Root Extract, Avena Sativa (Oat) Bran Extract, Avena Sativa (Oat) Kernel Extract, Bromelain, Calcium Gluconate, Camellia Sinensis (Matcha) Leaf Extract, Centella Asiatica (Gotu Kola) Extract, Chlorella Vulgaris (Microalgae) Extract, Citric Acid, Cocos Nucifera (Coconut) Fruit Extract, Ginkgo Biloba (Maidenhair Tree) Leaf Extract, Glycyrrhiza Glabra (Licorice) Root Extract, Helichrysum Italicum (Curry Plant) Flower Extract, Lecithin, Levulinic Acid, Malpighia Emarginata (Acerola) Fruit Extract, Malpighia Glabra (Acerola) Fruit Extract, Maltodextrin, Medicago Sativa (Alfalfa) Leaf Extract, Mirabilis Jalapa Callus (Four O'Clock Flower) Extract, Moringa Oleifera Seed Extract, Muriella Aurantiaca/​Ruttnera Lamellosa Oil, Origanum Majorana (Marjoram) Leaf Extract, Papain (Papaya Enzyme), Polianthes Tuberosa Callus (Tuberose) Extract, Propanediol, Ruttnera Lamellosa Oil, Sodium Citrate, Sodium Hyaluronate, Sodium Levulinate, Sodium Phytate, Sucrose, Taraxacum Officinale (Dandelion) Root Extract, Terminalia Ferdinandiana (Kakadu Plum) Fruit Extract, Urtica Dioica (Nettle) Leaf Extract, Verbascum Thapsus (Mullein) Leaf Extract, Watanabea Reniformis Oil, Potassium Sorbate, Sodium Benzoate",Vintner's Daughter Active Treatment Essence,https://inkeedecoder.com/products/vintners-daughter-active-treatment-essence-2
wrinkles,"Deionized Water, Avocado Oil, Caprylic/​Capric Triglycerides, PEG 40 Monostearate, Sorbitan Palmitate, Sodium Hyaluronate, Grapefruit Extract Complex, Phenoxyethanol, Polysorbate 20, Fragrance, Vitamin C, Kinetin, Silk Peptide, Aloe Vera Gel, Triethanolamine, Carbomer, Allantoin, Disodium EDTA",Ofra Peptide Cleanser,https://inkeedecoder.com/products/ofra-peptide-cleanser
wrinkles,"Aqua (Water), Trehalose, Hydrolyzed Vegetable Protein, Hydroxypropyl Guar, Glycerin, Acetyl Hexapeptide-8, Propylene Glycol, Carbomer, Acetyl Tetrapeptide-5, Hesperidin Methyl Chalcone, Steareth-20, Anthemis Nobilis (Chamomile) Flower Extract, Chlorphenesin, Furfuryladenine (Kinetin), Citric Acid, Dipeptide-2, Ethylhexylglycerin",Acti labs Eye Contour Concentrate,https://inkeedecoder.com/products/acti-labs-eye-contour-concentrate
wrinkles,"Water (Aqua), Glycerin, Propanediol, Niacinamide, Acetyl Glycyl Beta-Alanine, Alpha-Arbutin, Centella Asiatica Leaf Extract, Tetrapeptide-30, Copper Palmitoyl Heptapeptide-14, Palmitoyl sh-Hexapeptide-13 Serine SP Amide, Tulipa Gesneriana Flower Extract, Crocus Chrysanthus Bulb Extract, Glycyrrhiza Glabra (Licorice) Root Extract, Kinetin, Indole Acetic Acid, Avena Sativa (Oat) Kernel Extract, Corallina Officinalis Extract, Panthenol, Allantoin, Melia Azadirachta Flower Extract, Melia Azadirachta Leaf Extract, Coccinia Indica Fruit Extract, Camellia Sinensis Leaf Extract, Sodium Hyaluronate, Lactic Acid/​Glycolic Acid Copolymer, Betaine, Acacia Senegal, Gummi Xanthanum, Potassium Sorbate, Sodium Benzoate, Maltodextrin, Caprylyl Glycol, 1,2-Hexanediol, Polyvinyl Alcohol, Sodium Hydroxide, Citric Acid*",Bloomeffects Black Tulip Regenerative Brightening Serum,https://inkeedecoder.com/products/bloomeffects-black-tulip-regenerative-brightening-serum
wrinkles,"Water, Cetyl Alcohol, Silica, PEG-20 Methyl Glucose Sesquistearate, Octyldodecyl Myristate, PEG-12 Glyceryl Dimyristate, Caprylic/​Capric Triglyceride, Glycerin, Saccharide Isomerate, Methyl Glucose Sesquistearate, Lactobacillus Ferment, Tetrasodium EDTA, Dimethicone, Kinetin, Zeatin, Ceramide NP, Ceramide AP, Ceramide EOP, Phytosphingosine, Cholesterol, Algae Extract, Phenoxyethanol, Carbomer, Triethanolamine, Sodium Lauroyl Lactylate, Ethoxydiglycol, Tocopheryl Acetate, Polyurethane-40, Ethylhexylglycerin, Palmitoyl Tripeptide-5, Xanthan Gum, Lecithin, Arabidopsis Thaliana Extract, Hydrochloric Acid",Obagi Kinetin+ Hydrating Eye Cream,https://inkeedecoder.com/products/obagi-kinetin
wrinkles,"Octocrylene - (10%), Homosalate - (5%), Octisalate - (5%), Avobenzone - (2.5%), Isododecane, Polymethylsilsesquioxane, Dimethicone/​Bis-Isobutyl PPG-20 Crosspolymer, Butyloctyl Salicylate, Dimethicone Crosspolymer, Dimethicone, Camellia Oleifera (Seed) Oil, Prunus Armeniaca (Apricot) Kernel Oil, Carthamus Tinctorius (Safflower) Seed Oil, Aloe Barbadensis Leaf Extract, Kinetin, Squalane, Tocopherol, Tocopheryl Acetate",Sonrei Sea Clearly® Hydrating Facial SPF 35,https://inkeedecoder.com/products/sonrei-sea-clearly-r-hydrating-facial-spf-35
wrinkles,"Aqua/​Water/​Eau, Glycerin, Glycolic Acid, Cocos Nucifera (Coconut) Oil, Cetearyl Alcohol, Triethanolamine, Glyceryl Stearate, Ceteareth-25, C12-15 Alkyl Lactate, Glyceryl Laurate, Butylene Glycol, Camellia Sinensis Leaf Extract, Glyceryl Caprate, Sodium Phytate, Kinetin",VMV HYPOALLERGENICS Re-Everything Cream Anti-Age Primary Treatment,https://inkeedecoder.com/products/vmv-hypoallergenics-re-everything-cream-anti-age-primary-treatment
wrinkles,"Aqua/​Water/​Eau, Glycerin, Cetearyl Alcohol, Glyceryl Stearate, Ceteareth-25, Cyclopentasiloxane, Glycolic Acid, Glyceryl Laurate, Butylene Glycol, Camellia Sinensis Leaf Extract, C12-15 Alkyl Lactate, Triethanolamine, Glyceryl Caprate, Sodium Phytate, Kinetin","VMV HYPOALLERGENICS Re-Everything Face, Hand & Body Lotion",https://inkeedecoder.com/products/vmv-hypoallergenics-re-everything-face-hand-body-lotion
wrinkles,"Water, Propanediol, Butylene Glycol, PEG-12 Glyceryl Dimyristate, Methyl Gluceth-20, Sorbitan Laurate, Phenoxyethanol, Xanthan Gum, Cellulose Gum, Oryza Sativa (Rice) Extract, Ethoxydiglycol, Glycerin, Malus Domestica Fruit Cell Culture Extract, Lecithin, Polyglyceryl-4 Laurate, Kinetin, Zeatin, Ethylhexylglycerin, Biosaccharide Gum-1, Citric Acid, Sodium Hyaluronate, Dilauryl Citrate, Baicalin, 1,2-Hexanediol, Caprylyl Glycol, Inulin Lauryl Carbamate, Ergothioneine, Tetrapeptide-26",Obagi medical Kinetin+ Rejuvenating Serum,https://inkeedecoder.com/products/obagi-medical-kinetin-rejuvenating-serum
wrinkles,"Water (Aqua), Niacinamide, Glycerin, Squalane, Propanediol, Hydroxyethyl Acrylate/​Sodium Acryloyldimethyl Taurate Copolymer, Glyceryl Stearate, Cetearyl Alcohol, Coco-Caprylate, Salicylic Acid, Retinol, Perlite, Fomes Officinalis (Mushroom) Extract, Camellia Sinensis (Green Tea) Leaf Extract, Curcuma Longa (Turmeric) Root Extract, Kinetin, Ceramide NP, Tocopherol, Silica, Caprylic/​Capric Triglyceride, Sodium Polyacrylate, Polysorbate 20, Polysorbate 60, Cetyl Palmitate, Laureth-23, Sorbitan Isostearate, Trideceth-6 Phosphate, Sodium Hydroxide, Tetrasodium Glutamate Diacetate, Caprylyl Glycol, Hexylene Glycol, Phenoxyethanol, Ethylhexylglycerin",Remedy For Pore Size,https://inkeedecoder.com/products/remedy-for-pore-size
wrinkles,"Water, Propanediol, Butylene Glycol, PEG-12, Glyceryl Dimyristate, Methyl Gluceth-20, Sorbitan Laurate, Phenoxyethanol, Xanthan Gum, Cellulose Gum, Oryza Sativa (Rice) Extract, Ethoxydiglycol, Glycerin, Malus Domestica Fruit Cell Culture Extract, Lecithin, Polyglyceryl-4 Laurate, Kinetin, Zeatin, Ethylhexylglycerin, Biosaccharide Gum-1, Citric Acid, Sodium Hyaluronate, Dilauryl Citrate, Baicalin, 1,2-Hexanediol, Caprylyl Glycol, Inulin Lauryl Carbamate, Ergothioneine, Tetrapeptide-26",Obagi Kinetin+ Rejuvenating Serum,https://inkeedecoder.com/products/obagi-kinetin-rejuvenating-serum
wrinkles,"Water, Niacinamide, Propylene Glycol, Glycerin, Zinc Gluconate, Cetearyl Alcohol, Ceteareth-20, Phenoxyethanol, Ethylhexylglycerin, Ethylhexyl Salicylate, Tea-Salicylate, Hydroxyethyl Cellulose, Methylsilanol Mannuronate, Acetyl Hexapeptide-8, Allantoin, Hydrolyzed Collagen, Furfuryladenine, Panax Ginseng Extract, Polymer Synthetics Spheres, Ascorbic Acid, Punica Granatum Extract, Lactic Acid, Glycolic Acid, Citric Acid, Tartaric Acid, Malic Acid, Thermal Water, Camellia Sinensis Extract, Glycosaminoglycans, Hyaluronic Acid, Xylitylglucoside",The Booster Company N° 01 Pieles Con Manchas,https://inkeedecoder.com/products/the-booster-company-ndeg-01-pieles-con-manchas
wrinkles,"Non-Nano Zinc Oxide - (20.28%), Isododecane, Polysilicone-11, C13-15 Alkane, Butyloctyl Salicylate, Propanediol Dicaprylate/​Caprate, Dimethicone, Polyhydroxystearic Acid, Castor Oil/​Ipdi Copolymer, Dilinoleic Acid/​Butanediol Copolymer, Disodium Stearoyl Glutamate, Polyglyceryl-6 Polyricinoleate, Polyglyceryl-3 Polyricinoleate, Triethoxycaprylylsilane, Lecithin, Coco-Caprylate/​Caprate, Camellia Oleifera (Seed) Oil, Kinetin, Prunus Armeniaca (Apricot) Kernel Oil, Squalane, Aloe Barbadensis Leaf Extract, Carthamus Tinctorius (Safflower) Seed Oil, Hydrated Silica, Tocopheryl Acetate, Ci 77491 (Iron Oxide), Ci 77492 (Iron Oxide), Ci 77499 (Iron Oxide)",Sonrei Clearly Zinc Hydrating Facial SPF 35+ Growth Factor Sunscreen Mineral Gel/primer,https://inkeedecoder.com/products/sonrei-clearly-zinc-hydrating-facial-spf-35-growth-factor-sunscreen-mineral-gel-primer
wrinkles,"Aqua, Tricaprylin, Triheptanoin, Glycerin, Squalene, Silica, Cetearyl Alcohol, Simmondsia Chinensis (Jojoba) Seed Oil, Macadamia, Alternifolia, Glyceryl Stearate Citrate, Stearic Acid, Sodium Hydroxide, Sodium Stearoyl Lactylate, Xanthan Gum, Parfum, Potassium Sorbate, Sodium Phytate, Kinetin, Tocopherol, Pistacia Lentiscus Mastic Gum, Sodium Hyaluronate, Lactic Acid, Olive Oil, Spirulina Maxima Extract, Coumarin, Eugenol",Mastic origins Energezing Cream,https://inkeedecoder.com/products/mastic-origins-energezing-cream
wrinkles,"Water, Propylene Glycol, PEG-12 Glyceryl Dimyristate, Glycerin, PEG-7 Glyceryl Cocoate, Silica, Lactobacillus Ferment, Butylene Glycol, Carbomer, Phenoxyethanol, Triethanolamine, Betaine, Ethoxydiglycol, Pentylene Glycol, Saccharomyces Cerevisiae Extract, Panthenol, Ethylhexylglycerin, Disodium EDTA, Kinetin, Zeatin, Polyurethane-40, Escin, Ruscus Aculeatus Root Extract, Ammonium Glycyrrhizate, Rhodiola Rosea Root Extract, Tetrahexyldecyl Ascorbate, Centella Asiatica Extract, Acetyl Octapeptide-3, Hydrolyzed Yeast Protein, Calendula Officinalis Flower Extract, Camellia Sinensis Leaf (Green Tea) Extract, Hydrochloric Acid",Obagi Clinical Vitamin C Eye Brightner,https://inkeedecoder.com/products/obagi-clinical-vitamin-c-eye-brightner
wrinkles,"Water, Glyceryl Stearate, Propylene Glycol, Octyldodecyl Myristate, Stearic Acid, Cetyl Alcohol, PEG-12 Glyceryl Dimyristate, Stearyl Alcohol, Lactobacillus Ferment, Glycine Soja (Soybean) Sterols, Phenoxyethanol, Laureth-23, Dimethicone, Carbomer, Tocopheryl Acetate, Ethoxydiglycol, Sodium Hydroxide, Ethylhexylglycerin, Kinetin, Zeatin, Pentaerythrityl Tetra-Di-T-Butyl Hydroxyhydrocinnamate, Disodium EDTA, Panthenol, Citric Acid, Ascorbic Acid, Hydrolyzed Elastin, Soluble Collagen, Aloe Barbadensis Leaf Juice, Hydrochloric Acid",Obagi Clinical Kintine+ Hydrating Cream,https://inkeedecoder.com/products/obagi-clinical-kintine-hydrating-cream
wrinkles,"Water, Propylene Glycol, PEG-12 Glyceryl Dimyristate, Glycerin, PEG-7 Glyceryl Cocoate, Silica, Lactobacillus Ferment, Butylene Glycol, Carbomer, Phenoxyethanol, Triethanolamine, Betaine, Ethoxydiglycol, Pentylene Glycol, Saccharomyces Cerevisiae Extract, Panthenol, Ethylhexylglycerin, Disodium EDTA, Kinetin, Zeatin, Polyurethane-40, Ruscus Aculeatus Root Extract, Ammonium Glycyrrhizate, Rhodiola Rosea Root Extract, Tetrahexyldecyl Ascorbate, Centella Asiatica Extract, Acetyl Octapeptide-3, Camellia Sinensis Leaf (Green Tea) Extract, Hydrochloric Acid",Obgai Clinical Vitamin C Eye Brightener,https://inkeedecoder.com/products/obgai-clinical-vitamin-c-eye-brightener
wrinkles,"Water, Kaolin, Ci 77891, Cetearyl Alcohol, Caprylic/​Capric Triglyceride, Propylene Glycol, Glycerin, Persea Gratissima Oil, Isododecane, Sodium Cetearyl Sulfate, Sodium Ascorbyl Phosphate, Caprylyl Glycol, Aloe Barbadensis Leaf Juice, Neopentyl Glycol Diheptanoate, Tocopheryl Acetate, Butylene Glycol, Hexylene Glycol, Hydrolyzed Silk, Kinetin, Ethylhexyl Methoxycinnamate, Disodium EDTA, Carbomer, Sodium Hyaluronate, Polysorbate 20, Citric Acid, Palmitoyl Tripeptide-1, Palmitoyl Tetrapeptide-7, Phenoxyethanol, Fragrance, Ci 16035, Ci 17200",Ofra Peptide Brightening Mask,https://inkeedecoder.com/products/ofra-peptide-brightening-mask
wrinkles,"Aloe Barbadensis Leaf Juice, Wasabi Extract, Broccoli Sprout Extract, Watermelon Seed Oil, Carrot Seed Oil, Ursolic Acid, Goldenseal Extract, Glycerin, Grapeseed Oil, Beta-Glucan, Sea Kelp Extract, Horse Chestnut Extract, Ginseng Extract, Shiitake Extract, Reishi Extract, Avocado Seed Oil, Prickly Pear Seed Oil, Black Currant Seed Oil, Kinetin, Silymarin, Phycocyanin, Alpha Lipoic Acid, Green Coffee Seed Oil, Superoxide Dismutase, Lactobacillus/​Kelp Ferment Filtrate, Astaxanthin, Porphyridium Polysaccharide, Fucoxanthin, Glutathione, Sh-Polypeptide-77, Sh-Polypeptide-2, SH-Polypeptide-107, SH-Polypeptide-108",Oumere The Serum Bioluminelle Concentrate,https://inkeedecoder.com/products/oumere-the-serum-bioluminelle-concentrate
wrinkles,"Water (Aqua), Glycerin, Propanediol, Xanthan Gum, Polyglutamic Acid, Bakuchiol, Centella Asiatica Leaf Extract, Tulipa Gesneriana Flower Extract, Caffeine, Allantoin, Kojic Acid, Tetrapeptide-1, Tetrapeptide-30, Copper Palmitoyl Heptapeptide-14, Palmitoyl sh-Hexapeptide-13 Serine SP Amide, Arginine/​Lysine Polypeptide, Beta-Alanyl Hydroxyprolyldiaminobutyroyl Benzylamide, Crocus Chrysanthus Bulb Extract, Kinetin, Indole Acetic Acid, 3-O-Ethyl Ascorbic Acid, Ascorbic Acid, Phytonadione, Lactic Acid/​Glycolic Acid Copolymer, Caprylyl Glycol, Euterpe Oleracea Fruit Extract, Aloe Barbadensis Leaf Juice, Hydrolyzed Gardenia Florida Extract, Panthenol, Sodium Hyaluronate, Phospholipids, Acacia Senegal Gum, Sodium Benzoate, Potassium Sorbate, Sodium Phytate, 1,2-Hexanediol, Leuconostoc/​Radish Root Ferment Filtrate, Sorbic Acid, Polyvinyl Alcohol, Citric Acid, Pentylene Glycol, Maltodextrin",Bloomeffects Black Tulip Regenelift Eye,https://inkeedecoder.com/products/bloomeffects-black-tulip-regenelift-eye
wrinkles,"Aqua, Niacinamide, Glycerin, Polyacrylate Crosspolymer-11, Aloe Barbadensis Leaf Juice, Hylocereus Undatus Fruit Extract, Benzyl Alcohol, Panthenol, Glycerine, Epilobium Angustifolium Flower/​Leaf/​Stem Extract, Pentylene Glycol, Glycyrrhiza Glabra (Licorice) Root Extract, Dehydroacetic Acid, Lactic Acid, Serine, Sodium Lactate, Sorbitol, Urea, Rosmarinus Officinalis (Rosemary) Leaf Extract, Kinetin, Citric Acid, Cocos Nucifera (Coconut) Fruit Extract, Sodium Chloride, Sodium Hydroxide, Disodium EDTA, Phenoxyethanol, Potassium Sorbate, Allantoin, Sodium Benzoate, Sodium Metabisulfite",Bottao Morning Serum,https://inkeedecoder.com/products/bottao-morning-serum
wrinkles,"Water (Aqua), Prunus Amygdalus Dulcis (Sweet Almond) Oil, Caprylic/​Capric Triglyceride, Silica, Stearic Acid, PEG-12 Glyceryl Dimyristate, Glyceryl Stearate, PEG-100 Stearate, Tocopheryl Acetate, Phenoxyethanol, Cetyl Alcohol, Panthenol, Triethanolamine, Carbomer, Ethoxydiglycol, Polyaminopropyl Biguanide, Disodium EDTA, Polyurethane-40, Ethylhexylglycerin, PPG-12/​Smdi Copolymer, Kinetin, Zeatin, Citrus Aurantium Dulcis (Orange) Peel Oil, Tetrahexyldecyl Ascorbate, Sodium Carboxymethyl Beta-Glucan, Acetyl Octapeptide-3, Imidazolidinyl Urea, Camellia Sinensis Leaf (Green Tea) Extract, Hyaluronic Acid, Aloe Barbadensis Leaf Juice Powder, Hydrochloric Acid, Magnesium Ascorbyl Phosphate, Rubus Idaeus (Raspberry) Leaf Extract",Obagi medical Professional-c Peptide Complex,https://inkeedecoder.com/products/obagi-medical-professional-c-peptide-complex
wrinkles,"Aloe Barbadensis (Aloe) Leaf Juice, Sodium Hyaluronate (Hyaluronic Acid), Vegetable Glycerin, Rice Ferment Filtrate (Sake), Potassium Olivoyl Pca, Glycyrrhiza Glabra (Licorice) Root Extract, Vitamin C (Ascorbic Acid), Xanthan Gum, Caffeine, Vitamin E (Tocopherol), Vitamin A (Retinol), Lonicera Japonica (Honeysuckle) Flower Extract, Citrus Paradisi (Grapefruit) Fruit Extract, Ocimum Basilicum (Basil) Extract, Usnea Barbata (Lichen) Extract, Rosa Centifolia (Rose) Flower Extract, Chamomilla Recutita (Matricaria) Flower Oil, Citrus Aurantium Dulcis (Orange) Peel Oil, Anthemis Nobilis (Chamomile) Flower Oil, Helichrysum Italicum (Everlasting) Flower Oil, Daucus Carota Sativa (Carrot) Seed Oil, Cistus Ladaniferus (Cistus) Oil, Cananga Odorata (Ylang Ylang) Flower Oil, Pelargonium Graveolens (Geranium) Flower Oil, Rosa Canina (Rose Hip) Flower Oil, Punica Granatum (Pomegranate) Seed Oil, Kinetin, Resveratrol",100% Pure Does It All Sheet Mask,https://inkeedecoder.com/products/100-pure-does-it-all-sheet-mask
wrinkles,"Aqua, Niacinamide, Glycerin, Ethoxydiglycol, Theobroma Grandiflorum Seed Butter, Aloe Barbadensis Leaf Juice, Ammonium Acryloyldimethyltaurate/​VP Copolymer, Oenothera Biennis (Evening Primrose) Oil, Orbignya Oleifera (Babassu) Oil, Hylocereus Undatus Fruit Extract, Citrus Tangerina (Tangerine) Peel Oil, Prunus Amygdalus Dulcis (Sweet Almond) Oil, Benzyl Alcohol, Lecithin, Hydrogenated Vegetable Oil, Xanthan Gum, Epilobium Angustifolium Flower/​Leaf/​Stem Extract, Ethyl Ascorbic Acid, Tocopheryl Acetate, Arctium Lappa Root Extract, Ferulic Acid, Glycyrrhiza Glabra (Licorice) Root Extract, Dehydroacetic Acid, Caprylic/​Capric Triglyceride, Acacia Victoriae Seed Extract, Dimethylmethoxy Chromanol, Kinetin, Polysorbate 20, Retinol, Benzoic Acid, Retinyl Palmitate, Citric Acid, Sodium Benzoate, Cocos Nucifera (Coconut) Fruit Extract, Phenoxyethanol, Potassium Sorbate, Sodium Hydroxide, Cetyl Palmitate, Disodium EDTA, Laureth-23, Sodium Metabisulfite, Ceramide 3, Trideceth-6 Phosphate, Acetyl Hexapeptide-8",Bottao Evening Serum,https://inkeedecoder.com/products/bottao-evening-serum
wrinkles,"Glycerine, Propylene Glycol, Zeolite, Triethylamine, C13-C14 Isoparaffin, Laureth-7, Mica, Copper Tripeptide-1, Undaria Pinnatifida Extract, Water, Alumina, Ci 77491, Potassium Sorbate, Sodium Benzoate, Capsicum Frutescens Extract, Polyacrylamide, Ci 77891, Silica, Grape (Vitis Vinifera) Seed Oil, Tocopheryl Acetate, Ascorbyl Tetraisopalmitate, Kinetin, Allantoin, Retinyl Palmitate",Hava Zingboim Gold Heating Mask,https://inkeedecoder.com/products/hava-zingboim-gold-heating-mask
wrinkles,"Water, Ethylhexyl Methoxycinnamate, Caprylic/​Capric Triglyceride, Ethylhexyl Salicylate, Oleyl Alcohol, Glycerin, Persea Gratissima Oil, Prunus Amygdalus Dulcis Oil, Glyceryl Stearate, Butylene Glycol, Ceteareth-20, Cetyl Alcohol, Stearyl Alcohol, Tocopheryl Acetate, Polyacrylamide, Isododecane, Aminomethyl Propanol, Aloe Barbadensis Leaf Juice, Sodium Hyaluronate, Neopentyl Glycol Diheptanoate, PEG-100 Stearate, C13-14 Isoparaffin, Citrus Aurantium Dulcis Oil, Carbomer, Xanthan Gum, Allantoin, Kinetin, Tetrahexyldecyl Ascorbate, Disodium EDTA, Laureth-7, Caprylyl Glycol, Hexylene Glycol, Dunaliella Salina Extract, Simmondsia Chinensis Seed Oil, Phenoxyethanol",Ofra Vitamin C Cream,https://inkeedecoder.com/products/ofra-vitamin-c-cream
wrinkles,"Water, Glyceryl Stearate, Glycerin, Stearic Acid, Caprylic/​Capric Triglyceride, Sorbitol, PPG-12/​Smdi Copolymer, Sorbitan Stearate, Sodium Polystyrene Sulfonate, Kiwi Fruit Extract, Carthamus Tinctorius Seed Oil, Shea Butter, Dimethicone, Dipalmitoyl Hydroxyproline, Biosaccharide Gum-1, Plankton Extract, Lecithin, Sodium PCA, Caprylyl Glycol, Arabidopsis Extract, Tocopheryl Acetate, Mango Seed Butter, Glucosamine Hcl, Algae Extract, Yeast Extract, Urea, Macrocystis Pyrifera Extract, Sodium Ascorbyl Phosphate, Methylsilanol Hydroxyproline Aspartate, Phenoxyethanol, Imperata Cylindrica Root Extract, Xanthan Gum, Aleurites Moluccana Seed Oil, Jojoba Seed Oil, Triticum Vulgare (Wheat) Germ Oil, Macadamia Ternifolia Seed Oil, Hydroxydecyl Ubiquinone, Kinetin, Ubiquinone (Coenzyme Q10), Disodium EDTA, Pentylene Glycol, Rhodiola Rosea Root Extract",Dermaquest Skin Therapy Revive Body,https://inkeedecoder.com/products/dermaquest-skin-therapy-revive-body
wrinkles,"Squalane, Tetrahexyldecyl Ascorbate, Fragaria Ananassa (Strawberry) Seed Oil, Caprylic/​Capric Triglyceride, Tulipa Gesneriana Flower Extract, Bakuchiol, Niacinamide, Cannabis Sativa Seed Oil, Astragalus Membranaceus Root Extract, Spilanthes Acmella Flower/​Leaf/​Stem Extract, Acmella Oleracea Extract, Ubiquinone, Ceramide NP, Ceramide AS, Ceramide AP, Ceramide NS, Cholesterol, Ceramide EOP, Tocopherol, Tocopheryl Acetate, Chamomilla Recutita (Matricaria) Flower Extract, Echinacea Purpurea Extract, Euterpe Oleracea Fruit Extract, Terminalia Ferdinandiana Fruit Extract, Vaccinium Angustifolium (Blueberry) Fruit Extract, Carica Papaya (Papaya) Fruit Extract, Ananas Sativus (Pineapple) Fruit Extract, Actinidia Chinensis (Kiwi) Fruit Extract, Carthamus Tinctorius (Safflower) Seed Oil, Caprylyl Glycol, Ethylhexylglycerin, Olea Europaea (Olive) Fruit Oil, Rubus Idaeus Seed Oil, Citrullus Lanatus (Watermelon) Seed Oil, Ribes Nigrum (Black Currant) Seed Oil, Prunus Amygdalus Dulcis (Sweet Almond) Oil, Persea Gratissima (Avocado) Oil, Caryodendron Orinocense Seed Oil, Brassica Oleracea Italica Seed Oil, Rosa Canina Fruit Oil, Sodium Hyaluronate, Kinetin, Indole Acetic Acid, Hydrogenated Lecithin, Dipropylene Glycol, Glyceryl Stearate, Sucrose Distearate, Glycerin, Maltodextrin, Sodium Benzoate, Potassium Sorbate, Water (Aqua)",Bloomeffects Royal Tulip Vitamin C Facial Oil,https://inkeedecoder.com/products/bloomeffects-royal-tulip-vitamin-c-facial-oil
wrinkles,"Water, Acetyl Hexapeptide-8, Butylene Glycol, Ethoxydiglycol, Palmitoyl Hexapeptide-14, Lycium Barbarum Fruit Extract (Goji Berry), Camellia Oleifera (Green Tea Extract), Glycosaminoglycans, Sodium Chondroitin Sulfate, Cetearyl Alcohol, Ceteareth-20, Glyceryl Stearate, Hexyldecanol, Bisabolol, Cetylhydroxyproline Palmitamide, Stearic Acid, Brassica Campestris (Rapeseed) Sterols, Tetrahexyldecyl Ascorbate, Glycerin, Hesperidin Methyl Chalcone, Steareth-20, Dipeptide-2, Palmitoyl Tetrapeptide-3, Di-C12-13 Alkyl Malate, Isopropyl Palmitate, Tocopheryl Acetate, Niacinamide, Dextran, Caprooyl Tetrapeptide-3, Petrolatum, Isododecane, Evodia Rutaecarpa Fruit Extract, L-Ergothioneine, Feruloyl Soy Glycerides, 1,2-Hexanediol, Caprylyl Glycol, Sodium Hyaluronate, Acrylates/​C10-30 Alkyl Acrylate Crosspolymer, Trolamine, Allantoin, Potassium Sorbate, Hydroxypinacolone Retinoate, Kinetin, Sodium Benzoate, Edetate Disodium, BHT",Skinwell Derm (Dr. Ava Khosraviani) Total Eye,https://inkeedecoder.com/products/skinwell-derm-dr-ava-khosraviani-total-eye
wrinkles,"Water, Acetyl Hexapeptide-8, Butylene Glycol, Ethoxydiglycol, Palmitoyl Hexapeptide-14, Lycium Barbarum Fruit Extract (Goji Berry), Camellia Oleifera (Green Tea) Extract, Glycosaminoglycans, Sodium Chondroitin Sulfate, Cetearyl Alcohol, Ceteareth-20, Glyceryl Stearate, Hexyldecanol, Bisabolol, CetylHydroxyproline​CetylhydroxyprolinePalmitamide, Stearic Acid, Brassica Campestris (Rapeseed) Sterols, Tetrahexyldecyl Ascorbate, Glycerin, Hesperidin Methyl Chalcone, Steareth-20, Dipeptide-2, Palmitoyl Tetrapeptide-3, Di-C12-13 Alkyl Malate, Isopropyl Palmitate, Tocopheryl Acetate, Niacinamide, Dextran, Caprooyl Tetrapeptide-3, Petrolatum, Isododecane, Evodia Rutaecarpa Fruit Extract, L-Ergothioneine, Feruloyl Soy Glycerides, 1,2-Hexanediol, Caprylyl Glycol, Sodium Hyaluronate, Acrylates/​C10-30 Alkyl Acrylate Crosspolymer, Trolamine, Allantoin, Potassium Sorbate, Hydroxypinacolone Retinoate, Kinetin, Sodium Benzoate, Edetate Disodium, BHT, Cetylhydroxyproline Palmitamide",doris day Hpr Eye,https://inkeedecoder.com/products/doris-day-hpr-eye
wrinkles,"Aqua (Water), Glycerin, Polyglyceryl-4 Caprate, Lauryl Laurate, Niacinamide, Dimethyl Isosorbide, Leuconostoc/​Radish Root Ferment Filtrate, Bakuchiol, Tulipa Gesneriana Flower Extract*, Hydroxypinacolone Retinoate, Cannabis Sativa Leaf Extract, Cannabis Sativa Seed/​Stem Oil, Vaccinium Vitis-Idaea Fruit Extract, Bisabolol (L-Alpha), Centella Asiatica (Gotu Kola) Leaf Extract, Hyaluronic Acid, Malic Acid (L), Crithmum Maritimum Callus Culture Filtrate, Aloe Barbadensis Flower Extract, Lecithin, Pinus Cembra Wood Extract, Phospholipids, Helianthus Annuus (Sunflower) Seed Oil, Tocopherol (D-Alpha), Saponaria Pumila Callus Culture Extract, Lactic Acid (L), Melia Azadirachta (Neem) Leaf Extract, Caprylic/​Capric Triglyceride, Melia Azadirachta (Neem) Flower Extract, Sodium Gluconate, Corallina Officinalis Extract, Eclipta Prostrata Extract, Coccinia Indica Fruit Extract, Aloe Barbadensis Leaf Juice Powder, Olea Europaea (Olive) Fruit Oil, Ocimum Basilicum (Basil) Flower/​Leaf Extract, Moringa Oleifera Seed Extract, Hydrolyzed Gardenia Florida Extract, Curcuma Longa (Turmeric) Root Extract, Ocimum Sanctum Leaf Extract, Maltodextrin, Xanthan Gum, 1,2-Hexanediol, Caprylyl Glycol, Carbomer, Isomalt, Sodium Hydroxide, Sodium Acrylates Copolymer, Kinetin, Hydrogenated Polyisobutene, Dimethylmethoxy Chromanol, Solanum Melongena (Eggplant) Fruit Extract, Polyglyceryl-10 Stearate, Citric Acid, Indole Acetic Acid, Tropolone",Bloomeffects Black Tulip Overnight Retinoid Serum,https://inkeedecoder.com/products/bloomeffects-black-tulip-overnight-retinoid-serum
wrinkles,"Aqua (Water), Glycerin, Ethyl Macadamiate, Caprylic/​Capric Triglyceride, Dimethicone, Pentylene Glycol, Squalane, Sorbitol, Sodium Polyacrylate, Glyceryl Stearate, Tocopheryl Acetate, Ethylhexyl Palmitate, Xylitylglucoside, Hydroxyethyl Acrylate/​Sodium Acryloyldimethyl Taurate Copolymer, Cetearyl Alcohol, Anhydroxylitol, Stearic Acid, Cocos Nucifera (Coconut) Oil, Medicago Sativa (Alfalfa) Extract, Dimethicone/​Polyglycerin-3 Crosspolymer, Xylitol, Glutathione, Glyceryl Polyacrylate, Tetrasodium Glutamate Diacetate, Glucose, Sorbitan Isostearate, Opuntia Vulgaris (Prickly Pear) Fruit Extract, Pyrus Malus (Apple) Fruit Extract, Trihydroxystearin, Isomalt, Withania Somnifera (Ashwagandha) Root Extract, Dipropylene Glycol, Tocopherol, Copper Tripeptide-1, Daucus Carota Sativa (Carrot) Root Powder, Malic Acid, Sodium Hyaluronate, Sodium Citrate, Ceramide NP, Hydrogenated Lecithin, Calcium Gluconate, Lecithin, Rhododendron Ferrugineum Leaf Cell Culture Extract, Sucrose Distearate, Glucomannan, Lactic Acid, Ceramide AP, Ceramide AS, Cholesterol, Ceramide NS, Ceramide EOP, Kinetin, Gluconolactone, Sodium Benzoate, Phenoxyethanol, Ethylhexylglycerin",Silex Skincare Layover Overnight Travel Recovery Mask,https://inkeedecoder.com/products/silex-skincare-layover-overnight-travel-recovery-mask
wrinkles,"Aqua (Water), Glycerin, Ceteareth-6 Olivate, Dicaprylyl Carbonate, Sorbitol, Cetyl Alcohol, Dimethicone, Stearic Acid, Butylene Glycol, PPG-12/​Smdi Copolymer, Sodium Ascorbyl Phosphate (Vit C), Glyceryl Stearate, PEG-100 Stearate, Caprylic/​Capric Triglyceride, Phenoxyethanol, Caprylyl Glycol, Ethylhexylglycerin, Hexylene Glycol, Linoleic Acid, Glycine Soja (Soybean) Sterols, Phospholipids, C12-15 Alkyl Benzoate, Tribehenin, Ceramide 2, PEG-10 Rapeseed Sterol, Palmitoyl Hexapeptide-12, Palmitoyl Tripeptide-3 (Syn®-Coll), Stearyl Alcohol, Prunus Amygdalus Dulcis (Sweet Almond) Oil, Tocopheryl Acetate (Vit E), Parfum, Benzyl Salicylate*, Hexyl Cinnamic Aldehyde*, Hydroxycitronellal*, Citronellol*, Lyral*, Linalool*, Lilial*, Gamma Methyl Ionone*, Oakmoss*, Cinnamyl Alcohol*, Cyclopentasiloxane, Crithmum Maritimum Extract, Brassica Campestris/​Aleurites Fordi Oil Copolymer, Gamma-Aminobutyric Acid, Xanthan Gum, Disodium EDTA, Magnesium Aluminum Silicate, Magnesium Aspartate, Zinc Gluconate, Copper Gluconate, Olea Europaea (Olive) Leaf Extract, Mushroom Extract (Matsutake), Kinetin, Punica Granatum (Pomegranate) Extract, Sodium Hydroxide",DR. LEWINN'S Ultra R4 Restorative Cream,https://inkeedecoder.com/products/dr-lewinns-ultra-r4-restorative-cream
wrinkles,"Aqua (Water), Squalane, Hydroxypropyl Starch Phosphate, Pentaerythrityl Tetraisostearate, Glycerin, Lauryl Laurate, Niacinamide, Polyglyceryl-4 Caprate, Cetearyl Alcohol, Caprylic/​Capric Triglyceride, Hydroxystearic/​Linolenic/​Oleic Polyglycerides, Coco-Glucoside, Cetyl Alcohol, Sodium Stearoyl Glutamate, Leuconostoc/​Radish Root Ferment Filtrate, Tulipa Gesneriana Flower Extract*, Calanthe Discolor (Orchid) Extract, Ceramide NP, Palmitoyl Tripeptide-38, Sodium PCA, Lactic Acid (L), Malic Acid (L), Sodium Hyaluronate (L), Prunus Armeniaca (Apricot) Kernel Oil, Rubus Chamaemorus (Cloud Berry) Seed Oil, Adansonia Digitata (Baobab) Seed Oil, Moringa Oleifera Seed Oil, Euterpe Oleracea (Acai) Fruit Oil, Jojoba Oil/​Macadamia Seed Oil Esters, Helianthus Annuus (Sunflower) Seed Oil, Lecithin, Jojoba Esters, Aloe Barbadensis Leaf Juice Powder, Olea Europaea (Olive) Fruit Oil, Helianthus Annuus (Sunflower) Seed Wax, Polyglycerin-3, Lactobacillus/​Punica Granatum Fruit Ferment Extract, Acacia Decurrens Flower Wax, Melia Azadirachta (Neem) Leaf Extract, Chamomilla Recutita (Matricaria) Flower Extract, Tocopherol (D-Alpha), Melia Azadirachta (Neem) Flower Extract, Corallina Officinalis Extract, Gluconolactone, Coccinia Indica Fruit Extract, Avena Sativa (Oat) Kernel Flour, Hydrolyzed Gardenia Florida Extract, Solanum Melongena (Eggplant) Fruit Extract, Aloe Barbadensis Flower Extract, Saponaria Pumila Callus Culture Extract, Curcuma Longa (Turmeric) Root Extract, Ocimum Sanctum Leaf Extract, Ocimum Basilicum (Basil) Flower/​Leaf Extract, Phytosterols, Phytosteryl Macadamiate, Tocopherol, Kinetin, Hydroxypropyl Cyclodextrin, Dimethylmethoxy Chromanol, Calcium Gluconate, Sodium Gluconate, Maltodextrin, Isomalt, Polyacrylate Crosspolymer-6, Xanthan Gum, Sodium Benzoate, Sodium Methyl Stearoyl Taurate, Caprylhydroxamic Acid, Sodium Hydroxide, Benzyl Alcohol, T-Butyl Alcohol, Alcohol Denat, Citric Acid",Bloomeffects Black Tulip Facial Treatment,https://inkeedecoder.com/products/bloomeffects-black-tulip-facial-treatment
wrinkles,"Deionized Water, Organic Aloe Vera Leaf Juice, Mango Seed Butter, Organic Argan Oil, Organic Avocado Oil, Organic Grape Seed Oil, Organic Rosehip Oil, Organic Safflower Oil, Organic Jojoba Oil, Organic Centella Asiatica (Gotu Kola) Extract, Propanediol, Fision Hydrate, Sodium PCA, Wheat Amino Acids, Panthenol, Glycerine, Sodium Hyaluronate, Hydroxyproline, Tetrapeptide-21 (Tetrapeptide-21, Glycerin, Butylene Glycol, Water), Adifyline, Butylene Glycol, Aqua, Acetyl Hexapeptide-38, Trylagen, Water, Pseudoalteromonas Ferment Extract, Hydrolyzed Soy Protein, Hydrolyzed Wheat Protein, Tripeptide-10 Citrulline, Tripeptide-1, Lecithin, Xanthan Gum, Carbomer, Triethanolamine, Caprylyl Glycol, Sk-Influx, Ceramide NP, Ceramide AP, Ceramide EOP, Phytosphingosine, Cholesterol, Sodium Lauroyl Lactylate, Dmae (Dimethylaminoethanol Bitartrate Powder), Relistase, Glycerin, Acetylarginyltryptophyl Diphenylglycine, Niacinamide, Zinc Oxide, Hyaluronic Acid, Sambucus Nigra Fruit Extract, Glyceryl Stearate, Phospholipids, Ubiquinone, Juvinity, Caprylic/​Capric Triglyceride, Geranylgeranylisopropanol, Alpha Lipoic Acid, Kinetin, Organic Green Tea Leaf Extract, (Organic) Rooibos Leaf Extract, Organic White Tea Leaf Extract, (Ecocert) Gluconolactone, Allantoin, Leuconostoc/​Radish Root Ferment Filtrate, Honeysuckle Flower Extract, Phytocide Aspen Bark Extract Powder, Gluconolactone, Mixed Tocopherols (Vitamin E), Lavender Oil, Ylang Ylang Oil",NCN PRO SKINCARE All-In-One Anti Aging Cream,https://inkeedecoder.com/products/ncn-pro-skincare-all-in-one-anti-aging-cream
wrinkles,"New Zealand Red Algae, Totarol, MāNuka Honey, Phormium Tenax (Harakeke) Seed Oil, Pure New Zealand Artesian Water (Aqua), Zinc Oxide, Caprylic/​Capric Triglyceride, Glycerin, Polysorbate 60 (Tween 60-Lq-(Ap)), Sorbitan Stearate, Stearic Acid, Cetearyl Glucoside, Cetyl Alcohol, Niacinamide (Vitamin B3), Ferulic Acid, Tocopherol (Vitamin E), Gardenia Jasminoides Meristem Cell Culture, Punica Granatum (Pomegranate) Extract, Prunus Amygdalus Dulcis (Sweet Almond) Oil, Aloe Barbadensis Leaf Juice, Carrageenan, Lecithin, Xanthan Gum, Isostearic Acid, Polyhydroxystearic Acid, Polyglyceryl-3 Polyricinoleate, Dehydroacetic Acid, Stearyl Alcohol, Benzyl Alcohol",Ao Skincare 6000x Elemental Screen SPF30,https://inkeedecoder.com/products/ao-skincare-6000x-elemental-screen-spf30
wrinkles,"Astaxanthin, Coq10, Water, Glycerin, Zinc Oxide, Tinosorb S, Tinosorb-M, Niacinamide, Isononyl Isononanoate, Lactobacillus Ferment, Phenylbenzimidazole Sulfonic Acid, Sorbitan Stearate, Squalane, Panthenol, Ectoin, Glycyrrhiza Uralensis (Licorice) Root Extract, Schizophyllan, Xanthan Gum, Tocopheryl Acetate, Allantoin, Saccharomyces Ferment, Bifida Ferment Lysate, Lactobacillus Ferment Lysate, Coenzyme Q10, Sodium Hyaluronate, Hydrolyzed Sodium Hyaluronate, Haematococcus Pluvialis Extract, Limonia Acidissima Extract, Tremella Fuciformis (Mushroom) Extract, Inonotus Obliquus (Chaga) Extract, 1,2-Hexanediol, Dendrobium Nobile Stem Extract, Centella Asiatica Extract, Aloe Barbadensis Leaf Extract, Panax Ginseng Root Extract, Hydroxyacetophenone, Lycium Barbarum Fruit Extract, Chamomilla Recutita (Matricaria) Flower Extract, Beta-Glucan",Herbar The Sun Shield SPF30,https://inkeedecoder.com/products/herbar-the-sun-shield-spf30
wrinkles,"Astaxanthin (98.7%), Butylene Glycol, Glycerin, Citrus Paradisi (Grapefruit) Fruit Extract, Eucalyptus Globulus Leaf Extract, Eugenia Caryophyllus (Clove) Flower Extract, Sophora Angustifolia Root Extract, Citrus Junos Fruit Extract, Cellulose Gum",Sidmool Secret Of Red Astaxanthin Concentrate,https://inkeedecoder.com/products/sidmool-secret-of-red-astaxanthin-concentrate
wrinkles,"Seakelp (Lactobacillus/​Kelp Ferment Filtrate) Bioferment, Astaxanthin, Porphyridium Polysaccharide, Fucoxanthin, Glutathione, SH-Polypeptide-77 (Glutaredoxin (Grx)), SH-Polypeptide-2 (Thioredoxin (Trx)) (Thioredoxin (Trx)), Superoxide Dismutase",Skin Actives ROS Terminator ,https://inkeedecoder.com/products/skin-actives-ros-terminator
wrinkles,"Argania Spinosa (Argan) Kernel Oil, Astaxanthin",Skin Actives Scientific Astaxathan In Argan Oil,https://inkeedecoder.com/products/skin-actives-scientific-astaxathan-in-argan-oil
wrinkles,"Centella Asiatica, Astaxanthin, Coenzyme Q10, Retinol, Vitamin C, Niacinamide, Aloe Vera",Urban Essence Antioxidant Powerhouse Serum | 1% Astaxanthin | 4% Centella Asiatica | 1% Coenzyme Q10 | 1% Retinol | 3% Niacinamide -,https://inkeedecoder.com/products/urban-essence-antioxidant-powerhouse-serum-1-astaxanthin-4-centella-asiatica-1-coenzyme-q10-1-retinol-3-niacinamide
wrinkles,"Purified Water, Astaxanthin, Vitamin E, Vitamin A, Hyaluronic Acid, Wheat Protein, Marine Algae Extract, Phenoxyethanol",Zena Astaxanthin & Vitamins Super Anti-oxidant Serum,https://inkeedecoder.com/products/zena-astaxanthin-vitamins-super-anti-oxidant-serum
wrinkles,"Water, Carnosine, Astaxanthin, Ceramide 3, Sodium Hyaluronate, Propylene Glycol, Stephania Tetrandra Extract, Gentiana Scabra Extract, Jojoba Wax PEG-120 Esters, PEG-10 Hydrogenated Castor Oil, Cocos Nucifera (Coconut) Oil, Hydroxyacetophenone, 1,2-Hexanediol",Aizen Carnosine Astaxanthin 4% Ultra Ampoule,https://inkeedecoder.com/products/aizen-carnosine-astaxanthin-4-ultra-ampoule
wrinkles,"Aqua, Alcohol, Astaxanthin, Caprylic/​Capric Triglyceride, Tocopherol, Butylene Glycol, Glycerin, Dipropylene Glycol, Alcaligenes Polysaccharides, Sphingomonas Ferment Extract, Sodium Citrate, Citric Acid, Methylparaben",AstaREAL Astarism Serum,https://inkeedecoder.com/products/astareal-astarism-serum
wrinkles,"Laminaria Digitata Seaweed Extract, Algisium C (Brown Algae), Astaxanthin (Red Algae), Hyaluronic Acid, Squalane, Hemp Seed Oil, Jojoba Oil, Qusomes",Eleven skin Hydrate Cream Serum,https://inkeedecoder.com/products/eleven-skin-hydrate-cream-serum
wrinkles,"Ethylhexyl Palmitate, Argania Spinosa Kernel Oil, Astaxanthin, Avena Strigosa Seed Extract, Butylene Glycol, Calendula Officinalis Flower Extract, Caprylic/​Capric Triglyceride, Ci 77492, Citrus Aurantium Dulcis (Orange) Oil, Citrus Junos Fruit Extract, Glycerin, Hibiscus Esculentus Fruit Extract, Isotridecyl Isononanoate, Lecithin, Mentha Piperita (Peppermint) Leaf Extract, PEG-20 Glyceryl Triisostearate, PEG-6 Glyceryl Isostearate, Persea Gratissima (Avocado) Oil, Phenoxyethanol, Polyethylene, Polyglyceryl-2 Triisostearate, Potassium Sorbate, Simmondsia Chinensis (Jojoba) Seed Oil, Thymus Vulgaris (Thyme) Flower/​Leaf Extract, Tocopherol, Tocopheryl Acetate, Vitis Vinifera (Grape) Seed Oil, Water",HANAJIRUSHI Okra Extract Cleansing Balm,https://inkeedecoder.com/products/hanajirushi-okra-extract-cleansing-balm
wrinkles,"Caprylic/​Capric Triglyceride, Ascorbyl Tetraisopalmitate, Astaxanthin, Carthamus Tinctorius (Safflower) Seed Oil, Helianthus Annuus (Sunflower) Seed Oil, Tocopherol",Nø Cosmetics Vitamin C Serum,https://inkeedecoder.com/products/no-cosmetics-vitamin-c-serum
wrinkles,"Caprylic/​Capric Triglyceride, Ascorbyl Tetraisopalmitate, Astaxanthin, Carthamus Tinctorius (Safflower) Seed Oil, Helianthus Annuus (Sunflower) Seed Oil, Tocopherol",Nø Cosmetics Vitamin C Serum,https://inkeedecoder.com/products/no-cosmetics-vitamin-c-serum-2
wrinkles,"Squalene, Bakuchiol (3%), Astaxanthin",Olae Natural Anti Aging Oil,https://inkeedecoder.com/products/olae-natural-anti-aging-oil
wrinkles,"Aqua, Glycerin, Sodium Ascorbyl Phosphate, Astaxanthin, Tamarindus Indica Fruit Extract, Algae Extract, Trideceth-9, Xanthan Gum, Citric Acid, Phenoxyethanol, PEG-40 Hydrogenated Castor Oil, Ethylhexylglycerin, Potassium Sorbate, Sodium Benzoate, Parfum, Limonene, Linalool, Benzyl Salicylate, Butylphenyl Methylpropional",Ava Laboratorium Asta C+ Cellular Rejuvenation,https://inkeedecoder.com/products/ava-laboratorium-asta-c-cellular-rejuvenation
wrinkles,"Aqua, Glycerin, Sodium Ascorbyl Phosphate, Astaxanthin, Algae Extract, Tamarindus Indica Fruit Extract, Trideceth-9, Phenoxyethanol, Xanthan Gum, PEG-40 Hydrogenated Castor Oil, Citric Acid, Ethylhexylglycerin, Sodium Benzoate, Potassium Sorbate, Parfum",Ava Laboratorium Asta C+ Cellular Rejuvenation Face Serum,https://inkeedecoder.com/products/ava-laboratorium-asta-c-cellular-rejuvenation-face-serum
wrinkles,"Zinc Oxide (14%), (Sunscreen, Active Ingredient) *Aloe Barbadensis Leaf (Aloe Vera Gel) Juice, Aqua (Deionized Water), Astaxanthin, Benzyl Alcohol, Betula Alba (Birch) Extract, Butyrospermum Parkii (Shea) Butter, C12-15 Alkyl Benzoate, Camellia Sinensis (Green Tea) Extract, Caprylic/​Capric Triglyceride, Citric Acid, Daucus Carota Sativa (Carrot) Extract, Decyl Glucoside, Dehydroacetic Acid, Dodecane, Glycerin, Glyceryl Stearate, Glyceryl Stearate Citrate, Helianthus Annuus (Sunflower) Oil, Hyaluronic Acid, Lecithin, Mangifera Indica (Mango) Butter, Prunus Domestica (Plum) Fruit Extract, Punica Granatum (Pomegranate) Extract, Rubus Chamaemorus, (Cloudberry) Oil, Sodium Polyacrylate, Stearic Acid, Tocopherol (Vitamin E), Tridecyl Salicylate, Propanediol",Fitglow Beauty Vita Shield Plum Hyaluronic Primer SPF 30,https://inkeedecoder.com/products/fitglow-beauty-vita-shield-plum-hyaluronic-primer-spf-30
wrinkles,"Seakelp (Lactobacillus/​Kelp Ferment Filtrate) Bioferment, Porphyridium Polysaccharide, Fucoxanthin, Astaxanthin",Haeckels Kelp Bioferment,https://inkeedecoder.com/products/haeckels-kelp-biofermwnt
wrinkles,"Aqua (Water), Sodium Hyaluronate, Hibiscus Rosa Sinensis Linn (Hibiscus) Petal Powder, Astaxanthin, Benzyl Alcohol, Dehydroacetic Acid",Honua Hawaiian Skincare Hibiscus Hyaluronic Acid Beauty Booster Serum,https://inkeedecoder.com/products/honua-hawaiian-skincare-hibiscus-hyaluronic-acid-beauty-booster-serum
wrinkles,"Water, BG, Glycerin, Astaxanthin, Sodium Chondroitin Sulfate, Dipotassium Glycyrrhizinate, Muccopolysaccharides, Sodium Hyaluronate, Hydrolyzed Collagen, Allantoin, Angelica Root Extract, Ginkgo Biloba Extract, Peony Root Extract, PEG-60 Hydrogenated Castor Oil, Caprylic Triglyceride, Tocopherol, Carbomer, Potassium Hydroxide, EDTA 2Na, Methylparaben, Phenoxyethanol, Lavender Oil",MIMURA Treatment Lotion Noumitsu,https://inkeedecoder.com/products/mimura-treatment-lotion-noumitsu
wrinkles,"Vaccinium Macrocarpon (Cranberry) Fruit Extract, Glycerin, Niacinamide, Astaxanthin, Propanediol, Polyglyceryl-3 Methylglucose Distearate, Cetearyl Alcohol, Butyrospermum Parkii (Shea) Butter, 1,2-Hexanediol, Stearic Acid, Rosa Canina Fruit Oil, Camellia Japonica Seed Oil, Glycyrrhiza Glabra (Licorice) Root Extract, Cimicifuga Dahurica Root Extract, Polygonum Multiflorum Root Extract, Sesamum Indicum (Sesame) Seed Extract, Phellinus Linteus Extract, Angelica Gigas Root Extract, Morus Alba Bark Extract, Paeonia Albiflora Root Extract, Sophora Angustifolia Root Extract, Scutellaria Baicalensis Root Extract, Lactobacillus/​Soybean Ferment Extract, Salix Alba (Willow) Bark Extract, Cinnamomum Cassia Bark Extract, Origanum Vulgare Leaf Extract, Chamaecyparis Obtusa Leaf Extract, Portulaca Oleracea Extract, Lysine, Histidine, Arginine, Aspartic Acid, Threonine, Serine, Glutamic Acid, Proline, Glycine, Alanine, Valine, Methionine, Isoleucine, Leucine, Tyrosine, Phenylalanine, Cysteine, Sodium Hyaluronate Crosspolymer, Hydrolyzed Glycosaminoglycans, Sodium Hyaluronate, Benzyl Glycol, Hydrolyzed Hyaluronic Acid, Ethylhexylglycerin, Hyaluronic Acid, Raspberry Ketone, Citric Acid, Argania Spinosa Kernel Oil, Simmondsia Chinensis (Jojoba) Seed Oil, Olea Europaea (Olive) Fruit Oil, Macadamia Integrifolia Seed Oil, Tranexamic Acid, Gardenia Florida Fruit Extract, Ceramide NP, Hydroxydecyl Ubiquinone, Glutathione, Dipropylene Glycol, Dipotassium Glycyrrhizate, Allantoin, Palmitoyl Pentapeptide-4, Polysorbate 20, Lecithin, Acetyl Hexapeptide-8, Copper Tripeptide-1, Tripeptide-1, Palmitoyl Tripeptide-1, Hexapeptide-9, Nonapeptide-1, Acetyl Octapeptide-3, Palmitoyl Tetrapeptide-7, Tocopherol, Panthenol, Caprylyl Glycol, Caprylic/​Capric Triglyceride, Adenosine, Butylene Glycol, Isopentyldiol, Disodium EDTA, Hydrogenated Lecithin, Polyglyceryl-10 Laurate, Alcohol, Carbomer, Tromethamine, Hydroxyacetophenone, Sorbitan Sesquioleate, Glyceryl Stearate, Citrus Limon (Lemon) Peel Oil, Citral, Geraniol, Linalool, Limonene",Mediheal Solaxanthin Cream,https://inkeedecoder.com/products/mediheal-solaxanthin-cream
wrinkles,"Zinc Oxide, Ammonium Styrene/​Ma Copolymer Ethanolamide, Argania Spinosa (Argan) Kernel Oil, Astaxanthin, Bisabolol, Caprylic/​Capric Triglyceride, Cetyl Alcohol, Diamond Powder, Dimethicone, Dimethicone Crosspolymer, Disodium EDTA, Ethylhexylglycerin, Glycerin, Glyceryl Stearate Citrate, Glycyrrhiza Glabra (Licorice) Root Extract, Isostearic Acid, Niacinamide, Octyldodecanol, Phenoxyethanol, Pinus Pinaster Bark Extract, Polyglyceryl-3 Distearate, Polyhydroxystearic Acid, Propanediol, Silybum Marianum Fruit Extract, Squalane, Tocopheryl Acetate, Tranexamic Acid, Triacontanyl Pvp, Water, Xanthan Gum",Pavise Dynamic Age Defense SPF,https://inkeedecoder.com/products/pavise-dynamic-age-defense-spf
wrinkles,"Water, Glycerin, Vitamin C, Astaxanthin, Vitamin E, Arbutin, Propylene Glycol, Betaine, Dipotassium Glycyrrhizate, Allantoin, Hydroxyethylcellulose, Xanthan Gum, Diazolidinyl Urea, Methylparaben, PEG-40 Hydrogenated Castor Oil, Fragrance, Disodium EDTA",Pei mei Vitamin C Serum,https://inkeedecoder.com/products/pei-mei-vitamin-c-serum
wrinkles,"Seakelp (Lactobacillus/​Kelp Ferment Filtrate) Bioferment, Porphyridium Polysaccharide, Fucoxanthin, Astaxanthin",Skin Actives Intensive Recovery Mask,https://inkeedecoder.com/products/skin-actives-intensive-recovery-mask
wrinkles,"Seakelp (Lactobacillus/​Kelp Ferment Filtrate) Bioferment, Porphyridium Polysaccharide, Fucoxanthin, Astaxanthin",Skin Actives Scientific Sea Kelp Coral,https://inkeedecoder.com/products/skin-actives-scientific-sea-kelp-coral
wrinkles,"Water, Sodium Ascorbyl Phosphate (Vitamin C), Aloe Barbadensis Leaf Extract, Astaxanthin, Hyaluronic Acid, Vitamin E, Witch Hazel, Jojoba Oil, Phenoxyethanol, Ethyl Hexyl Glycerine",Wumal Vitamin C Facial Serum,https://inkeedecoder.com/products/wumal-vitamin-c-facial-serum
wrinkles,"Water, Glycerin, Carrageenan, Butylene Glycol, Astaxanthin, Sodium Hyaluronate, Prunus Persica (Peach) Fruit Extract, Hydrolyzed Elastin, Hydrolyzed Collagen, Honey Extract, Tocopheryl Acetate, Potassium Chloride, Cyamopsis Tetragonoloba (Guar) Gum, Ceratonia Siliqua (Carob) Gum, Sucrose, Calcium Chloride, Allantoin, Cellulose Gum, Niacinamide, Ricinus Communis (Castor) Seed Oil, Calcium Lactate, PEG-60 Hydrogenated Castor Oil, Disodium EDTA, Dipotassium Glycyrrhizate, Arginine, Hexylene Glycol, Hydroxyacetophenone, Propanediol, Pentylene Glycol, Cocos Nucifera (Coconut) Fruit Extract, Pinus Sylvestris Leaf Extract, Chlorphenesin, 1,2-Hexanediol, Ethylhexylglycerin, Synthetic Fluorphlogopite, Mica, Titanium Dioxide, Tin Oxide, Ci 77491",AZN Labs Hydrogel Lip Patches,https://inkeedecoder.com/products/azn-labs-hydrogel-lip-patches
wrinkles,"Aqua, Glycerin, Sodium Ascorbyl Phosphate, Tamarindus Indica Fruit Extract, Astaxanthin, Algae Extract, Trideceth-9, Phenoxyethanol, Xanthan Gum, PEG-40 Hydrogenated Castor Oil, Citric Acid, Ethylhexylglycerin, Sodium Benzoate, Potassium Sorbate, Parfum",Ava Laboratorium C+ Strategy Wrinkle Correcting Essence,https://inkeedecoder.com/products/ava-laboratorium-c-strategy-wrinkle-correcting-essence
wrinkles,"Aqua, Tocopherol, Oryza Sativa (Rice) Germ Extract, Hydroxyacetophenone, Astaxanthin, Cocos Nucifera (Coconut) Fruit Extract, Disodium EDTA, Caprylhydroxamic Acid, Ethylhexyl Palmitate, Helianthus Annuus (Sunflower) Seed Oil, Diisostearyl Malate, Glyceryl Stearate, Cetyl Alcohol, Cetearyl Alcohol, Acrylates/​C10-30 Alkyl Acrylate Crosspolymer, Glycerin, Glucose, Citric Acid, Lactic Acid, Sodium Citrate, Cetyl Ethylhexanoate, Arachidyl Alcohol, Panthenol, Avena Sativa (Oat) Meal Extract, Ceramide NP, Cholesterol, Caprylic/​Capric Triglyceride, Phytosphingosine, Caprylyl Glycol, Ethylhexylglycerin, Stearic Acid, Oleic Acid, Maltodextrin, Dipotassium Glycyrrhizate, Cyanocobalamin, Dipropylene Glycol, 1,2-Hexanediol, Butylene Glycol, Decyl Glucoside, Arachidyl Glucoside, Hydrogenated Lecithin, Sodium Stearoyl Glutamate, Behenyl Alcohol, Xanthan Gum",BYOMA Milky Moisture Cleanser,https://inkeedecoder.com/products/byoma-milky-moisture-cleanser-3
wrinkles,"Purified Water, Glycerin, Retinol, Bakuchiol, Astaxanthin, Sodium Hyaluronate, Punica Granatum Fruit Extract, Aspalathus Linearis Extract, Allantoin, Sodium PCA, Phospholipids, Caprylic/​Capric Triglyceride, Carbomer, Leuconostoc/​Radish Root Ferment Filtrate, Potassium Hydroxide, Potassium Sorbate, Sodium Benzoate, Polysorbate 20, Phenoxyethanol",Derma E Anti-wrinkle Retinol Concentrated Serum,https://inkeedecoder.com/products/derma-e-anti-wrinkle-retinol-concentrated-serum
wrinkles,"Water, Glycerin, Butylene Glycol, Hydrolyzed Collagen, Astaxanthin (2.5Ppm), Betaine, Sodium Hyaluronate, 1,2-Hexanediol, Caprylyl Glycol, Allantoin, Ethylhexylglycerin, Adenosine, Dipotassium Glycyrrhizate, Camellia Sinensis Callus Culture Extract, Hydrolyzed Pea Protein, Olea Europaea (Olive) Fruit Oil, Ceramide NP, Butyrospermum Parkii (Shea) Butter, Soy Isoflavones, Cimicifuga Racemosa Root Extract, Polygonum Cuspidatum Root Extract, Pueraria Mirifica Root Extract, Angelica Polymorpha Sinensis Root Extract, Punica Granatum Extract, Trifolium Pratense (Clover) Flower Extract, Pueraria Thunbergiana Root Extract, Xanthan Gum, Propanediol, Squalane, Phytosterols, Lecithin, Pentylene Glycol, Aspalathus Linearis Extract, Glycyrrhiza Glabra (Licorice) Root Extract, Copper Tripeptide- 1, Commiphora Abyssinica Resin Extract, Perilla Frutescens Leaf Extract, Yucca Schidigera Root Extract, Hydrogenated Lecithin, Caprylic/​Capric Triglyceride, Polyglyceryl-10 Oleate",Graymelin Asta Stem Cell Anti Wrinkle Toner,https://inkeedecoder.com/products/graymelin-asta-stem-cell-anti-wrinkle-toner
wrinkles,"Water, BG, Glycerin, Ethanol, Astaxanthin, Serine, Tocopherol, Retinyl Palmitate, Na Hyaluronate, Haematococcus Pluvialis Extract, Hydrolyzed Elastin, Water-Soluble Collagen, EDTA 2Na, Acrylates /​ Alkyl Acrylate (C10-30)) Crosspolymer, PEG-150, Isostearate, Hydrogenated Castor Oil, Cetyl Ethylhexanoate, Xanthan Gum, Tri (Caprylic /​ Capric Acid) Glyceryl, Peanut Oil, Sodium Hydroxide, Sodium, Phenoxyethanol, Methyl Paraben",Kose Clear Turn Fluffy Skin Face Mask 50 Pack,https://inkeedecoder.com/products/kose-clear-turn-fluffy-skin-face-mask-50-pack
wrinkles,"Water, Bg, Glycerin, Ethanol, Astaxanthin, Serine, Tocopherol, Retinyl Palmitate, Hyaluronan, Haematococcus Pluvialis Extract, Hydrolyzed Elastin, Water-Soluble Collagen, EDTA 2Na, (Acrylate /​ Alkyl Acrylate (C10- 30)) Acrylates /​ Alkyl Acrylate C10- 30 Crosspolymer, PEG-50 Hydrogenated Castor Oil Isostearate, Cetyl Ethylhexanoate, Xanthan Gum, Tri (Caprylic/​Capric Acid) Glyceryl, Peanut Oil, Sodium Hydroxide,Sodium Hydroxide, Phenoxyethanol, Methyl Paraben",Kose Clear Turn Hada Fukkura Moisture Eyezone Mask,https://inkeedecoder.com/products/kose-clear-turn-hada-fukkura-moisture-eyezone-mask
wrinkles,"Water, Bg, Glycerin, Ethanol, Astaxanthin, Serine, Tocopherol, Retinyl Palmitate, Sodium Hyaluronate, Haematococcus Pluvialis Extract, Hydrolyzed Elastin, Water-Soluble Collagen, EDTA 2Na, Acrylates/​C10-30 Alkyl Acrylate Crosspolymer, PEG-50 Hydrogenated Castor Oil Isostearate, Cetyl Ethylhexanoate, Xanthan Gum, Caprylic/​Capric Triglyceride, Peanut Oil, Sodium Hydroxide, Phenoxyethanol, Methylparaben",Kose Hada Fukkura Moisture Mask Or Clear Turn Plumping Face Mask,https://inkeedecoder.com/products/kose-hada-fukkura-moisture-mask-or-clear-turn-plumping-face-mask
wrinkles,"Aqua, Diglycerin, Propylene Glycol, Propylheptyl Caprylate, Astaxanthin, Alcohol, Aminoethylphosphinic Acid, Butylene Glycol, Sodium Methylparaben, Citric Acid, Ammonium Acryloyldimethyltaurate/​VP Copolymer, Phenoxyethanol, Ethylhexylglycerin, Tocopheryl Acetate, Sorbitan Sesquiisostearate, Xanthan Gum, Imidazolidinyl Urea, Disodium EDTA, Farnesol, Linalool, Titanium Dioxide, Ci 15985, Ci 17200",Lavatera Astaxanthin Whitening Cream With Antioxidant And Anti Wrinkle,https://inkeedecoder.com/products/lavatera-astaxanthin-whitening-cream-with-antioxidant-and-anti-wrinkle
wrinkles,"Galactomyces Ferment Filtrate, Niacinamide, Dipropylene Glycol, Styrene/​Vp Copolymer, Astaxanthin, Adenosine, Melia Azadirachta Leaf Extract, Melia Azadirachta Flower Extract, Ocimum Sanctum Leaf Extract, Curcuma Longa (Turmeric) Root Extract, Corallina Officinalis Extract, Camellia Sinensis Leaf Extract, Centella Asiatica Extract",RiRe Galactomyces Ampoule 97%,https://inkeedecoder.com/products/rire-galactomyces-ampoule-97
wrinkles,"Water, Beta-Glucan*, Glycerin, Hydroxyectoin (1%), Astaxanthin, Hydrolyzed Sodium Hyaluronate** ***, Sodium Hyaluronate***, Sodium Hyaluronate Crosspolymer***, Sodium Acetylated Hyaluronate***, Tocopherol, Squalane, Glycine Soja (Soybean) Extract, Gellan Gum, Xanthan Gum, Hydroxyacetophenone, 1,2-Hexanediol, Sodium Citrate, Calcium Chloride",Spring Letter Astaxanthin Essence,https://inkeedecoder.com/products/spring-letter-astaxanthin-essence
wrinkles,"Water/​Aqua/​Eau*, Hydroxyethylcellulose*, Angelica Archangelica Root Water**, Dimethyl Isosorbide*, Astaxanthin*, Ergothioneine, Oxycoccus Palustris (Arctic Cranberry) Seed Oil*, Rubus Chamaemorus (Arctic Cloudberry) Seed Oil*, Fullerenes, Propanediol*~, Haematococcus Pluvialis Extract*, Camelina Sativa Seed Oil*~, Thymus Vulgaris (Thyme) Flower/​Leaf Extract*~, Buddleja Davidii Extract*~, Glycerin*, Zinc Pca, Simmondsia Chinensis (Jojoba) Seed Oil*, Panax Ginseng Root Extract*, Glycosphingolipids*, Hippophae Rhamnoides Fruit Oil*, Perfluorodecalin, Tocopherol, Tocopheryl Acetate, Xanthan Gum*, Ethylhexylglycerin, Rosmarinus Officinalis (Rosemary) Extract*, Helianthus Annuus (Sunflower) Seed Oil*, Sodium Phytate, Butylene Glycol, Phenoxyethanol, Hydroxyacetophenone, PVP, Sucrose Palmitate*, Citric Acid*, Potassium Sorbate, Sodium Benzoate",skyn ICELAND Icelandic Youth Serum,https://inkeedecoder.com/products/skyn-iceland-icelandic-youth-serum
wrinkles,"Water, Ethylhexyl Methoxycinnamate, Niacinamide, Glycerin, Astaxanthin, Haematococcus Pluvialis Extract, Sodium Acetylated Hyaluronate, Sodium Hyaluronate, Sodium Hyaluronate Crosspolymer, Hydrolyzed Sodium Hyaluronate, Butyl Methoxydibenzoylmethane, Retinyl Palmitate, Helianthus Annuus Seed Oil, Cystine, Glycine, Sodium PCA, Glutathione, Hydrolyzed Collagen, Petrolatum, Dimethicone, Cyclopentasiloxane, Acrylates/​C10-30 Alkyl Acrylate Crosspolymer, Phenoxyethanol, Triethanolamine, Methylparaben, Propylparaben, Perfume, Potassium Hydroxide, Styrene/​Acrylates Copolymer, Disodium EDTA, Coco-Glucoside, Benzoic Acid, Citric Acid, Acetyl Hexapeptide-8, Caprylic/​Capric Triglyceride, Tocopherol, BHT, Ethylhexylglycerin, Cyclodextrin, Pentylene Glycol, Potassium Carbonate, Potassium Chloride, Sodium Benzoate, Caprylyl Glycol, Ci 77489",วาสลีน เฮลธี้ ไบรท์ กลูต้า-ไฮยา เซรั่ม เบิสท์ โลชั่น สปอตเลส โกลว์,https://inkeedecoder.com/products/waasliin-ehlthii-aibrth-kluutaa-aihyaa-echram-ebisth-olchan-sp-tels-oklw
wrinkles,"Water, Glycerin, Carrageenan, Niacinamide, Butylene Glycol, Astaxanthin, Sodium Hyaluronate, Caffeine, Butyrospermum Parkii (Shea) Butter, Hydrolyzed Sodium Hyaluronate, Ceramide NP, Lecithin, Tocopheryl Acetate, Xylitylglucoside, Anhydroxylitol, Xylitol, Hydrolyzed Collagen, Paeonia Lactiflora Root Extract, Glycyrrhiza Glabra (Licorice) Root Extract, Polygonum Multiflorum Root Extract, Phellinus Linteus Extract, Morus Alba Bark Extract, Sophora Angustifolia Root Extract, Cimicifuga Racemosa Root Extract, Sesamum Indicum (Sesame) Seed Extract, Angelica Gigas Root Extract, Scutellaria Baicalensis Root Extract, Aloe Barbadensis Leaf Extract, Camellia Japonica Flower Extract, Ethyl Hexanediol, Rosa Damascena Flower Water, Potassium Chloride, Cyamopsis Tetragonoloba (Guar) Gum, Ceratonia Siliqua (Carob) Gum, Sucrose, Calcium Chloride, Allantoin, Cellulose Gum, Adenosine, Calcium Lactate, PEG-60 Hydrogenated Castor Oil, Disodium EDTA, Dipotassium Glycyrrhizate, Arginine, Hexylene Glycol, Hydroxyacetophenone, Propanediol, Pentylene Glycol, Cocos Nucifera (Coconut) Fruit Extract, Pinus Sylvestris Leaf Extract, Chlorphenesin, 1,2-Hexanediol, Ethylhexylglycerin, Mica, Tin Oxide, Synthetic Fluorphlogopite, Titanium Dioxide, Ci 77491",AZN Labs Hydrogel Eye Patches,https://inkeedecoder.com/products/azn-labs-hydrogel-eye-patches
wrinkles,"Water (Aqua), Caprylic/​Capric Triglyceride, Helianthus Annuus (Sunflower) Seed Wax, Retinal, Bakuchiol, Astaxanthin, Totarol (Podocarpus Totara), Sodium Hyaluronate, Simmondsia Chinensis (Jojoba) Seed Oil, Prunus Amygdalus Dulcis (Sweet Almond) Oil, Sodium Polyacrylate, Sodium Phytate, Ethoxydiglycol, Dehydroacetic Acid, Benzyl Alcohol",Ao Reverse Longitude PM Serum-Shot,https://inkeedecoder.com/products/ao-reverse-longitude-pm-serum-shot
wrinkles,"Aqua, Butylene Glycol, Acetyl Hexapeptide-8, Erythritol, Retinol, Astaxanthin, Salmon Egg (Salmon Ovum) Extract, Squalane, Propylene Glycol, Hydroxyacetophenone, Allantoin, Carbomer, Triethanolamine, Caprylhydroxamic Acid, Chrysanthellum Indicum Extract, Glycerin, Sodium Hyaluronate, Mentha Arvensis Leaf Extract, Portulaca Oleracea Extract, Pelargonium Graveolens Extract, Tremella Fuciformis Sporocarp Extract, Ceramide NS, Ceramide NP, Ceramide NG, Ceramide EOS, Ceramide EOP, Ceramide AS, Ceramide AP, Punica Granatum Fruit Extract, Aloe Barbadensis Extract, Glyceryl Caprylate, Sophora Angustifolia Root Extract, Sodium Benzoate, Potassium Sorbate",CeraCode Anti Aging Barrier Serum,https://inkeedecoder.com/products/ceracode-anti-aging-barrier-serum
wrinkles,"Water, Butylene Glycol, Glycerin, Polyglutamic Acid, Pseudoalteromonas Ferment Extract, Astaxanthin, Lactose, Carbomer, Triethanolamine, Methylparaben, Cellulose, Tocopheryl Acetate, Chlorphenesin, Fragrance, Disodium EDTA, Tocopherol, Ubiquinone, Cholesterol, Ceramide 3, Hydroxypropyl Methylcellulose, Iron Oxides (Ci 77492), BHT, Caprylic/​Capric Triglyceride, Phospholipids",It's Skin Power 10 Formula Q10 Effector Serum,https://inkeedecoder.com/products/its-skin-power-10-formula-q10-effector
wrinkles,"Teprenone, Marrubium Vulgare Extract, Palmitoyl Tripeptide-5, Palmitoyl Tripeptide-8, Tetrahexyldecyl Ascorbate, Glutathione, Astaxanthin, Thiotaine, Phospholipids, Ceramides, Lactobacillus Ferment, Hydrolyzed Verbascum Thapsus Flower, Hyaluronic Acid, Caffeine, Raspberry Seed Oil, + Acai Oil, Moringa Extract, Niacinamide, Medical Grade Manuka Honey",Allies of Skin Peptides Antioxidants Firming Daily Treatment,https://inkeedecoder.com/products/allies-of-skin-peptides-antioxidants-firming-daily-treatment-3
wrinkles,"Aqua, Glycerin, Sodium Ascorbyl Phosphate, Citrus Grandis Peel Oil, Tamarindus Indica Fruit Extract, Algae Extract, Astaxanthin, Trideceth-9, Phenoxyethanol, Xanthan Gum, PEG-40 Hydrogenated Castor Oil, Citric Acid, Ethylhexylglycerin, Sodium Benzoate, Potassium Sorbate, Limonene",Ava Laboratorium Asta C+ Cellular Rejuvenation,https://inkeedecoder.com/products/ava-laboratorium-asta-c-cellular-rejuvenation-2
wrinkles,"Aqua, Alcohol Denat, Glycerin, Dimethicone, Octyldodecanol, Olea Europaea (Olive) Leaf Extract, Astaxanthin, Dimethiconol, Heamatococcus Pluvialis, Rosmarinus Officinalis Leaf Extract, Adenosine, Chondrus Crispus (Carrageenan), Carnosine, Ammonium Polyacryloyldimethyl Taurate, Disodium EDTA, Spirulina Platensis Extract, Caprylic/​Capric Triglyceride, Capryloyl Salicylic Acid, Vitreoscilla Ferment, Citric Acid, Biosaccharide Gum-1, Polyperfluoromethylisopropyl Ether, Tocopherol, Phenoxyethanol, Ci 19140, Ci 42090, Linalool, Geraniol, Alpha-Isomethyl Ionone, Limonene, Citral, Parfum",Biotherm Homme Age Fitness Day Moisturizer,https://inkeedecoder.com/products/biotherm-homme-age-fitness-day-moisturizer
wrinkles,"Water, Butylene Glycol, PEG/​PPG-17/​6 Copolymer, Aloe Barbadensis Leaf Extract, Betaine, Bis-PEG-18 Methyl Ether Dimethyl Silane, Astaxanthin (2.5 Ppm), Hydrolyzed Collagen, 1,2-Hexanediol, Caprylyl Glycol, Acrylates/​C10-30 Alkyl Acrylate Crosspolymer, Tromethamine, Sodium Hyaluronate, Allantoin, Polyglyceryl-10 Oleate, Ethylhexylglycerin, Adenosine, Dipotassium Glycyrrhizate, Caprylic/​Capric Triglyceride, Sodium Polyacrylate, Camellia Sinensis Callus Culture Extract, Glycerin, Hydrolyzed Pea Protein, Lecithin, Olea Europaea (Olive) Fruit Oil, Squalane, Phytosterols, Propanediol, Ceramide NP, Butyrospermum Parkii (Shea) Butter, Xanthan Gum, Pentylene Glycol, Hydrogenated Lecithin, Aspalathus Linearis Extract, Glycyrrhiza Glabra (Licorice) Root Extract, Commiphora Abyssinica Resin Extract, Perilla Frutescens Leaf Extract, Yucca Schidigera Root Extract",Graymelin Astaxanthin Stemcell Serum,https://inkeedecoder.com/products/graymelin-astaxanthin-stemcell-serum
wrinkles,"Aqua, C15-19 Alkane, Propanediol, Dicaprylyl Ether, Pentylene Glycol, Pichia/​Resveratrol Ferment Extract, Astaxanthin, Tocotrienols, Hyaluronic Acid, Sodium Acetylated Hyaluronate, Sodium Hyaluronate, Hydrolyzed Sodium Hyaluronate, Sodium Hyaluronate Crosspolymer, Polyglutamic Acid, Glycyrrhiza Glabra Root Extract, Glycosphingolipids, Phospholipids, Cholesterol, Ascorbyl Palmitate, Elaeis Guineensis Oil, Polyacrylate Crosspolymer-6, Lauroyl Lysine, Carbomer, Sorbitan Oleate, Propylene Glycol, Sorbitan Isostearate, 1,2-Hexanediol, Sodium Acrylate/​Sodium Acryloyldimethyl Taurate Copolymer, Lecithin, Tetrasodium Glutamate Diacetate, Polyglyceryl-6 Laurate, Gluconolactone, Calcium Gluconate, Tocopherol, Polyglycerin-6, Sodium Citrate, Potassium Sorbate, Sodium Benzoate, Citric Acid",Labcare Molecular Antiaging Serum Viso,https://inkeedecoder.com/products/labcare-molecular-antiaging-serum-viso
wrinkles,"Water (Aqua), Sodium PCA, Bisabolol (Alpha), Coconut Endosperm, Porphyridium Extract, Fucoxanthin, Astaxanthin, Hydrolyzed Collagen, Hyaluronic Acid, Retinyl Acetate, Guaiazulene, Phenoxyethanol, Caprylyl Glycol, Sorbic Acid",Measurable Difference Collagen + Retinol serum,https://inkeedecoder.com/products/measurable-difference-collagen-retinol-serum-2
wrinkles,"Chenopodium Quinoa Seed Extract, Butylene Glycol, Maltobionic Acid, Coenzyme Q10, Niacinamide, Dexpanthenol, Astaxanthin",Newtrimed Niamax Under Eye Gel,https://inkeedecoder.com/products/newtrimed-niamax-under-eye-gel
wrinkles,astaxanthin,Next page >>,https://inkeedecoder.com/ingredients/astaxanthin?uoffset=1
wrinkles,"Water, Pentapeptide-18, Acetyl Tetrapeptide-2, Syn®-Ake, Algae Extract, Pullulan, Hyaluronic Acid, Lactic Acid, Hydrolyzed Soy Protein, Acacia Senegal Gum, Xanthan Gum, Glycerin",Matte Botox Lift Serum,https://inkeedecoder.com/products/matte-botox-lift-serum
wrinkles,"Aqua, Acetyl Hexapeptide-8, Pentapeptide-18, Palmitoyl Tripeptide-1, Palmitoyl Tetrapeptide-7, Palmitoyl Tripeptide-38, Glycerin, Ceramide EOP, Ceramide NP, Ceramide AP, Hydrolyzed Collagen, Alanine, Serine, Valine, Isoleucine, Proline, Histidine, Phenylalanine, Arginine, Aspartic Acid, Phenoxyethanol",Dermaten Firming Power Serum,https://inkeedecoder.com/products/dermaten-firming-power-serum
wrinkles,"Aloe Barbadensis Leaf Water (50%), Glycerin, Niacinamide (Niacinamide Pc, 4%), Pentapeptide-18 (Leuphasyl®), Centella Asiatica Extract, Camellia Sinensis Leaf Extract, Chamomilla Recutita Flower Extract, Rosemary Extract, Scutellaria Baicalensis Root Extract, Glycyrrhiza Glabra Root Extract, Polygonum Cuspidatum Root Extract, Butylene Glycol, Betaine, Allantoin, Panthenol, Sodium Hyaluronate, Caprylyl Glycol, Carbomer, Phenoxyethanol",Lunewa Lidah Dewa Moist Cream,https://inkeedecoder.com/products/lunewa-lidah-dewa-moist-cream
wrinkles,"Aqua, Butylene Glycol, Betaine, Pentapeptide-18, Acetyl Hexapeptide-8, Palmitoyl Tripeptide-1, Palmitoyl Tetrapeptide-7, Palmitoyl Oligopeptide, Copper Tripeptide-1, Glycosaminoglycans, Yeast Extract, Propanediol, Bis-PEG-8 Dimethicone, Palmitoyl Tripeptide-38, Laminaria Japonica Extract, Glycerin, Undaria Pinnatifida Extract, Sodium Hyaluronate Crosspolymer, Serine, Polyglutamic Acid, Gamma-Aminobutyric Acid, Allantoin, Urea, Polyacrylate Crosspolymer-6, Polyporus Umbellatus Extract, Phenoxyethanol",Skin Functional Anti Ageing Complex Peptides + Cu Complex,https://inkeedecoder.com/products/skin-functional-anti-ageing-complex-peptides-cu-complex
wrinkles,"Aqua, Butylene Glycol, Betaine, Pentapeptide-18, Acetyl Hexapeptide-8, Palmitoyl Tripeptide-1, Palmitoyl Tetrapeptide-7, Palmitoyl Oligopeptide, Copper Tripeptide-1, Glycosaminoglycans, Propanediol, Bis-PEG-8 Dimethicone, Palmitoyl Tripeptide-38, Laminaria Japonica Extract, Sodium Hyaluronate Crosspolymer, Polyglutamic Acid, Gamma-Aminobutyric Acid, Urea, Polyporus Umbellatus Extract, Phenoxyethanol",Skin Functional Anti-Aging Complex Peptides And Cu Complex,https://inkeedecoder.com/products/skin-functional-peptides-and-cu-complex
wrinkles,"Chondrus Crispus (Seaweed) Extract, Purified Water (Aqua), Hyaluronic Acid, Acetyl Hexapeptide-8, Pentapeptide-18, Dipeptide Diaminobutyroyl Benzylamide Diacetate, Acetyl Glutamyl Heptapeptide-1, Palmitoyl Oligopeptide, Palmitoyl Tetrapeptide-7, Phenoxyethanol, Ethylhexylglycerin",ClarityRX Get Fit Multi Peptide Healthy Skin Serum,https://inkeedecoder.com/products/clarityrx-get-fit-multi-peptide-healthy-skin-serum
wrinkles,"Water, Glycerin, Phenoxyethanol, Acetyl Hexapeptide-8, Pentapeptide-18, Acetyl Octapeptide-3, Dipeptide Diaminobutyroyl Benzylamide Diacetate, Palmitoyl Tripeptide-1, Palmitoyl Tetrapeptide-7, Sodium Hyaluronate, Chondrus Crispus (Seaweed) Extract, Glucose, Ethylhexylglycerin, Potassium Sorbate, Caprylyl Glycol, Carbomer, Polysorbate 20, Butylene Glycol",ClarityRX Get Fit Multi-peptide Healthy Skin Serum,https://inkeedecoder.com/products/clarityrx-get-fit-multi-peptide-healthy-skin-serum-2
wrinkles,"Distilled Water, Acetyl Hexapeptide-8, Palmitoyl Tripeptide-1, Palmitoyl Tetrapeptide-7, Pentapeptide-18, Palmitoyl Tripeptide-38, Palmitoyl Tripeptide-52, N-Prolyl Palmitoyl Tripeptide-56 Acetate, Agave Tequilana (Agave), Hydrolyzed Amaranth Protein, Matricaria Chamomilla (Chamomile), Cucumis Sativus (Cucumber), Tropaeolum Majus Flower Extract, Glycyrrhiza Glabra (Liquorice), Camellia Sinensis (Green Tea), Iris Latifolia Extract, Chondrus Crispus Extract, Copper Tripeptide-1 (Copper Peptides), Adenosine, Trehalose, Betaine, Sodium PCA, Serine, Glycine, Alanine, Lysine, Arginine, Threonine, Proline, Glutamic Acid, Leuconostoc/​Radish Root Ferment Filtrate, Vegetable Glycerin, Lactococcus Ferment Lysate, Propanediol, Pentylene Glycol, Allantoin, Sodium Hyaluronate (Hyaluronic Acid Source Based On High And Low Molecular Weight Plants), Citrus Paradisi (Grapefruit) Seed Extract, Xanthan Gum",Dermaceutic Peptidos De Cobre Suero Anti-edad,https://inkeedecoder.com/products/dermaceutic-peptidos-de-cobre-suero-anti-edad
wrinkles,"Hydrolyzed Hyaluronic Acid, Sodium Hyaluronate, Glycerin, Water/​Aqua, Pentapeptide-18, Palmitoyl Tripeptide-5, Adenosine",Freeman beauty Micro-Darts Pro Fine Line Patches,https://inkeedecoder.com/products/freeman-beauty-micro-darts-pro-fine-line-patches
wrinkles,"Aqua (Water), Glycerin, Paraffinum Liquidum, Acetyl Octapeptide-3, Pentapeptide-18, Caprylyl Glycol, Hydrolyzed Soy Protein, Hydrolyzed Wheat Protein, Xanthan Gum, Tripeptide-1, Carbomer, Butyl Methoxydibenzoylmethane, Sodium Hyaluronate, Sodium Hydroxide, Butylene Glycol, Phenoxyethanol, Chlorphenesin, Benzyl Alcohol, Parfum (Fragrance)",Genové Fluidbase Max,https://inkeedecoder.com/products/genove-fluidbase-max
wrinkles,"Water, Glycerin, Lactococcus Ferment Lysate, Acetyl Hexapeptide-8, Pentapeptide-18, Palmitoyl Tripeptide-1, Palmitoyl Tetrapeptide-7, Palmitoyl Tripeptide-38, Dipeptide Diaminobutyroyl Benzylamide Diacetate, Acetylarginyltryptophyl Diphenylglycine, Sodium Hyaluronate Crosspolymer, Sodium Hyaluronate, Sodium PCA, Sodium Lactate, Arginine, Aspartic Acid, Pca, Glycine, Alanine, Serine, Valine, Proline, Threonine, Isoleucine, Histidine, Phenylalanine, Pentylene Glycol, Fructose, Urea, Maltose, Sodium Chloride, Trehalose, Allantoin, Glucose, Butylene Glycol, Carbomer, Polysorbate 20, Hydroxypropyl Cyclodextrin, Acacia Senegal Gum, Xanthan Gum, PEG-40 Hydrogenated Castor Oil, PPG-26-Buteth-26, Caprylyl Glycol, Trisodium Ethylenediamine Disuccinate, Ethoxydiglycol, Citric Acid, Sodium Hydroxide, Sodium Benzoate, Phenoxyethanol, Chlorphenesin, Ethylhexylglycerin",LACURA Lab Complete Corrective Serum,https://inkeedecoder.com/products/lacura-lab-complete-corrective-serum
wrinkles,"Aloe Barbadensis (Aloe Vera) Leaf Juice*, Prunus Amygdalus Dulcis (Sweet Almond) Oleosomes, Pseudoalteromonas Exopolysaccharides (Hyadisine), Pseudoalteromonas Ferment Extract (Antarcticine), Pentapeptide-18 (Leuphasyl), Acetyl Hexapeptide-8 (Argireline), Phospholipids, Glycine Soja (Soybean - Non Gmo) Oil, Glycolipids, Sterols, Terminalia Ferdinandiana (Kakadu Plum) Extract*, Tasmannia Lanceolata (Mountain Pepper Leaf) Extract, Callitris Columellaris (Blue Cypress) Leaf Extract, Magnesium Ascorbyl Phosphate (Vitamin C), Polyglyceryl-2 Dipolyhydroxystearate (Natural Plant Esters), Carthamus Tinctorius (Safflower) Seed Oil, Spilanthes Acmella Extract, Astragalus Membranaceus (Milk Vetch) Root Extract, Ubiquinone (Coenzyme Q10), Tocopherol (Vitamin E), Olive Squalene (Vegetarian), Punica Granatum (Pomegranate) Kernel Oil*, Hippophae Rhamnoides (Sea Buckthorn) Berry Oil*, Glyceryl Caprylate, Boswellia Carterii Oil*, Rosmarinus Officinalis (Rosemary) Co2 Extract*, Lysolecithin, Sclerotium Gum, Xanthan Gum, Pullulan, P-Anisic Acid (Natural), Centella Asiatica (Gotu Kola) Extract*",MUKTI Age Defiance Day Serum,https://inkeedecoder.com/products/mukti-age-defiance-day-serum
wrinkles,"Aqua (Water), Glycerin, Lactococcus Ferment Lysate, Acetyl Hexapeptide-8, Pentapeptide-18, Palmitoyl Tripeptide-1, Palmitoyl Tetrapeptide-7, Dipeptide Diaminobutyroyl Benzylamide Diacetate, Sodium Hyaluronate Crosspolymer, Sodium Hyaluronate, Allantoin, Glycine, Alanine, Serine, Proline, Arginine, Aspartic Acid, Trehalose, Fructose, Glucose, Maltose, Urea, Sodium PCA, Pca, Sodium Lactate, Citric Acid, Hydroxypropyl Cyclodextrin, Sodium Hydroxide, Butylene Glycol, Pentylene Glycol, Xanthan Gum, Carbomer, PEG-40 Hydrogenated Castor Oil, Trisodium Ethylenediamine Disuccinate, Ethoxydiglycol, Sodium Benzoate, Caprylyl Glycol",NO FUSS Multi Peptide Serum,https://inkeedecoder.com/products/no-fuss-multi-peptide-serum
wrinkles,"Chondrus Crispus (Seaweed) Extract, Purified Water (Aqua), Hyaluronic Acid, Acetyl Hexapeptide-8, Pentapeptide-18, Dipeptide Diaminobutyroyl Benzylamide Diacetate, Acetyl Glutamyl Heptapeptide-1, Palmitoyl Oligopeptide, Palmitoyl Tetrapeptide-7, Phenoxyethanol, Ethylhexylglycerin",Organys Anti-Wrinkle Face & Eye Serum,https://inkeedecoder.com/products/organys-mend-wrinkle-control-serum
wrinkles,"Water/​Aqua/​Eau, Glycerin, Polysorbate 80, Palmitoyl Tripeptide-5, Pentapeptide-18, Palmitoyl Tetrapeptide-7, Palmitoyl Tripeptide-1, Dipeptide-2, Acetyl Hexapeptide-8, Acetyl Octapeptide-3, Phospholipids, Bambusa Vulgaris Leaf/​Stem Extract, Pisum Sativum (Pea) Extract, Carrageenan, Hesperidin Methyl Chalcone, Beta-Glucan, Glucosamine Hcl, Butylene Glycol, Carbomer, Alcohol, Steareth-20, Polysorbate 20, Xanthan Gum, Glucose, Hydroxypropyl Guar Hydroxypropyltrimonium Chloride, PEG-8/​Smdi Copolymer, Phenoxyethanol, Caprylyl Glycol, Ethylhexylglycerin, Hexylene Glycol",Sanitas Peptiderm Firming Serum,https://inkeedecoder.com/products/sanitas-peptiderm-firming-serum
wrinkles,"Copper Tripeptide-1, Lactococcus Ferment Lysate, Acetyl Hexapeptide-8, Palmitoyl Tripeptide-1, Pentapeptide-18, Palmitoyl Tetrapeptide-7, Palmitoyl Tripeptide-38, Dipeptide Diaminobutyroyl Benzylamide Diacetate, Acetylarginyltryptophyl Diphenylglycine, Sodium Hyaluronate",The Ordinary 1% Multi-peptide + Copper Peptides 1% Serum (11/12/24),https://inkeedecoder.com/products/the-ordinary-1-multi-peptide-copper-peptides-1-serum-11-12-24
wrinkles,"Aqua (Water), Glycerin, Lactococcus Ferment Lysate, Acetyl Hexapeptide-8, Pentapeptide-18, Palmitoyl Tripeptide-1, Palmitoyl Tetrapeptide-7, Palmitoyl Tripeptide-38, Dipeptide Diaminobutyroyl Benzylamide Diacetate, Acetylarginyltryptophyl Diphenylglycine, Sodium Hyaluronate Crosspolymer, Sodium Hyaluronate, Allantoin, Glycine, Alanine, Serine, Valine, Isoleucine, Proline, Threonine, Histidine, Phenylalanine, Arginine, Aspartic Acid, Trehalose, Fructose, Glucose, Maltose, Urea, Sodium PCA, PCA, Sodium Lactate, Citric Acid, Hydroxypropyl Cyclodextrin, Sodium Chloride, Sodium Hydroxide, Butylene Glycol, Pentylene Glycol, Acacia Senegal Gum, Xanthan Gum, Carbomer, Polysorbate 20, PPG-26-Buteth-26, PEG-40 Hydrogenated Castor Oil, Trisodium Ethylenediamine Disuccinate, Ethoxydiglycol, Sodium Benzoate, Caprylyl Glycol, Ethylhexylglycerin, Phenoxyethanol, Chlorphenesin",The Ordinary Buffet,https://inkeedecoder.com/products/the-ordinary-buffet
wrinkles,"Aqua (Water), Glycerin, Lactococcus Ferment Lysate, Acetyl Hexapeptide-8, Pentapeptide-18, Palmitoyl Tripeptide-1, Palmitoyl Tetrapeptide-7, Palmitoyl Tripeptide-38, Dipeptide Diaminobutyroyl Benzylamide Diacetate, Acetylarginyltryptophyl Diphenylglycine, Sodium Hyaluronate Crosspolymer, Sodium Hyaluronate, Allantoin, Glycine, Alanine, Serine, Valine, Isoleucine, Proline, Threonine, Histidine, Phenylalanine, Arginine, Aspartic Acid, Trehalose, Fructose, Glucose, Maltose, Urea, Sodium PCA, Pca, Sodium Lactate, Citric Acid, Hydroxypropyl Cyclodextrin, Sodium Chloride, Sodium Hydroxide, Butylene Glycol, Pentylene Glycol, Acacia Senegal Gum, Xanthan Gum, Carbomer, Polysorbate 20, PPG-26-Buteth-26, PEG-40 Hydrogenated Castor Oil, Trisodium Ethylenediamine Disuccinate, Ethoxydiglycol, Sodium Benzoate, Caprylyl Glycol, Ethylhexylglycerin, Phenoxyethanol, Chlorphenesin",The Ordinary Multi-peptide + Ha Serum,https://inkeedecoder.com/products/the-ordinary-multi-peptide-ha-serum
wrinkles,"Aqua, Glycerin, Sodium Polystyrene Sulfonate, Acetyl Hexapeptide-8, Pentapeptide-18, Citric Acid, Caprylyl Glycol, Polyglyceryl-3 Stearate, Beheneth-5, Isopropyl Palmitate, Simmondsia Chinensis (Jojoba) Seed Oil, Camellia Sinensis Leaf Extract, Prunus Armeniaca (Apricot) Fruit Extract, Phenoxyethanol, Retinyl Palmitate, Xanthan Gum, Sodium Hydroxide, Acrylates/​C10-30 Alkyl Acrylate Crosspolymer, C18-38 Alkyl Hydroxystearoyl Stearate, Sodium Hyaluronate",Tiege Hanley Super Serum,https://inkeedecoder.com/products/tiege-hanley-super-serum
wrinkles,"Water/​Aqua/​Eau, Glycerin, Chondrus Crispus Extract, Sodium Hyaluronate, Acetyl Hexapeptide-8, Pentapeptide-18, Dipeptide Diaminobutyroyl Benzylamide Diacetate, Acetyl Octapeptide-3, Palmitoyl Tripeptide-1, Palmitoyl Tetrapeptide-7, Propylene Glycol, Carbomer, Polysorbate 20, Citric Acid, Potassium Sorbate, Caprylyl Glycol, Phenoxyethanol, Ethylhexylglycerin",Formulyst Anti-Wrinkle Peptide Serum,https://inkeedecoder.com/products/formulyst-anti-wrinkle-peptide-serum
wrinkles,"Aqua, Sodium Hyaluronate, Glycerin, Polysorbate 20, Acetyl Hexapeptide-8, Pentapeptide-18, Citric Acid, Caprylyl Glycol, Phenoxyethanol, Ethylhexylglycerin",Omega Skin Lab Hyalotox Serum,https://inkeedecoder.com/products/omega-skin-lab-hyalotox-serum
wrinkles,"Water (Aqua), Glycerin, Chondrus Crispus (Seaweed) Extract, Sodium Hyaluronate, Acetyl Hexapeptide-8, Pentapeptide-18, Dipeptide Diaminobutyroyl Benzylamide Diacetate, Acetyl Octapeptide-3, Palmitoyl Tripeptide-1, Palmitoyl Tetrapeptide-7, Propylene Glycol, Carbomer, Polysorbate 20, Citric Acid, Potassium Sorbate, Caprylyl Glycol, Phenoxyethanol, Ethylhexylglycerin, Disodium EDTA",PotentLift Advanced Multi Peptide Complex Serum,https://inkeedecoder.com/products/potentlift-advanced-multi-peptide-complex-serum
wrinkles,"Aqua, Propanediol, Glycerin, Polyglyceryl-4 Caprate, Acetyl Hexapeptide-8, Pentapeptide-18, Ammonium Acryloyldimethyltaurate/​VP Copolymer, Caprylyl Glycol, 1,2-Hexanediol, Ethylhexylglycerin, Tropolone, Citric Acid, Phenoxyethanol",Skin Labo Argirelox Botox-Like Pure Shot,https://inkeedecoder.com/products/skin-labo-argirelox-botox-like-pure-shot
wrinkles,"Aqua (Water), Glycerin, Lactococcus Ferment Lysate, Copper Tripeptide-1, Acetyl Hexapeptide-8, Pentapeptide-18, Palmitoyl Tripeptide-1, Palmitoyl Tetrapeptide-7, Palmitoyl Tripeptide-38, Dipeptide Diaminobutyroyl Benzylamide Diacetate, Acetylarginyltryptophyl Diphenylglycine, Sodium Hyaluronate Crosspolymer, Sodium Hyaluronate, Allantoin, Glycine, Alanine, Serine, Valine, Isoleucine, Proline, Threonine, Histidine, Phenylalanine, Arginine, Aspartic Acid, Trehalose, Fructose, Glucose, Maltose, Urea, Sodium Pca, Pca, Sodium Lactate, Citric Acid, Hydroxypropyl Cyclodextrin, Sodium Chloride, Sodium Hydroxide, Butylene Glycol, Pentylene Glycol, Acacia Senegal Gum, Xanthan Gum, Carbomer, Polysorbate 20, Dimethyl Isosorbide, Sodium Benzoate, Caprylyl Glycol, Ethylhexylglycerin, Phenoxyethanol, Chlorphenesin",The Ordinary Buffet + Copper Peptides 1%,https://inkeedecoder.com/products/the-ordinary-buffet-copper-peptides-1
wrinkles,"Aqua, Sodium Hyaluronate, Butylene Glycol, Glycerin, Chondrus Crispus (Seaweed) Extract, Acetyl Hexapeptide-8, Pentapeptide-18, Dipeptide Diaminobutyroyl Benzylamide Diacetate, Acetyl Octapeptide-3, Palmitoyl Tripeptide-1, Palmitoyl Tetrapeptide-7, Carbomer, Caprylyl Glycol, Polysorbate 20, Phenoxyethanol, Ethylhexylglycerin",Miamo Peptide Functonal Complex Serum,https://inkeedecoder.com/products/miamo-peptide-functonal-complex-serum
wrinkles,"Human Adipose Derived Stem Cell Conditioned Media, Palmitoyl Tripeptide-5 (Syn-Coll), Acetyl Hexapeptide-8 (Argireline), Polysorbate 20, Acetyl Tetrapeptide-5 (Eyeseryl), Aloe Barbadensis (Aloe Vera) Leaf Juice, Pentapeptide-18, Caprylyl Glycol (Leuphasyl), Nannochloropsis Oculata Extract, Pullulan, Citrus Grandis (Grapefruit) Seed Extract, Sodium Carboxymethyl Cellulose, Phenoxyethanol, Sorbic Acid, Caprylyl Glycol, Sodium Hyaluronate, DL-Panthenol (Vitamin B5), Niacinamide (Vitamin B3), Camellia Sinensis (Green Tea) Leaf Extract, Nanosome Copper Peptide, Rhegf1 (Rh-Human Oligopeptide-1)",NuGene Clinical Premier Universal Serum,https://inkeedecoder.com/products/nugene-clinical-premier-universal-serum
wrinkles,"Human Adipose Derived Stem Cell Conditioned Media, Acetyl Hexapeptide-8, Niacinamide, Polysorbate-20, Acetyl Tetrapeptide-5, Aloe Barbadensis Leaf Juice, Pentapeptide-18, Caprylyl Glycol, Citrus Grandis Seed Extract, Sodium Carboxymethyl Cellulose, Phenoxyethanol, Sorbic Acid, Sodium Hyaluronate, Alpha Arbutin, Dl-Panthenol, Camellia Sinensis Leaf Extract, Nanosome Copper Peptides, Human Oligopeptide-1, Fd&C Red 40",NuGene Eye Serum,https://inkeedecoder.com/products/nugene-eye-serum
wrinkles,"Sodium Hyaluronate, Ceramides, Caprooyl Tetrapeptide-3, Palmitoyl Oligopeptide, Palmitoyl Tetrapeptide-7(Matrixyl 3000), Acetyl Tetrapeptide-5, Pentapeptide-18, Poria Cocos Polysaccharide, Malus Domestica Fruit Cell Culture, Cichorium Intybus Root Oligosaccharides, Caesalpinia Spinosa Gum, N-Hydroxysuccinimide, Chrysin, Palmitoyl Tetrapeptide-7, Ocimum Sanctum (Holy Basil) Leaf Extract, Inonotus Obliquus (Chaga) Extract, Trametes Versicolor Extract, Organic Zingiber Officinale (Ginger) Extract, Organic Ganoderma Lucidum (Reishi) Extract, Organic Astragalus Membranaceus Root Extract, Citrullus Lanatus Fruit (Watermelon) Extract",Prana Spaceuticals Precious Fluids,https://inkeedecoder.com/products/prana-spaceuticals-precious-fluids
wrinkles,"*Aqua, *C13-15 Alkane, *Coconut/​Palm Kernel Alkanes, *Glycerin, Hdi/​Trimethylol Hexyllactone Crosspolymer, Polymethylsilsesquioxane, *Trehalose, *Pentapeptide-18, Urea, *Sodium Hyaluronate, *Acetyl Hexapeptide-8, *Hydrolyzed Sodium Hyaluronate, *Acetyl Glucosamine, Sodium Gluconate, *Pentylene Glycol, *Serine, *Silica, *Algin, Glyceryl Polyacrylate, *Pullulan, *Tropaeolum Majus Flower/​Leaf/​Stem Extract, Disodium Phosphate, Ethylhexylglycerin, Citric Acid, Phenoxyethanol, Kaempferol, Potassium Phosphate, Sodium Carbomer, Ammonium Acryloyldimethyltaurate/​VP Copolymer, Hydroxyacetophenone, Polysorbate 20, Caprylyl Glycol, 1,2-Hexanediol",Alissa Beauté Oxyglow Eye Gel,https://inkeedecoder.com/products/alissa-beaute-oxyglow-eye-gel
wrinkles,"Aqua, 3-0-Ethyl Ascorbic Acid, Panthenol, Caffeine, Hydrolyzed Sodium Hyaluronate, Glycerin, Acetyl Hexapeptide-8, Pentapeptide-18, Allantoin, Betaine, Caprylyl Glycol, Benzyl Alcohol, Citric Acid, Ethylhexylglycerin",Natics C Booster Face Mist,https://inkeedecoder.com/products/natics-c-booster-face-mist
wrinkles,"Aqua, Glycerin, Butylene Glycol, Panthenol, Cucumis Sativus Fruit Water, Sodium Hyaluronate, Acetyl Hexapeptide-8, Pentapeptide-18, Caprylyl Glycol, Acetyl Hexapeptide-37, Acetyl Hexapeptide-38, Allantoin, Betaine, Sodium PCA, Benzyl Alcohol, Ethylhexylglycerin, Citric Acid, Leuconostoc/​Radish Root Ferment Filtrate",Natics Peptide Max Super Filler,https://inkeedecoder.com/products/natics-peptide-max-super-filler
wrinkles,"Aqua, Glycerin, Panthenol, Cucumis Sativus Fruit Water, Sodium Hyaluronate, Allantoin, Acetyl Hexapeptide-8, Pentapeptide-18, Sodium PCA, Betaine, Caprylyl Glycol, Leuconostoc/​Radish Root Ferment Filtrate, Benzyl Alcohol, Citric Acid, Ethylhexylglycerin",Natics Peptide Super Booster Serum,https://inkeedecoder.com/products/natics-peptide-super-booster-serum
wrinkles,"Aqua, Glycerin, Propanediol, Sodium Hyaluronate, Palmitoyl Tripeptide-5, Polysorbate 20, Acetyl Hexapeptide-8, Pentapeptide-18, Palmitoyl Tripeptide-38, Palmitoyl Tripeptide-1, Palmitoyl Tetrapeptide-7, Butylene Glycol, Xanthan Gum, Citric Acid, Caprylyl Glycol, Carbomer, Hydroxypropyl Cyclodextrin, Phenoxyethanol, Ethylhexylglycerin",Pem Delian Meet The Expert - Multi-peptid+hyaluron Anti-aging Serum,https://inkeedecoder.com/products/pem-delian-meet-the-expert-multi-peptid-hyaluron-anti-aging-serum
wrinkles,"Water, Glycerin, Isoprene Glycol, Resveratrol, Spermidine (Celvio), Hydroxyethylcellulose, Palmitoyl Hexapeptide-12, Pentapeptide-18 (Leuphasyl), Magnesium Ascorbyl Phosphate, Hyaluronic Acid, Squalane, Panthenol, Camellia Sinensis (White Tea) Leaf Extract, Undecane, Tridecane, Pentaerythrityl Tetraisostearate, Caprylic/​Capric Triglyceride, Stearalkonium Hectorite, Propylene Carbonate, Carbomer, Ergothioneine, Tricholoma Matsutake Mycelium Ferment Extract, Tricholoma Matsutake Extract, Ectoin, Nicotinamide Adenine Dinucleotide, Lavandula Angustifolia (French Lavender) Extract, Lonicera Caprifolium Flower Extract, Lonicera Japonica Flower Extract, Simmondsia Chinensis (Jojoba) Seed Oil, Citric Acid",Young Goose Youth Reset V2,https://inkeedecoder.com/products/young-goose-youth-reset-v2
wrinkles,"Water, Galactomyces Ferment Filtrate, Niacinamide, Glycerin, Lactococcus Ferment Lysate, Sodium Acrylates Copolymer, Biosaccharide Gum-1, Pentapeptide-18, Acetyl Hexapeptide-8, Oryza Sativa Extract, Leontopodium Alpinum Flower/​Leaf Extract, Hydrolyzed Sodium Hyaluronate, Lecithin, Pentylene Glycol, Caprylyl Glycol, Butylene Glycol, Trisodium Ethylenediamine Disuccinate, Lactic Acid, Sodium Chloride, Sodium Benzoate, Phenoxyethanol, Ethylhexylglycerin, Potassium Sorbate",the bath box Peptide Probiotic,https://inkeedecoder.com/products/the-bath-box-peptide-probiotic
wrinkles,"Water, Jojoba Seed Oil, Apricot Kernel Oil, Squalane, Hyaluronic Acid, Laureth-7, C13-14 Isoparaffin, Acetyl Hexapeptide-8, Pentapeptide-18, Dipeptide Diaminobutyroyl Benzylamide Diacetate, Acetyl Glutamyl Heptapeptide-1, Palmitoyl Oligopeptide, Palmitoyl Tetrapeptide-7, Malus Domestica Fruit Cell Culture, Xanthan Gum, Glycerin, Lecithin, Phenoxyethanol, Ethylhexylglycerin, Polyacrylamide",Menaji Anti-Aging Eraser,https://inkeedecoder.com/products/menaji-anti-aging-eraser
wrinkles,"Water (Aqua), Niacinamide, Glycerin, Dipropylene Glycol, Sodium Silicate, Citric Acid, Adenosine, Acetyl Hexapeptide-8, Pentapeptide-18, Pseudoalteromonas Ferment Extract, Xanthan Gum, Proline, Alanine, Serine, Sodium Phosphate, Sodium Hydroxide, Tocopheryl Acetate, Cyclopentasiloxane, Ethylhexyl Cocoate, Dimethiconol, Dimethylmethoxy Chromanyl Palmitate, Sodium Cocoyl Alaninate, Palmitoyl Isoleucine, Palmitic Acid, Tromethamine, Vp/​Methacrylamide/​Vinyl Imidazole Copolymer, Propanediol, Caprylyl Glycol, Tocopherol, Phenylpropanol, PEG-60 Hydrogenated Castor Oil, Carbomer, Phenoxyethanol, Ethylhexylglycerin, Fragrance (Parfum)",Neogen White Truffle Serum In Oil Drop,https://inkeedecoder.com/products/neogen-white-truffle-serum-in-oil-drop
wrinkles,"Aqua, Propanediol, Glycerin, Sodium Hyaluronate, Caprylyl Glycol, Xanthan Gum, Phenoxyethanol, Acetyl Hexapeptide-8, Pentapeptide-18, Ethylhexylglycerin, Citric Acid, Sodium Hydroxide",POM POM Botox Filler Anti-Wrinkle Peptide Serum,https://inkeedecoder.com/products/pom-pom-botox-filler-anti-wrinkle-peptide-serum
wrinkles,"Water/​Aqua/​Eau, Dimethicone, Squalane, Butylene Glycol, Glycerin, Saccharomyces Lysate, Polysilicone-11, Acetyl Hexapeptide-8, Pentapeptide-18, N-Prolyl Palmitoyl Tripeptide-56 Acetate, Palmitoyl Tripeptide-38, Collagen, Sodium Hyaluronate, Tocopherol, Phytosterols, Hydrogenated Lecithin, Leuconostoc/​Radish Root Ferment Filtrate, Citric Acid, Caprylic/​Capric Triglyceride, Polyglyceryl-10 Myristate, Pentylene Glycol, Caprylyl Glycol, Sodium Benzoate, Sodium Phytate, Sodium Hydroxide, Potassium Sorbate, Ethylhexyl Palmitate, Hydroxypropyl Cyclodextrin, Trihydroxystearin, Lauroyl Lysine, Glucomannan, Ethylhexylglycerin, Ammonium Acryloyldimethyltaurate/​VP Copolymer, Carbomer, Glyceryl Stearate, Stearyl Alcohol, Behenyl Alcohol, Mica, Phenoxyethanol",Peter Thomas Roth Peptide Skinjection Amplified Wrinkle-fix Serum,https://inkeedecoder.com/products/peter-thomas-roth-peptide-skinjection-amplified-wrinkle-fix-serum
wrinkles,"Water/​Aqua/​Eau, Dimethicone, Squalane, Butylene Glycol, Glycerin, Polysilicone-11, Silica, Acetyl Hexapeptide-8, Pentapeptide-18, N-Prolyl Palmitoyl Tripeptide-56 Acetate, Palmitoyl Tripeptide-38, Hydrolyzed Vegetable Protein, Sodium Hyaluronate, Tocopherol, Phytosterols, Hydrogenated Lecithin, Leuconostoc/​Radish Root Ferment Filtrate, Citric Acid, Caprylic/​Capric Triglyceride, Polyglyceryl-10 Myristate, Pentylene Glycol, Caprylyl Glycol, Sodium Benzoate, Sodium Phytate, Sodium Hydroxide, Potassium Sorbate, Ethylhexyl Palmitate, Hydroxypropyl Cyclodextrin, Trihydroxystearin, Glucomannan, Ethylhexylglycerin, Ammonium Acryloyldimethyltaurate/​VP Copolymer, Glyceryl Stearate, Stearyl Alcohol, Behenyl Alcohol, Carbomer, Mica, Phenoxyethanol",Peter Thomas Roth Peptide Skinjection Amplified Wrinkle-fix Serum,https://inkeedecoder.com/products/peter-thomas-roth-peptide-skinjection-amplified-wrinkle-fix-serum-2
wrinkles,"Aqua/​Water/​Eau, Glycerin, Ethylhexyl Olivate, Coco-Caprylate, Behenyl Alcohol, Saccharide Isomerate, Glyceryl Stearate, Butylene Glycol, Pentapeptide-18, Acetyl Hexapeptide-49, Acetyl Octapeptide-3, Palmitoyl, Tetrapeptide-1, Palmitoyl Tetrapeptide-7, Cetearyl Alcohol, Lecithin, Cetearyl Olivate, Tocopherol, Sorbitan Olivate, Vitex Agnus Castus Extract, Chondrus Crispus Extract, Glycine Soja (Soybean) Sterols, Sodium Hyaluronate, Carbomer, Caprylic/​Capric Triglyceride, Ascorbyl Tetraisopalmitate, Caprylyl Glycol, Cyclodextrin, Sodium Citrate, Polysorbate 80, Phenoxyethanol, Xanthan Gum, Alcohol, Ethylhexylglycerin, Triethanolamine, Polysorbate 20, Citric Acid, Disodium EDTA",Trulux Cell 2 Cell Day Cream,https://inkeedecoder.com/products/trulux-cell-2-cell-day-cream
wrinkles,"Nelumbo Nucifera Flower Juice, Glycerin, Citrus Aurantium Dulcis Juice, Hyaluronic Acid, Palmitoyl Tripeptide-8, Acetyl Tetrapeptide-40, Sodium Ascorbyl Phosphate, Acetyl Hexapeptide-8, Pentapeptide-18, Citrus Reticulata Fruit Extract, Citrus Aurantium Amara Fruit Extract, Citrus Aurantium Sinensis Peel Extract, Equisetum Arvense Extract, Lonicera Caprifolium Flower Extract, Lonicera Japonica Flower Extract, Ferulic Acid, Ascorbic Acid, Acetyl Hexapeptide-37, Caprylyl Glycol, Citric Acid, Lactic Acid",Tulura Vitamin Peptide Serum,https://inkeedecoder.com/products/tulura-vitamin-peptide-serum
wrinkles,"Water (Aqua), Glycerin, Pyrus Malus (Apple) Fruit Extract, PEG-12 Dimethicone, Aloe Barbadensis Leaf Juice, Sodium Hyaluronate, Acetyl Hexapeptide-8, Palmitoyl Tripeptide-1, Palmitoyl Tetrapeptide-7, Pentapeptide-18, Palmitoyl Tripeptide-37, Chenopodium Quinoa Seed Extract, Rosa Damascena Flower Extract, Soluble Collagen, Butylene Glycol, Carbomer, Centella Asiatica Extract, Camellia Sinensis Leaf Extract, Punica Granatum Extract, Rubus Fruticosus (Blackberry) Fruit Extract, Coffea Robusta Seed Extract, Vaccinium Macrocarpon (Cranberry) Fruit Extract, Vitis Vinifera (Grape) Leaf Extract, Euterpe Oleracea Fruit Extract, Arctostaphylos Uva-Ursi Leaf Extract, Lycium Barbarum Fruit Extract, Morinda Citrifolia Fruit Extract, Rubus Idaeus (Raspberry) Fruit, Aristotelia Chilensis Fruit Extract, Polysorbate 20, Tetrasodium Glutamate Diacetate, Tocopheryl Acetate, Brassica Oleracea Acephala Leaf Extract, Xanthan Gum, Phenoxyethanol, Fragrance, Caprylyl Glycol, Ethylhexylglycerin, Hexylene Glycol, Citric Acid",Advanced Clinicals Peptide Serum,https://inkeedecoder.com/products/advanced-clinicals-peptide-serum-2
wrinkles,"Water (Aqua), Glycerin, Pyrus Malus (Apple) Fruit Extract, PEG-12 Dimethicone, Aloe Barbadensis Leaf Juice, Sodium Hyaluronate, Acetyl Hexapeptide-8, Palmitoyl Tripeptide-1, Palmitoyl Tetrapeptide-7, Pentapeptide-18, Palmitoyl Tripeptide-37, Chenopodium Quinoa Seed Extract, Rosa Damascena Fruit Extract, Soluble Collagen, Butylene Glycol, Carbomer, Centella Asiatica Extract, Camellia Sinensis Leaf Extract, Punica Granatum Extract, Rubus Fruticosus (Blackberry) Fruit Extract, Coffea Robusta Seed Extract, Vaccinium Macrocarpon (Cranberry) Fruit Extract, Vitis Vinifera (Grape) Leaf Extract, Euterpe Oleracea Fruit Extract, Arctostaphylos Uva-Ursi Leaf Extract, Lycium Barbarum Fruit Extract, Morinda Citrifolia Fruit Extract, Rubus Idaeus (Raspberry) Fruit, Aristotelia Chilensis Fruit Extract, Polysorbate 20, Tetrasodium Glutamate Diacetate, Tocopheryl Acetate, Brassica Oleracea Acephala Leaf Extract, Xanthan Gum, Phenoxyethanol, Fragrance, Caprylyl Glycol, Ethylhexylglycerin, Hexylene Glycol, Citric Acid",Advanced Clinicals Peptide Serum,https://inkeedecoder.com/products/advanced-clinicals-peptide-serum-3
wrinkles,"Aqua (Water), PEG-35 Castor Oil, Ascorbic Acid, Glycerin, Retinyl Palmitate, Caprylyl Glycol, Tocopherol, Acetyl Hexapeptide-8, Acetyl Octapeptide-3, Pentapeptide-18, Arginine Aspartate, Cobalt Gluconate, Copper Gluconate, Pyridoxine Hcl, Valine, Zinc Chloride, Thiamine Hcl, Propylene Glycol, Sodium Hyaluronate, Phenoxyethanol, Ethylhexylglycerin, Avena Sativa Kernel Extract",Beauty Pie Über Youth Complexion Overhaul Multi-Action Ampoules,https://inkeedecoder.com/products/beauty-pie-uber-youth-complexion-overhaul-multi-action-ampoules
wrinkles,"Water (Aqua), Glycerin, Pyrus Malus (Apple) Fruit Extract, PEG-12 Dimethicone, Aloe Barbadensis Leaf Juice, Sodium Hyaluronate, Acetyl Hexapeptide-8, Palmitoyl Tripeptide-1, Palmitoyl Tetrapeptide-7, Pentapeptide-18, Palmitoyl Tripeptide-37, Chenopodium Quinoa Seed Extract, Rosa Damascena Fruit Extract, Soluble Collagen, Butylene Glycol, Carbomer, Centella Asiatica Extract, Camellia Sinensis Leaf Extract, Punica Granatum Extract, Rubus Fruticosus (Blackberry) Fruit Extract, Coffea Robusta Seed Extract, Vaccinium Macrocarpon (Cranberry) Fruit Extract, Vitis Vinifera (Grape) Leaf Extract, Euterpe Oleracea Fruit Extract, Arctostaphylos Uva-Ursi Leaf Extract, Lycium Barbarum Fruit Extract, Morinda Citrifolia Fruit Extract, Rubus Idaeus (Raspberry) Fruit, Aristotelia Chilensis Fruit Extract, Polysorbate 20, Tetrasodium Glutamate Diacetate, Tocopheryl Acetate, Brassica Oleracea Acephala Leaf Extract, Xanthan Gum, Phenoxyethanol, Fragrance, Caprylyl Glycol, Ethylhexylglycerin, Hexylene Glycol, Citric Acid",Elastalift 6x Concentrate Peptide+ Anti-wrinkle Serum,https://inkeedecoder.com/products/elastalift-6x-concentrate-peptide-anti-wrinkle-serum
wrinkles,"Water, Propanediol, Pentylene Glycol, Glycerin, Butylene Glycol, Sodium Ascorbyl Phosphate, Palmitoyl Tetrapeptide-7, Palmitoyl Tripeptide-1, Acetyl Hexapeptide-8, Pentapeptide-18, Sodium Hyaluronate, Polysorbate 20, Hydroxyethylcellulose, Carbomer, Citric Acid, Caprylyl Glycol, Ethylhexylglycerin, Phenoxyethanol",KisoCare Matrixyl 3000 + Argirelox Blended Serum,https://inkeedecoder.com/products/kisocare-matrixyl-3000-argirelox-blended-serum
wrinkles,"Aqua, Glycerin, Propanediol, Pentylene Glycol, Cetearyl Isononanoate, Acetyl Tetrapeptide-15, Acetyl Tetrapeptide-9, Acetyl Hexapeptide-8, Lauroyl Lysine, Pentapeptide-18, Mannitol, Palmitoyl Tripeptide-1, Palmitoyl Tetrapeptide-7, Niacinamide, Phenoxyethanol, Ethylhexylglycerin, Sodium Hyaluronate, Parfum, Ceteareth-20, Sodium Hyaluronate Crosspolymer, Cetearyl Alcohol, Carbomer, Hydroxyacetophenone, Silica, Polyacrylate Crosspolymer-6, Glyceryl Stearate, Sodium Hydroxide, Ceteareth-12, Cetyl Palmitate, Benzoic Acid, Tetrasodium Glutamate Diacetate, Butylene Glycol, Sodium Citrate, Polysorbate 20, Caprylyl Glycol, Citric Acid, Hexyl Cinnamal, Limonene, Coumarin, Ci 77891",Labcare Miscela Peptidica Serum Advance Ristrutturante Viso,https://inkeedecoder.com/products/labcare-miscela-peptidica-serum-advance-ristrutturante-viso
wrinkles,"Purified Water (Aqua), Simmondsia Chinensis (Jojoba) Seed Oil, Squalane, Prunus Armeniaca (Apricot) Kernel Oil, Hyaluronic Acid (1%), Laureth-7, C13-14 Isoparaffin, Polyacrylamide, Acetyl Hexapeptide-8, Pentapeptide-18, Acetyl Octapeptide-3, Dipeptide Diaminobutyroyl Benzylamide Diacetate, Palmitoyl Tripeptide-1, Palmitoyl Tetrapeptide-7, Phenoxyethanol, Ethylhexylglycerin",Montarbo Skincare Lift Repair Peptide Cream,https://inkeedecoder.com/products/montarbo-skincare-lift-repair-peptide-cream
wrinkles,"Aqua, L Ascorbic Acid, Citrus Limonum Peel Water, Glycerin, Panthenol, Caffeine, Sodium Hyaluronate, Allantoin, Acetyl Hexapeptide-8, Pentapeptide-18, Caprylyl Glycol, Sodium Hydroxide, Citric Acid, Benzyl Alcohol, Ethylhexylglycerin",Natics C20 Vitamin C + Peptide Serum,https://inkeedecoder.com/products/natics-c20-vitamin-c-peptide-serum
wrinkles,pentapeptide-18,Next page >>,https://inkeedecoder.com/ingredients/pentapeptide-18?uoffset=1
wrinkles,"Aqua, Dipropylene Glycol, Niacinamide 3.0%, Pentylene Glycol, Silanediol Salicylate, Copper Tripeptide-1 0.2%, Sodium Hyaluronate, Hydrolyzed Sodium Hyaluronate, Panthenol, 1,2-Hexanediol, Nelumbo Nucifera Leaf Extract (Lotus Leaf Flavone), Lecithin, Cholesterol, Hexapeptide-9, Palmitoyl Pentapeptide-4, Palmitoyl Tripeptide-1, Palmitoyl Tripeptide-5, Tripeptide-1, Palmitoyl Tetrapeptide-7, Ethylhexylglycerin, Citric Acid, Sodium Citrate","









            0.2% | Copper Peptide Professional Anti-Aging Serum
        

            Dr.Alva
        

",https://inkeedecoder.com/products/dr-alva-copper-peptide-professional-anti-aging-serum
wrinkles,"Water (Aqua), Niacinamide, Dimethyl Isosorbide, Butylene Glycol, Caprylic/​Capric Triglyceride, Butyrospermum Parkii (Shea) Butter, Glycerin, Methyl Estradiolpropanoate, Cetearyl Alcohol, Octyldodecyl Myristate, Tridecyl Stearate, Tridecyl Trimellitate, Vitis Vinifera (Grape) Seed Oil, Glyceryl Stearate, PEG-100 Stearate, Ceteareth-20, Phenoxyethanol, Retinol, Butyrospermum Parkii (Shea) Butter Extract, Caprylyl Glycol, Acrylates/​C10-30 Alkyl Acrylate Crosspolymer, Apricot Kernel Oil PEG-6 Esters, Sodium Hyaluronate, Palmitoyl Tripeptide-1, Palmitoyl Tetrapeptide-7, Tetrapeptide-26, Polysorbate 20, Hydroxypinacolone Retinoate, Ethylhexylglycerin, Hydrolyzed Hyaluronic Acid, Dipentaerythrityl Hexacaprylate/​Hexacaprate, Polymethyl Methacrylate, Carbomer, Disodium EDTA, BHT, Potassium Hydroxide",Emepelle Night Cream,https://inkeedecoder.com/products/emepelle-night-cream
wrinkles,"Water (Aqua), Dimethyl Isosorbide, Niacinamide, Butylene Glycol, 3-O-Ethyl Ascorbic Acid, Glycereth-26, Hydroxyethyl Acrylate/​Sodium Acryloyldimethyl Taurate Copolymer, Methyl Estradiolpropanoate, Superoxide Dismutase, Glyceryl Caprate, Ferulic Acid, Glutathione, Pentapeptide-28, Tetrapeptide-26, Camellia Sinensis Leaf Extract, Sodium Hyaluronate, Dipeptide-4, Glycerin, 1,2-Hexanediol, Caprylyl Glycol, Tocopheryl Acetate, Phenoxyethanol, Potassium Sorbate, Sodium Benzoate, Disodium EDTA",Emepelle Serum,https://inkeedecoder.com/products/emepelle-serum
wrinkles,"Water (Aqua), Caprylic/​Capric Triglyceride, Cetearyl Alcohol, Glycerin, Dimethyl Isosorbide, Stearyl Alcohol, Sodium Hyaluronate, Acetyl Hexapeptide-8, Mangifera Indica (Mango) Seed Butter, Methyl Estradiolpropanoate, Caffeine, Albizia Julibrissin Bark Extract, Aesculus Hippocastanum (Horse Chestnut) Extract, Saccharide Isomerate, Niacinamide, Darutoside, Verbascum Thapsus Extract, Tocopherol, Hydroxyphenyl Propamidobenzoic Acid, Ceteth-10 Phosphate, Propanediol, Butylene Glycol, Potassium Sorbate, Pentylene Glycol, Phenoxyethanol, Fructose, Propylene Glycol, Lecithin, Sodium Polyacrylate, Citric Acid, Sodium Hydroxide, Dicetyl Phosphate, Ethylhexylglycerin, Sodium Benzoate",Emepelle Eye Cream,https://inkeedecoder.com/products/emepelle-eye-cream
wrinkles,"Aqua, Propanediol, Panthenol, Genistein, Iris Florentina Root Extract, Butylene Glycol, Glycerin, Cassia Angustifolia Seed Polysaccharide, Lecithin, Thymus Vulgaris Flower/​Leaf Extract, Tocopherol, Maltodextrin, Biosaccharide Gum-3, Aluminium Starch Octenylsuccinate, Pentylene Glycol, Algin, Caprylyl Glycol, Pullulan, Sodium Hyaluronate, Glyceryl Polyacrylate, Aphanothece Sacrum Polysaccharides, Discorea Mexicana Root Extract, Hypnea Musciformis Extract, Xanthan Gum, Glucose, Hydroxypropyl Methylcellulose, Chondrus Crispus Extract, Hydroxypropyltrimonium Hyaluronate, Hydrolyzed Hyaluronic Acid, Sodium Acetylated Hyaluronate, Potassium Hyaluronate, 1,2-Hexanediol, Sodium PCA, Zinc Pca, Magnesium Pca, Manganese Pca, Potassium Sorbate, Sodium Lactate, Arginine, Aspartic Acid, Pca, Glycine, Alanine, Serine, Valine, Proline, Threonine, Isoleucine, Histidine, Phenylalanine, Phenoxyethanol, Ethylhexylglycerin, Parfum, Sodium Starch Octenylsuccinate, Sodium Acrylates Copolymer, Sodium Ascorbyl Phosphate, Niacinamide, Pyridoxine Hcl, Silica, Calcium Pantothenate, Tocopheryl Acetate",Ellementti Dermoscometicos Phytohormon - Time Reverse Id,https://inkeedecoder.com/products/ellementti-dermoscometicos-phytohormon-time-reverse-id
wrinkles,"Water, Glycerin, Cyclopentasiloxane, Glycereth-26, Allantoin, Genistein, Carnosine, Dipotassium Glycyrrhizate, Epigallocatechin Gallate, Glycyrrhiza Glabra Root Extract, Boerhavia Diffusa Root Extract, Caprylic/​Capric Triglyceride, Dimethiconol, Sodium Hyaluronate, Oleic Acid, Linolenic Acid, Palmitic Acid, Linoleic Acid, Phospholipids, Epilobium Angustifolium Flower/​Leaf/​Stem Extract, Polysorbate 20, Hydrogenated Lecithin, Acrylates/​C10-30 Alkyl Acrylate Crosspolymer, Xanthan Gum, Laureth-4, Laureth-23, Sodium Hydroxide, Butylene Glycol, Disodium EDTA, Ethylhexylglycerin, Phenoxyethanol",Paula's Choice Calm Soothing Toner For Normal To Dry Skin,https://inkeedecoder.com/products/paulas-choice-calm-redness-relief-toner-for-normal-to-dry-skin
wrinkles,"Water, Butyrospermum Parkii (Shea Butter), Lactobacillus/​Nereocystis Luetkeana Ferment Filtrate, Saccharide Isomerate, Glycerin, Genistein, Cetearyl Alcohol, Oryza Sativa Bran Oil, Caprylic/​Capric, Palmitic/​Stearic Triglyceride, Behenyl Alcohol, Avena Sativa (Oat) Kernel Flour, Cucumis Sativus (Cucumber) Fruit Extract, Glyceryl Stearate, Propanediol, Tocopherol Acetate, Allantoin, Niacinamide, Panthenol, Hexanediol, Phenoxyethanol, Ethylhexylglycerin, Xanthan Gum, Pelargonium Graveolens (Rose Geranium) Oil, Daucus Carota (Carrot Seed) Oil, Santalum Spicatum (Sandalwood) Oil",PuppySkincare The Repair Cream,https://inkeedecoder.com/products/puppyskincare-the-repair-cream
wrinkles,"Aqua, Oenothera Biennis (Evening Primrose) Oil, Niacinamide (Vitamin B3), Urea, Glyceryl Stearate SE, Panthenol (Vitamin B5), Genistein, Dicaprylyl Carbonate, Caprylic/​Capric Triglyceride, Cyclomethicone, Cetearyl Alcohol, Prunus Amygdalus Dulcis (Sweet Almond) Oil, Allantoin, Sodium Polyacrylate, Citrus Limon (Lemon) Fruit Oil, Acrylates/​C10-30 Alkyl Acrylate Crosspolymer, BHT, Sorbic Acid",Acnecinamide Gel Cream,https://inkeedecoder.com/products/acnecinamide-gel-cream
wrinkles,"Aqua, Alcohol, Caprylic/​Capric Triglyceride, Paraffinum Liquidum, Isostearyl Isostearate, Glycerin, Ethoxydiglycol, Genistein, Sodium Acrylate/​Sodium Acryloyldimethyl Taurate Copolymer, Polyisobutene, Caprylyl/​Capryl Glucoside, Isopropyl Alcohol, Carbomer, Cyclohexane, Tromethamine, Sorbitan Oleate",AURIGA Flavonex Cream,https://inkeedecoder.com/products/auriga-flavonex-cream
wrinkles,"Aqua, Chloroacetic Acid, Propylene Glycol, Kojic Acid, Xanthan Gum, Urea Peroxide, Papain, Genistein, Bisabolol, Glycyrrhiza Glabra Root Extract, Parfum, Cyanocobalamin, Glutathione, 4-Butylresorcinol, Retinol",Promoitalia Pink Intimate System,https://inkeedecoder.com/products/promoitalia-pink-intimate-system
wrinkles,"Benzoyl Peroxide (10.0%), Aloe Barbadensis Leaf Extract, Bakuchiol, Camellia Sinensis (Green Tea) Leaf Polyphenols, Carbomer, Cucumis Sativus (Cucumber) Fruit Extract, Disodium EDTA, Fragrance, Genistein, Glycerin, Maltodextrin, Phenoxyethanol, Punica Granatum Sterols, Purified Water, Resveratrol, Sodium Benzoate, Sodium C14-16 Olefin Sulfonate, Stearic Acid Usp, Tocopheryl Acetate",Dr. Zenovia Skincare 10% Benzoyl Peroxide Acne Cleanser,https://inkeedecoder.com/products/dr-zenovia-skincare-10-benzoyl-peroxide-acne-cleanser
wrinkles,"Purified Water, Aloe Barbadensis Leaf Juice, Cetearyl Alcohol, Glycerin Usp, PPG-2 Myristyl Ether Propionate, Squalane, Polysorbate 60, Dimethicone, Beeswax, Genistein, Resveratrol, Punica Granatum Sterols, Cucumis Sativus (Cucumber) Fruit Extract, Camellia Sinensis (Green Tea) Polyphenols, Tocopherol Acetate, Bakuchiol, Carbomer, Triethanolamine, Benzyl Alcohol, Phenoxyethanol, Disodium EDTA",Dr. Zenovia Skincare Aloe Vera Blemish Soothing Moisturizer,https://inkeedecoder.com/products/dr-zenovia-aloe-vera-blemish-soothing-moisturizer
wrinkles,"Purified Water, Glycerin, Sodium PCA, Sodium Hyaluronate, Hydrolyzed Sodium Hyaluronate, Resveratrol, Bakuchiol, Camellia Sinensis (White Tea) Extract, Camellia Sinensis (Green Tea) Extract, Genistein, Punica Granatum Sterols, Cucumis Sativus (Cucumber) Fruit Extract, Aloe Barbadensis Leaf Juice, Palmitoyl Tripeptide-28, Ergothioneine, Glutathione, Zinc Pca, Copper Pca, Tocopherol Acetate, Phenoxyethanol, Disodium EDTA",Dr. Zenovia Skincare Hyaluronic Acid + Peptide Serum,https://inkeedecoder.com/products/dr-zenovia-hyaluronic-acid-peptide-serum
wrinkles,"Pyrrolidinyl Diaminopyrimidine Oxide (5%), Ethanol, Aqua, Pyrrolidinyl Diaminopyrimidine Oxide, Ethoxydiglycol, Polysorbate 20, PEG-40 Hydrogenated Castor Oil, Azelaic Acid, Glycyrrhetinic Acid, Genistein, Nigella Sativa Essential Oil, Caffeine, Beta-Sitosterol, Biotinoyl Tripeptide-1, Oleanolic Acid, Apigenin, Sodium Salicylate, PPG-26-Buteth-26, Butylene Glycol, Lactic Acid, Linalool",Kmax Stimulating Hair Growth Therapy,https://inkeedecoder.com/products/kmax-stimulating-hair-growth-therapy
wrinkles,"Water/​Eau, Alcohol, Glycerin, Betaine, 1,2-Hexanediol, Caprylyl Glycol, Caprylhydroxamic Acid, PEG-60 Hydrogenated Castor Oil, Ethylhexylglycerin, Panthenol, Genistein, Hydrolyzed Collagen, Allantoin, Citrus Aurantium Bergamia (Bergamot) Peel Oil, Copper Tripeptide-1, Panax Ginseng Root Extract, Althaea Rosea Callus Culture Extract, Zanthoxylum Piperitum Fruit Extract, Pulsatilla Koreana Extract, Usnea Barbata (Lichen) Extract, Xanthan Gum, Sodium Hyaluronate, Lecithin",Cala Total Revital Toner,https://inkeedecoder.com/products/cala-total-revital-toner
wrinkles,"Purified Water, Glycolic Acid, Sd Alcohol 40B, Hamamelis Virginiana (Witch Hazel) Water, Ammonium Hydroxide, Aloe Barbadensis Leaf Juice, Bakuchiol, Cucumis Sativus (Cucumber) Fruit Extract, Glycerin, Punica Granatum Sterols, Resveratrol, Genistein, Tocopherol Acetate, Polysorbate 20, Sodium Benzoate, Acetone, Disodium EDTA",Dr. Zenovia Skincare 10% Glycolic Acne Control Peel Pads,https://inkeedecoder.com/products/dr-zenovia-skincare-10-glycolic-acne-control-peel-pads
wrinkles,"Avobenzone (3.0%), Octinoxate (6.0%), Octocrylene (2.7%), Water (Aqua, Eau), C12-15 Alkyl Benzoate, Cyclopentasiloxane, Ethoxydiglycol, Stearic Acid, Cetyl Alcohol, Glyceryl Stearate, Glycerin, Genistein, Aloe Barbadensis Leaf Juice, Biotin, Vitis Vinifera (Grape Seed) Extract, Trifolium Pratense (Red Clover) Flower Extract, Glycine Soja (Soybean) Seed Extract, Palmitoyl Tripeptide-1, Palmitoyl Tetrapeptide-7, Allantoin, Aminomethyl Propanol, Butylene Glycol, Caprylyl Glycol, Carbomer, Cetearyl Alcohol, Ceteth-10 Phosphate, Chlorphenesin, Dicetyl Phosphate, Dimethicone, Disodium Edta, Decylene Glycol, Hydroxyethyl Acrylate/​Sodium Acryloyldimethyl Taurate Copolymer, Mannitol, Phenoxyethanol, Polysorbate 20, Polysorbate 60, Sodium Ascorbyl Phosphate, Squalane",VENeffect Anti-Aging Moisturizer Spf 15,https://inkeedecoder.com/products/veneffect-anti-aging-moisturizer-spf-15
wrinkles,"Salicylic Acid (2.0%), Purified Water, Glycolic Acid, Sd Alcohol 40B, Hamamelis Virginiana (Witch Hazel) Water, Ammonium Hydroxide, Aloe Barbadensis Leaf Juice, Bakuchiol, Cucumis Sativus (Cucumber) Fruit Extract, Glycerin, Punica Granatum Sterols, Resveratrol, Genistein, Tocopherol Acetate, Polysorbate 20, Sodium Benzoate, Acetone, Disodium EDTA",Dr. Zenovia Skincare 10% Acne Control Peel Pads,https://inkeedecoder.com/products/dr-zenovia-10-acne-control-peel-pads
wrinkles,"Benzoyl Peroxide (5.0%), Purified Water, Glycolic Acid, Sd Alcohol 40B, Hamamelis Virginiana (Witch Hazel) Water, Ammonium Hydroxide, Aloe Barbadensis Leaf Juice, Bakuchiol, Cucumis Sativus (Cucumber) Fruit Extract, Glycerin, Punica Granatum Sterols, Resveratrol, Genistein, Tocopherol Acetate, Polysorbate 20, Sodium Benzoate, Acetone, Disodium EDTA",Dr. Zenovia Skincare 5% Benzoyl Peroxide Acne Spot Treatment,https://inkeedecoder.com/products/dr-zenovia-skincare-5-benzoyl-peroxide-acne-spot-treatment
wrinkles,"Aqua, Cyclopentasiloxane (Hydration), Glycerin (Hydration/​Skin Replenishing), Glycereth-26 (Emollient), Polysorbate 20 (Texture-Enhancing), Dimethiconol (Texture-Enhancing), Linoleic Acid (Skin Replenishing), Oleic Acid (Skin Replenishing), Linolenic Acid (Skin Replenishing), Phospholipids (Hydration/​Skin Replenishing), Carnosine (Skin-Restoring), Epigallocatechin Gallate (Antioxidant), Genistein (Antioxidant), Etanorulayh Muidos (Hydration/​Skin Replenishing), Sphingolipids (Hydration/​Skin Replenishing), Ferulic Acid (Antioxidant), Laurdimonium Hydroxypropyl Hydrolyzed Soy Protein (Skin Replenishing), Glycyrrhiza Glabra (Licorice) Root Extract (Skin-Soothing), Acetyl Glucosamine (Hydration/​Skin Replenishing), Quercetin (Antioxidant), Oenothera Biennis (Evening Primrose) Oil (Non-Fragrant Plant Oil), Beta Vulgaris (Beet) Root Extract (Skin-Restoring), Cucurbita Pepo (Pumpkin) Seed Extract (Skin-Restoring), Lecithin (Skin-Restoring), Caprylic/​Capric Triglyceride (Emollient), Hydrolyzed Corn Starch (Hydration), Hydrogenated Lecithin (Hydration), Palmitic Acid (Hydration), Butylene Glycol (Hydration), Acrylates/​C10-30 Alkyl Acrylate Crosspolymer (Texture-Enhancing), Xanthan Gum (Texture-Enhancing), Laureth-23 (Cleansing), Laureth-4 (Texture-Enhancing), Aminomethyl Propanol (Ph Adjuster), Disodium EDTA (Stabilizer), Sodium Benzoate (Preservative), Ethylhexylglycerin (Preservative), Phenoxyethanol (Preservative), Chlorphenesin (Preservative), Benzoic Acid (Preservative), Sorbic Acid (Preservative)",Paula's Choice Resist Anti-Aging Replenishing Toner,https://inkeedecoder.com/products/paulas-choice-resist-advanced-replenishing-toner
wrinkles,"Aqua, Propanediol, Ascorbic Acid, Propylene Glycol, Dimethyl Isosorbide, Pentylene Glycol, Acetyl Zingerone, Glycerin, Tocopherol, Epigallocatechin Gallate, Ferulic Acid, Resveratrol, Genistein, Quercetin, Silybin, Hesperidin Methyl Chalcone, Dimethylmethoxy Chromanol, Xanthan Gum, Lecithin, Sclerotium Gum, Pullulan, Disodium EDTA, Phenoxyethanol, Ethylhexylglycerin, Caprylyl Glycol, Citric Acid",Regimen Lab Vitamin X,https://inkeedecoder.com/products/regimen-lab-vitamin-x-2
wrinkles,"Aqua, Propanediol, Ascorbic Acid, Propylene Glycol, Dimethyl Isosorbide, Pentylene Glycol, Acetyl Zingerone, Glycerin, Tocopherol, Epigallocatechin Gallate, Ferulic Acid, Resveratrol, Genistein, Quercetin, Silymarin, Hesperidin Methyl Chalcone, Dimethylmethoxy Chromanol, Xanthan Gum, Lecithin, Sclerotium Gum, Pullulan, Disodium EDTA, Phenoxyethanol, Ethylhexylglycerin, Caprylyl Glycol, Citric Acid",Regimen Lab Vitamin X Antioxidant Serum,https://inkeedecoder.com/products/regimen-lab-vitamin-x-antioxidant-serum
wrinkles,"Water (Aqua), Glycerin (Hydration/​Skin Replenishing), Ethoxydiglycol (Hydration), Niacinamide (Skin-Restoring), Acetyl Glucosamine (Hydration/​Skin Replenishing), Salix Nigra (Willow) Bark Extract (Skin-Soothing), Resveratrol (Grape-Derived Antioxidant), Sodium Hyaluronate (Hydration/​Skin Replenishing), Palmitoyl Tetrapeptide-7 (Skin-Restoring), Palmitoyl Tripeptide-1 (Skin-Restoring), Phospholipids (Hydration/​Skin Replenishing), Epigallocatechin Gallate (Antioxidant), Carnosine (Skin-Restoring), Genistein (Antioxidant), Glycyrrhiza Glabra (Licorice) Root Extract (Skin-Soothing), Adenosine (Skin-Restoring), Xanthan Gum (Texture-Enhancing), Citric Acid (Ph Adjuster), Polysorbate 20 (Texture-Enhancing), Butylene Glycol (Hydration), Ethylhexylglycerin (Preservative), Carbomer (Texture-Enhancing), Tetrasodium Edta (Stabilizer), Phenoxyethanol (Preservative)",Paula's Choice Resist Weightless Advanced Repairing Toner,https://inkeedecoder.com/products/paulas-choice-resist-weightless-advanced-repairing-toner
wrinkles,"Water, Propanediol, Ascorbic Acid, Dimethyl Isosorbide, Propylene Glycol, Pentylene Glycol, Acetyl Zingerone, Glycerin, Hexanediol, Tocopherol, Epigallocatechin Gallate, Ferulic Acid, Resveratrol, Genistein, Glutathione, Quercetin, Silymarin, Hesperidin Methyl Chalcone, Dimethylmethoxy Chromanol, Xanthan Gum, Lecithin, Sclerotium Gum, Pullulan, Disodium EDTA, Phenoxyethanol, Ethylhexylglycerin, Caprylyl Glycol, Citric Acid",Regimen Lab Vitamin X,https://inkeedecoder.com/products/regimen-lab-vitamin-x
wrinkles,"Water, Cyclodextrin, Glycerin, Coco-Caprylate/​Caprate, Squalane, Butylene Glycol, Sodium Acrylates Copolymer, Hydrogenated Polydecene, Glycine Soja (Soybean) Seed Extract, Equol, Xanthan Gum, Cetyl Alcohol, Tocopherol, Daidzein, Genistein, Linum Usitatissimum (Linseed) Seed Oil, Helianthus Annuus (Sunflower) Seed Oil, Phospholipids, Polyglyceryl-10 Stearate, Citric Acid, Glycine Soja Oil, Sodium Phytate, Ethylhexylglycerin, Phenoxyethanol",Paula's Choice Phytoestrogen Elasticity Renewal Body Treatment,https://inkeedecoder.com/products/paulas-choice-phytoestrogen-elasticity-renewal-body-treatment
wrinkles,"Zinc Oxide (11.0%), Aloe Barbadensis Leaf Juice, Arctostaphylos Uva-Ursi Leaf Extract, Bakuchiol, Camellia Sinensis (Green Tea) Polyphenols, Caprylic/​Capric Triglyceride, Cetearyl Olivate, Cetyl Alcohol, Citric Acid, Coco-Caprylate, Cucumis Sativus (Cucumber) Fruit Extract, Decyl Glucoside, Disodium EDTA, Epilobium Angustifolium Flower/​Leaf/​Stem Extract, Ethylhexylglycerin, Genistein, Glycerin, Glyceryl Isostearate, Glyceryl Stearate Citrate, Glyceryl Stearate, Glycyrrhiza Glabra (Licorice) Root Extract, Lilium Candidum Leaf Cell Extract, Methylcellulose, Niacinamide, Olea Europaea (Olive) Fruit Oil, Panthenol, Phenoxyethanol, Polyhydroxystearic Acid, Potassium Sorbate, Punica Granatum Sterols, Purified Water, Resveratrol, Sodium Benzoate, Sodium Chloride, Sorbitan Olivate, Tocopheryl Acetate, Xanthan Gum",Dr. Zenovia Skincare Vitamin C Brightening Moisturizer Spf 30,https://inkeedecoder.com/products/dr-zenovia-vitamin-c-brightening-moisturizer-spf-30
wrinkles,"Water, Propolis Extract(10%), Glycerin, 1,2-Hexanediol, Madecassoside, Palmitoyl Tripeptide-1, Palmitoyl Tetrapeptide-7, Tremella Fuciformis (Mushroom) Extract, Avena Sativa (Oat) Kernel Extract, Centella Asiatica Extract, Buddleja Davidii Extract, Thymus Vulgaris (Thyme) Extract, Beta-Glucan, Allantoin, Sodium Hyaluronate, Hydroxyethylcellulose, Genistein, Arginine, Butylene Glycol, Polysorbate 20, Carbomer",2Sol Elixir Propolis Serum,https://inkeedecoder.com/products/2sol-elixir-propolis-serum
wrinkles,"Purified Water, Sodium Laureth Sulfate, Cocamidopropyl Betaine, Lauramide Dea, Glycol Distearate, Glycerin, Ectoin, Hydrolyzed Glycosaminoglycans, Resveratrol, Bakuchiol, Camellia Sinensis (Green Tea) Polyphenols, Camellia Sinensis (Green Tea) Leaf Extract, Panthenol, Chamomilla Recutita (Matricaria) Flower Extract, Cucumis Sativus (Cucumber) Fruit Extract, Lavandula Angustifolia (Lavender) Oil, Genistein, Punica Granatum Sterols, Aloe Barbadensis Leaf Juice, Sodium PCA, Leuconostoc/​Radish Root Ferment Filtrate, Bisabolol, Yucca Glauca Root Extract, Emblica Officinalis Fruit Extract, Tocopherol Acetate, Phospholipids, Citric Acid, Caprylyl Glycol, Steareth-4, Sorbic Acid, Phenoxyethanol, Disodium EDTA, Fragrance",Dr. Zenovia Skincare Bakuchiol Hydrating Cleanser,https://inkeedecoder.com/products/dr-zenovia-bakuchiol-hydrating-cleanser
wrinkles,"Water, Niacinamide, Acetyl Glucosamine, Ascorbyl Glucoside, Butylene Glycol, Phospholipids, Sodium Hyaluronate, Allantoin, Boerhavia Diffusa Root Extract, Glycerin, Dipotassium Glycyrrhizate, Glycyrrhiza Glabra (Licorice) Root Extract, Epigallocatechin Gallate, Beta-Glucan, Panthenol, Carnosine, Genistein, Citric Acid, Sodium Citrate, Sodium Hydroxide, Xanthan Gum, Ethylhexylglycerin, Polysorbate 20, Trisodium Ethylenediamine Disuccinate, Pentylene Glycol, Caprylyl Glycol, Phenoxyethanol",Paula's Choice 10% Niacinamide Booster,https://inkeedecoder.com/products/paulas-choice-10-niacinamide-booster
wrinkles,"Aqua, Niacinamide (Vitamin B3, Skin-Restoring), Acetyl Glucosamine (Skin Replenishing/​Antioxidant), Ascorbyl Glucoside (Vitamin C/​Antioxidant), Butylene Glycol (Hydration), Phospholipids (Skin Replenishing), Allantoin (Skin-Soothing), Boerhavia Diffusa Root Extract (Skin-Soothing), Glycerin (Hydration/​Skin Replenishing), Dipotassium Glycyrrhizate (Skin-Soothing), Glycyrrhiza Glabra (Licorice) Root Extract (Skin-Soothing), Ubiquinone (Antioxidant), Epigallocatechin Gallate (Antioxidant), Beta-Glucan (Soothing Agent/​Antioxidant), Panthenol (Skin Replenishing), Carnosine (Antioxidant), Genistein (Antioxidant), Citric Acid (Ph Balancing), Sodium Citrate (Ph Balancing), Sodium Hydroxide (Ph Balancing), Xanthan Gum (Texture-Enhancing), Disodium EDTA (Stabilizer), Ethylhexylglycerin (Preservative), Phenoxyethanol (Preservative)",Paula's Choice 10% Niacinamide Booster,https://inkeedecoder.com/products/paulas-choice-resist-10-niacinamide-booster
wrinkles,"Water/​Aqua, Cyclodextrin (Suspending/​Dispersing Agent), Glycerin (Humectant), Coco-Caprylate/​Caprate (Emollient), Squalane (Emollient Antioxidant), Saccharide Isomerate (Humectant), Propanediol (Solvent), Sodium Acrylates Copolymer (Film-Forming Agent), Hydrogenated Polydecene (Emollient), Glycine Soja (Soybean) Seed Extract (Antioxidant), Equol (Soy-Derived Isoflavone Antioxidant), Resveratrol (Antioxidant), Xanthan Gum (Texture Enhancer), Cetyl Alcohol (Emollient), Tocopherol (Vitamin E/​Antioxidant), Daidzein (Soy-Derived Isoflavone Antioxidant), Genistein (Soy-Derived Isoflavone Antioxidant), Linum Usitatissimum (Linseed) Seed Oil (Emollient), Helianthus Annuus (Sunflower) Seed Oil (Emollient), Phospholipids (Humectant), Polyglyceryl-10 Stearate (Emulsifier), Citric Acid (Ph Adjuster/​Stabilizer), Ganoderma Lucidum (Mushroom) Stem Extract (Antioxidant/​Plant Extract), Ethylhexylglycerin (Preservative), Glycine Soja (Soybean) Oil (Emollient), Engelhardtia Chrysolepis Leaf Extract (Antioxidant/​Plant Extract), Sodium Phytate (Ph Adjuster/​Stabilizer), Sodium Citrate (Ph Adjuster/​Stabilizer), Phenoxyethanol (Preservative)",Paula's Choice Phytoestrogen Elasticity Renewal Serum,https://inkeedecoder.com/products/paulas-choice-phytoestrogen-elasticity-renewal-serum
wrinkles,"Aqua (Water), Cyclopentasiloxane, Caprylic/​Capric Triglyceride, Propanediol Dicaprylate, Polyglyceryl-3 Methylglucose Distearate, Glycerin, Alanyl Glutamine, Isopentyldiol, Cetearyl Alcohol, Pentaerythrityl Distearate, Glyceryl Stearate, Jojoba Esters, Potassium Cetyl Phosphate, Dimethicone/​Vinyl Dimethicone Crosspolymer, Sodium Benzoate, Sodium Hyaluronate, Parfum (Fragrance), Acrylates/​C10-30 Alkyl Acrylate Crosspolymer, Genistein, Chlorphenesin, Potassium Sorbate, Citric Acid, Xanthan Gum, Disodium EDTA, Sodium Hydroxide, Dipeptide Diaminobutyroyl Benzylamide Diacetate, Menthol, Tocopherol",Alphascience Surface [cr],https://inkeedecoder.com/products/alphascience-surface-cr
wrinkles,"Purified Water, Glycerin, Glyceryl Dilaurate, Myristyl Myristate, Acrylates Copolymer, Acrylates/​Steareth-20 Methacrylate Copolymer, Octyldodecyl Stearoyl Stearate, Aloe Barbadensis Leaf Juice, Caprylic/​Capric Triglyceride, Glyceryl Acrylate/​Acrylic Acid Copolymer, Glyceryl Stearate, Tocopheryl Acetate, Sodium PCA, PEG-100 Stearate, Macrocystis Pyrifera (Kelp) Extract, Camellia Sinensis (Green Tea) Polyphenols, Myristyl Laurate, Punica Granatum Sterols, Genistein, Resveratrol, Cucumis Sativus (Cucumber) Fruit Extract, Bakuchiol, Hesperidin Methyl Chalcone, Sodium Hyaluronate, Pinanediol, Camphanediol, Dipeptide-2, N-Hydroxysuccinimide, Chrysin, Palmitoyl Tripeptide-1, Palmitoyl Tetrapeptide-7, Phytonadione (Vitamin K), Silybum Marianum Fruit Extract, Retinol, Polysorbate 20, Phospholipids, Hydrolyzed Vegetable Protein, Phyllanthus Emblica Fruit Extract, Cetyl Alcohol, Myristyl Alcohol, Lauryl Alcohol, Behenyl Alcohol, Palmitic Acid, Stearic Acid, Lecithin, Ascorbic Acid, Arnica Montana Powder, Leuconostoc/​Radish Root Ferment Filtrate, Polyacrylamide, C13-14 Isoparaffin, Laureth-7, Steareth-20, PVP, Butylated PVP, Caprylyl Glycol, Butylene Glycol, Phenoxyethanol, Sorbic Acid, Disodium EDTA",Dr. Zenovia Skincare Retinol Recovery Eye Cream,https://inkeedecoder.com/products/dr-zenovia-retinol-recovery-eye-cream
wrinkles,"Aqua, Ethylhexyl Methoxycinnamate, C12-20 Acid PEG-8 Ester, Zinc Oxide, Benzophenone-4, Diethylamino Hydroxybenzoyl Hexyl Benzoate, Helianthus Annuus Seed Oil, Cetearyl Alcohol, Ethylhexyl Triazone, Glyceryl Stearate, Bis-Ethylhexyloxyphenol Methoxyphenyl Triazine (Bemt), Propylene Glycol, Glycerin, Cyclopentasiloxane, Glyceryl Stearate SE, Propanediol, Prunus Armeniaca Kernel Oil, Malus Domestica Fruit Cell Culture, Genistein, Glycyrrhetinic Acid, Thioctic Acid, Vaccinium Myrtillus Fruit Extract, Vitis Vinifera Fruit Meristem Cell Culture, Tocopheryl Acetate, Simmondsia Chinensis Seed Oil, Allantoin, Aloe Barbadensis Leaf Juice Powder, Tocopherol, Hydrolyzed Collagen, Glycine Soja Oil, Chamomilla Recutita Extract, Cetearyl Isononanoate, Dimethicone, Caprylic/​Capric Triglyceride, Dimethicone/​Vinyltrimethylsiloxysilicate Crosspolymer, Hydroxyethylcellulose, Dicaprylyl Carbonate, Propylheptyl Caprylate, Dimethoxydiphenylsilane/​Triethoxycaprylylsilane Crosspolymer, Hydroxypropyl Guar Hydroxypropyltrimonium Chloride, Diazolidinyl Urea, Amyl Cinnamal, BHA, Linalool, Benzyl Salicylate, Methylparaben, Hydroxycitronellal, BHT, Alcohol, Propylparaben, Tris(Tetramethylhydroxypiperidinol) Citrate, Sodium Hydroxymethylglycinate, Phenoxyethanol, Caramel, Parfum, Xanthan Gum, Triethanolamine, Ethylhexylglycerin",Interfarmac s.r.l. Evìta Sun Spf 50+,https://inkeedecoder.com/products/interfarmac-s-r-l-evita-sun-spf-50
wrinkles,"Water, Niacinamide, Acetyl Glucosamine, Ascorbyl Glucoside, Butylene Glycol, Phospholipids, Sodium Hyaluronate, Allantoin, Green Tea Extract, Boerhavia Diffusa Root Extract, Glycerin, Dipotassium Glycyrrhizate, Glycyrrhiza Glabra Root Extract, Ubiquinone, Epigallocatechin Gallate, Beta-Glucan, Panthenol, Carnosine, Genistein, Citric Acid, Sodium Citrate, Sodium Hydroxide, Xanthan Gum, Disodium EDTA, Ethylhexylglycerin, Phenoxyethanol",SKINMADE Niacinamide + Allantoin Serum,https://inkeedecoder.com/products/skinmade-niacinamide-allantoin-serum
wrinkles,"Purified Water, Squalane, Cyclopentasiloxane, Glyceryl Stearate, Behenyl Alcohol, Caffeine, Palmitic Acid, Stearic Acid, Lecithin, Sodium Hyaluronate, Lauryl Alcohol, Myristyl Alcohol, Cetyl Alcohol, Dimethicone, Caprylyl Glycol, Sorbic Acid, Bakuchiol, Camellia Sinensis (Green Tea) Polyphenols, Resveratrol, Cucumis Sativus (Cucumber) Fruit Extract, Bisabolol, Genistein, Tocopherol Acetate, Chamomilla Recutita (Matricaria) Flower Extract, Helianthus Annuus (Sunflower) Seed Oil, Rosmarinus Officinalis (Rosemary) Leaf Extract, Punica Granatum Sterols, Aloe Barbadensis Leaf Juice, Polysorbate 20, Carbomer, Potassium Hydroxide, Phenoxyethanol, Tetrasodium EDTA",Dr. Zenovia Skincare Inflam-aging Night Repair Treatment,https://inkeedecoder.com/products/dr-zenovia-skincare-inflam-aging-night-repair-treatment
wrinkles,"Water, Glycerin, Limnanthes Alba (Meadowfoam) Seed Oil, Sorbitan Olivate, Avena Sativa (Oat) Kernel Oil, Squalane, Prunus Domestica Seed Oil, Saccharide Isomerate, Cetearyl Olivate, D-Panthenol, Mangifera Indica (Mango) Seed Butter, Tremella Fuciformis (Mushroom) Extract, Tocopheryl Acetate, Decapeptide-52*, Allantoin, Asiaticoside, Centella Asiatica Extract, Sodium Hyaluronate Crosspolymer, Ceramide NP, Anadenanthera Colubrina Bark Extract, Lepidium Sativum Sprout Extract, Genistein, Niacinamide, Glycerol, Bentonite, Cetyl Palmitate, Sorbitan Palmitate, Lecithin, Xanthan, Polyglyceryl-10 Laurate, Polyglyceryl-6 Olivate, Sorbitan Oleate, Glyceryl Caprylate, Polysorbate 80, Alcohol, Caprylyl Glycol, Sorbic Acid, Citric Acid, Sodium Citrate, Pentylene Glycol, Potassium Sorbate, Ethylhexylglycerin, Caprylhydroxamic Acid, Tetrasodium Glutamate Diacetate, Phenoxyethanol",One Skin Body Topical Supplement,https://inkeedecoder.com/products/one-skin-body-topical-supplement
wrinkles,"Purified Water, Cyclopentasiloxane, Sodium PCA, Glycerin, Caprylic/​Capric Triglyceride, Polysorbate 60, Cetearyl Alcohol, Yucca Glauca Root Extract, Bakuchiol, Dimethicone, Cetearyl Glucoside, Polyacrylamide, C13-14 Isoparaffin, Laureth-7, Ceramide NP, Ceramide AP, Ceramide EOP, Sodium Hyaluronate, Phytosphingosine, Cholesterol, Sodium Lauroyl Lactylate, Camellia Sinensis (Green Tea) Polyphenols, Malus Domestica Fruit Cell Culture Extract, Genistein, Punica Granatum Sterols, Cucumis Sativus (Cucumber) Fruit Extract, Aloe Barbadensis Leaf Juice, Squalane, Ceramide 2, Tetrapeptide-21, Resveratrol, Bisabolol, Caffeine Usp, Tocopherol Acetate, Lecithin, Glyceryl Stearate, PEG-100 Stearate, Dimethicone Crosspolymer, Carbomer, Xanthan Gum, Phenoxyethanol, Sorbic Acid, Caprylyl Glycol, Disodium EDTA, Fragrance",Dr. Zenovia Skincare Peptide And Ceramide Repairing Moisturizer,https://inkeedecoder.com/products/dr-zenovia-peptide-and-ceramide-repairing-moisturizer
wrinkles,"Aqua, Dipentaerythrityl Hexacaprylate/​Hexacaprate, Glycerin, Simmondsia Chinensis Seed Oil, Polyethylene, Pentaerythrityl Distearate, Cyclopentasiloxane, Dimethicone, Isopentyldiol, Myristyl Myristate, Jojoba Esters, Cetyl Alcohol, Glyceryl Stearate, Butyrospermum Parkii Butter, Hydroxypropyl Starch Phosphate, PEG-75 Stearate, Hydrogenated Starch Hydrolysate, Parfum, Aesculus Hippocastanum Seed Extract, Sodium Benzoate, Sodium Hyaluronate, Ceteth-20, Steareth-20, Ci 77891, Genistein, Potassium Sorbate, Ci. 77019, Hydrolyzed Lupine Protein, Chlorphenesin, Isomalt, Alcohol, Butyrospermum Parkii Butter Unsaponifiables, Xanthan Gum, Polysorbate 80, Disodium EDTA, PEG-8, Citric Acid, Lecithin, Tocopherol, Ascorbyl Palmitate, Ci 15985, Soy Isoflavones, Saponaria Pumila Callus Culture Extract, Ascorbic Acid, Ci 14700, BHT, Eucalyptol, Camphor",Alphascience Ultra Deep,https://inkeedecoder.com/products/alphascience-ultra-deep
wrinkles,"Water, Lepidium Sativum Sprout Extract, Glycerin, Phenoxyethanol, Sodium Hyaluronate, Alcohol, Helianthus Annuus (Sunflower) Seed Oil, Ethyl Ximenynate, Polysorbate 80, Fragrance, Hydrogenated Palm Glycerides, Hamamelis Virginiana (Witch Hazel) Leaf Water, Capryloyl Glycine, Potassium Lauroyl Wheat Amino Acids, Ethylhexylglycerin, Lecithin, Borago Officinalis (Borage) Seed Oil, Tocopheryl Acetate, Caprylic/​Capric Triglyceride, Calendula Officinalis (Calendula) Extract, Chamomilla Recutita (Matricaria) Flower Extract, Ginkgo Biloba (Ginkgo) Leaf Extract, Retinyl Palmitate, Hypericum Perforatum (St.John'S Wort) Extract, Genistein, Benzyl Alcohol, Sodium Benzoate, Potassium Sorbate, Citronellol, Linalool",Dr. Ram Silfen Multi Dimensional Platinum Eye Serum,https://inkeedecoder.com/products/dr-ram-silfen-multi-dimensional-platinum-eye-serum
wrinkles,"Sodium Cocoyl Apple Amino Acids, Water, Camellia Sinensis Leaf Extract, Malus Domestica Fruit Extract, Acorus Calamus Root Extract, Trehalose, Malpighia Emarginata (Acerola) Fruit Extract, Artemisia Vulgaris Extract, Brassica Oleracea Italica (Broccoli) Extract, Rosmarinus Officinalis (Rosemary) Extract, Jasminum Officinale (Jasmine) Oil, Echinacea Angustifolia Extract, Malt Extract, Glycerin, Panax Ginseng Leaf/​Stem Extract, Scutellaria Baicalensis (Baikal Skullcap) Root Extract, Glycyrrhiza Glabra (Licorice) Root Extract, Citrus Paradisi (Grapefruit) Fruit Extract, Morus Alba (White Mulberry) Leaf Extract, Laminaria Japonica Extract, Cinnamomum Cassia Bark Extract, Gynostemma Pentaphyllum Extract, Phaseolus Radiatus Seed Extract, Lithospermum Erythrorhizon Root Extract, Genistein, 1,2-Hexanediol, Zanthoxylum Piperitum Fruit Extract, Squalane, Beta-Glucan, Propanediol, Butylene Glycol, Caprylyl Glycol, Salvia Sclarea (Clary) Oil, Origanum Majorana Leaf Oil, Viola Odorata Oil, Orchid Oil",huangjisoo Pure Daily Foaming Cleanser: Brightening,https://inkeedecoder.com/products/huangjisoo-pure-daily-foaming-cleanser-brightening
wrinkles,"Water (Aqua), Cyclopentasiloxane, Cetearyl Isononanoate, Prunus Amygdalus Dulcis Oleosomes, Cyclohexasiloxane, Glycerin, Polysorbate 20, Steareth-20, Pentylene Glycol, Cetyl Alcohol, Cetearyl Alcohol, Cetearyl Glucoside, Ascorbyl Glucoside, Polyisobutene, Propylheptyl Caprylate, Acrylamide/​Ammonium Acrylate Copolymer, 1,2-Hexanediol, Acetyl Glucosamine, Retinol, Alcohol, Ascorbyl Palmitate, Beta-Carotene, Bht, Caprylyl Glycol, Carbomer, Disodium Edta, Genistein, Glutathione, Lavandula Angustifolia Oil, Lecithin, Maltodextrin, Myristyl Alcohol, Nylon-12, P-Menthanone, Pelargonium Graveolens Oil, Polysorbate 80, Prunus Armeniaca Kernel Oil, Sodium Hydroxide, Sodium Metabisulfite, Sodium Sulfite, Stachys Officinalis Extract, Stearyl Alcohol, Tocopheryl Acetate, Zea Mays Oil, Potassium Sorbate, Citral, Citronellol, Geraniol, Limonene, Linalool",Zo skin health Brightenex™ 0.5% Retinol,https://inkeedecoder.com/products/zo-skin-health-brightenex-tm-0-5-retinol
wrinkles,"Water/​Aqua/​Eau, Glycerin, Hydroxyethyl Acrylate/​Sodium Acryloyldimethyl Taurate Copolymer, Pyrus Malus (Apple) Fruit Extract, Lepidium Sativum Sprout Extract, Kojic Acid, Ceramide NP, Ceramide AP, Ceramide EOP, Phytosphingosine, Cholesterol, Sodium Lauroyl Lactylate, Carbomer, Xanthan Gum, Butylene Glycol, Polysorbate 20, Palmitoyl Tripeptide-1, Palmitoyl Tetrapeptide-7, Palmitoyl Tripeptide-5, Phenoxyethanol, Polysorbate 80, Alcohol, Palmaria Palmata Extract, Lecithin, Punica Granatum Extract, Panthenol, Ethylhexylglycerin, Aloe Barbadensis Leaf Extract, Disodium EDTA, Genistein",DRMTLGY Hydra-fader,https://inkeedecoder.com/products/drmtlgy-hydra-fader
wrinkles,"Aqua, Octyldodecanol, Butylene Glycol, Cetearyl Alcohol, Stearic Acid, Cetyl Alcohol, Dimethicone, Ethylhexyl Methoxycinnamate, Titanium Dioxide, Methylene Bis-Benzotriazolyl Tetramethylbutylphenol, Glyceryl Stearate, Simmondsia Chinensis Seed Oil, Alpha-Arbutin, PEG-40 Stearate, Polyacrylate-13, Phenoxyethanol, Ceteareth-20, Polyisobutene, Allantoin, Disodium EDTA, Polysorbate 80, Alcohol, Decyl Glucoside, Astaxanthin, BHT, Glycerin, Lecithin, Ethylhexylglycerin, Polysorbate 20, Sorbitan Isostearate, Propylene Glycol, Xanthan Gum, Genistein, Lepidium Sativum Sprout Extract",Evershine Bright Day Cream,https://inkeedecoder.com/products/evershine-bright-day-cream
wrinkles,"Aloe Barbadensis Leaf Juice, Butylene Glycol, Glycerin, Niacinamide, Glycyrrhiza Glabra (Licorice) Root Extract, Curcuma Longa (Tumeric) Root Extract, N-Acetyl Glucosamine, Scutellaria Baicalensis Root Extract, Tranexamic Acid, Boerhavia Diffusa Root Extract, Panthenol, Allantoin, Sodium Hyaluronate, Carnosine, Ascorbyl Glucoside, Sodium Ascorbyl Phosphate, Bakuchiol, Zinc Pca, Polyglutamic Acid, Cucumis Sativus (Cucumber) Fruit Extract, Spiraea Ulmaria Extract, Camellia Sinensis (Green Tea) Leaf Extract, Lactobacillus/​Coconut Fruit Juice Ferment Filtrate, Lactobacillus/​Pear Juice Ferment Filtrate, Ergothioneine, Quercetin, Ubiquinone, Sodium Citrate, Xanthan Gum, Disodium EDTA, Ethylhexylglycerin, Phenoxyethanol, Genistein, Punica Granatum (Pomegranate) Fruit Extract, Camellia Japonica Flower Extract, Sodium Acetylated Hyaluronate",SKINMADE Niacinamide + Allantoin Serum,https://inkeedecoder.com/products/skinmade-niacinamide-allantoin-serum-2
wrinkles,"Aqua (Water), Glycerin, Cetyl Alcohol, Cetearyl Alcohol, Butyrospermum Parkii (Shea Butter) Fruit, Caprylic/​Capric Triglyceride, Coco-Caprylate/​Caprate, Glyceryl Stearate SE, Zea Mays (Corn) Oil, Cichorium Intybus (Chicory) Root Oligosaccharides, Helianthus Annuus (Sunflower) Seed Oil, Panthenol, Tocopheryl Acetate, Cetearyl Glucoside, Phenoxyethanol, Dimethicone, Polysorbate 80, Alcohol, Xanthan Gum, Allantoin, Limonene, Sodium Hydroxymethylglycinate, Lactic Acid, Disodium EDTA, Calendula Officinalis (Calendula) Flower Extract, Parfum (Fragrance), Ethylhexylglycerin, Carnitine, Caesalpinia Spinosa Gum, Gluconolactone, Spirulina Platensis Extract, Sodium Benzoate, Caffeine, Linalool, Rosmarinus Officinalis (Rosemary) Leaf Extract, Genistein, Citral, BHT, Calcium Gluconate, Ascorbyl Palmitate",Helia-D Professional Tens'up Lifting Cream,https://inkeedecoder.com/products/helia-d-professional-tensup-lifting-cream
wrinkles,"Aqua (Water), Glycerin, Cetyl Alcohol, Cetearyl Alcohol, Butyrospermum Parkii (Shea) Butter, Caprylic/​Capric Triglyceride, Coco-Caprylate/​Caprate, Glyceryl Stearate SE, Zea Mays (Corn) Germ Oil, Cichorium Intybus (Chicory) Root Oligosaccharides, Helianthus Annuus (Sunflower) Seed Oil, Panthenol, Tocopheryl Acetate, Cetearyl Glucoside, Magnesium Ascorbyl Phosphate, Phenoxyethanol, Dimethicone, Polysorbate 80, Potassium Citrate, Xanthan Gum, Alcohol, Allantoin, Limonene, Disodium EDTA, Ethylhexylglycerin, Carnitine, Parfum (Fragrance), Calendula Officinalis (Calendula) Flower Extract, Caesalpinia Spinosa (Tara) Gum, Gluconolactone, Spirulina Platensis Extract, Sodium Benzoate, Caffeine, Linalool, Rosmarinus Officinalis (Rosemary) Leaf Extract, Pinene, Hexamethylindanopyran, Genistein, Citral, Tocopherol, Calcium Gluconate",Helia-D Professional Vitamin C Lifting And Radiance Face Cream,https://inkeedecoder.com/products/helia-d-professional-vitamin-c-lifting-and-radiance-face-cream
wrinkles,"Aqua(Water), Methylpropanediol, 1,2-Hexanediol, Niacinamide, PEG/​PPG-17/​6 Copolymer, Alcohol, Dioscorea Japonica Root Extract, Centella Asiatica Extract, Ficus Carica Fruit Extract, Butylene Glycol, Sodium Citrate, Onsen-Sui, Citric Acid, Hydrogenated Lecithin, Polyquaternium-51, Glycosyl Trehalose, Adenosine, Parfum, Hydrogenated Starch Hydrolysate, Biosaccharide Gum-1, Cellulose Gum, Raffinose, Sodium Hyaluronate, Limonene, Lecithin, PEG-40 Hydrogenated Castor Oil, Arctium Lappa Root Extract, Ceramide 3, Phellinus Linteus Extract, Polysorbate 80, Linalool, Carnitine, Spirulina Platensis Extract, Ethylhexylglycerin, Plankton Extract, Caffeine, Phenoxyethanol, Laminaria Digitata Extract, Genistein, Arginine, Oxygen",Cremorlab Hydra Balancing Toner,https://inkeedecoder.com/products/cremorlab-hydra-balancing-toner
wrinkles,"Aqua (Water, Eau), Glycerin, Myristyl Nicotinate, Undecane, Caprylic/​Capric Triglyceride, Oleth-10, Tridecane, PEG-12 Glyceryl Dimyristate, Cucumis Sativus (Cucumber) Seed Oil, Sodium Hyaluronate, Linoleic Acid, Oleic Acid, Glycyrrhetinic Acid, Thioctic Acid, Ceramide AP, Palmitic Acid, Ceramide EOP, Linolenic Acid, Ceramide NP, Pueraria Lobata Root Extract, Chlorogenic Acids, Narcissus Tazetta Bulb Extract, Polysorbate 20, Polyacrylamide, Polyglycerin-3, Butylene Glycol, Sclerocarya Birrea Seed Oil, C13-14 Isoparaffin, Madecassoside, Ethylhexylglycerin, Fragrance (Parfum), Methylpropanediol, Pentylene Glycol, Sodium Lauroyl Lactylate, Laureth-7, Ubiquinone, Disodium EDTA, Tocopherol, Genistein, Citric Acid, Benzylsulfonyl D-Seryl Homophenylalanine Amidinobenzamide Acetate, Ascorbyl Palmitate, Sodium Phytate, Phytosphingosine, Cholesterol, Carbomer, Stearic Acid, Helianthus Annuus (Sunflower) Seed Oil, BHT, Xanthan Gum, Phenoxyethanol, Sodium Hydroxide, Benzyl Benzoate, Limonene",StriVectin Oleic Rapid Recovery Milk,https://inkeedecoder.com/products/strivectin-oleic-rapid-recovery-milk
wrinkles,"Aqua (Water, Eau), Glycerin, Myristyl Nicotinate, Undecane, Caprylic/​Capric Triglyceride, Oleth-10, Tridecane, Polyglyceryl-10 Dioleate, Palmitoyl Tetrapeptide-50, Heptapeptide-15 Palmitate, Bacillus/​Sea Salt Ferment Filtrate, Lactic Acid/​Glycolic Acid Copolymer, Polyvinyl Alcohol, Dimethyl Isosorbide, Polyglyceryl-10 Dipalmitate, Cucumis Sativus (Cucumber) Seed Oil, Sodium Hyaluronate, Linoleic Acid, Oleic Acid, Glycyrrhetinic Acid, Thioctic Acid, Ceramide AP, Palmitic Acid, Ceramide EOP, Linolenic Acid, Ceramide NP, Pueraria Lobata Root Extract, Chlorogenic Acids, Narcissus Tazetta Bulb Extract, Polysorbate 20, Polyacrylamide, Polyglycerin-3, Butylene Glycol, Sclerocarya Birrea Seed Oil, C13-14 Isoparaffin, Madecassoside, Ethylhexylglycerin, Fragrance (Parfum), Methylpropanediol, Pentylene Glycol, Sodium Lauroyl Lactylate, Laureth-7, Ubiquinone, Disodium EDTA, Tocopherol, Genistein, Citric Acid, Benzylsulfonyl D-Seryl Homophenylalanine Amidinobenzamide Acetate, Ascorbyl Palmitate, Sodium Phytate, Phytosphingosine, Cholesterol, Carbomer, Stearic Acid, Helianthus Annuus (Sunflower) Seed Oil, BHT, Xanthan Gum, Phenoxyethanol, Sodium Hydroxide, Benzyl Benzoate, Limonene, Polyisobutene, Ethylhexyl Palmitate, Octyldodecyl Stearoyl Stearate, Vp/​Hexadecene Copolymer, Silica, PPG-51/​Smdi Copolymer, C12-15 Alkyl Benzoate, Dipalmitoyl Hydroxyproline, Microcrystalline Wax, Passiflora Edulis Seed Oil, Tribehenin, Palmitoyl Hexapeptide-12, Butyrospermum Parkii (Shea) Butter, Palmitoyl Tripeptide-1, Tetrahexyldecyl Ascorbate, Ceramide NG, Platonia Insignis Seed Butter, Butyrospermum Parkii (Shea) Butter Unsaponifiables, Brassica Alba Sprout Extract, Sorbitan Isostearate, PEG-10 Phytosterol, Trihydroxystearin, Amorphophallus Konjac Root Powder, Citrus Aurantium Dulcis (Orange) Flower, Citrus Aurantium Dulcis (Orange) Peel Oil, Lactic Acid, Linalool, Benzaldehyde, Ci 16035 (Red 40)",StriVectin Double Fix™ For Lips Plumping & Vertical Line Treatment,https://inkeedecoder.com/products/strivectin-double-fix-tm-for-lips-plumping-vertical-line-treatment
wrinkles,"Water, Glycerin, Butylene Glycol, Isopropyl Myristate, Stearyl Heptanoate, Dicaprylyl Carbonate, Dimethicone, 1,2-Hexanediol, Glycereth-26, Niacinamide, Cyclopentasiloxane, Dipropylene Glycol, PEG/​PPG-17/​6 Copolymer, Stearyl Caprylate, Glyceryl Stearates, Polysorbate 80, Polyglyceryl-3 Distearate, Sorbitan Stearate, Hydroxypropyl Cyclodextrin, Spirulina Maxima Extract, Spirulina Platensis Extract, Resveratrol, Carnosine, Sorbitan Olivate, Cyclohexasiloxane, Hydroxyacetophenone, Cetearyl Alcohol, C14-22 Alcohols, PEG-100 Stearate, Hydroxyethyl Acrylate, Behenyl Alcohol, Carboxyvinyl Polymer, Chlorphenesin, Cetearyl Glucoside, Arginine, Sodium Acrylate/​Sodium Acryloyldimethyl Taurate Copolymer, Glycine Soja (Soybean) Sterols, Glyceryl Stearate Citrate, Isohexadecane, Caprylyl Glycol, Betaine, C12-20 Alkyl Glucoside, Ethylhexylglycerin, Hydrogenated Lecithin, Daucus Carota Sativa (Carrot) Leaf Extract, Caesalpinia Spinosa Fruit Extract, Dimethiconol, Sodium Polyacrylate, Genistein, Hydroxyethylcellulose, Adenosine, Fragrance, Glyceryl Acrylate/​Acrylic Acid Copolymer, Polyglyceryl-10 Distearate, Disodium EDTA, Kappaphycus Alvarezii Extract, Sorbitan Isostearate, Sorbitan Oleate, Argania Spinosa Kernel Oil, Butyrospermum Parkii (Shea) Butter, Simmondsia Chinensis (Jojoba) Seed Oil, PEG/​PPG 18/​18, Trideceth-6, Agastache Rugosa Extract, Hydroxypropyl Bislauramide Mea, Sodium Acetate, Camellia Japonica Flower Extract, Glucose, Sodium Hyaluronate, Cellulose, Phragmities Communis Rhizome Extract",DEMAR3 Rem-Rose 25 Shield Crème,https://inkeedecoder.com/products/demar3-rem-rose-25-shield-creme
